Instance	Number-of-Services	Real-Services	Fake-Services	Number-of-Employees	Total-Agents	Total-Drivers	Total-Managers	Total-RampManagers	Algorithm	Productivity-UT	Real-Productivity-UT	P.UT-Agent	P.UT-Driver	P.UT-RampManager	P.UT-Manager	Work-Productivity	Real-Work-Productivity	WP-Agent	WP-Driver	WP-RampManager	WP-Manager	Execution-Time(ms)	Covered-Services(%)	Covered-Services
SPC-0.05-agents1.json	58	30	28	5	1	2	2	0	referenceSolver	96,587	72,695	72	100	0	100	80,208	29,167	29	87	0	87	0,044	62,069	36
SPC-0.05-agents1.json	58	30	28	5	1	2	2	0	randomSolver	94,772	73,86	73	100	0	100	76,667	33,333	33	87	0	87	1,523	75,862	44
SPC-0.05-agents10.json	58	30	28	14	10	2	2	0	referenceSolver	95,873	91,058	91	100	0	100	55,248	17,622	17	87	0	87	0,102	98,276	57
SPC-0.05-agents10.json	58	30	28	14	10	2	2	0	randomSolver	99,248	98,522	98	100	0	100	50,658	15,086	15	87	0	87	5,414	100	58
SPC-0.05-agents11.json	58	30	28	15	11	2	2	0	referenceSolver	98,311	96,419	96	100	0	100	54,481	17,5	17	87	0	87	0,47	100	58
SPC-0.05-agents11.json	58	30	28	15	11	2	2	0	randomSolver	98,979	97,993	97	100	0	100	50,658	15,086	15	87	0	87	7,536	100	58
SPC-0.05-agents12.json	58	30	28	16	12	2	2	0	referenceSolver	97,904	95,73	95	100	0	100	52,5	16,204	16	87	0	87	0,798	100	58
SPC-0.05-agents12.json	58	30	28	16	12	2	2	0	randomSolver	98,968	97,972	97	100	0	100	50,658	15,086	15	87	0	87	12,491	100	58
SPC-0.05-agents13.json	58	30	28	17	13	2	2	0	referenceSolver	97,752	95,421	95	100	0	100	52,5	16,204	16	87	0	87	1,284	100	58
SPC-0.05-agents13.json	58	30	28	17	13	2	2	0	randomSolver	98,947	97,931	97	100	0	100	50,658	15,086	15	87	0	87	12,366	100	58
SPC-0.05-agents14.json	58	30	28	18	14	2	2	0	referenceSolver	99,337	98,697	98	100	0	100	50,658	15,086	15	87	0	87	0,435	100	58
SPC-0.05-agents14.json	58	30	28	18	14	2	2	0	randomSolver	98,798	97,637	97	100	0	100	50,658	15,086	15	87	0	87	8,031	100	58
SPC-0.05-agents15.json	58	30	28	19	15	2	2	0	referenceSolver	98,149	96,23	96	100	0	100	52,5	16,204	16	87	0	87	0,634	100	58
SPC-0.05-agents15.json	58	30	28	19	15	2	2	0	randomSolver	100	100	100	100	0	100	49,784	14,583	14	87	0	87	6,668	100	58
SPC-0.05-agents16.json	58	30	28	20	16	2	2	0	referenceSolver	98,264	96,463	96	100	0	100	52,5	16,204	16	87	0	87	11,033	100	58
SPC-0.05-agents16.json	58	30	28	20	16	2	2	0	randomSolver	100	100	100	100	0	100	49,784	14,583	14	87	0	87	30,6	100	58
SPC-0.05-agents17.json	58	30	28	21	17	2	2	0	referenceSolver	99,011	98,023	98	100	0	100	51,563	15,625	15	87	0	87	0,423	100	58
SPC-0.05-agents17.json	58	30	28	21	17	2	2	0	randomSolver	98,968	97,972	97	100	0	100	50,658	15,086	15	87	0	87	7,678	100	58
SPC-0.05-agents18.json	58	30	28	22	18	2	2	0	referenceSolver	99,883	99,77	99	100	0	100	50,658	15,086	15	87	0	87	0,439	100	58
SPC-0.05-agents18.json	58	30	28	22	18	2	2	0	randomSolver	100	100	100	100	0	100	49,784	14,583	14	87	0	87	7,275	100	58
SPC-0.05-agents19.json	58	30	28	23	19	2	2	0	referenceSolver	98,765	97,53	97	100	0	100	51,563	15,625	15	87	0	87	0,301	100	58
SPC-0.05-agents19.json	58	30	28	23	19	2	2	0	randomSolver	100	100	100	100	0	100	49,784	14,583	14	87	0	87	9,48	100	58
SPC-0.05-agents2.json	58	30	28	6	2	2	2	0	referenceSolver	95,272	82,035	82	100	0	100	70,614	23,333	23	87	0	87	0,102	75,862	44
SPC-0.05-agents2.json	58	30	28	6	2	2	2	0	randomSolver	92,086	75,041	75	100	0	100	68,648	28,045	28	87	0	87	4,024	91,379	53
SPC-0.05-agents20.json	58	30	28	24	20	2	2	0	referenceSolver	98,331	96,533	96	100	0	100	53,472	16,827	16	87	0	87	0,265	100	58
SPC-0.05-agents20.json	58	30	28	24	20	2	2	0	randomSolver	100	100	100	100	0	100	49,784	14,583	14	87	0	87	17,175	100	58
SPC-0.05-agents21.json	58	30	28	25	21	2	2	0	referenceSolver	98,439	96,877	96	100	0	100	51,563	15,625	15	87	0	87	0,173	100	58
SPC-0.05-agents21.json	58	30	28	25	21	2	2	0	randomSolver	99,781	99,569	99	100	0	100	50,658	15,086	15	87	0	87	8,132	100	58
SPC-0.05-agents22.json	58	30	28	26	22	2	2	0	referenceSolver	99,474	98,966	98	100	0	100	50,658	15,086	15	87	0	87	0,324	100	58
SPC-0.05-agents22.json	58	30	28	26	22	2	2	0	randomSolver	100	100	100	100	0	100	49,784	14,583	14	87	0	87	8,783	100	58
SPC-0.05-agents23.json	58	30	28	27	23	2	2	0	referenceSolver	100	100	100	100	0	100	49,784	14,583	14	87	0	87	0,342	100	58
SPC-0.05-agents23.json	58	30	28	27	23	2	2	0	randomSolver	100	100	100	100	0	100	49,784	14,583	14	87	0	87	13,689	100	58
SPC-0.05-agents24.json	58	30	28	28	24	2	2	0	referenceSolver	99,538	99,093	99	100	0	100	50,658	15,086	15	87	0	87	0,948	100	58
SPC-0.05-agents24.json	58	30	28	28	24	2	2	0	randomSolver	100	100	100	100	0	100	49,784	14,583	14	87	0	87	17,829	100	58
SPC-0.05-agents26.json	58	30	28	30	26	2	2	0	referenceSolver	99,19	98,408	98	100	0	100	50,658	15,086	15	87	0	87	0,969	100	58
SPC-0.05-agents26.json	58	30	28	30	26	2	2	0	randomSolver	100	100	100	100	0	100	49,784	14,583	14	87	0	87	11,282	100	58
SPC-0.05-agents27.json	58	30	28	31	27	2	2	0	referenceSolver	99,61	99,234	99	100	0	100	50,658	15,086	15	87	0	87	0,244	100	58
SPC-0.05-agents27.json	58	30	28	31	27	2	2	0	randomSolver	100	100	100	100	0	100	49,784	14,583	14	87	0	87	12,75	100	58
SPC-0.05-agents28.json	58	30	28	32	28	2	2	0	referenceSolver	100	100	100	100	0	100	49,784	14,583	14	87	0	87	1,335	100	58
SPC-0.05-agents28.json	58	30	28	32	28	2	2	0	randomSolver	100	100	100	100	0	100	49,784	14,583	14	87	0	87	20,634	100	58
SPC-0.05-agents29.json	58	30	28	33	29	2	2	0	referenceSolver	100	100	100	100	0	100	49,784	14,583	14	87	0	87	4,433	100	58
SPC-0.05-agents29.json	58	30	28	33	29	2	2	0	randomSolver	100	100	100	100	0	100	49,784	14,583	14	87	0	87	25,242	100	58
SPC-0.05-agents3.json	58	30	28	7	3	2	2	0	referenceSolver	95,058	84,413	84	100	0	100	66,87	22,436	22	87	0	87	0,109	82,759	48
SPC-0.05-agents3.json	58	30	28	7	3	2	2	0	randomSolver	93,154	81,878	81	100	0	100	63,843	24,877	24	87	0	87	7,101	98,276	57
SPC-0.05-agents30.json	58	30	28	34	30	2	2	0	referenceSolver	100	100	100	100	0	100	49,784	14,583	14	87	0	87	0,92	100	58
SPC-0.05-agents30.json	58	30	28	34	30	2	2	0	randomSolver	100	100	100	100	0	100	49,784	14,583	14	87	0	87	14,465	100	58
SPC-0.05-agents4.json	58	30	28	8	4	2	2	0	referenceSolver	97,535	93,475	93	100	0	100	61,574	18,873	18	87	0	87	0,2	86,207	50
SPC-0.05-agents4.json	58	30	28	8	4	2	2	0	randomSolver	95,448	89,379	89	100	0	100	58,929	20,833	20	87	0	87	5,421	100	58
SPC-0.05-agents5.json	58	30	28	9	5	2	2	0	referenceSolver	96,865	91,701	91	100	0	100	61,574	18,873	18	87	0	87	0,086	86,207	50
SPC-0.05-agents5.json	58	30	28	9	5	2	2	0	randomSolver	94,773	88,41	88	100	0	100	56,618	19,022	19	87	0	87	4,591	100	58
SPC-0.05-agents6.json	58	30	28	10	6	2	2	0	referenceSolver	97,642	94,166	94	100	0	100	58,954	16,886	16	87	0	87	0,259	86,207	50
SPC-0.05-agents6.json	58	30	28	10	6	2	2	0	randomSolver	97,225	94,116	94	100	0	100	54,481	17,5	17	87	0	87	4,555	100	58
SPC-0.05-agents7.json	58	30	28	11	7	2	2	0	referenceSolver	97,853	94,846	94	100	0	100	58,03	16,771	16	87	0	87	0,172	87,931	51
SPC-0.05-agents7.json	58	30	28	11	7	2	2	0	randomSolver	97,9	95,723	95	100	0	100	52,5	16,204	16	87	0	87	6,753	100	58
SPC-0.05-agents8.json	58	30	28	12	8	2	2	0	referenceSolver	98,875	97,443	97	100	0	100	55,708	15,246	15	87	0	87	0,085	87,931	51
SPC-0.05-agents8.json	58	30	28	12	8	2	2	0	randomSolver	98,897	97,752	97	100	0	100	52,5	16,204	16	87	0	87	4,188	100	58
SPC-0.05-agents9.json	58	30	28	13	9	2	2	0	referenceSolver	98,414	96,828	96	100	0	100	51,563	15,625	15	87	0	87	0,11	100	58
SPC-0.05-agents9.json	58	30	28	13	9	2	2	0	randomSolver	98,986	97,934	97	100	0	100	52,5	16,204	16	87	0	87	6,009	100	58
SPC-0.1-agents1.json	87	59	28	5	1	2	2	0	referenceSolver	97,306	86,528	86	100	0	100	73,75	18,75	18	87	0	87	0,426	42,529	37
SPC-0.1-agents1.json	87	59	28	5	1	2	2	0	randomSolver	90,442	52,21	52	100	0	100	78,333	41,667	41	87	0	87	2,189	55,172	48
SPC-0.1-agents10.json	87	59	28	14	10	2	2	0	referenceSolver	93,357	88,82	88	100	0	100	47,554	20,274	20	87	0	87	0,878	97,701	85
SPC-0.1-agents10.json	87	59	28	14	10	2	2	0	randomSolver	94,998	92,139	92	100	0	100	42,992	17,56	17	87	0	87	18,642	100	87
SPC-0.1-agents11.json	87	59	28	15	11	2	2	0	referenceSolver	93,669	89,815	89	100	0	100	44,735	18,705	18	87	0	87	0,93	100	87
SPC-0.1-agents11.json	87	59	28	15	11	2	2	0	randomSolver	96,917	95,155	95	100	0	100	42,992	17,56	17	87	0	87	22,197	100	87
SPC-0.1-agents12.json	87	59	28	16	12	2	2	0	referenceSolver	94,769	91,515	91	100	0	100	45,348	19,12	19	87	0	87	5,098	100	87
SPC-0.1-agents12.json	87	59	28	16	12	2	2	0	randomSolver	95,346	92,687	92	100	0	100	42,992	17,56	17	87	0	87	20,487	100	87
SPC-0.1-agents13.json	87	59	28	17	13	2	2	0	referenceSolver	93,777	89,988	89	100	0	100	44,735	18,705	18	87	0	87	5,022	100	87
SPC-0.1-agents13.json	87	59	28	17	13	2	2	0	randomSolver	97,606	96,365	96	100	0	100	40,371	15,934	15	87	0	87	42,923	100	87
SPC-0.1-agents14.json	87	59	28	18	14	2	2	0	referenceSolver	96,44	94,486	94	100	0	100	41,904	16,871	16	87	0	87	0,377	100	87
SPC-0.1-agents14.json	87	59	28	18	14	2	2	0	randomSolver	96,687	94,903	94	100	0	100	41,38	16,546	16	87	0	87	10,989	100	87
SPC-0.1-agents15.json	87	59	28	19	15	2	2	0	referenceSolver	95,898	93,555	93	100	0	100	42,992	17,56	17	87	0	87	2,154	100	87
SPC-0.1-agents15.json	87	59	28	19	15	2	2	0	randomSolver	96,305	94,353	94	100	0	100	40,869	16,234	16	87	0	87	12,511	100	87
SPC-0.1-agents16.json	87	59	28	20	16	2	2	0	referenceSolver	95,662	93,233	93	100	0	100	42,441	17,208	17	87	0	87	0,95	100	87
SPC-0.1-agents16.json	87	59	28	20	16	2	2	0	randomSolver	97,544	96,247	96	100	0	100	40,869	16,234	16	87	0	87	22,686	100	87
SPC-0.1-agents17.json	87	59	28	21	17	2	2	0	referenceSolver	97,532	96,203	96	100	0	100	41,38	16,546	16	87	0	87	0,259	100	87
SPC-0.1-agents17.json	87	59	28	21	17	2	2	0	randomSolver	97,27	95,8	95	100	0	100	41,38	16,546	16	87	0	87	13,533	100	87
SPC-0.1-agents18.json	87	59	28	22	18	2	2	0	referenceSolver	98,565	97,808	97	100	0	100	40,869	16,234	16	87	0	87	0,447	100	87
SPC-0.1-agents18.json	87	59	28	22	18	2	2	0	randomSolver	96,938	95,35	95	100	0	100	40,371	15,934	15	87	0	87	15,214	100	87
SPC-0.1-agents19.json	87	59	28	23	19	2	2	0	referenceSolver	96,775	94,97	94	100	0	100	42,441	17,208	17	87	0	87	0,307	100	87
SPC-0.1-agents19.json	87	59	28	23	19	2	2	0	randomSolver	98,375	97,563	97	100	0	100	39,41	15,365	15	87	0	87	15,054	100	87
SPC-0.1-agents2.json	87	59	28	6	2	2	2	0	referenceSolver	96,124	87,774	87	100	0	100	65,803	19,071	19	87	0	87	3,028	51,724	45
SPC-0.1-agents2.json	87	59	28	6	2	2	2	0	randomSolver	86,566	59,699	59	100	0	100	70,139	35,417	35	87	0	87	5,845	71,264	62
SPC-0.1-agents20.json	87	59	28	24	20	2	2	0	referenceSolver	95,994	93,837	93	100	0	100	41,38	16,546	16	87	0	87	1,079	100	87
SPC-0.1-agents20.json	87	59	28	24	20	2	2	0	randomSolver	98,764	98,146	98	100	0	100	39,41	15,365	15	87	0	87	49,039	100	87
SPC-0.1-agents21.json	87	59	28	25	21	2	2	0	referenceSolver	96,746	94,959	94	100	0	100	41,904	16,871	16	87	0	87	1,524	100	87
SPC-0.1-agents21.json	87	59	28	25	21	2	2	0	randomSolver	97,812	96,697	96	100	0	100	39,885	15,644	15	87	0	87	35,352	100	87
SPC-0.1-agents22.json	87	59	28	26	22	2	2	0	referenceSolver	97,802	96,618	96	100	0	100	41,38	16,546	16	87	0	87	0,62	100	87
SPC-0.1-agents22.json	87	59	28	26	22	2	2	0	randomSolver	98,553	97,842	97	100	0	100	38,946	15,095	15	87	0	87	19,83	100	87
SPC-0.1-agents23.json	87	59	28	27	23	2	2	0	referenceSolver	98,163	97,21	97	100	0	100	40,371	15,934	15	87	0	87	0,631	100	87
SPC-0.1-agents23.json	87	59	28	27	23	2	2	0	randomSolver	98,945	98,417	98	100	0	100	39,41	15,365	15	87	0	87	21,395	100	87
SPC-0.1-agents24.json	87	59	28	28	24	2	2	0	referenceSolver	98,293	97,392	97	100	0	100	40,869	16,234	16	87	0	87	0,909	100	87
SPC-0.1-agents24.json	87	59	28	28	24	2	2	0	randomSolver	97,927	96,891	96	100	0	100	39,41	15,365	15	87	0	87	31,241	100	87
SPC-0.1-agents26.json	87	59	28	30	26	2	2	0	referenceSolver	97,694	96,499	96	100	0	100	40,371	15,934	15	87	0	87	0,385	100	87
SPC-0.1-agents26.json	87	59	28	30	26	2	2	0	randomSolver	99,572	99,362	99	100	0	100	38,946	15,095	15	87	0	87	38,1	100	87
SPC-0.1-agents27.json	87	59	28	31	27	2	2	0	referenceSolver	98,329	97,479	97	100	0	100	39,885	15,644	15	87	0	87	0,85	100	87
SPC-0.1-agents27.json	87	59	28	31	27	2	2	0	randomSolver	98,529	97,807	97	100	0	100	38,946	15,095	15	87	0	87	23,575	100	87
SPC-0.1-agents28.json	87	59	28	32	28	2	2	0	referenceSolver	98,448	97,658	97	100	0	100	39,885	15,644	15	87	0	87	0,747	100	87
SPC-0.1-agents28.json	87	59	28	32	28	2	2	0	randomSolver	98,804	98,205	98	100	0	100	39,41	15,365	15	87	0	87	77,314	100	87
SPC-0.1-agents29.json	87	59	28	33	29	2	2	0	referenceSolver	98,99	98,493	98	100	0	100	38,946	15,095	15	87	0	87	1,683	100	87
SPC-0.1-agents29.json	87	59	28	33	29	2	2	0	randomSolver	98,745	98,129	98	100	0	100	38,946	15,095	15	87	0	87	49,358	100	87
SPC-0.1-agents3.json	87	59	28	7	3	2	2	0	referenceSolver	93,479	83,869	83	100	0	100	60,816	21,491	21	87	0	87	1,227	64,368	56
SPC-0.1-agents3.json	87	59	28	7	3	2	2	0	randomSolver	85,687	66,604	66	100	0	100	63,988	32,639	32	87	0	87	8,435	86,207	75
SPC-0.1-agents30.json	87	59	28	34	30	2	2	0	referenceSolver	98,261	97,376	97	100	0	100	39,885	15,644	15	87	0	87	1,138	100	87
SPC-0.1-agents30.json	87	59	28	34	30	2	2	0	randomSolver	99,855	99,784	99	100	0	100	38,493	14,835	14	87	0	87	22,219	100	87
SPC-0.1-agents4.json	87	59	28	8	4	2	2	0	referenceSolver	91,966	83,635	83	100	0	100	55,417	22,145	22	87	0	87	0,594	79,31	69
SPC-0.1-agents4.json	87	59	28	8	4	2	2	0	randomSolver	88,412	76,824	76	100	0	100	57,813	28,125	28	87	0	87	10,488	94,253	82
SPC-0.1-agents5.json	87	59	28	9	5	2	2	0	referenceSolver	90,649	82,203	82	100	0	100	53,884	23,522	23	87	0	87	2,511	89,655	78
SPC-0.1-agents5.json	87	59	28	9	5	2	2	0	randomSolver	88,057	78,221	78	100	0	100	53,159	24,877	24	87	0	87	11,953	98,851	86
SPC-0.1-agents6.json	87	59	28	10	6	2	2	0	referenceSolver	92,481	86,633	86	100	0	100	50,358	21,47	21	87	0	87	0,111	93,103	81
SPC-0.1-agents6.json	87	59	28	10	6	2	2	0	randomSolver	90,35	83,596	83	100	0	100	48,683	21,51	21	87	0	87	5,99	100	87
SPC-0.1-agents7.json	87	59	28	11	7	2	2	0	referenceSolver	93,545	88,66	88	100	0	100	49,583	20,89	20	87	0	87	0,214	93,103	81
SPC-0.1-agents7.json	87	59	28	11	7	2	2	0	randomSolver	93,607	89,629	89	100	0	100	45,348	19,12	19	87	0	87	18,978	100	87
SPC-0.1-agents8.json	87	59	28	12	8	2	2	0	referenceSolver	92,992	88,206	88	100	0	100	47,343	19,919	19	87	0	87	0,304	96,552	84
SPC-0.1-agents8.json	87	59	28	12	8	2	2	0	randomSolver	92,636	87,607	87	100	0	100	47,977	20,986	20	87	0	87	12,01	100	87
SPC-0.1-agents9.json	87	59	28	13	9	2	2	0	referenceSolver	93,776	89,526	89	100	0	100	47,554	20,274	20	87	0	87	0,309	97,701	85
SPC-0.1-agents9.json	87	59	28	13	9	2	2	0	randomSolver	93,179	89,2	89	100	0	100	43,558	17,925	17	87	0	87	10,653	100	87
SPC-0.15-agents1.json	116	88	28	5	1	2	2	0	referenceSolver	97,385	86,926	86	100	0	100	74,583	22,917	22	87	0	87	0,063	33,621	39
SPC-0.15-agents1.json	116	88	28	5	1	2	2	0	randomSolver	91,573	57,865	57	100	0	100	80,417	52,083	52	87	0	87	2,303	45,69	53
SPC-0.15-agents10.json	116	88	28	14	10	2	2	0	referenceSolver	92,644	88,83	88	100	0	100	43,75	21,065	21	87	0	87	0,277	91,379	106
SPC-0.15-agents10.json	116	88	28	14	10	2	2	0	randomSolver	90,026	85,039	85	100	0	100	44,271	22,656	22	87	0	87	25,865	99,138	115
SPC-0.15-agents11.json	116	88	28	15	11	2	2	0	referenceSolver	92,346	87,973	87	100	0	100	46,023	22,321	22	87	0	87	0,277	88,793	103
SPC-0.15-agents11.json	116	88	28	15	11	2	2	0	randomSolver	88,856	83,382	83	100	0	100	43,922	22,515	22	87	0	87	14,701	100	116
SPC-0.15-agents12.json	116	88	28	16	12	2	2	0	referenceSolver	91,447	87,012	87	100	0	100	43,928	21,335	21	87	0	87	0,533	92,241	107
SPC-0.15-agents12.json	116	88	28	16	12	2	2	0	randomSolver	89,768	85,147	85	100	0	100	41,481	20,699	20	87	0	87	46,136	100	116
SPC-0.15-agents13.json	116	88	28	17	13	2	2	0	referenceSolver	91,026	86,617	86	100	0	100	42,892	20,98	20	87	0	87	1,19	94,828	110
SPC-0.15-agents13.json	116	88	28	17	13	2	2	0	randomSolver	91,551	87,911	87	100	0	100	40,143	19,744	19	87	0	87	31,251	100	116
SPC-0.15-agents14.json	116	88	28	18	14	2	2	0	referenceSolver	91,48	87,504	87	100	0	100	41,927	20,66	20	87	0	87	0,372	97,414	113
SPC-0.15-agents14.json	116	88	28	18	14	2	2	0	randomSolver	91,732	88,115	88	100	0	100	40,58	20,052	20	87	0	87	32,501	100	116
SPC-0.15-agents15.json	116	88	28	19	15	2	2	0	referenceSolver	95,883	94,024	94	100	0	100	40,347	19,052	19	87	0	87	0,513	93,966	109
SPC-0.15-agents15.json	116	88	28	19	15	2	2	0	randomSolver	92,729	89,778	89	100	0	100	38,488	18,599	18	87	0	87	20,66	100	116
SPC-0.15-agents16.json	116	88	28	20	16	2	2	0	referenceSolver	94,312	91,9	91	100	0	100	39,096	18,561	18	87	0	87	0,676	96,552	112
SPC-0.15-agents16.json	116	88	28	20	16	2	2	0	randomSolver	92,257	89,021	89	100	0	100	39,298	19,154	19	87	0	87	26,569	100	116
SPC-0.15-agents17.json	116	88	28	21	17	2	2	0	referenceSolver	92,42	89,103	89	100	0	100	40,58	20,052	20	87	0	87	1,665	100	116
SPC-0.15-agents17.json	116	88	28	21	17	2	2	0	randomSolver	94,598	92,467	92	100	0	100	37,71	18,075	18	87	0	87	63,728	100	116
SPC-0.15-agents18.json	116	88	28	22	18	2	2	0	referenceSolver	91,961	88,498	88	100	0	100	39,987	19,519	19	87	0	87	0,437	99,138	115
SPC-0.15-agents18.json	116	88	28	22	18	2	2	0	randomSolver	92,852	90,072	90	100	0	100	37,333	17,824	17	87	0	87	29,591	100	116
SPC-0.15-agents19.json	116	88	28	23	19	2	2	0	referenceSolver	94,096	91,552	91	100	0	100	39,987	19,519	19	87	0	87	0,444	99,138	115
SPC-0.15-agents19.json	116	88	28	23	19	2	2	0	randomSolver	95,138	93,274	93	100	0	100	36,964	17,58	17	87	0	87	47,218	100	116
SPC-0.15-agents2.json	116	88	28	6	2	2	2	0	referenceSolver	93,163	79,49	79	100	0	100	68,403	30,208	30	87	0	87	0,09	49,138	57
SPC-0.15-agents2.json	116	88	28	6	2	2	2	0	randomSolver	85,631	56,893	56	100	0	100	73,611	45,833	45	87	0	87	6,578	62,069	72
SPC-0.15-agents20.json	116	88	28	24	20	2	2	0	referenceSolver	93,783	91,26	91	100	0	100	38,338	18,388	18	87	0	87	1,64	99,138	115
SPC-0.15-agents20.json	116	88	28	24	20	2	2	0	randomSolver	93,56	91,123	91	100	0	100	36,601	17,342	17	87	0	87	43,873	100	116
SPC-0.15-agents21.json	116	88	28	25	21	2	2	0	referenceSolver	93,952	91,462	91	100	0	100	38,737	18,658	18	87	0	87	1,86	99,138	115
SPC-0.15-agents21.json	116	88	28	25	21	2	2	0	randomSolver	94,927	92,927	92	100	0	100	37,71	18,075	18	87	0	87	42,376	100	116
SPC-0.15-agents22.json	116	88	28	26	22	2	2	0	referenceSolver	94,054	91,641	91	100	0	100	38,488	18,599	18	87	0	87	0,654	100	116
SPC-0.15-agents22.json	116	88	28	26	22	2	2	0	randomSolver	93,638	91,198	91	100	0	100	36,964	17,58	17	87	0	87	23,068	100	116
SPC-0.15-agents23.json	116	88	28	27	23	2	2	0	referenceSolver	95,385	93,591	93	100	0	100	37,333	17,824	17	87	0	87	0,679	100	116
SPC-0.15-agents23.json	116	88	28	27	23	2	2	0	randomSolver	95,704	94,079	94	100	0	100	36,601	17,342	17	87	0	87	27,732	100	116
SPC-0.15-agents25.json	116	88	28	29	25	2	2	0	referenceSolver	94,996	92,994	92	100	0	100	38,095	18,333	18	87	0	87	1,575	100	116
SPC-0.15-agents25.json	116	88	28	29	25	2	2	0	randomSolver	95,807	94,282	94	100	0	100	35,556	16,667	16	87	0	87	52,934	100	116
SPC-0.15-agents26.json	116	88	28	30	26	2	2	0	referenceSolver	95,347	93,562	93	100	0	100	36,964	17,58	17	87	0	87	1,117	100	116
SPC-0.15-agents26.json	116	88	28	30	26	2	2	0	randomSolver	96,856	95,698	95	100	0	100	35,897	16,886	16	87	0	87	56,549	100	116
SPC-0.15-agents27.json	116	88	28	31	27	2	2	0	referenceSolver	95,909	94,361	94	100	0	100	36,601	17,342	17	87	0	87	0,968	100	116
SPC-0.15-agents27.json	116	88	28	31	27	2	2	0	randomSolver	96,813	95,669	95	100	0	100	35,22	16,453	16	87	0	87	26,639	100	116
SPC-0.15-agents28.json	116	88	28	32	28	2	2	0	referenceSolver	96,876	95,74	95	100	0	100	35,556	16,667	16	87	0	87	3,905	100	116
SPC-0.15-agents28.json	116	88	28	32	28	2	2	0	randomSolver	96,873	95,737	95	100	0	100	35,556	16,667	16	87	0	87	81,648	100	116
SPC-0.15-agents29.json	116	88	28	33	29	2	2	0	referenceSolver	95,684	94,115	94	100	0	100	35,556	16,667	16	87	0	87	2,005	100	116
SPC-0.15-agents29.json	116	88	28	33	29	2	2	0	randomSolver	96,412	95,14	95	100	0	100	34,891	16,245	16	87	0	87	56,301	100	116
SPC-0.15-agents3.json	116	88	28	7	3	2	2	0	referenceSolver	92,534	81,53	81	100	0	100	63,298	27,632	27	87	0	87	0,502	55,172	64
SPC-0.15-agents3.json	116	88	28	7	3	2	2	0	randomSolver	80,376	54,211	54	100	0	100	67,56	40,972	40	87	0	87	10,6	75	87
SPC-0.15-agents30.json	116	88	28	34	30	2	2	0	referenceSolver	96,123	94,713	94	100	0	100	35,556	16,667	16	87	0	87	0,801	100	116
SPC-0.15-agents30.json	116	88	28	34	30	2	2	0	randomSolver	96,912	95,845	95	100	0	100	34,251	15,844	15	87	0	87	72,924	100	116
SPC-0.15-agents4.json	116	88	28	8	4	2	2	0	referenceSolver	90,286	78,46	78	100	0	100	59,477	25,362	25	87	0	87	0,215	58,621	68
SPC-0.15-agents4.json	116	88	28	8	4	2	2	0	randomSolver	82,239	64,479	64	100	0	100	62,24	36,979	36	87	0	87	12,826	85,345	99
SPC-0.15-agents5.json	116	88	28	9	5	2	2	0	referenceSolver	90,866	82,341	82	100	0	100	54,31	23,333	23	87	0	87	0,286	65,517	76
SPC-0.15-agents5.json	116	88	28	9	5	2	2	0	randomSolver	83,499	70,299	70	100	0	100	56,944	32,5	32	87	0	87	12,112	91,379	106
SPC-0.15-agents6.json	116	88	28	10	6	2	2	0	referenceSolver	93,08	87,024	87	100	0	100	52,5	21,875	21	87	0	87	0,172	65,517	76
SPC-0.15-agents6.json	116	88	28	10	6	2	2	0	randomSolver	85,622	76,037	76	100	0	100	51,875	28,125	28	87	0	87	15,532	93,966	109
SPC-0.15-agents7.json	116	88	28	11	7	2	2	0	referenceSolver	90,368	82,877	82	100	0	100	52,865	25,926	25	87	0	87	0,188	79,31	92
SPC-0.15-agents7.json	116	88	28	11	7	2	2	0	randomSolver	85,413	76,13	76	100	0	100	50,839	27,509	27	87	0	87	11,918	95,69	111
SPC-0.15-agents8.json	116	88	28	12	8	2	2	0	referenceSolver	90,339	84,584	84	100	0	100	47,444	23,582	23	87	0	87	1,226	89,655	104
SPC-0.15-agents8.json	116	88	28	12	8	2	2	0	randomSolver	87,679	80,638	80	100	0	100	47,917	25,298	25	87	0	87	25,884	97,414	113
SPC-0.15-agents9.json	116	88	28	13	9	2	2	0	referenceSolver	93,982	90,153	90	100	0	100	48,003	22,869	22	87	0	87	0,236	83,621	97
SPC-0.15-agents9.json	116	88	28	13	9	2	2	0	randomSolver	87,115	80,556	80	100	0	100	44,629	22,803	22	87	0	87	12,484	98,276	114
SPC-0.2-agents1.json	145	117	28	5	1	2	2	0	referenceSolver	93,901	69,506	69	100	0	100	77,5	37,5	37	87	0	87	0,112	31,724	46
SPC-0.2-agents1.json	145	117	28	5	1	2	2	0	randomSolver	92,408	62,041	62	100	0	100	80,417	52,083	52	87	0	87	4,779	36,552	53
SPC-0.2-agents10.json	145	117	28	14	10	2	2	0	referenceSolver	91,664	87,261	87	100	0	100	44,47	21,737	21	87	0	87	0,621	73,793	107
SPC-0.2-agents10.json	145	117	28	14	10	2	2	0	randomSolver	85,318	78,793	78	100	0	100	45,192	26,389	26	87	0	87	17,514	97,931	142
SPC-0.2-agents11.json	145	117	28	15	11	2	2	0	referenceSolver	89,12	83,262	83	100	0	100	44,844	21,875	21	87	0	87	0,339	73,103	106
SPC-0.2-agents11.json	145	117	28	15	11	2	2	0	randomSolver	87,944	83,052	83	100	0	100	42,547	24,306	24	87	0	87	19,738	98,621	143
SPC-0.2-agents12.json	145	117	28	16	12	2	2	0	referenceSolver	93,404	90,518	90	100	0	100	41,689	21,647	21	87	0	87	0,703	84,828	123
SPC-0.2-agents12.json	145	117	28	16	12	2	2	0	randomSolver	84,544	78,18	78	100	0	100	43,294	25,092	25	87	0	87	39,016	100	145
SPC-0.2-agents13.json	145	117	28	17	13	2	2	0	referenceSolver	88,781	83,457	83	100	0	100	44,253	23,729	23	87	0	87	1,02	85,517	124
SPC-0.2-agents13.json	145	117	28	17	13	2	2	0	randomSolver	88,276	83,779	83	100	0	100	41,151	23,373	23	87	0	87	38,815	100	145
SPC-0.2-agents14.json	145	117	28	18	14	2	2	0	referenceSolver	90,755	86,892	86	100	0	100	41,14	21,766	21	87	0	87	0,624	88,276	128
SPC-0.2-agents14.json	145	117	28	18	14	2	2	0	randomSolver	90,863	87,625	87	100	0	100	38,843	21,598	21	87	0	87	30,224	100	145
SPC-0.2-agents15.json	145	117	28	19	15	2	2	0	referenceSolver	89,979	86,027	86	100	0	100	40,804	22,388	22	87	0	87	0,476	94,483	137
SPC-0.2-agents15.json	145	117	28	19	15	2	2	0	randomSolver	89,317	85,482	85	100	0	100	39,21	21,875	21	87	0	87	28,142	100	145
SPC-0.2-agents16.json	145	117	28	20	16	2	2	0	referenceSolver	90,572	86,956	86	100	0	100	40,285	22,175	22	87	0	87	0,648	95,862	139
SPC-0.2-agents16.json	145	117	28	20	16	2	2	0	randomSolver	87,904	83,67	83	100	0	100	38,484	21,328	21	87	0	87	50,887	100	145
SPC-0.2-agents17.json	145	117	28	21	17	2	2	0	referenceSolver	92,242	89,182	89	100	0	100	39,92	21,156	21	87	0	87	1,44	90,345	131
SPC-0.2-agents17.json	145	117	28	21	17	2	2	0	randomSolver	90,209	87,057	87	100	0	100	36,141	19,612	19	87	0	87	48,777	100	145
SPC-0.2-agents18.json	145	117	28	22	18	2	2	0	referenceSolver	90,995	87,116	87	100	0	100	42,182	22,66	22	87	0	87	0,891	88,966	129
SPC-0.2-agents18.json	145	117	28	22	18	2	2	0	randomSolver	92,255	89,818	89	100	0	100	35,524	19,171	19	87	0	87	38,64	100	145
SPC-0.2-agents19.json	145	117	28	23	19	2	2	0	referenceSolver	94,141	92,01	92	100	0	100	37,5	19,318	19	87	0	87	0,855	89,655	130
SPC-0.2-agents19.json	145	117	28	23	19	2	2	0	randomSolver	91,042	88,056	88	100	0	100	37,109	20,312	20	87	0	87	51,773	100	145
SPC-0.2-agents2.json	145	117	28	6	2	2	2	0	referenceSolver	90,456	71,367	71	100	0	100	70,486	36,458	36	87	0	87	0,541	43,448	63
SPC-0.2-agents2.json	145	117	28	6	2	2	2	0	randomSolver	87,57	62,711	62	100	0	100	75,694	52,083	52	87	0	87	5,293	53,793	78
SPC-0.2-agents20.json	145	117	28	24	20	2	2	0	referenceSolver	92,297	89,301	89	100	0	100	39,813	21,267	21	87	0	87	0,867	91,724	133
SPC-0.2-agents20.json	145	117	28	24	20	2	2	0	randomSolver	90,787	87,921	87	100	0	100	35,222	18,958	18	87	0	87	28,813	100	145
SPC-0.2-agents21.json	145	117	28	25	21	2	2	0	referenceSolver	94,908	93,17	93	100	0	100	36,061	18,496	18	87	0	87	1,094	91,034	132
SPC-0.2-agents21.json	145	117	28	25	21	2	2	0	randomSolver	92,322	89,986	89	100	0	100	34,635	18,546	18	87	0	87	51,717	100	145
SPC-0.2-agents22.json	145	117	28	26	22	2	2	0	referenceSolver	93,536	91,455	91	100	0	100	35,634	18,942	18	87	0	87	0,679	97,241	141
SPC-0.2-agents22.json	145	117	28	26	22	2	2	0	randomSolver	93,919	92,145	92	100	0	100	33,518	17,773	17	87	0	87	32,958	100	145
SPC-0.2-agents23.json	145	117	28	27	23	2	2	0	referenceSolver	94,337	92,194	92	100	0	100	38,603	20,101	20	87	0	87	0,73	89,655	130
SPC-0.2-agents23.json	145	117	28	27	23	2	2	0	randomSolver	93,155	91,116	91	100	0	100	34,068	18,152	18	87	0	87	52,69	100	145
SPC-0.2-agents24.json	145	117	28	28	24	2	2	0	referenceSolver	93,376	91,141	91	100	0	100	37,05	20,03	20	87	0	87	1,449	97,931	142
SPC-0.2-agents24.json	145	117	28	28	24	2	2	0	randomSolver	92,32	90,008	90	100	0	100	34,349	18,347	18	87	0	87	73,54	100	145
SPC-0.2-agents25.json	145	117	28	29	25	2	2	0	referenceSolver	95,368	93,86	93	100	0	100	35,051	17,975	17	87	0	87	1,445	92,414	134
SPC-0.2-agents25.json	145	117	28	29	25	2	2	0	randomSolver	93,907	92,092	92	100	0	100	34,068	18,152	18	87	0	87	68,046	100	145
SPC-0.2-agents26.json	145	117	28	30	26	2	2	0	referenceSolver	93,16	90,959	90	100	0	100	35,888	19,277	19	87	0	87	1,322	98,621	143
SPC-0.2-agents26.json	145	117	28	30	26	2	2	0	randomSolver	93,512	91,639	91	100	0	100	33,25	17,59	17	87	0	87	42,013	100	145
SPC-0.2-agents27.json	145	117	28	31	27	2	2	0	referenceSolver	92,852	90,551	90	100	0	100	36,014	19,444	19	87	0	87	2,529	99,31	144
SPC-0.2-agents27.json	145	117	28	31	27	2	2	0	randomSolver	94,678	93,158	93	100	0	100	32,986	17,411	17	87	0	87	90,366	100	145
SPC-0.2-agents28.json	145	117	28	32	28	2	2	0	referenceSolver	95,139	93,499	93	100	0	100	36,787	19,679	19	87	0	87	1,896	96,552	140
SPC-0.2-agents28.json	145	117	28	32	28	2	2	0	randomSolver	94,846	93,343	93	100	0	100	33,518	17,773	17	87	0	87	111,797	100	145
SPC-0.2-agents29.json	145	117	28	33	29	2	2	0	referenceSolver	94,313	92,504	92	100	0	100	35,578	19,058	19	87	0	87	1,712	98,621	143
SPC-0.2-agents29.json	145	117	28	33	29	2	2	0	randomSolver	94,572	93,037	93	100	0	100	32,726	17,235	17	87	0	87	79,143	100	145
SPC-0.2-agents3.json	145	117	28	7	3	2	2	0	referenceSolver	89,486	74,767	74	100	0	100	64,106	31,354	31	87	0	87	0,464	48,966	71
SPC-0.2-agents3.json	145	117	28	7	3	2	2	0	randomSolver	84,914	64,8	64	100	0	100	70,238	47,222	47	87	0	87	12	66,207	96
SPC-0.2-agents30.json	145	117	28	34	30	2	2	0	referenceSolver	95,45	94,109	94	100	0	100	33,791	17,961	17	87	0	87	1,183	100	145
SPC-0.2-agents30.json	145	117	28	34	30	2	2	0	randomSolver	96,179	95,14	95	100	0	100	31,727	16,566	16	87	0	87	65,314	100	145
SPC-0.2-agents4.json	145	117	28	8	4	2	2	0	referenceSolver	88,083	74,736	74	100	0	100	59,709	28,583	28	87	0	87	0,148	53,103	77
SPC-0.2-agents4.json	145	117	28	8	4	2	2	0	randomSolver	80,598	61,196	61	100	0	100	64,062	40,625	40	87	0	87	8,282	73,103	106
SPC-0.2-agents5.json	145	117	28	9	5	2	2	0	referenceSolver	91,004	83,132	83	100	0	100	53,229	23,242	23	87	0	87	0,307	54,483	79
SPC-0.2-agents5.json	145	117	28	9	5	2	2	0	randomSolver	81,368	66,462	66	100	0	100	60,417	38,75	38	87	0	87	42,942	83,448	121
SPC-0.2-agents6.json	145	117	28	10	6	2	2	0	referenceSolver	90,015	82,026	82	100	0	100	52,083	23,75	23	87	0	87	0,911	58,621	85
SPC-0.2-agents6.json	145	117	28	10	6	2	2	0	randomSolver	80,739	67,898	67	100	0	100	56,042	35,069	35	87	0	87	18,369	88,966	129
SPC-0.2-agents7.json	145	117	28	11	7	2	2	0	referenceSolver	91,046	84,447	84	100	0	100	50,821	23,794	23	87	0	87	0,496	62,069	90
SPC-0.2-agents7.json	145	117	28	11	7	2	2	0	randomSolver	82,769	72,718	72	100	0	100	52,577	32,205	32	87	0	87	12,704	92,414	134
SPC-0.2-agents8.json	145	117	28	12	8	2	2	0	referenceSolver	90,168	84,432	84	100	0	100	46,245	22,179	22	87	0	87	0,531	69,655	101
SPC-0.2-agents8.json	145	117	28	12	8	2	2	0	randomSolver	84,37	75,954	75	100	0	100	50,495	30,569	30	87	0	87	14,663	94,483	137
SPC-0.2-agents9.json	145	117	28	13	9	2	2	0	referenceSolver	90,971	85,592	85	100	0	100	46,278	21,72	21	87	0	87	0,479	67,586	98
SPC-0.2-agents9.json	145	117	28	13	9	2	2	0	randomSolver	82,014	72,687	72	100	0	100	49,975	30,517	30	87	0	87	42,412	97,241	141
SPC-0.25-agents1.json	174	146	28	5	1	2	2	0	referenceSolver	95,006	75,028	75	100	0	100	76,667	33,333	33	87	0	87	0,188	25,287	44
SPC-0.25-agents1.json	174	146	28	5	1	2	2	0	randomSolver	93,534	67,672	67	100	0	100	82,083	60,417	60	87	0	87	5,174	32,759	57
SPC-0.25-agents10.json	174	146	28	14	10	2	2	0	referenceSolver	83,99	77,199	77	100	0	100	46,543	29,167	29	87	0	87	0,679	91,954	160
SPC-0.25-agents10.json	174	146	28	14	10	2	2	0	randomSolver	79,632	71,245	71	100	0	100	47,548	31,097	31	87	0	87	42,253	99,425	173
SPC-0.25-agents11.json	174	146	28	15	11	2	2	0	referenceSolver	81,982	73,974	73	100	0	100	46,955	28,935	28	87	0	87	1,372	87,931	153
SPC-0.25-agents11.json	174	146	28	15	11	2	2	0	randomSolver	80,213	72,519	72	100	0	100	45,792	29,572	29	87	0	87	63,824	100	174
SPC-0.25-agents12.json	174	146	28	16	12	2	2	0	referenceSolver	84,981	78,974	78	100	0	100	45,089	28,125	28	87	0	87	0,795	93,678	163
SPC-0.25-agents12.json	174	146	28	16	12	2	2	0	randomSolver	81,805	75,592	75	100	0	100	41,629	25,965	25	87	0	87	27,879	100	174
SPC-0.25-agents13.json	174	146	28	17	13	2	2	0	referenceSolver	83,38	77,091	77	100	0	100	44,179	27,787	27	87	0	87	0,718	97,126	169
SPC-0.25-agents13.json	174	146	28	17	13	2	2	0	randomSolver	86,647	82,196	82	100	0	100	40,885	25,347	25	87	0	87	24,572	100	174
SPC-0.25-agents15.json	174	146	28	19	15	2	2	0	referenceSolver	84,754	79,673	79	100	0	100	40,234	24,479	24	87	0	87	1,026	97,126	169
SPC-0.25-agents15.json	174	146	28	19	15	2	2	0	randomSolver	83,752	78,523	78	100	0	100	39,819	24,473	24	87	0	87	47,517	100	174
SPC-0.25-agents16.json	174	146	28	20	16	2	2	0	referenceSolver	85,417	80,313	80	100	0	100	41,995	26,068	26	87	0	87	0,78	98,276	171
SPC-0.25-agents16.json	174	146	28	20	16	2	2	0	randomSolver	85,732	81,526	81	100	0	100	37,229	22,412	22	87	0	87	39,436	100	174
SPC-0.25-agents17.json	174	146	28	21	17	2	2	0	referenceSolver	86,65	82,354	82	100	0	100	39,312	23,803	23	87	0	87	0,7	97,701	170
SPC-0.25-agents17.json	174	146	28	21	17	2	2	0	randomSolver	83,809	78,881	78	100	0	100	38,16	23,143	23	87	0	87	37,104	100	174
SPC-0.25-agents18.json	174	146	28	22	18	2	2	0	referenceSolver	89,037	85,664	85	100	0	100	37,868	22,596	22	87	0	87	1,948	97,126	169
SPC-0.25-agents18.json	174	146	28	22	18	2	2	0	randomSolver	87,662	83,987	83	100	0	100	37,534	22,651	22	87	0	87	97,751	100	174
SPC-0.25-agents19.json	174	146	28	23	19	2	2	0	referenceSolver	89,128	85,855	85	100	0	100	37,844	22,894	22	87	0	87	1,409	100	174
SPC-0.25-agents19.json	174	146	28	23	19	2	2	0	randomSolver	83,696	78,941	78	100	0	100	36,929	22,179	22	87	0	87	94,524	100	174
SPC-0.25-agents2.json	174	146	28	6	2	2	2	0	referenceSolver	91,541	74,623	74	100	0	100	69,097	32,292	32	87	0	87	0,465	33,908	59
SPC-0.25-agents2.json	174	146	28	6	2	2	2	0	randomSolver	88,747	66,241	66	100	0	100	77,083	56,25	56	87	0	87	5,632	47,126	82
SPC-0.25-agents20.json	174	146	28	24	20	2	2	0	referenceSolver	90,018	87,304	87	100	0	100	34,955	20,672	20	87	0	87	0,881	100	174
SPC-0.25-agents20.json	174	146	28	24	20	2	2	0	randomSolver	86,196	82,17	82	100	0	100	36,929	22,179	22	87	0	87	41,597	100	174
SPC-0.25-agents21.json	174	146	28	25	21	2	2	0	referenceSolver	85,959	81,776	81	100	0	100	37,534	22,651	22	87	0	87	1,186	100	174
SPC-0.25-agents21.json	174	146	28	25	21	2	2	0	randomSolver	88,114	84,786	84	100	0	100	35,775	21,292	21	87	0	87	67,402	100	174
SPC-0.25-agents22.json	174	146	28	26	22	2	2	0	referenceSolver	88,959	85,836	85	100	0	100	36,056	21,507	21	87	0	87	1,623	100	174
SPC-0.25-agents22.json	174	146	28	26	22	2	2	0	randomSolver	87,077	83,459	83	100	0	100	35,775	21,292	21	87	0	87	125,16	100	174
SPC-0.25-agents23.json	174	146	28	27	23	2	2	0	referenceSolver	88,225	84,993	84	100	0	100	35,224	20,874	20	87	0	87	2,631	100	174
SPC-0.25-agents23.json	174	146	28	27	23	2	2	0	randomSolver	89,489	86,764	86	100	0	100	33,67	19,715	19	87	0	87	140,049	100	174
SPC-0.25-agents24.json	174	146	28	28	24	2	2	0	referenceSolver	89,002	85,953	85	100	0	100	35,497	21,081	21	87	0	87	1,143	100	174
SPC-0.25-agents24.json	174	146	28	28	24	2	2	0	randomSolver	88,19	85,1	85	100	0	100	33,92	19,899	19	87	0	87	40,785	100	174
SPC-0.25-agents25.json	174	146	28	29	25	2	2	0	referenceSolver	89,147	86,077	86	100	0	100	36,056	21,507	21	87	0	87	1,223	100	174
SPC-0.25-agents25.json	174	146	28	29	25	2	2	0	randomSolver	88,989	85,966	85	100	0	100	35,224	20,874	20	87	0	87	62,022	100	174
SPC-0.25-agents26.json	174	146	28	30	26	2	2	0	referenceSolver	89,74	86,868	86	100	0	100	35,775	21,292	21	87	0	87	1,199	100	174
SPC-0.25-agents26.json	174	146	28	30	26	2	2	0	randomSolver	90,206	87,779	87	100	0	100	32,476	18,842	18	87	0	87	52,269	100	174
SPC-0.25-agents27.json	174	146	28	31	27	2	2	0	referenceSolver	92,377	90,454	90	100	0	100	32,944	19,182	19	87	0	87	1,519	100	174
SPC-0.25-agents27.json	174	146	28	31	27	2	2	0	randomSolver	91,098	88,832	88	100	0	100	33,182	19,356	19	87	0	87	113,496	100	174
SPC-0.25-agents28.json	174	146	28	32	28	2	2	0	referenceSolver	91,624	89,453	89	100	0	100	33,67	19,715	19	87	0	87	1,471	100	174
SPC-0.25-agents28.json	174	146	28	32	28	2	2	0	randomSolver	90,413	87,994	87	100	0	100	32,944	19,182	19	87	0	87	81,149	100	174
SPC-0.25-agents29.json	174	146	28	33	29	2	2	0	referenceSolver	93,769	92,238	92	100	0	100	32,248	18,677	18	87	0	87	1,178	100	174
SPC-0.25-agents29.json	174	146	28	33	29	2	2	0	randomSolver	91,089	88,9	88	100	0	100	32,248	18,677	18	87	0	87	52,026	100	174
SPC-0.25-agents3.json	174	146	28	7	3	2	2	0	referenceSolver	90,937	78,853	78	100	0	100	61,607	27,083	27	87	0	87	0,138	38,506	67
SPC-0.25-agents3.json	174	146	28	7	3	2	2	0	randomSolver	85,444	66,036	66	100	0	100	72,321	52,083	52	87	0	87	11,659	59,195	103
SPC-0.25-agents30.json	174	146	28	34	30	2	2	0	referenceSolver	92,651	90,862	90	100	0	100	32,022	18,514	18	87	0	87	1,366	100	174
SPC-0.25-agents30.json	174	146	28	34	30	2	2	0	randomSolver	91,163	88,954	88	100	0	100	32,708	19,01	19	87	0	87	56,821	100	174
SPC-0.25-agents4.json	174	146	28	8	4	2	2	0	referenceSolver	88,955	77,5	77	100	0	100	61,515	34,568	34	87	0	87	0,612	52,874	92
SPC-0.25-agents4.json	174	146	28	8	4	2	2	0	randomSolver	83,403	66,807	66	100	0	100	69,531	51,562	51	87	0	87	24,797	72,989	127
SPC-0.25-agents5.json	174	146	28	9	5	2	2	0	referenceSolver	88,802	79,579	79	100	0	100	58,804	35,172	35	87	0	87	0,395	63,218	110
SPC-0.25-agents5.json	174	146	28	9	5	2	2	0	randomSolver	79,228	62,61	62	100	0	100	64,815	46,667	46	87	0	87	34,97	80,46	140
SPC-0.25-agents6.json	174	146	28	10	6	2	2	0	referenceSolver	88,343	80,572	80	100	0	100	54,792	32,986	32	87	0	87	0,404	70,69	123
SPC-0.25-agents6.json	174	146	28	10	6	2	2	0	randomSolver	77,295	62,158	62	100	0	100	60,417	42,361	42	87	0	87	22,598	86,207	150
SPC-0.25-agents7.json	174	146	28	11	7	2	2	0	referenceSolver	85,278	76,316	76	100	0	100	55,377	35,824	35	87	0	87	0,457	81,034	141
SPC-0.25-agents7.json	174	146	28	11	7	2	2	0	randomSolver	78,911	66,608	66	100	0	100	57,566	40,104	40	87	0	87	32,128	91,954	160
SPC-0.25-agents8.json	174	146	28	12	8	2	2	0	referenceSolver	83,358	74,729	74	100	0	100	52,109	33,758	33	87	0	87	0,333	87,931	153
SPC-0.25-agents8.json	174	146	28	12	8	2	2	0	randomSolver	75,433	63,15	63	100	0	100	53,299	36,198	36	87	0	87	21,54	95,977	167
SPC-0.25-agents9.json	174	146	28	13	9	2	2	0	referenceSolver	82,647	74,549	74	100	0	100	49,716	32,083	32	87	0	87	0,608	91,954	160
SPC-0.25-agents9.json	174	146	28	13	9	2	2	0	randomSolver	74,321	62,337	62	100	0	100	51,539	34,757	34	87	0	87	36,606	98,276	171
SPC-0.3-agents1.json	202	174	28	5	1	2	2	0	referenceSolver	96,099	80,496	80	100	0	100	76,25	31,25	31	87	0	87	0,647	21,287	43
SPC-0.3-agents1.json	202	174	28	5	1	2	2	0	randomSolver	94,592	72,96	72	100	0	100	82,917	64,583	64	87	0	87	6,067	29,208	59
SPC-0.3-agents10.json	202	174	28	14	10	2	2	0	referenceSolver	89,949	85,335	85	100	0	100	44,569	24,863	24	87	0	87	2,189	65,347	132
SPC-0.3-agents10.json	202	174	28	14	10	2	2	0	randomSolver	79,206	70,888	70	100	0	100	47,47	31,458	31	87	0	87	39,992	88,614	179
SPC-0.3-agents11.json	202	174	28	15	11	2	2	0	referenceSolver	88,848	84,044	84	100	0	100	43,123	24,006	24	87	0	87	0,967	66,832	135
SPC-0.3-agents11.json	202	174	28	15	11	2	2	0	randomSolver	77,17	68,647	68	100	0	100	46,299	30,917	30	87	0	87	44,654	92,574	187
SPC-0.3-agents12.json	202	174	28	16	12	2	2	0	referenceSolver	88,831	84,487	84	100	0	100	41,708	23,9	23	87	0	87	0,618	72,277	146
SPC-0.3-agents12.json	202	174	28	16	12	2	2	0	randomSolver	79,089	71,77	71	100	0	100	44,425	29,349	29	87	0	87	67,907	93,564	189
SPC-0.3-agents13.json	202	174	28	17	13	2	2	0	referenceSolver	86,229	80,72	80	100	0	100	43,601	26,042	26	87	0	87	1,153	75,743	153
SPC-0.3-agents13.json	202	174	28	17	13	2	2	0	randomSolver	79,959	73,357	73	100	0	100	43,105	28,48	28	87	0	87	69,052	96,04	194
SPC-0.3-agents14.json	202	174	28	18	14	2	2	0	referenceSolver	86,422	81,897	81	100	0	100	39,063	22,917	22	87	0	87	1,539	79,208	160
SPC-0.3-agents14.json	202	174	28	18	14	2	2	0	randomSolver	80,218	73,851	73	100	0	100	42,609	28,161	28	87	0	87	85,324	97,03	196
SPC-0.3-agents15.json	202	174	28	19	15	2	2	0	referenceSolver	88,588	84,784	84	100	0	100	39,323	23,264	23	87	0	87	0,678	80,198	162
SPC-0.3-agents15.json	202	174	28	19	15	2	2	0	randomSolver	79,44	73,444	73	100	0	100	39,751	25,825	25	87	0	87	49,705	98,02	198
SPC-0.3-agents16.json	202	174	28	20	16	2	2	0	referenceSolver	87,519	83,358	83	100	0	100	38,932	22,743	22	87	0	87	0,892	78,713	159
SPC-0.3-agents16.json	202	174	28	20	16	2	2	0	randomSolver	80,815	75,496	75	100	0	100	38,437	24,835	24	87	0	87	93,148	99,01	200
SPC-0.3-agents17.json	202	174	28	21	17	2	2	0	referenceSolver	88,555	85,033	85	100	0	100	38,48	23,397	23	87	0	87	0,95	86,139	174
SPC-0.3-agents17.json	202	174	28	21	17	2	2	0	randomSolver	81,561	76,596	76	100	0	100	37,674	24,259	24	87	0	87	36,126	99,505	201
SPC-0.3-agents18.json	202	174	28	22	18	2	2	0	referenceSolver	86,809	83,001	83	100	0	100	38,15	23,905	23	87	0	87	1,962	92,574	187
SPC-0.3-agents18.json	202	174	28	22	18	2	2	0	randomSolver	83,45	78,951	78	100	0	100	38,073	24,636	24	87	0	87	98,417	100	202
SPC-0.3-agents19.json	202	174	28	23	19	2	2	0	referenceSolver	85,034	80,844	80	100	0	100	37,256	23,188	23	87	0	87	0,908	92,574	187
SPC-0.3-agents19.json	202	174	28	23	19	2	2	0	randomSolver	85,656	82,07	82	100	0	100	35,625	22,656	22	87	0	87	90,171	100	202
SPC-0.3-agents2.json	202	174	28	6	2	2	2	0	referenceSolver	92,828	78,484	78	100	0	100	68,75	31,25	31	87	0	87	0,202	28,713	58
SPC-0.3-agents2.json	202	174	28	6	2	2	2	0	randomSolver	89,364	68,092	68	100	0	100	78,472	60,417	60	87	0	87	8,479	42,574	86
SPC-0.3-agents20.json	202	174	28	24	20	2	2	0	referenceSolver	85,927	81,69	81	100	0	100	39,411	24,933	24	87	0	87	1,102	92,574	187
SPC-0.3-agents20.json	202	174	28	24	20	2	2	0	randomSolver	86,893	83,782	83	100	0	100	34,161	21,504	21	87	0	87	72,99	100	202
SPC-0.3-agents21.json	202	174	28	25	21	2	2	0	referenceSolver	86,316	82,523	82	100	0	100	37,08	23,102	23	87	0	87	2,157	93,069	188
SPC-0.3-agents21.json	202	174	28	25	21	2	2	0	randomSolver	85,843	82,512	82	100	0	100	33,929	21,324	21	87	0	87	127,455	100	202
SPC-0.3-agents22.json	202	174	28	26	22	2	2	0	referenceSolver	88,412	84,961	84	100	0	100	38,132	23,426	23	87	0	87	2,365	88,614	179
SPC-0.3-agents22.json	202	174	28	26	22	2	2	0	randomSolver	86,729	83,633	83	100	0	100	33,699	21,146	21	87	0	87	249,03	100	202
SPC-0.3-agents23.json	202	174	28	27	23	2	2	0	referenceSolver	87,185	83,597	83	100	0	100	37,256	23,187	23	87	0	87	1,301	92,574	187
SPC-0.3-agents23.json	202	174	28	27	23	2	2	0	randomSolver	82,712	78,39	78	100	0	100	35,625	22,656	22	87	0	87	45,937	100	202
SPC-0.3-agents24.json	202	174	28	28	24	2	2	0	referenceSolver	89,002	85,827	85	100	0	100	36,167	21,349	21	87	0	87	1,586	84,158	170
SPC-0.3-agents24.json	202	174	28	28	24	2	2	0	randomSolver	89,186	86,875	86	100	0	100	31,368	19,37	19	87	0	87	50,024	100	202
SPC-0.3-agents25.json	202	174	28	29	25	2	2	0	referenceSolver	89,697	86,975	86	100	0	100	34,935	21,05	21	87	0	87	1,573	89,604	181
SPC-0.3-agents25.json	202	174	28	29	25	2	2	0	randomSolver	86,077	82,801	82	100	0	100	33,929	21,324	21	87	0	87	147,477	100	202
SPC-0.3-agents26.json	202	174	28	30	26	2	2	0	referenceSolver	90,261	87,639	87	100	0	100	35,243	21,174	21	87	0	87	2,419	88,614	179
SPC-0.3-agents26.json	202	174	28	30	26	2	2	0	randomSolver	87,308	84,396	84	100	0	100	33,25	20,799	20	87	0	87	154,442	100	202
SPC-0.3-agents27.json	202	174	28	31	27	2	2	0	referenceSolver	88,815	85,915	85	100	0	100	35,493	22,01	22	87	0	87	2,488	94,554	191
SPC-0.3-agents27.json	202	174	28	31	27	2	2	0	randomSolver	87,033	84,152	84	100	0	100	32,386	20,139	20	87	0	87	141,351	100	202
SPC-0.3-agents28.json	202	174	28	32	28	2	2	0	referenceSolver	90,536	88,127	88	100	0	100	34,768	21,345	21	87	0	87	1,8	93,564	189
SPC-0.3-agents28.json	202	174	28	32	28	2	2	0	randomSolver	87,181	84,42	84	100	0	100	31,566	19,519	19	87	0	87	60,965	100	202
SPC-0.3-agents29.json	202	174	28	33	29	2	2	0	referenceSolver	91,573	89,639	89	100	0	100	32,569	19,962	19	87	0	87	1,929	96,535	195
SPC-0.3-agents29.json	202	174	28	33	29	2	2	0	randomSolver	90,355	88,309	88	100	0	100	31,172	19,223	19	87	0	87	84,133	100	202
SPC-0.3-agents3.json	202	174	28	7	3	2	2	0	referenceSolver	90,603	78,073	78	100	0	100	63,69	31,944	31	87	0	87	0,914	36,634	74
SPC-0.3-agents3.json	202	174	28	7	3	2	2	0	randomSolver	84,823	64,588	64	100	0	100	74,405	56,944	56	87	0	87	11,45	54,455	110
SPC-0.3-agents30.json	202	174	28	34	30	2	2	0	referenceSolver	90,178	87,766	87	100	0	100	33,788	20,596	20	87	0	87	2,84	93,564	189
SPC-0.3-agents30.json	202	174	28	34	30	2	2	0	randomSolver	87,976	85,366	85	100	0	100	31,768	19,671	19	87	0	87	129,776	100	202
SPC-0.3-agents4.json	202	174	28	8	4	2	2	0	referenceSolver	92,774	85,547	85	100	0	100	59,375	31,25	31	87	0	87	0,353	43,564	88
SPC-0.3-agents4.json	202	174	28	8	4	2	2	0	randomSolver	81,548	63,096	63	100	0	100	69,792	52,083	52	87	0	87	20,387	63,366	128
SPC-0.3-agents5.json	202	174	28	9	5	2	2	0	referenceSolver	90,298	82,308	82	100	0	100	55,746	29,596	29	87	0	87	0,261	48,02	97
SPC-0.3-agents5.json	202	174	28	9	5	2	2	0	randomSolver	80,53	64,954	64	100	0	100	66,204	49,167	49	87	0	87	26,778	72,277	146
SPC-0.3-agents6.json	202	174	28	10	6	2	2	0	referenceSolver	90,792	84,346	84	100	0	100	52,114	27,344	27	87	0	87	0,637	50,99	103
SPC-0.3-agents6.json	202	174	28	10	6	2	2	0	randomSolver	78,22	63,7	63	100	0	100	61,25	43,75	43	87	0	87	32,642	76,238	154
SPC-0.3-agents7.json	202	174	28	11	7	2	2	0	referenceSolver	89,341	82,709	82	100	0	100	50,143	26,898	26	87	0	87	0,612	54,95	111
SPC-0.3-agents7.json	202	174	28	11	7	2	2	0	randomSolver	76,341	62,822	62	100	0	100	57,197	39,881	39	87	0	87	19,382	80,198	162
SPC-0.3-agents8.json	202	174	28	12	8	2	2	0	referenceSolver	89,282	83,03	83	100	0	100	49,507	27,344	27	87	0	87	0,461	58,416	118
SPC-0.3-agents8.json	202	174	28	12	8	2	2	0	randomSolver	77,511	66,266	66	100	0	100	53,472	36,458	36	87	0	87	56,904	83,168	168
SPC-0.3-agents9.json	202	174	28	13	9	2	2	0	referenceSolver	88,256	82,052	82	100	0	100	47,891	26,965	26	87	0	87	0,43	62,376	126
SPC-0.3-agents9.json	202	174	28	13	9	2	2	0	randomSolver	78,322	68,531	68	100	0	100	50,88	34,341	34	87	0	87	33,724	86,139	174
SPC-0.35-agents1.json	231	203	28	5	1	2	2	0	referenceSolver	94,33	71,649	71	100	0	100	77,083	35,417	35	87	0	87	0,443	19,481	45
SPC-0.35-agents1.json	231	203	28	5	1	2	2	0	randomSolver	94,167	70,835	70	100	0	100	82,5	62,5	62	87	0	87	5,136	25,108	58
SPC-0.35-agents10.json	231	203	28	14	10	2	2	0	referenceSolver	85,798	79,384	79	100	0	100	46,991	28,696	28	87	0	87	1,598	64,935	150
SPC-0.35-agents10.json	231	203	28	14	10	2	2	0	randomSolver	72,713	61,799	61	100	0	100	52,976	39,167	39	87	0	87	70,734	93,506	216
SPC-0.35-agents11.json	231	203	28	15	11	2	2	0	referenceSolver	88,595	83,899	83	100	0	100	45,421	28,094	28	87	0	87	4,453	68,831	159
SPC-0.35-agents11.json	231	203	28	15	11	2	2	0	randomSolver	74,801	65,393	65	100	0	100	51,254	37,722	37	87	0	87	63,586	96,104	222
SPC-0.35-agents12.json	231	203	28	16	12	2	2	0	referenceSolver	83,875	77,425	77	100	0	100	48,214	32,5	32	87	0	87	0,657	79,654	184
SPC-0.35-agents12.json	231	203	28	16	12	2	2	0	randomSolver	77,532	69,952	69	100	0	100	47,954	34,613	34	87	0	87	69,326	97,403	225
SPC-0.35-agents13.json	231	203	28	17	13	2	2	0	referenceSolver	83,259	77,399	77	100	0	100	47,126	32,995	32	87	0	87	0,884	90,476	209
SPC-0.35-agents13.json	231	203	28	17	13	2	2	0	randomSolver	75,867	68,275	68	100	0	100	45,994	32,935	32	87	0	87	35,382	99,134	229
SPC-0.35-agents14.json	231	203	28	18	14	2	2	0	referenceSolver	87,143	82,467	82	100	0	100	41,667	25	24	87	0	87	1,424	69,264	160
SPC-0.35-agents14.json	231	203	28	18	14	2	2	0	randomSolver	74,213	66,1	66	100	0	100	46,118	33,099	33	87	0	87	138,358	99,567	230
SPC-0.35-agents16.json	231	203	28	20	16	2	2	0	referenceSolver	85,632	81,161	81	100	0	100	43,379	29,653	29	87	0	87	0,885	91,342	211
SPC-0.35-agents16.json	231	203	28	20	16	2	2	0	randomSolver	79,31	73,686	73	100	0	100	41,301	28,742	28	87	0	87	104,13	100	231
SPC-0.35-agents17.json	231	203	28	21	17	2	2	0	referenceSolver	85,218	80,815	80	100	0	100	42,316	28,856	28	87	0	87	1,173	92,641	214
SPC-0.35-agents17.json	231	203	28	21	17	2	2	0	randomSolver	79,828	74,345	74	100	0	100	41,301	28,742	28	87	0	87	67,98	100	231
SPC-0.35-agents18.json	231	203	28	22	18	2	2	0	referenceSolver	83,386	78,734	78	100	0	100	41,813	29,021	29	87	0	87	2,035	98,268	227
SPC-0.35-agents18.json	231	203	28	22	18	2	2	0	randomSolver	78,069	72,275	72	100	0	100	40,376	27,928	27	87	0	87	83,257	100	231
SPC-0.35-agents19.json	231	203	28	23	19	2	2	0	referenceSolver	86,139	82,258	82	100	0	100	40,674	27,562	27	87	0	87	2,04	93,939	217
SPC-0.35-agents19.json	231	203	28	23	19	2	2	0	randomSolver	75,506	69,156	69	100	0	100	39,782	27,411	27	87	0	87	170,984	100	231
SPC-0.35-agents2.json	231	203	28	6	2	2	2	0	referenceSolver	91,791	75,374	75	100	0	100	68,403	30,208	30	87	0	87	1,041	24,675	57
SPC-0.35-agents2.json	231	203	28	6	2	2	2	0	randomSolver	88,247	64,741	64	100	0	100	77,431	57,292	57	87	0	87	13,22	35,931	83
SPC-0.35-agents20.json	231	203	28	24	20	2	2	0	referenceSolver	84,971	81,18	81	100	0	100	38,504	26,145	26	87	0	87	1,111	98,268	227
SPC-0.35-agents20.json	231	203	28	24	20	2	2	0	randomSolver	77,72	72,1	72	100	0	100	38,924	26,67	26	87	0	87	54,246	100	231
SPC-0.35-agents21.json	231	203	28	25	21	2	2	0	referenceSolver	87,033	83,929	83	100	0	100	37,112	25,053	25	87	0	87	2,056	99,134	229
SPC-0.35-agents21.json	231	203	28	25	21	2	2	0	randomSolver	80,514	75,851	75	100	0	100	37,313	25,303	25	87	0	87	102,976	100	231
SPC-0.35-agents22.json	231	203	28	26	22	2	2	0	referenceSolver	85,175	81,332	81	100	0	100	39,461	27,006	27	87	0	87	2,991	98,701	228
SPC-0.35-agents22.json	231	203	28	26	22	2	2	0	randomSolver	81,93	77,748	77	100	0	100	36,312	24,466	24	87	0	87	113,757	100	231
SPC-0.35-agents23.json	231	203	28	27	23	2	2	0	referenceSolver	86,531	83,389	83	100	0	100	36,458	24,549	24	87	0	87	3,05	99,567	230
SPC-0.35-agents23.json	231	203	28	27	23	2	2	0	randomSolver	83,84	80,191	80	100	0	100	35,595	23,874	23	87	0	87	181,305	100	231
SPC-0.35-agents24.json	231	203	28	28	24	2	2	0	referenceSolver	84,241	80,533	80	100	0	100	36,806	24,877	24	87	0	87	1,369	100	231
SPC-0.35-agents24.json	231	203	28	28	24	2	2	0	randomSolver	83,279	79,344	79	100	0	100	36,806	24,877	24	87	0	87	88,08	100	231
SPC-0.35-agents25.json	231	203	28	29	25	2	2	0	referenceSolver	85,209	81,786	81	100	0	100	36,214	24,346	24	87	0	87	1,553	99,567	230
SPC-0.35-agents25.json	231	203	28	29	25	2	2	0	randomSolver	81,201	77,152	77	100	0	100	34,243	22,772	22	87	0	87	61,911	100	231
SPC-0.35-agents26.json	231	203	28	30	26	2	2	0	referenceSolver	89,791	87,575	87	100	0	100	33,997	22,384	22	87	0	87	2,56	97,835	226
SPC-0.35-agents26.json	231	203	28	30	26	2	2	0	randomSolver	83,524	80,003	80	100	0	100	34,028	22,599	22	87	0	87	136,07	100	231
SPC-0.35-agents27.json	231	203	28	31	27	2	2	0	referenceSolver	86,859	83,867	83	100	0	100	35,444	23,594	23	87	0	87	1,659	98,268	227
SPC-0.35-agents27.json	231	203	28	31	27	2	2	0	randomSolver	84,326	81,146	81	100	0	100	32,593	21,452	21	87	0	87	109,391	100	231
SPC-0.35-agents28.json	231	203	28	32	28	2	2	0	referenceSolver	89,526	87,27	87	100	0	100	34,151	22,66	22	87	0	87	2,006	99,567	230
SPC-0.35-agents28.json	231	203	28	32	28	2	2	0	randomSolver	84,074	80,866	80	100	0	100	32,398	21,298	21	87	0	87	127,937	100	231
SPC-0.35-agents29.json	231	203	28	33	29	2	2	0	referenceSolver	88,882	86,593	86	100	0	100	32,813	21,553	21	87	0	87	1,683	99,134	229
SPC-0.35-agents29.json	231	203	28	33	29	2	2	0	randomSolver	82,339	78,318	78	100	0	100	35,831	24,068	24	87	0	87	94,155	100	231
SPC-0.35-agents3.json	231	203	28	7	3	2	2	0	referenceSolver	90,894	78,752	78	100	0	100	61,905	27,778	27	87	0	87	0,334	29,437	68
SPC-0.35-agents3.json	231	203	28	7	3	2	2	0	randomSolver	83,742	62,065	62	100	0	100	73,512	54,861	54	87	0	87	15,85	46,32	107
SPC-0.35-agents30.json	231	203	28	34	30	2	2	0	referenceSolver	90,129	88,003	88	100	0	100	33,412	21,763	21	87	0	87	3,09	96,104	222
SPC-0.35-agents30.json	231	203	28	34	30	2	2	0	randomSolver	84,819	81,761	81	100	0	100	32,398	21,298	21	87	0	87	143,755	100	231
SPC-0.35-agents4.json	231	203	28	8	4	2	2	0	referenceSolver	92,252	84,504	84	100	0	100	57,292	27,083	27	87	0	87	0,403	34,632	80
SPC-0.35-agents4.json	231	203	28	8	4	2	2	0	randomSolver	80,113	60,226	60	100	0	100	70,312	53,125	53	87	0	87	25,278	56,277	130
SPC-0.35-agents5.json	231	203	28	9	5	2	2	0	referenceSolver	88,273	78,324	78	100	0	100	56,182	29,609	29	87	0	87	0,287	41,126	95
SPC-0.35-agents5.json	231	203	28	9	5	2	2	0	randomSolver	77,448	59,406	59	100	0	100	67,361	51,25	51	87	0	87	14,148	65,368	151
SPC-0.35-agents6.json	231	203	28	10	6	2	2	0	referenceSolver	88,393	79,84	79	100	0	100	53,914	29,167	29	87	0	87	0,358	45,022	104
SPC-0.35-agents6.json	231	203	28	10	6	2	2	0	randomSolver	75,747	59,578	59	100	0	100	64,167	48,611	48	87	0	87	19,732	72,727	168
SPC-0.35-agents7.json	231	203	28	11	7	2	2	0	referenceSolver	85,859	76,86	76	100	0	100	52,054	29,498	29	87	0	87	0,546	50,649	117
SPC-0.35-agents7.json	231	203	28	11	7	2	2	0	randomSolver	74,442	59,838	59	100	0	100	61,174	46,131	46	87	0	87	48	79,221	183
SPC-0.35-agents8.json	231	203	28	12	8	2	2	0	referenceSolver	85,436	77,113	77	100	0	100	48,864	26,786	26	87	0	87	0,439	51,082	118
SPC-0.35-agents8.json	231	203	28	12	8	2	2	0	randomSolver	76,534	64,8	64	100	0	100	58,681	44,271	44	87	0	87	26,981	85,714	198
SPC-0.35-agents9.json	231	203	28	13	9	2	2	0	referenceSolver	82,228	72,471	72	100	0	100	50,58	30,31	30	87	0	87	0,493	58,009	134
SPC-0.35-agents9.json	231	203	28	13	9	2	2	0	randomSolver	73,329	61,087	61	100	0	100	57,35	43,511	43	87	0	87	78,424	90,909	210
SPC-0.4-agents1.json	260	232	28	5	1	2	2	0	referenceSolver	96,757	83,787	83	100	0	100	77,083	35,417	35	87	0	87	1,536	17,308	45
SPC-0.4-agents1.json	260	232	28	5	1	2	2	0	randomSolver	95,259	76,293	76	100	0	100	83,75	68,75	68	87	0	87	4,191	23,462	61
SPC-0.4-agents10.json	260	232	28	14	10	2	2	0	referenceSolver	92,227	88,121	88	100	0	100	44,65	22,013	22	87	0	87	1,887	41,538	108
SPC-0.4-agents10.json	260	232	28	14	10	2	2	0	randomSolver	75,868	66,215	66	100	0	100	54,613	41,458	41	87	0	87	62,585	87,308	227
SPC-0.4-agents11.json	260	232	28	15	11	2	2	0	referenceSolver	90,811	86,45	86	100	0	100	43,247	22,246	22	87	0	87	1,428	45,385	118
SPC-0.4-agents11.json	260	232	28	15	11	2	2	0	randomSolver	74,394	65,083	65	100	0	100	51,944	39,015	39	87	0	87	111,08	90	234
SPC-0.4-agents12.json	260	232	28	16	12	2	2	0	referenceSolver	92,254	88,578	88	100	0	100	42,577	21,257	21	87	0	87	0,87	43,846	114
SPC-0.4-agents12.json	260	232	28	16	12	2	2	0	randomSolver	73,223	64,297	64	100	0	100	49,089	36,285	36	87	0	87	37,786	91,154	237
SPC-0.4-agents13.json	260	232	28	17	13	2	2	0	referenceSolver	92,303	89,086	89	100	0	100	42,368	23,507	23	87	0	87	0,966	52,308	136
SPC-0.4-agents13.json	260	232	28	17	13	2	2	0	randomSolver	75,735	67,926	67	100	0	100	48,822	36,375	36	87	0	87	84,454	94,231	245
SPC-0.4-agents14.json	260	232	28	18	14	2	2	0	referenceSolver	89,428	85,2	85	100	0	100	42,708	24,792	24	87	0	87	1,082	56,538	147
SPC-0.4-agents14.json	260	232	28	18	14	2	2	0	randomSolver	74,78	67,105	67	100	0	100	47,517	35,349	35	87	0	87	71,244	96,538	251
SPC-0.4-agents15.json	260	232	28	19	15	2	2	0	referenceSolver	91,539	88,462	88	100	0	100	39,583	22,159	22	87	0	87	2,096	55,769	145
SPC-0.4-agents15.json	260	232	28	19	15	2	2	0	randomSolver	77,049	70,687	70	100	0	100	44,541	32,632	32	87	0	87	192,132	97,692	254
SPC-0.4-agents16.json	260	232	28	20	16	2	2	0	referenceSolver	89,614	85,736	85	100	0	100	40,777	23,333	23	87	0	87	1,242	56,923	148
SPC-0.4-agents16.json	260	232	28	20	16	2	2	0	randomSolver	78,185	72,311	72	100	0	100	43,75	31,971	31	87	0	87	78,458	98,462	256
SPC-0.4-agents17.json	260	232	28	21	17	2	2	0	referenceSolver	89,836	86,407	86	100	0	100	39,809	23,72	23	87	0	87	1,078	62,692	163
SPC-0.4-agents17.json	260	232	28	21	17	2	2	0	randomSolver	78,081	72,551	72	100	0	100	41,547	29,955	29	87	0	87	83,887	98,462	256
SPC-0.4-agents18.json	260	232	28	22	18	2	2	0	referenceSolver	91,53	88,673	88	100	0	100	39,02	22,666	22	87	0	87	1,483	60,385	157
SPC-0.4-agents18.json	260	232	28	22	18	2	2	0	randomSolver	79,577	74,561	74	100	0	100	40,874	29,423	29	87	0	87	128,707	99,231	258
SPC-0.4-agents19.json	260	232	28	23	19	2	2	0	referenceSolver	90,193	87,302	87	100	0	100	37,585	22,873	22	87	0	87	3,004	68,077	177
SPC-0.4-agents19.json	260	232	28	23	19	2	2	0	randomSolver	80,298	75,542	75	100	0	100	40,408	29,041	29	87	0	87	129,905	99,615	259
SPC-0.4-agents2.json	260	232	28	6	2	2	2	0	referenceSolver	93,346	80,037	80	100	0	100	69,792	34,375	34	87	0	87	0,159	23,462	61
SPC-0.4-agents2.json	260	232	28	6	2	2	2	0	randomSolver	90,886	72,658	72	100	0	100	79,861	64,583	64	87	0	87	7,158	34,615	90
SPC-0.4-agents20.json	260	232	28	24	20	2	2	0	referenceSolver	88,571	85,371	85	100	0	100	39,762	26,396	26	87	0	87	3,54	80,385	209
SPC-0.4-agents20.json	260	232	28	24	20	2	2	0	randomSolver	78,618	73,457	73	100	0	100	40,509	29,167	29	87	0	87	75,588	100	260
SPC-0.4-agents21.json	260	232	28	25	21	2	2	0	referenceSolver	88,205	84,902	84	100	0	100	39,535	26,104	26	87	0	87	1,469	79,615	207
SPC-0.4-agents21.json	260	232	28	25	21	2	2	0	randomSolver	82,098	78,182	78	100	0	100	37,393	26,432	26	87	0	87	113,102	100	260
SPC-0.4-agents22.json	260	232	28	26	22	2	2	0	referenceSolver	89,556	86,798	86	100	0	100	38,2	25,177	25	87	0	87	1,648	81,154	211
SPC-0.4-agents22.json	260	232	28	26	22	2	2	0	randomSolver	79,599	75,136	75	100	0	100	37,393	26,432	26	87	0	87	70,626	100	260
SPC-0.4-agents23.json	260	232	28	27	23	2	2	0	referenceSolver	89,464	86,83	86	100	0	100	37,5	25	25	87	0	87	3,14	84,615	220
SPC-0.4-agents23.json	260	232	28	27	23	2	2	0	randomSolver	81,774	78,077	78	100	0	100	35,141	24,517	24	87	0	87	319,164	100	260
SPC-0.4-agents24.json	260	232	28	28	24	2	2	0	referenceSolver	88,382	85,451	85	100	0	100	37,14	24,437	24	87	0	87	1,77	82,308	214
SPC-0.4-agents24.json	260	232	28	28	24	2	2	0	randomSolver	81,281	77,311	77	100	0	100	36,458	25,631	25	87	0	87	108,048	100	260
SPC-0.4-agents25.json	260	232	28	29	25	2	2	0	referenceSolver	88,709	86,007	86	100	0	100	37,011	24,929	24	87	0	87	12,44	87,692	228
SPC-0.4-agents25.json	260	232	28	29	25	2	2	0	randomSolver	78,334	73,84	73	100	0	100	35,787	25,062	25	87	0	87	74,039	100	260
SPC-0.4-agents26.json	260	232	28	30	26	2	2	0	referenceSolver	91,885	89,926	89	100	0	100	35,041	22,378	22	87	0	87	4,314	79,231	206
SPC-0.4-agents26.json	260	232	28	30	26	2	2	0	randomSolver	80,616	76,739	76	100	0	100	34,722	24,167	24	87	0	87	203,364	100	260
SPC-0.4-agents27.json	260	232	28	31	27	2	2	0	referenceSolver	88,652	85,889	85	100	0	100	37,631	25,489	25	87	0	87	4,226	88,077	229
SPC-0.4-agents27.json	260	232	28	31	27	2	2	0	randomSolver	83,57	80,461	80	100	0	100	33,144	22,86	22	87	0	87	315,627	100	260
SPC-0.4-agents28.json	260	232	28	32	28	2	2	0	referenceSolver	91,192	89,187	89	100	0	100	34,285	22,171	22	87	0	87	2,517	82,692	215
SPC-0.4-agents28.json	260	232	28	32	28	2	2	0	randomSolver	85,242	82,627	82	100	0	100	31,362	21,414	21	87	0	87	83,654	100	260
SPC-0.4-agents29.json	260	232	28	33	29	2	2	0	referenceSolver	89,022	86,46	86	100	0	100	36,655	24,792	24	87	0	87	2,097	89,231	232
SPC-0.4-agents29.json	260	232	28	33	29	2	2	0	randomSolver	85,029	82,253	82	100	0	100	32,588	22,406	22	87	0	87	120,206	100	260
SPC-0.4-agents3.json	260	232	28	7	3	2	2	0	referenceSolver	91,497	80,161	80	100	0	100	63,988	32,639	32	87	0	87	0,231	28,846	75
SPC-0.4-agents3.json	260	232	28	7	3	2	2	0	randomSolver	87,098	69,896	69	100	0	100	75,595	59,722	59	87	0	87	10,775	43,846	114
SPC-0.4-agents30.json	260	232	28	34	30	2	2	0	referenceSolver	89,044	86,609	86	100	0	100	35,133	23,495	23	87	0	87	6,56	88,846	231
SPC-0.4-agents30.json	260	232	28	34	30	2	2	0	randomSolver	82,061	78,69	78	100	0	100	32,957	22,707	22	87	0	87	355,615	100	260
SPC-0.4-agents4.json	260	232	28	8	4	2	2	0	referenceSolver	88,17	75,901	75	100	0	100	60,455	32,407	32	87	0	87	0,949	33,846	88
SPC-0.4-agents4.json	260	232	28	8	4	2	2	0	randomSolver	84,123	68,247	68	100	0	100	71,615	55,729	55	87	0	87	33,947	51,923	135
SPC-0.4-agents5.json	260	232	28	9	5	2	2	0	referenceSolver	90,459	82,363	82	100	0	100	55,943	29,167	29	87	0	87	0,581	36,154	94
SPC-0.4-agents5.json	260	232	28	9	5	2	2	0	randomSolver	81,916	67,449	67	100	0	100	68,056	52,5	52	87	0	87	16,578	59,231	154
SPC-0.4-agents6.json	260	232	28	10	6	2	2	0	referenceSolver	88,8	80,325	80	100	0	100	53,173	27,196	27	87	0	87	0,538	37,308	97
SPC-0.4-agents6.json	260	232	28	10	6	2	2	0	randomSolver	78,54	64,234	64	100	0	100	65,208	50,347	50	87	0	87	26,253	66,538	173
SPC-0.4-agents7.json	260	232	28	11	7	2	2	0	referenceSolver	90,861	84,768	84	100	0	100	50,417	25,694	25	87	0	87	0,429	39,231	102
SPC-0.4-agents7.json	260	232	28	11	7	2	2	0	randomSolver	77,638	64,86	64	100	0	100	62,689	48,512	48	87	0	87	25,594	73,462	191
SPC-0.4-agents8.json	260	232	28	12	8	2	2	0	referenceSolver	90,386	84,534	84	100	0	100	48,086	24,094	24	87	0	87	0,983	40	104
SPC-0.4-agents8.json	260	232	28	12	8	2	2	0	randomSolver	76,155	64,233	64	100	0	100	59,722	45,833	45	87	0	87	56,281	78,462	204
SPC-0.4-agents9.json	260	232	28	13	9	2	2	0	referenceSolver	91,094	86,298	86	100	0	100	44,844	21,875	21	87	0	87	0,56	40,769	106
SPC-0.4-agents9.json	260	232	28	13	9	2	2	0	randomSolver	76,615	66,222	66	100	0	100	57,051	43,519	43	87	0	87	27,87	83,077	216
SPC-0.45-agents1.json	289	261	28	5	1	2	2	0	referenceSolver	97,207	86,034	86	100	0	100	76,667	33,333	33	87	0	87	0,271	15,225	44
SPC-0.45-agents1.json	289	261	28	5	1	2	2	0	randomSolver	96,159	80,796	80	100	0	100	84,583	72,917	72	87	0	87	5,777	21,799	63
SPC-0.45-agents10.json	289	261	28	14	10	2	2	0	referenceSolver	90,011	85,708	85	100	0	100	49,082	32,532	32	87	0	87	1,217	59,862	173
SPC-0.45-agents10.json	289	261	28	14	10	2	2	0	randomSolver	73,237	62,532	62	100	0	100	56,399	43,958	43	87	0	87	83,765	82,699	239
SPC-0.45-agents11.json	289	261	28	15	11	2	2	0	referenceSolver	87,389	82,484	82	100	0	100	47,979	32,61	32	87	0	87	0,741	65,398	189
SPC-0.45-agents11.json	289	261	28	15	11	2	2	0	randomSolver	73,268	63,548	63	100	0	100	53,889	41,667	41	87	0	87	64,214	85,813	248
SPC-0.45-agents12.json	289	261	28	16	12	2	2	0	referenceSolver	87,203	82,779	82	100	0	100	46,158	31,867	31	87	0	87	0,971	70,934	205
SPC-0.45-agents12.json	289	261	28	16	12	2	2	0	randomSolver	74,129	65,506	65	100	0	100	51,693	39,757	39	87	0	87	58,076	88,927	257
SPC-0.45-agents13.json	289	261	28	17	13	2	2	0	referenceSolver	84,585	79,507	79	100	0	100	46,073	32,426	32	87	0	87	0,95	75,087	217
SPC-0.45-agents13.json	289	261	28	17	13	2	2	0	randomSolver	75,408	67,841	67	100	0	100	49,142	37,34	37	87	0	87	136,488	90,311	261
SPC-0.45-agents14.json	289	261	28	18	14	2	2	0	referenceSolver	86,85	82,759	82	100	0	100	46,963	34,352	34	87	0	87	2,033	83,045	240
SPC-0.45-agents14.json	289	261	28	18	14	2	2	0	randomSolver	72,035	64,045	64	100	0	100	47,222	35,714	35	87	0	87	187,354	92,734	268
SPC-0.45-agents15.json	289	261	28	19	15	2	2	0	referenceSolver	83,802	79,312	79	100	0	100	43,637	31,477	31	87	0	87	1,858	85,121	246
SPC-0.45-agents15.json	289	261	28	19	15	2	2	0	randomSolver	72,695	65,344	65	100	0	100	45,297	33,934	33	87	0	87	201,574	93,426	270
SPC-0.45-agents16.json	289	261	28	20	16	2	2	0	referenceSolver	84,784	80,565	80	100	0	100	44,089	32,054	32	87	0	87	2,23	86,505	250
SPC-0.45-agents16.json	289	261	28	20	16	2	2	0	randomSolver	73,799	67,19	67	100	0	100	43,645	32,583	32	87	0	87	66,317	95,502	276
SPC-0.45-agents17.json	289	261	28	21	17	2	2	0	referenceSolver	84,846	81,023	81	100	0	100	42,071	30,612	30	87	0	87	1,545	90,311	261
SPC-0.45-agents17.json	289	261	28	21	17	2	2	0	randomSolver	74,768	68,57	68	100	0	100	42,928	31,981	31	87	0	87	118,559	96,194	278
SPC-0.45-agents18.json	289	261	28	22	18	2	2	0	referenceSolver	86,055	82,829	82	100	0	100	40,227	29,287	29	87	0	87	2,36	93,772	271
SPC-0.45-agents18.json	289	261	28	22	18	2	2	0	randomSolver	76,843	71,528	71	100	0	100	41,125	30,482	30	87	0	87	185,29	97,924	283
SPC-0.45-agents2.json	289	261	28	6	2	2	2	0	referenceSolver	95,706	87,117	87	100	0	100	68,403	30,208	30	87	0	87	1,032	19,723	57
SPC-0.45-agents2.json	289	261	28	6	2	2	2	0	randomSolver	92,409	77,226	77	100	0	100	81,944	70,833	70	87	0	87	15,076	33,218	96
SPC-0.45-agents20.json	289	261	28	24	20	2	2	0	referenceSolver	84,117	80,67	80	100	0	100	38,734	28,149	28	87	0	87	1,534	95,848	277
SPC-0.45-agents20.json	289	261	28	24	20	2	2	0	randomSolver	78,88	74,332	74	100	0	100	39,043	28,606	28	87	0	87	67,641	97,924	283
SPC-0.45-agents21.json	289	261	28	25	21	2	2	0	referenceSolver	84,652	81,421	81	100	0	100	37,772	27,303	27	87	0	87	1,616	95,848	277
SPC-0.45-agents21.json	289	261	28	25	21	2	2	0	randomSolver	80,123	76	76	100	0	100	37,935	27,654	27	87	0	87	83,142	98,27	284
SPC-0.45-agents22.json	289	261	28	26	22	2	2	0	referenceSolver	86,015	83,002	83	100	0	100	38,397	27,821	27	87	0	87	2,894	95,502	276
SPC-0.45-agents22.json	289	261	28	26	22	2	2	0	randomSolver	76,692	71,748	71	100	0	100	38,646	28,283	28	87	0	87	264,769	98,27	284
SPC-0.45-agents24.json	289	261	28	28	24	2	2	0	referenceSolver	86,332	83,728	83	100	0	100	35,167	25,198	25	87	0	87	1,806	97,578	282
SPC-0.45-agents24.json	289	261	28	28	24	2	2	0	randomSolver	79,857	75,913	75	100	0	100	36,416	26,413	26	87	0	87	102,773	99,308	287
SPC-0.45-agents25.json	289	261	28	29	25	2	2	0	referenceSolver	86,429	83,843	83	100	0	100	34,917	24,901	24	87	0	87	1,99	96,54	279
SPC-0.45-agents25.json	289	261	28	29	25	2	2	0	randomSolver	78,866	74,699	74	100	0	100	36,63	26,599	26	87	0	87	109,13	99,308	287
SPC-0.45-agents26.json	289	261	28	30	26	2	2	0	referenceSolver	87,034	84,614	84	100	0	100	34,41	24,5	24	87	0	87	3,431	96,886	280
SPC-0.45-agents26.json	289	261	28	30	26	2	2	0	randomSolver	81,479	78,089	78	100	0	100	34,484	24,782	24	87	0	87	144,435	99,654	288
SPC-0.45-agents27.json	289	261	28	31	27	2	2	0	referenceSolver	86,656	84,261	84	100	0	100	33,526	23,838	23	87	0	87	2,139	97,924	283
SPC-0.45-agents27.json	289	261	28	31	27	2	2	0	randomSolver	82,663	79,551	79	100	0	100	34,001	24,399	24	87	0	87	134,236	100	289
SPC-0.45-agents28.json	289	261	28	32	28	2	2	0	referenceSolver	87,068	84,701	84	100	0	100	33,84	24,02	24	87	0	87	2,748	96,886	280
SPC-0.45-agents28.json	289	261	28	32	28	2	2	0	randomSolver	83,087	80,108	80	100	0	100	33,456	23,939	23	87	0	87	129,829	100	289
SPC-0.45-agents29.json	289	261	28	33	29	2	2	0	referenceSolver	87,426	85,225	85	100	0	100	32,812	23,242	23	87	0	87	2,398	97,924	283
SPC-0.45-agents29.json	289	261	28	33	29	2	2	0	randomSolver	81,494	78,194	78	100	0	100	33,818	24,244	24	87	0	87	98,666	100	289
SPC-0.45-agents3.json	289	261	28	7	3	2	2	0	referenceSolver	94,586	87,368	87	100	0	100	63,69	31,944	31	87	0	87	0,399	25,606	74
SPC-0.45-agents3.json	289	261	28	7	3	2	2	0	randomSolver	89,046	74,441	74	100	0	100	79,167	68,056	68	87	0	87	21,497	43,599	126
SPC-0.45-agents30.json	289	261	28	34	30	2	2	0	referenceSolver	85,212	82,523	82	100	0	100	33,734	23,958	23	87	0	87	4,061	97,232	281
SPC-0.45-agents30.json	289	261	28	34	30	2	2	0	randomSolver	81,037	77,76	77	100	0	100	32,928	23,495	23	87	0	87	436,384	100	289
SPC-0.45-agents4.json	289	261	28	8	4	2	2	0	referenceSolver	93,313	86,625	86	100	0	100	58,594	29,687	29	87	0	87	0,484	29,412	85
SPC-0.45-agents4.json	289	261	28	8	4	2	2	0	randomSolver	85,342	70,684	70	100	0	100	75,521	63,542	63	87	0	87	24,12	51,903	150
SPC-0.45-agents5.json	289	261	28	9	5	2	2	0	referenceSolver	92,715	86,886	86	100	0	100	55,093	29,167	29	87	0	87	0,362	33,91	98
SPC-0.45-agents5.json	289	261	28	9	5	2	2	0	randomSolver	81,771	67,188	67	100	0	100	71,528	58,75	58	87	0	87	18,634	58,478	169
SPC-0.45-agents6.json	289	261	28	10	6	2	2	0	referenceSolver	92,672	87,542	87	100	0	100	52,972	28,802	28	87	0	87	0,416	37,024	107
SPC-0.45-agents6.json	289	261	28	10	6	2	2	0	randomSolver	81,494	69,157	69	100	0	100	68,333	55,556	55	87	0	87	30,068	65,052	188
SPC-0.45-agents7.json	289	261	28	11	7	2	2	0	referenceSolver	91,963	86,963	86	100	0	100	49,943	26,574	26	87	0	87	1,342	38,062	110
SPC-0.45-agents7.json	289	261	28	11	7	2	2	0	randomSolver	79,253	67,397	67	100	0	100	65,152	52,381	52	87	0	87	72,485	70,588	204
SPC-0.45-agents8.json	289	261	28	12	8	2	2	0	referenceSolver	92,117	87,952	87	100	0	100	49,331	29,167	29	87	0	87	0,584	46,367	134
SPC-0.45-agents8.json	289	261	28	12	8	2	2	0	randomSolver	76,277	64,415	64	100	0	100	62,5	50	50	87	0	87	41,322	76,125	220
SPC-0.45-agents9.json	289	261	28	13	9	2	2	0	referenceSolver	91,544	87,725	87	100	0	100	48,125	30,343	30	87	0	87	0,764	54,325	157
SPC-0.45-agents9.json	289	261	28	13	9	2	2	0	randomSolver	77,116	66,945	66	100	0	100	59,295	46,759	46	87	0	87	40,73	79,585	230
SPC-0.5-agents1.json	318	290	28	5	1	2	2	0	referenceSolver	97,66	88,299	88	100	0	100	77,083	35,417	35	87	0	87	4,843	14,151	45
SPC-0.5-agents1.json	318	290	28	5	1	2	2	0	randomSolver	96,048	80,241	80	100	0	100	84,583	72,917	72	87	0	87	9,453	19,811	63
SPC-0.5-agents10.json	318	290	28	14	10	2	2	0	referenceSolver	85,441	78,865	78	100	0	100	49,097	31,754	31	87	0	87	0,907	51,258	163
SPC-0.5-agents10.json	318	290	28	14	10	2	2	0	randomSolver	76,935	67,709	67	100	0	100	57,738	45,833	45	87	0	87	65,874	77,987	248
SPC-0.5-agents11.json	318	290	28	15	11	2	2	0	referenceSolver	86,18	80,652	80	100	0	100	46,28	29,792	29	87	0	87	2,619	53,774	171
SPC-0.5-agents11.json	318	290	28	15	11	2	2	0	randomSolver	74,94	65,827	65	100	0	100	55,417	43,75	43	87	0	87	40,769	81,447	259
SPC-0.5-agents12.json	318	290	28	16	12	2	2	0	referenceSolver	86,156	80,772	80	100	0	100	45,5	29,167	29	87	0	87	2,475	54,088	172
SPC-0.5-agents12.json	318	290	28	16	12	2	2	0	randomSolver	74,18	65,573	65	100	0	100	52,995	41,493	41	87	0	87	123,448	83,962	267
SPC-0.5-agents13.json	318	290	28	17	13	2	2	0	referenceSolver	86,16	81,191	81	100	0	100	45,676	30,662	30	87	0	87	2,401	60,377	192
SPC-0.5-agents13.json	318	290	28	17	13	2	2	0	randomSolver	76,261	68,876	68	100	0	100	51,165	39,861	39	87	0	87	169,535	86,164	274
SPC-0.5-agents14.json	318	290	28	18	14	2	2	0	referenceSolver	85,929	81,452	81	100	0	100	44,127	30,327	30	87	0	87	1,907	66,352	211
SPC-0.5-agents14.json	318	290	28	18	14	2	2	0	randomSolver	75,604	68,414	68	100	0	100	50,39	39,452	39	87	0	87	64,241	89,623	285
SPC-0.5-agents15.json	318	290	28	19	15	2	2	0	referenceSolver	81,74	75,863	75	100	0	100	44,004	30,005	30	87	0	87	1,403	65,094	207
SPC-0.5-agents15.json	318	290	28	19	15	2	2	0	randomSolver	73,051	65,653	65	100	0	100	47,901	37,03	37	87	0	87	59,752	90,252	287
SPC-0.5-agents16.json	318	290	28	20	16	2	2	0	referenceSolver	86,243	82,231	82	100	0	100	42,103	28,863	28	87	0	87	3,903	68,553	218
SPC-0.5-agents16.json	318	290	28	20	16	2	2	0	randomSolver	76,179	70,003	70	100	0	100	46,645	36,053	36	87	0	87	195,007	92,767	295
SPC-0.5-agents17.json	318	290	28	21	17	2	2	0	referenceSolver	84,437	80,247	80	100	0	100	39,552	26,643	26	87	0	87	1,65	68,553	218
SPC-0.5-agents17.json	318	290	28	21	17	2	2	0	randomSolver	74,182	67,841	67	100	0	100	45,29	34,923	34	87	0	87	116,745	94,654	301
SPC-0.5-agents18.json	318	290	28	22	18	2	2	0	referenceSolver	87,84	84,503	84	100	0	100	40,048	27,022	27	87	0	87	1,461	68,239	217
SPC-0.5-agents18.json	318	290	28	22	18	2	2	0	randomSolver	75,206	69,323	69	100	0	100	44,449	34,234	34	87	0	87	105,984	95,912	305
SPC-0.5-agents19.json	318	290	28	23	19	2	2	0	referenceSolver	81,568	76,919	76	100	0	100	42,386	31,006	31	87	0	87	1,671	83,019	264
SPC-0.5-agents19.json	318	290	28	23	19	2	2	0	randomSolver	74,606	68,963	68	100	0	100	42,519	32,523	32	87	0	87	118,49	97,17	309
SPC-0.5-agents2.json	318	290	28	6	2	2	2	0	referenceSolver	94,636	83,907	83	100	0	100	70,139	35,417	35	87	0	87	0,588	19,497	62
SPC-0.5-agents2.json	318	290	28	6	2	2	2	0	randomSolver	92,001	76,003	76	100	0	100	81,25	68,75	68	87	0	87	8,614	29,56	94
SPC-0.5-agents20.json	318	290	28	24	20	2	2	0	referenceSolver	86,289	82,922	82	100	0	100	37,177	24,817	24	87	0	87	3,109	69,811	222
SPC-0.5-agents20.json	318	290	28	24	20	2	2	0	randomSolver	80,01	75,637	75	100	0	100	42,161	32,243	32	87	0	87	193,68	97,799	311
SPC-0.5-agents21.json	318	290	28	25	21	2	2	0	referenceSolver	85,219	81,799	81	100	0	100	39,639	28,564	28	87	0	87	1,919	83,333	265
SPC-0.5-agents21.json	318	290	28	25	21	2	2	0	randomSolver	78,289	73,786	73	100	0	100	40,44	30,679	30	87	0	87	102,576	98,113	312
SPC-0.5-agents22.json	318	290	28	26	22	2	2	0	referenceSolver	83,076	79,223	79	100	0	100	40,08	29,285	29	87	0	87	1,925	86,478	275
SPC-0.5-agents22.json	318	290	28	26	22	2	2	0	randomSolver	77,907	73,359	73	100	0	100	40,282	30,561	30	87	0	87	78,379	98,428	313
SPC-0.5-agents23.json	318	290	28	27	23	2	2	0	referenceSolver	86,384	83,335	83	100	0	100	38,031	26,95	26	87	0	87	2,106	81,447	259
SPC-0.5-agents23.json	318	290	28	27	23	2	2	0	randomSolver	76,375	71,717	71	100	0	100	39,032	29,475	29	87	0	87	113,35	99,057	315
SPC-0.5-agents24.json	318	290	28	28	24	2	2	0	referenceSolver	84,053	80,721	80	100	0	100	37,899	27,534	27	87	0	87	3,489	88,365	281
SPC-0.5-agents24.json	318	290	28	28	24	2	2	0	randomSolver	77,243	72,938	72	100	0	100	37,867	28,477	28	87	0	87	378,463	99,686	317
SPC-0.5-agents26.json	318	290	28	30	26	2	2	0	referenceSolver	84,68	81,802	81	100	0	100	36,664	27,111	27	87	0	87	2,286	95,912	305
SPC-0.5-agents26.json	318	290	28	30	26	2	2	0	randomSolver	80,526	77,075	77	100	0	100	35,909	26,767	26	87	0	87	150,357	100	318
SPC-0.5-agents27.json	318	290	28	31	27	2	2	0	referenceSolver	84,577	81,678	81	100	0	100	36,252	26,622	26	87	0	87	2,583	94,34	300
SPC-0.5-agents27.json	318	290	28	31	27	2	2	0	randomSolver	79,302	75,657	75	100	0	100	35,717	26,599	26	87	0	87	202,655	100	318
SPC-0.5-agents28.json	318	290	28	32	28	2	2	0	referenceSolver	86,076	83,56	83	100	0	100	35,462	26,062	26	87	0	87	5,3	95,912	305
SPC-0.5-agents28.json	318	290	28	32	28	2	2	0	randomSolver	80,935	77,681	77	100	0	100	34,787	25,788	25	87	0	87	248,223	100	318
SPC-0.5-agents29.json	318	290	28	33	29	2	2	0	referenceSolver	86,451	84,124	84	100	0	100	34,206	25,051	25	87	0	87	4,479	96,855	308
SPC-0.5-agents29.json	318	290	28	33	29	2	2	0	randomSolver	80,869	77,583	77	100	0	100	34,969	25,946	25	87	0	87	414,873	100	318
SPC-0.5-agents3.json	318	290	28	7	3	2	2	0	referenceSolver	93,406	84,614	84	100	0	100	64,286	33,333	33	87	0	87	0,588	23,899	76
SPC-0.5-agents3.json	318	290	28	7	3	2	2	0	randomSolver	87,841	71,629	71	100	0	100	77,679	64,583	64	87	0	87	12,484	38,05	121
SPC-0.5-agents30.json	318	290	28	34	30	2	2	0	referenceSolver	87,116	84,903	84	100	0	100	34,359	25,23	25	87	0	87	4,762	97,484	310
SPC-0.5-agents30.json	318	290	28	34	30	2	2	0	randomSolver	80,46	77,223	77	100	0	100	33,904	25,025	25	87	0	87	348,03	100	318
SPC-0.5-agents4.json	318	290	28	8	4	2	2	0	referenceSolver	90,589	81,179	81	100	0	100	60,938	34,375	34	87	0	87	0,335	29,56	94
SPC-0.5-agents4.json	318	290	28	8	4	2	2	0	randomSolver	84,777	69,555	69	100	0	100	74,74	61,979	61	87	0	87	30,696	46,226	147
SPC-0.5-agents5.json	318	290	28	9	5	2	2	0	referenceSolver	90,51	82,918	82	100	0	100	56,944	32,5	32	87	0	87	1,202	33,333	106
SPC-0.5-agents5.json	318	290	28	9	5	2	2	0	randomSolver	81,742	67,136	67	100	0	100	71,759	59,167	59	87	0	87	109,301	53,459	170
SPC-0.5-agents6.json	318	290	28	10	6	2	2	0	referenceSolver	88,721	81,018	81	100	0	100	54,529	32,012	32	87	0	87	3,101	37,107	118
SPC-0.5-agents6.json	318	290	28	10	6	2	2	0	randomSolver	79,335	65,558	65	100	0	100	68,542	55,903	55	87	0	87	34,828	59,434	189
SPC-0.5-agents7.json	318	290	28	11	7	2	2	0	referenceSolver	87,183	79,027	79	100	0	100	54,688	33,807	33	87	0	87	0,686	40,881	130
SPC-0.5-agents7.json	318	290	28	11	7	2	2	0	randomSolver	77,192	64,159	64	100	0	100	65,53	52,976	52	87	0	87	81,415	64,78	206
SPC-0.5-agents8.json	318	290	28	12	8	2	2	0	referenceSolver	89,126	83,271	83	100	0	100	50,313	30,288	30	87	0	87	0,606	42,767	136
SPC-0.5-agents8.json	318	290	28	12	8	2	2	0	randomSolver	75,813	63,719	63	100	0	100	63,021	50,781	50	87	0	87	37,896	70,126	223
SPC-0.5-agents9.json	318	290	28	13	9	2	2	0	referenceSolver	87,666	81,712	81	100	0	100	49,346	30,927	30	87	0	87	2,331	47,484	151
SPC-0.5-agents9.json	318	290	28	13	9	2	2	0	randomSolver	75,97	65,29	65	100	0	100	60,256	48,148	48	87	0	87	68,249	74,214	236
SPC-0.6-agents1.json	376	348	28	5	1	2	2	0	referenceSolver	96,69	83,448	83	100	0	100	77,917	39,583	39	87	0	87	0,775	12,5	47
SPC-0.6-agents1.json	376	348	28	5	1	2	2	0	randomSolver	96,823	84,114	84	100	0	100	85	75	74	87	0	87	5,477	17,021	64
SPC-0.6-agents10.json	376	348	28	14	10	2	2	0	referenceSolver	88,085	83,105	83	100	0	100	48,355	31,996	31	87	0	87	1,317	46,543	175
SPC-0.6-agents10.json	376	348	28	14	10	2	2	0	randomSolver	75,269	65,376	65	100	0	100	61,31	50,833	50	87	0	87	72,192	72,34	272
SPC-0.6-agents11.json	376	348	28	15	11	2	2	0	referenceSolver	87,812	83,072	83	100	0	100	47,104	31,395	31	87	0	87	1,284	48,67	183
SPC-0.6-agents11.json	376	348	28	15	11	2	2	0	randomSolver	74,993	65,9	65	100	0	100	59,167	48,864	48	87	0	87	49,244	76,064	286
SPC-0.6-agents12.json	376	348	28	16	12	2	2	0	referenceSolver	87,095	82,402	82	100	0	100	45,694	30,492	30	87	0	87	4,701	50,266	189
SPC-0.6-agents12.json	376	348	28	16	12	2	2	0	randomSolver	73,82	65,094	65	100	0	100	57,161	47,049	47	87	0	87	102,382	79,521	299
SPC-0.6-agents13.json	376	348	28	17	13	2	2	0	referenceSolver	85,982	81,253	81	100	0	100	44,407	29,869	29	87	0	87	2,934	52,66	198
SPC-0.6-agents13.json	376	348	28	17	13	2	2	0	randomSolver	72,737	64,349	64	100	0	100	54,779	44,712	44	87	0	87	138,842	81,649	307
SPC-0.6-agents14.json	376	348	28	18	14	2	2	0	referenceSolver	83,772	78,488	78	100	0	100	45,669	32,049	32	87	0	87	1,454	57,713	217
SPC-0.6-agents14.json	376	348	28	18	14	2	2	0	randomSolver	70,903	62,59	62	100	0	100	53,125	43,304	43	87	0	87	59,032	84,84	319
SPC-0.6-agents15.json	376	348	28	19	15	2	2	0	referenceSolver	83,703	78,949	78	100	0	100	43,515	30,686	30	87	0	87	1,446	61,17	230
SPC-0.6-agents15.json	376	348	28	19	15	2	2	0	randomSolver	73,299	66,179	66	100	0	100	51,425	41,806	41	87	0	87	150,405	87,5	329
SPC-0.6-agents16.json	376	348	28	20	16	2	2	0	referenceSolver	84,129	79,594	79	100	0	100	42,708	29,911	29	87	0	87	1,462	60,904	229
SPC-0.6-agents16.json	376	348	28	20	16	2	2	0	randomSolver	76,252	70,316	70	100	0	100	49,687	40,234	40	87	0	87	150,824	89,628	337
SPC-0.6-agents17.json	376	348	28	21	17	2	2	0	referenceSolver	83,471	79,105	79	100	0	100	43,859	32,331	32	87	0	87	2,143	69,947	263
SPC-0.6-agents17.json	376	348	28	21	17	2	2	0	randomSolver	73,267	66,924	66	100	0	100	48,145	38,806	38	87	0	87	238,899	90,957	342
SPC-0.6-agents18.json	376	348	28	22	18	2	2	0	referenceSolver	82,219	77,733	77	100	0	100	42,491	31,137	31	87	0	87	1,88	70,479	265
SPC-0.6-agents18.json	376	348	28	22	18	2	2	0	randomSolver	73,546	67,667	67	100	0	100	46,117	36,921	36	87	0	87	84,214	92,287	347
SPC-0.6-agents19.json	376	348	28	23	19	2	2	0	referenceSolver	85,764	82,328	82	100	0	100	38,99	27,281	27	87	0	87	2,015	65,16	245
SPC-0.6-agents19.json	376	348	28	23	19	2	2	0	randomSolver	74,567	69,089	69	100	0	100	45,411	36,346	36	87	0	87	163,391	93,617	352
SPC-0.6-agents2.json	376	348	28	6	2	2	2	0	referenceSolver	93,504	80,512	80	100	0	100	70,486	36,458	36	87	0	87	0,367	16,755	63
SPC-0.6-agents2.json	376	348	28	6	2	2	2	0	randomSolver	93,357	80,072	80	100	0	100	82,639	72,917	72	87	0	87	19,636	26,064	98
SPC-0.6-agents20.json	376	348	28	24	20	2	2	0	referenceSolver	83,001	79,193	79	100	0	100	41,176	30,8	30	87	0	87	2,473	77,66	292
SPC-0.6-agents20.json	376	348	28	24	20	2	2	0	randomSolver	74,901	69,809	69	100	0	100	43,926	35,085	35	87	0	87	151,616	95,745	360
SPC-0.6-agents21.json	376	348	28	25	21	2	2	0	referenceSolver	83,593	80,113	80	100	0	100	38,828	28,504	28	87	0	87	3,876	76,064	286
SPC-0.6-agents21.json	376	348	28	25	21	2	2	0	randomSolver	74,737	69,756	69	100	0	100	42,806	33,994	33	87	0	87	313,652	95,479	359
SPC-0.6-agents22.json	376	348	28	26	22	2	2	0	referenceSolver	85,801	82,671	82	100	0	100	37,917	26,985	26	87	0	87	2,264	69,947	263
SPC-0.6-agents22.json	376	348	28	26	22	2	2	0	randomSolver	76,042	71,447	71	100	0	100	42,074	33,362	33	87	0	87	171,103	96,277	362
SPC-0.6-agents23.json	376	348	28	27	23	2	2	0	referenceSolver	86,725	84,07	84	100	0	100	36,979	26,875	26	87	0	87	2,469	76,064	286
SPC-0.6-agents23.json	376	348	28	27	23	2	2	0	randomSolver	72,519	67,555	67	100	0	100	40,323	31,801	31	87	0	87	97,446	97,34	366
SPC-0.6-agents25.json	376	348	28	29	25	2	2	0	referenceSolver	83,99	81,041	81	100	0	100	38,808	29,838	29	87	0	87	5,085	90,16	339
SPC-0.6-agents25.json	376	348	28	29	25	2	2	0	randomSolver	76,002	71,776	71	100	0	100	39,695	31,276	31	87	0	87	274,311	98,138	369
SPC-0.6-agents26.json	376	348	28	30	26	2	2	0	referenceSolver	84,122	81,236	81	100	0	100	37,74	28,693	28	87	0	87	3,143	88,032	331
SPC-0.6-agents26.json	376	348	28	30	26	2	2	0	randomSolver	76,609	72,733	72	100	0	100	37,68	29,426	29	87	0	87	179,524	98,138	369
SPC-0.6-agents27.json	376	348	28	31	27	2	2	0	referenceSolver	84,366	81,663	81	100	0	100	35,921	27,006	27	87	0	87	3,103	87,234	328
SPC-0.6-agents27.json	376	348	28	31	27	2	2	0	randomSolver	77,882	74,239	74	100	0	100	37,784	29,596	29	87	0	87	361,016	99,202	373
SPC-0.6-agents28.json	376	348	28	32	28	2	2	0	referenceSolver	82,002	79,038	79	100	0	100	36,679	28,309	28	87	0	87	6,141	95,213	358
SPC-0.6-agents28.json	376	348	28	32	28	2	2	0	randomSolver	74,211	70,013	70	100	0	100	37,406	29,251	29	87	0	87	228,998	99,202	373
SPC-0.6-agents29.json	376	348	28	33	29	2	2	0	referenceSolver	84,69	82,226	82	100	0	100	35,953	27,658	27	87	0	87	9,782	95,213	358
SPC-0.6-agents29.json	376	348	28	33	29	2	2	0	randomSolver	77,69	74,12	74	100	0	100	36,997	28,917	28	87	0	87	240,776	99,734	375
SPC-0.6-agents3.json	376	348	28	7	3	2	2	0	referenceSolver	90,317	77,407	77	100	0	100	64,583	34,028	34	87	0	87	1,09	20,479	77
SPC-0.6-agents3.json	376	348	28	7	3	2	2	0	randomSolver	89,394	75,253	75	100	0	100	79,167	68,056	68	87	0	87	52,261	33,511	126
SPC-0.6-agents30.json	376	348	28	34	30	2	2	0	referenceSolver	83,555	81,079	81	100	0	100	34,482	26,501	26	87	0	87	3,745	97,34	366
SPC-0.6-agents30.json	376	348	28	34	30	2	2	0	randomSolver	78,5	75,156	75	100	0	100	36,108	28,113	28	87	0	87	165,17	99,734	375
SPC-0.6-agents4.json	376	348	28	8	4	2	2	0	referenceSolver	90,043	80,085	80	100	0	100	60,417	33,333	33	87	0	87	0,406	24,468	92
SPC-0.6-agents4.json	376	348	28	8	4	2	2	0	randomSolver	86,577	73,155	73	100	0	100	76,302	65,104	65	87	0	87	16,202	40,691	153
SPC-0.6-agents5.json	376	348	28	9	5	2	2	0	referenceSolver	88,47	79,246	79	100	0	100	57,176	32,917	32	87	0	87	0,709	28,457	107
SPC-0.6-agents5.json	376	348	28	9	5	2	2	0	randomSolver	83,944	71,099	71	100	0	100	74,074	63,333	63	87	0	87	22,425	47,872	180
SPC-0.6-agents6.json	376	348	28	10	6	2	2	0	referenceSolver	87,386	78,976	78	100	0	100	53,333	30,556	30	87	0	87	0,714	30,851	116
SPC-0.6-agents6.json	376	348	28	10	6	2	2	0	randomSolver	82,266	70,443	70	100	0	100	71,875	61,458	61	87	0	87	34,566	54,521	205
SPC-0.6-agents7.json	376	348	28	11	7	2	2	0	referenceSolver	88,113	81,321	81	100	0	100	52,652	32,738	32	87	0	87	1,166	36,702	138
SPC-0.6-agents7.json	376	348	28	11	7	2	2	0	randomSolver	79,675	68,06	68	100	0	100	68,939	58,333	58	87	0	87	58,414	59,574	224
SPC-0.6-agents8.json	376	348	28	12	8	2	2	0	referenceSolver	87,533	81,069	81	100	0	100	51,575	32,948	32	87	0	87	0,7	39,894	150
SPC-0.6-agents8.json	376	348	28	12	8	2	2	0	randomSolver	77,74	66,61	66	100	0	100	66,146	55,469	55	87	0	87	35,547	64,096	241
SPC-0.6-agents9.json	376	348	28	13	9	2	2	0	referenceSolver	87,032	80,98	80	100	0	100	50,71	33,542	33	87	0	87	0,859	44,149	166
SPC-0.6-agents9.json	376	348	28	13	9	2	2	0	randomSolver	75,299	64,32	64	100	0	100	63,782	53,241	53	87	0	87	56,773	68,617	258
SPC-0.7-agents1.json	434	406	28	5	1	2	2	0	referenceSolver	97,716	88,582	88	100	0	100	78,333	41,667	41	87	0	87	0,156	11,06	48
SPC-0.7-agents1.json	434	406	28	5	1	2	2	0	randomSolver	97,286	86,43	86	100	0	100	86,25	81,25	81	87	0	87	6,293	15,438	67
SPC-0.7-agents10.json	434	406	28	14	10	2	2	0	referenceSolver	88,57	83,793	83	100	0	100	49,123	33,085	33	87	0	87	2,498	41,475	180
SPC-0.7-agents10.json	434	406	28	14	10	2	2	0	randomSolver	78,588	70,023	70	100	0	100	66,369	57,917	57	87	0	87	101,414	70,507	306
SPC-0.7-agents12.json	434	406	28	16	12	2	2	0	referenceSolver	88,776	84,944	84	100	0	100	45,341	30,945	30	87	0	87	1,32	46,544	202
SPC-0.7-agents12.json	434	406	28	16	12	2	2	0	randomSolver	76,381	68,508	68	100	0	100	60,677	51,736	51	87	0	87	57,465	75,115	326
SPC-0.7-agents13.json	434	406	28	17	13	2	2	0	referenceSolver	86,958	82,662	82	100	0	100	47,235	33,971	33	87	0	87	1,542	52,074	226
SPC-0.7-agents13.json	434	406	28	17	13	2	2	0	randomSolver	73,849	65,802	65	100	0	100	58,333	49,359	49	87	0	87	209,114	77,419	336
SPC-0.7-agents14.json	434	406	28	18	14	2	2	0	referenceSolver	87,139	83,182	83	100	0	100	45,833	33,013	33	87	0	87	3,528	53,917	234
SPC-0.7-agents14.json	434	406	28	18	14	2	2	0	randomSolver	74,362	67,036	67	100	0	100	56,25	47,321	47	87	0	87	163,436	79,724	346
SPC-0.7-agents15.json	434	406	28	19	15	2	2	0	referenceSolver	85,902	81,874	81	100	0	100	44,676	32,44	32	87	0	87	4,319	56,682	246
SPC-0.7-agents15.json	434	406	28	19	15	2	2	0	randomSolver	73,008	65,811	65	100	0	100	55,263	46,667	46	87	0	87	208,982	83,871	364
SPC-0.7-agents16.json	434	406	28	20	16	2	2	0	referenceSolver	85,313	81,397	81	100	0	100	42,325	30,278	30	87	0	87	1,896	56,682	246
SPC-0.7-agents16.json	434	406	28	20	16	2	2	0	randomSolver	74,103	67,629	67	100	0	100	53,125	44,531	44	87	0	87	142,629	85,253	370
SPC-0.7-agents17.json	434	406	28	21	17	2	2	0	referenceSolver	84,962	81,063	81	100	0	100	42,678	31,057	31	87	0	87	1,981	59,447	258
SPC-0.7-agents17.json	434	406	28	21	17	2	2	0	randomSolver	72,793	66,392	66	100	0	100	50,992	42,402	42	87	0	87	114,469	86,175	374
SPC-0.7-agents18.json	434	406	28	22	18	2	2	0	referenceSolver	87,716	84,725	84	100	0	100	42,526	31,576	31	87	0	87	3,545	63,825	277
SPC-0.7-agents18.json	434	406	28	22	18	2	2	0	randomSolver	71,801	65,535	65	100	0	100	49,716	41,319	41	87	0	87	312,16	88,71	385
SPC-0.7-agents19.json	434	406	28	23	19	2	2	0	referenceSolver	85,6	82,268	82	100	0	100	41,988	31,457	31	87	0	87	2,211	66,59	289
SPC-0.7-agents19.json	434	406	28	23	19	2	2	0	randomSolver	71,941	66,034	66	100	0	100	48,007	39,693	39	87	0	87	182,748	89,862	390
SPC-0.7-agents2.json	434	406	28	6	2	2	2	0	referenceSolver	95,191	85,572	85	100	0	100	71,181	38,542	38	87	0	87	0,421	14,977	65
SPC-0.7-agents2.json	434	406	28	6	2	2	2	0	randomSolver	94,063	82,188	82	100	0	100	84,028	77,083	77	87	0	87	16,808	23,502	102
SPC-0.7-agents20.json	434	406	28	24	20	2	2	0	referenceSolver	82,844	79,032	79	100	0	100	41,856	31,713	31	87	0	87	2,262	69,585	302
SPC-0.7-agents20.json	434	406	28	24	20	2	2	0	randomSolver	74,144	68,936	68	100	0	100	46,806	38,609	38	87	0	87	114,701	91,244	396
SPC-0.7-agents21.json	434	406	28	25	21	2	2	0	referenceSolver	85,083	81,918	81	100	0	100	40,013	29,94	29	87	0	87	2,448	68,894	299
SPC-0.7-agents21.json	434	406	28	25	21	2	2	0	randomSolver	73,842	68,86	68	100	0	100	45,25	37,202	37	87	0	87	184,899	92,857	403
SPC-0.7-agents22.json	434	406	28	26	22	2	2	0	referenceSolver	87,057	84,469	84	100	0	100	37,5	27,5	27	87	0	87	4,493	67,281	292
SPC-0.7-agents22.json	434	406	28	26	22	2	2	0	randomSolver	73,423	68,527	68	100	0	100	44,398	36,458	36	87	0	87	383,309	94,009	408
SPC-0.7-agents23.json	434	406	28	27	23	2	2	0	referenceSolver	84,925	82,167	82	100	0	100	37,949	28,881	28	87	0	87	2,738	76,267	331
SPC-0.7-agents23.json	434	406	28	27	23	2	2	0	randomSolver	75,295	70,998	70	100	0	100	42,901	35,145	35	87	0	87	304,887	95,853	416
SPC-0.7-agents24.json	434	406	28	28	24	2	2	0	referenceSolver	83,096	79,763	79	100	0	100	39,032	29,475	29	87	0	87	3,269	72,581	315
SPC-0.7-agents24.json	434	406	28	28	24	2	2	0	randomSolver	74,451	70,193	70	100	0	100	41,518	33,854	33	87	0	87	129,57	96,313	418
SPC-0.7-agents25.json	434	406	28	29	25	2	2	0	referenceSolver	84,793	81,936	81	100	0	100	37,983	28,677	28	87	0	87	3,425	73,963	321
SPC-0.7-agents25.json	434	406	28	29	25	2	2	0	randomSolver	74,003	69,746	69	100	0	100	41,552	34,028	34	87	0	87	141,214	98,387	427
SPC-0.7-agents26.json	434	406	28	30	26	2	2	0	referenceSolver	83,529	80,628	80	100	0	100	37,823	29,075	29	87	0	87	5,721	79,493	345
SPC-0.7-agents26.json	434	406	28	30	26	2	2	0	randomSolver	75,041	71,093	71	100	0	100	40,478	33,039	33	87	0	87	543,634	98,848	429
SPC-0.7-agents27.json	434	406	28	31	27	2	2	0	referenceSolver	84,077	81,201	81	100	0	100	35,861	26,532	26	87	0	87	6,959	71,429	310
SPC-0.7-agents27.json	434	406	28	31	27	2	2	0	randomSolver	75,797	72,053	72	100	0	100	39,703	32,309	32	87	0	87	351,722	98,848	429
SPC-0.7-agents28.json	434	406	28	32	28	2	2	0	referenceSolver	84,346	81,721	81	100	0	100	35	26,198	26	87	0	87	3,883	75,576	328
SPC-0.7-agents28.json	434	406	28	32	28	2	2	0	randomSolver	77,074	73,73	73	100	0	100	37,917	30,686	30	87	0	87	180,508	99,539	432
SPC-0.7-agents29.json	434	406	28	33	29	2	2	0	referenceSolver	87,244	85,226	85	100	0	100	34,146	25,706	25	87	0	87	4,007	78,341	340
SPC-0.7-agents29.json	434	406	28	33	29	2	2	0	randomSolver	76,05	72,593	72	100	0	100	37,706	30,52	30	87	0	87	481,536	100	434
SPC-0.7-agents3.json	434	406	28	7	3	2	2	0	referenceSolver	93,687	85,27	85	100	0	100	66,369	38,194	38	87	0	87	1,256	19,124	83
SPC-0.7-agents3.json	434	406	28	7	3	2	2	0	randomSolver	92,071	81,499	81	100	0	100	81,548	73,611	73	87	0	87	37,457	30,876	134
SPC-0.7-agents30.json	434	406	28	34	30	2	2	0	referenceSolver	83,351	80,559	80	100	0	100	34,776	25,936	25	87	0	87	6,967	74,885	325
SPC-0.7-agents30.json	434	406	28	34	30	2	2	0	randomSolver	79,132	76,239	76	100	0	100	36,395	29,311	29	87	0	87	489,623	100	434
SPC-0.7-agents4.json	434	406	28	8	4	2	2	0	referenceSolver	92,436	84,872	84	100	0	100	62,76	38,021	38	87	0	87	0,437	23,272	101
SPC-0.7-agents4.json	434	406	28	8	4	2	2	0	randomSolver	90,02	80,041	80	100	0	100	79,167	70,833	70	87	0	87	19,386	37,788	164
SPC-0.7-agents5.json	434	406	28	9	5	2	2	0	referenceSolver	90,979	83,763	83	100	0	100	60,185	38,333	38	87	0	87	0,517	27,65	120
SPC-0.7-agents5.json	434	406	28	9	5	2	2	0	randomSolver	88,258	78,864	78	100	0	100	76,852	68,333	68	87	0	87	39,464	44,24	192
SPC-0.7-agents6.json	434	406	28	10	6	2	2	0	referenceSolver	90,132	83,553	83	100	0	100	56,458	35,764	35	87	0	87	1,626	30,184	131
SPC-0.7-agents6.json	434	406	28	10	6	2	2	0	randomSolver	86,194	76,99	76	100	0	100	75	66,667	66	87	0	87	49,919	50,691	220
SPC-0.7-agents7.json	434	406	28	11	7	2	2	0	referenceSolver	89,758	83,905	83	100	0	100	54,356	35,417	35	87	0	87	0,877	33,871	147
SPC-0.7-agents7.json	434	406	28	11	7	2	2	0	randomSolver	84,629	75,846	75	100	0	100	73,106	64,881	64	87	0	87	56,442	56,682	246
SPC-0.7-agents8.json	434	406	28	12	8	2	2	0	referenceSolver	88,75	83,125	83	100	0	100	51,042	32,813	32	87	0	87	0,993	35,484	154
SPC-0.7-agents8.json	434	406	28	12	8	2	2	0	randomSolver	81,593	72,39	72	100	0	100	70,833	62,5	62	87	0	87	65,523	61,751	268
SPC-0.7-agents9.json	434	406	28	13	9	2	2	0	referenceSolver	89,001	84,034	84	100	0	100	49,421	32,224	32	87	0	87	1,116	38,018	165
SPC-0.7-agents9.json	434	406	28	13	9	2	2	0	randomSolver	80,539	71,889	71	100	0	100	68,269	59,722	59	87	0	87	68,203	65,899	286
SPC-0.8-agents1.json	491	463	28	5	1	2	2	0	referenceSolver	96,236	81,179	81	100	0	100	78,75	43,75	43	87	0	87	0,325	9,98	49
SPC-0.8-agents1.json	491	463	28	5	1	2	2	0	randomSolver	96,393	81,966	81	100	0	100	85	75	74	87	0	87	6,556	13,035	64
SPC-0.8-agents10.json	491	463	28	14	10	2	2	0	referenceSolver	85,722	79,928	79	100	0	100	48,711	32,971	32	87	0	87	3,235	37,475	184
SPC-0.8-agents10.json	491	463	28	14	10	2	2	0	randomSolver	77,946	69,124	69	100	0	100	66,369	57,917	57	87	0	87	272,72	62,322	306
SPC-0.8-agents11.json	491	463	28	15	11	2	2	0	referenceSolver	87,707	83,178	83	100	0	100	47,396	32,621	32	87	0	87	2,801	40,326	198
SPC-0.8-agents11.json	491	463	28	15	11	2	2	0	randomSolver	74,69	65,486	65	100	0	100	63,889	55,303	55	87	0	87	162,177	65,173	320
SPC-0.8-agents12.json	491	463	28	16	12	2	2	0	referenceSolver	86,156	81,429	81	100	0	100	46,269	32,19	32	87	0	87	1,441	42,566	209
SPC-0.8-agents12.json	491	463	28	16	12	2	2	0	randomSolver	76,135	68,18	68	100	0	100	62,24	53,819	53	87	0	87	115,798	68,839	338
SPC-0.8-agents13.json	491	463	28	17	13	2	2	0	referenceSolver	86,791	82,44	82	100	0	100	46,331	32,77	32	87	0	87	1,777	44,603	219
SPC-0.8-agents13.json	491	463	28	17	13	2	2	0	randomSolver	73,808	65,749	65	100	0	100	60,784	52,564	52	87	0	87	85,636	72,505	356
SPC-0.8-agents14.json	491	463	28	18	14	2	2	0	referenceSolver	87,221	83,289	83	100	0	100	45,466	32,532	32	87	0	87	3,247	47,047	231
SPC-0.8-agents14.json	491	463	28	18	14	2	2	0	randomSolver	74,438	67,135	67	100	0	100	58,681	50,446	50	87	0	87	131,954	74,745	367
SPC-0.8-agents16.json	491	463	28	20	16	2	2	0	referenceSolver	85,256	81,286	81	100	0	100	41,872	29,587	29	87	0	87	2,332	48,676	239
SPC-0.8-agents16.json	491	463	28	20	16	2	2	0	randomSolver	72,406	65,508	65	100	0	100	55,208	47,135	47	87	0	87	102,247	79,43	390
SPC-0.8-agents17.json	491	463	28	21	17	2	2	0	referenceSolver	83,37	79,018	79	100	0	100	41,806	29,848	29	87	0	87	3,124	50,305	247
SPC-0.8-agents17.json	491	463	28	21	17	2	2	0	randomSolver	70,758	63,877	63	100	0	100	53,571	45,588	45	87	0	87	203,826	81,466	400
SPC-0.8-agents18.json	491	463	28	22	18	2	2	0	referenceSolver	84,621	80,706	80	100	0	100	41,531	29,83	29	87	0	87	5,034	51,527	253
SPC-0.8-agents18.json	491	463	28	22	18	2	2	0	randomSolver	72,304	66,149	66	100	0	100	52,367	44,56	44	87	0	87	601,802	84,114	413
SPC-0.8-agents19.json	491	463	28	23	19	2	2	0	referenceSolver	85,149	81,654	81	100	0	100	40,575	29,534	29	87	0	87	5,311	54,786	269
SPC-0.8-agents19.json	491	463	28	23	19	2	2	0	randomSolver	69,571	63,116	63	100	0	100	50,768	42,977	42	87	0	87	305,736	84,929	417
SPC-0.8-agents2.json	491	463	28	6	2	2	2	0	referenceSolver	93,398	80,194	80	100	0	100	72,222	41,667	41	87	0	87	0,932	13,849	68
SPC-0.8-agents2.json	491	463	28	6	2	2	2	0	randomSolver	93,477	80,431	80	100	0	100	82,639	72,917	72	87	0	87	19,384	19,959	98
SPC-0.8-agents20.json	491	463	28	24	20	2	2	0	referenceSolver	86,494	83,342	83	100	0	100	41,582	30,868	30	87	0	87	3,388	57,434	282
SPC-0.8-agents20.json	491	463	28	24	20	2	2	0	randomSolver	71,974	66,369	66	100	0	100	49,219	41,563	41	87	0	87	290,298	86,965	427
SPC-0.8-agents21.json	491	463	28	25	21	2	2	0	referenceSolver	85,484	82,308	82	100	0	100	38,702	28,027	28	87	0	87	3,918	55,804	274
SPC-0.8-agents21.json	491	463	28	25	21	2	2	0	randomSolver	72,364	67,028	67	100	0	100	48,049	40,431	40	87	0	87	202,674	87,576	430
SPC-0.8-agents22.json	491	463	28	26	22	2	2	0	referenceSolver	81,586	77,558	77	100	0	100	40,852	30,648	30	87	0	87	5,319	60,489	297
SPC-0.8-agents22.json	491	463	28	26	22	2	2	0	randomSolver	71,269	66,011	66	100	0	100	46,409	38,889	38	87	0	87	425,882	88,798	436
SPC-0.8-agents23.json	491	463	28	27	23	2	2	0	referenceSolver	86,75	84,062	84	100	0	100	39,094	29,272	29	87	0	87	6,47	62,118	305
SPC-0.8-agents23.json	491	463	28	27	23	2	2	0	randomSolver	71,985	66,988	66	100	0	100	45,327	37,805	37	87	0	87	344,213	88,595	435
SPC-0.8-agents24.json	491	463	28	28	24	2	2	0	referenceSolver	84,37	81,31	81	100	0	100	40,68	31,512	31	87	0	87	3,336	68,635	337
SPC-0.8-agents24.json	491	463	28	28	24	2	2	0	randomSolver	74,24	69,921	69	100	0	100	43,6	36,24	36	87	0	87	154,158	90,224	443
SPC-0.8-agents25.json	491	463	28	29	25	2	2	0	referenceSolver	84,945	82,172	82	100	0	100	39,051	30,126	30	87	0	87	3,962	69,654	342
SPC-0.8-agents25.json	491	463	28	29	25	2	2	0	randomSolver	74,477	70,298	70	100	0	100	43,09	35,819	35	87	0	87	378,045	91,242	448
SPC-0.8-agents26.json	491	463	28	30	26	2	2	0	referenceSolver	83,964	81,03	81	100	0	100	38,352	29,357	29	87	0	87	6,766	68,432	336
SPC-0.8-agents26.json	491	463	28	30	26	2	2	0	randomSolver	73,548	69,363	69	100	0	100	41,758	34,522	34	87	0	87	264,165	91,039	447
SPC-0.8-agents27.json	491	463	28	31	27	2	2	0	referenceSolver	84,789	82,127	82	100	0	100	38,32	29,714	29	87	0	87	4,096	72,098	354
SPC-0.8-agents27.json	491	463	28	31	27	2	2	0	randomSolver	74,547	70,674	70	100	0	100	40,792	33,684	33	87	0	87	256,503	92,261	453
SPC-0.8-agents28.json	491	463	28	32	28	2	2	0	referenceSolver	83,637	80,792	80	100	0	100	35,957	26,993	26	87	0	87	4,827	66,395	326
SPC-0.8-agents28.json	491	463	28	32	28	2	2	0	randomSolver	76,865	73,4	73	100	0	100	40,766	33,768	33	87	0	87	216,151	93,89	461
SPC-0.8-agents29.json	491	463	28	33	29	2	2	0	referenceSolver	84,888	82,37	82	100	0	100	37,128	28,733	28	87	0	87	4,918	73,116	359
SPC-0.8-agents29.json	491	463	28	33	29	2	2	0	randomSolver	76,155	72,66	72	100	0	100	39,954	32,984	32	87	0	87	187,832	93,686	460
SPC-0.8-agents3.json	491	463	28	7	3	2	2	0	referenceSolver	91,059	79,139	79	100	0	100	66,964	39,583	39	87	0	87	0,399	17,312	85
SPC-0.8-agents3.json	491	463	28	7	3	2	2	0	randomSolver	90,422	77,652	77	100	0	100	80,357	70,833	70	87	0	87	19,681	26,477	130
SPC-0.8-agents30.json	491	463	28	34	30	2	2	0	referenceSolver	85,019	82,476	82	100	0	100	35,816	27,045	27	87	0	87	5,663	68,024	334
SPC-0.8-agents30.json	491	463	28	34	30	2	2	0	randomSolver	76,829	73,585	73	100	0	100	38,569	31,719	31	87	0	87	295,381	94,297	463
SPC-0.8-agents4.json	491	463	28	8	4	2	2	0	referenceSolver	89,15	78,301	78	100	0	100	63,021	38,542	38	87	0	87	0,675	20,774	102
SPC-0.8-agents4.json	491	463	28	8	4	2	2	0	randomSolver	87,99	75,98	75	100	0	100	77,865	68,229	68	87	0	87	24,021	32,383	159
SPC-0.8-agents5.json	491	463	28	9	5	2	2	0	referenceSolver	87,737	77,927	77	100	0	100	60,185	38,333	38	87	0	87	0,643	24,44	120
SPC-0.8-agents5.json	491	463	28	9	5	2	2	0	randomSolver	86,222	75,2	75	100	0	100	75,926	66,667	66	87	0	87	39,129	38,289	188
SPC-0.8-agents6.json	491	463	28	10	6	2	2	0	referenceSolver	85,944	76,574	76	100	0	100	57,292	37,153	37	87	0	87	1,258	27,495	135
SPC-0.8-agents6.json	491	463	28	10	6	2	2	0	randomSolver	84,435	74,059	74	100	0	100	73,542	64,236	64	87	0	87	53,566	43,381	213
SPC-0.8-agents7.json	491	463	28	11	7	2	2	0	referenceSolver	85,762	77,626	77	100	0	100	54,356	35,417	35	87	0	87	1,783	29,939	147
SPC-0.8-agents7.json	491	463	28	11	7	2	2	0	randomSolver	81,987	71,694	71	100	0	100	71,78	62,798	62	87	0	87	194,482	48,676	239
SPC-0.8-agents8.json	491	463	28	12	8	2	2	0	referenceSolver	85,387	78,08	78	100	0	100	51,91	34,115	34	87	0	87	0,982	32,383	159
SPC-0.8-agents8.json	491	463	28	12	8	2	2	0	randomSolver	80,551	70,827	70	100	0	100	69,618	60,677	60	87	0	87	47,044	53,157	261
SPC-0.8-agents9.json	491	463	28	13	9	2	2	0	referenceSolver	87	81,129	81	100	0	100	50,069	33,165	33	87	0	87	1,262	34,42	169
SPC-0.8-agents9.json	491	463	28	13	9	2	2	0	randomSolver	79,312	70,117	70	100	0	100	67,628	58,796	58	87	0	87	61,882	57,434	282
SPC-0.9-agents1.json	549	521	28	5	1	2	2	0	referenceSolver	96,912	84,559	84	100	0	100	77,917	39,583	39	87	0	87	0,168	8,561	47
SPC-0.9-agents1.json	549	521	28	5	1	2	2	0	randomSolver	97,219	86,097	86	100	0	100	85,833	79,167	79	87	0	87	7,105	12,022	66
SPC-0.9-agents10.json	549	521	28	14	10	2	2	0	referenceSolver	85,708	79,991	79	100	0	100	54,762	41,667	41	87	0	87	2,058	41,53	228
SPC-0.9-agents10.json	549	521	28	14	10	2	2	0	randomSolver	77,527	68,538	68	100	0	100	68,75	61,25	61	87	0	87	79,761	58,652	322
SPC-0.9-agents11.json	549	521	28	15	11	2	2	0	referenceSolver	84,772	79,162	79	100	0	100	53,706	41,255	41	87	0	87	1,659	44,262	243
SPC-0.9-agents11.json	549	521	28	15	11	2	2	0	randomSolver	75,707	66,873	66	100	0	100	66,806	59,28	59	87	0	87	181,036	62,113	341
SPC-0.9-agents12.json	549	521	28	16	12	2	2	0	referenceSolver	82,678	76,904	76	100	0	100	50,391	38,021	38	87	0	87	1,82	44,991	247
SPC-0.9-agents12.json	549	521	28	16	12	2	2	0	randomSolver	75,105	66,806	66	100	0	100	64,844	57,292	57	87	0	87	88,752	65,209	358
SPC-0.9-agents13.json	549	521	28	17	13	2	2	0	referenceSolver	82,772	77,471	77	100	0	100	49,02	37,179	37	87	0	87	2,145	47,359	260
SPC-0.9-agents13.json	549	521	28	17	13	2	2	0	randomSolver	73,899	65,868	65	100	0	100	63,113	55,609	55	87	0	87	104,254	68,306	375
SPC-0.9-agents14.json	549	521	28	18	14	2	2	0	referenceSolver	81,064	75,541	75	100	0	100	48,572	37,218	37	87	0	87	2,54	49,727	273
SPC-0.9-agents14.json	549	521	28	18	14	2	2	0	randomSolver	72,7	64,9	64	100	0	100	61,458	54,018	54	87	0	87	127,338	71,22	391
SPC-0.9-agents15.json	549	521	28	19	15	2	2	0	referenceSolver	83,544	79,071	79	100	0	100	49,205	38,794	38	87	0	87	2,429	55,009	302
SPC-0.9-agents15.json	549	521	28	19	15	2	2	0	randomSolver	71,692	64,144	64	100	0	100	60,088	52,778	52	87	0	87	130,791	74,317	408
SPC-0.9-agents16.json	549	521	28	20	16	2	2	0	referenceSolver	83,632	79,388	79	100	0	100	44,608	33,488	33	87	0	87	4,894	50,273	276
SPC-0.9-agents16.json	549	521	28	20	16	2	2	0	randomSolver	70,808	63,51	63	100	0	100	58,229	50,911	50	87	0	87	558,901	76,321	419
SPC-0.9-agents17.json	549	521	28	21	17	2	2	0	referenceSolver	81,217	76,644	76	100	0	100	44,464	33,986	33	87	0	87	4,49	53,916	296
SPC-0.9-agents17.json	549	521	28	21	17	2	2	0	randomSolver	70,718	63,828	63	100	0	100	57,044	49,877	49	87	0	87	634,36	79,235	435
SPC-0.9-agents18.json	549	521	28	22	18	2	2	0	referenceSolver	83,944	80,166	80	100	0	100	45,437	35,539	35	87	0	87	3,563	57,923	318
SPC-0.9-agents18.json	549	521	28	22	18	2	2	0	randomSolver	69,6	62,845	62	100	0	100	55,208	48,032	48	87	0	87	199,227	80,692	443
SPC-0.9-agents19.json	549	521	28	23	19	2	2	0	referenceSolver	79,599	74,993	74	100	0	100	46,245	36,929	36	87	0	87	247,208	62,295	342
SPC-0.9-agents19.json	549	521	28	23	19	2	2	0	randomSolver	70,626	64,442	64	100	0	100	53,714	46,601	46	87	0	87	1277,725	82,514	453
SPC-0.9-agents2.json	549	521	28	6	2	2	2	0	referenceSolver	94,304	82,913	82	100	0	100	71,875	40,625	40	87	0	87	0,285	12,204	67
SPC-0.9-agents2.json	549	521	28	6	2	2	2	0	randomSolver	93,815	81,446	81	100	0	100	83,681	76,042	76	87	0	87	13,606	18,397	101
SPC-0.9-agents21.json	549	521	28	25	21	2	2	0	referenceSolver	80,767	76,836	76	100	0	100	41,54	32,147	32	87	0	87	5,634	60,109	330
SPC-0.9-agents21.json	549	521	28	25	21	2	2	0	randomSolver	69,225	63,363	63	100	0	100	50,75	43,75	43	87	0	87	443,938	85,428	469
SPC-0.9-agents22.json	549	521	28	26	22	2	2	0	referenceSolver	80,81	77,179	77	100	0	100	40,933	32,123	32	87	0	87	3,947	64,481	354
SPC-0.9-agents22.json	549	521	28	26	22	2	2	0	randomSolver	69,918	64,448	64	100	0	100	49,279	42,33	42	87	0	87	354,764	86,521	475
SPC-0.9-agents23.json	549	521	28	27	23	2	2	0	referenceSolver	80,222	76,555	76	100	0	100	41,55	33,03	33	87	0	87	5,437	67,395	370
SPC-0.9-agents23.json	549	521	28	27	23	2	2	0	randomSolver	71,556	66,609	66	100	0	100	48,225	41,395	41	87	0	87	348,494	88,342	485
SPC-0.9-agents24.json	549	521	28	28	24	2	2	0	referenceSolver	80,121	76,664	76	100	0	100	41,821	33,877	33	87	0	87	3,832	73,224	402
SPC-0.9-agents24.json	549	521	28	28	24	2	2	0	randomSolver	70,075	65,088	65	100	0	100	46,949	40,191	40	87	0	87	220,25	89,435	491
SPC-0.9-agents25.json	549	521	28	29	25	2	2	0	referenceSolver	78,207	74,37	74	100	0	100	40,085	31,735	31	87	0	87	6,966	68,124	374
SPC-0.9-agents25.json	549	521	28	29	25	2	2	0	randomSolver	69,171	64,238	64	100	0	100	45,69	39	38	87	0	87	823,348	90,346	496
SPC-0.9-agents26.json	549	521	28	30	26	2	2	0	referenceSolver	80,633	77,516	77	100	0	100	39,346	31,597	31	87	0	87	4,892	73,77	405
SPC-0.9-agents26.json	549	521	28	30	26	2	2	0	randomSolver	71,908	67,562	67	100	0	100	44,936	38,352	38	87	0	87	198,256	91,803	504
SPC-0.9-agents27.json	549	521	28	31	27	2	2	0	referenceSolver	82,449	79,657	79	100	0	100	38,103	30,244	30	87	0	87	4,186	71,585	393
SPC-0.9-agents27.json	549	521	28	31	27	2	2	0	randomSolver	68,157	63,44	63	100	0	100	43,548	37,037	37	87	0	87	220,253	92,532	508
SPC-0.9-agents28.json	549	521	28	32	28	2	2	0	referenceSolver	81,242	78,324	78	100	0	100	37,931	30,22	30	87	0	87	4,6	73,042	401
SPC-0.9-agents28.json	549	521	28	32	28	2	2	0	randomSolver	71,342	67,227	67	100	0	100	42,442	35,972	35	87	0	87	337,17	92,714	509
SPC-0.9-agents29.json	549	521	28	33	29	2	2	0	referenceSolver	78,642	75,478	75	100	0	100	38,508	31,25	31	87	0	87	10,741	78,871	433
SPC-0.9-agents29.json	549	521	28	33	29	2	2	0	randomSolver	70,931	66,902	66	100	0	100	41,531	35,159	35	87	0	87	686,075	93,807	515
SPC-0.9-agents3.json	549	521	28	7	3	2	2	0	referenceSolver	92,554	82,625	82	100	0	100	67,262	40,278	40	87	0	87	1,422	15,665	86
SPC-0.9-agents3.json	549	521	28	7	3	2	2	0	randomSolver	91,324	79,756	79	100	0	100	81,845	74,306	74	87	0	87	31,282	24,59	135
SPC-0.9-agents30.json	549	521	28	34	30	2	2	0	referenceSolver	81,225	78,529	78	100	0	100	37,603	30,438	30	87	0	87	4,793	79,235	435
SPC-0.9-agents30.json	549	521	28	34	30	2	2	0	randomSolver	74,187	70,713	70	100	0	100	40,907	34,635	34	87	0	87	179,681	95,082	522
SPC-0.9-agents4.json	549	521	28	8	4	2	2	0	referenceSolver	90,364	80,729	80	100	0	100	63,281	39,062	39	87	0	87	0,624	18,761	103
SPC-0.9-agents4.json	549	521	28	8	4	2	2	0	randomSolver	88,979	77,958	77	100	0	100	79,948	72,396	72	87	0	87	28,69	30,419	167
SPC-0.9-agents5.json	549	521	28	9	5	2	2	0	referenceSolver	89,317	80,771	80	100	0	100	59,954	37,917	37	87	0	87	0,674	21,676	119
SPC-0.9-agents5.json	549	521	28	9	5	2	2	0	randomSolver	86,918	76,452	76	100	0	100	78,472	71,25	71	87	0	87	55,706	36,248	199
SPC-0.9-agents6.json	549	521	28	10	6	2	2	0	referenceSolver	87,439	79,066	79	100	0	100	57,917	38,194	38	87	0	87	1,466	25,137	138
SPC-0.9-agents6.json	549	521	28	10	6	2	2	0	randomSolver	85,838	76,396	76	100	0	100	76,667	69,444	69	87	0	87	104,121	41,53	228
SPC-0.9-agents7.json	549	521	28	11	7	2	2	0	referenceSolver	87,997	81,138	81	100	0	100	58,333	41,667	41	87	0	87	1,753	30,601	168
SPC-0.9-agents7.json	549	521	28	11	7	2	2	0	randomSolver	83,236	73,657	73	100	0	100	74,621	67,262	67	87	0	87	91,15	46,266	254
SPC-0.9-agents8.json	549	521	28	12	8	2	2	0	referenceSolver	86,708	80,061	80	100	0	100	55,903	40,104	40	87	0	87	1,337	33,151	182
SPC-0.9-agents8.json	549	521	28	12	8	2	2	0	randomSolver	81,544	72,315	72	100	0	100	72,569	65,104	65	87	0	87	60,395	50,638	278
SPC-0.9-agents9.json	549	521	28	13	9	2	2	0	referenceSolver	86,111	79,938	79	100	0	100	54,968	40,509	40	87	0	87	1,313	36,976	203
SPC-0.9-agents9.json	549	521	28	13	9	2	2	0	randomSolver	79,544	70,452	70	100	0	100	70,513	62,963	62	87	0	87	80,297	54,645	300
SPC-1.0-agents1.json	607	579	28	5	1	2	2	0	referenceSolver	97,798	88,992	88	100	0	100	78,333	41,667	41	87	0	87	0,325	7,908	48
SPC-1.0-agents1.json	607	579	28	5	1	2	2	0	randomSolver	96,974	84,869	84	100	0	100	85,833	79,167	79	87	0	87	8,592	10,873	66
SPC-1.0-agents10.json	607	579	28	14	10	2	2	0	referenceSolver	87,548	82,495	82	100	0	100	47,96	31,914	31	87	0	87	1,721	29,489	179
SPC-1.0-agents10.json	607	579	28	14	10	2	2	0	randomSolver	78,201	69,482	69	100	0	100	69,345	62,083	62	87	0	87	144,101	53,707	326
SPC-1.0-agents11.json	607	579	28	15	11	2	2	0	referenceSolver	86,741	81,855	81	100	0	100	45,994	30,702	30	87	0	87	1,841	30,972	188
SPC-1.0-agents11.json	607	579	28	15	11	2	2	0	randomSolver	76,248	67,611	67	100	0	100	66,806	59,28	59	87	0	87	79,326	56,178	341
SPC-1.0-agents12.json	607	579	28	16	12	2	2	0	referenceSolver	86,516	81,911	81	100	0	100	44,545	29,878	29	87	0	87	4,584	32,29	196
SPC-1.0-agents12.json	607	579	28	16	12	2	2	0	randomSolver	74,9	66,533	66	100	0	100	64,714	57,118	57	87	0	87	287,874	58,814	357
SPC-1.0-agents13.json	607	579	28	17	13	2	2	0	referenceSolver	87,54	83,706	83	100	0	100	42,157	28,205	28	87	0	87	2,158	33,608	204
SPC-1.0-agents13.json	607	579	28	17	13	2	2	0	randomSolver	73,965	65,954	65	100	0	100	62,99	55,449	55	87	0	87	114,648	61,614	374
SPC-1.0-agents14.json	607	579	28	18	14	2	2	0	referenceSolver	87,584	83,886	83	100	0	100	43,511	30,408	30	87	0	87	2,772	36,903	224
SPC-1.0-agents14.json	607	579	28	18	14	2	2	0	randomSolver	73,081	65,39	65	100	0	100	61,458	54,018	54	87	0	87	177,161	64,415	391
SPC-1.0-agents15.json	607	579	28	19	15	2	2	0	referenceSolver	86,022	82,147	82	100	0	100	43,75	31,621	31	87	0	87	2,986	40,692	247
SPC-1.0-agents15.json	607	579	28	19	15	2	2	0	randomSolver	72,622	65,321	65	100	0	100	59,43	51,944	51	87	0	87	167,765	66,227	402
SPC-1.0-agents16.json	607	579	28	20	16	2	2	0	referenceSolver	89,053	86,162	86	100	0	100	42,009	29,992	29	87	0	87	5,25	40,527	246
SPC-1.0-agents16.json	607	579	28	20	16	2	2	0	randomSolver	73,293	66,617	66	100	0	100	58,75	51,563	51	87	0	87	203,829	69,852	424
SPC-1.0-agents17.json	607	579	28	21	17	2	2	0	referenceSolver	87,489	84,416	84	100	0	100	40,156	28,527	28	87	0	87	4,848	41,351	251
SPC-1.0-agents17.json	607	579	28	21	17	2	2	0	randomSolver	71,159	64,373	64	100	0	100	56,349	49,02	49	87	0	87	247,754	70,511	428
SPC-1.0-agents18.json	607	579	28	22	18	2	2	0	referenceSolver	86,726	83,603	83	100	0	100	40,179	29,044	29	87	0	87	3,603	43,657	265
SPC-1.0-agents18.json	607	579	28	22	18	2	2	0	randomSolver	69,768	63,05	63	100	0	100	55,208	48,032	48	87	0	87	131,603	72,982	443
SPC-1.0-agents19.json	607	579	28	23	19	2	2	0	referenceSolver	85,956	82,679	82	100	0	100	41,681	30,99	30	87	0	87	4,185	46,623	283
SPC-1.0-agents19.json	607	579	28	23	19	2	2	0	randomSolver	71,51	65,512	65	100	0	100	53,804	46,711	46	87	0	87	517,516	74,794	454
SPC-1.0-agents20.json	607	579	28	24	20	2	2	0	referenceSolver	87,915	85,333	85	100	0	100	39,714	29,501	29	87	0	87	6,803	48,27	293
SPC-1.0-agents20.json	607	579	28	24	20	2	2	0	randomSolver	68,641	62,369	62	100	0	100	52,691	45,729	45	87	0	87	344,95	76,936	467
SPC-1.0-agents21.json	607	579	28	25	21	2	2	0	referenceSolver	87,123	84,472	84	100	0	100	40,727	31,097	31	87	0	87	7,068	52,389	318
SPC-1.0-agents21.json	607	579	28	25	21	2	2	0	randomSolver	67,195	60,947	60	100	0	100	51,75	44,94	44	87	0	87	438,556	79,242	481
SPC-1.0-agents22.json	607	579	28	26	22	2	2	0	referenceSolver	85,287	82,366	82	100	0	100	40,385	31,028	31	87	0	87	4,246	54,036	328
SPC-1.0-agents22.json	607	579	28	26	22	2	2	0	randomSolver	68,806	63,135	63	100	0	100	50,641	43,939	43	87	0	87	285,277	81,054	492
SPC-1.0-agents23.json	607	579	28	27	23	2	2	0	referenceSolver	83,914	80,829	80	100	0	100	40,398	31,364	31	87	0	87	4,804	56,343	342
SPC-1.0-agents23.json	607	579	28	27	23	2	2	0	randomSolver	70,066	64,86	64	100	0	100	49,151	42,482	42	87	0	87	232,493	81,878	497
SPC-1.0-agents24.json	607	579	28	28	24	2	2	0	referenceSolver	84,107	81,12	81	100	0	100	40,619	31,809	31	87	0	87	7,196	58,155	353
SPC-1.0-agents24.json	607	579	28	28	24	2	2	0	randomSolver	70,056	65,065	65	100	0	100	48,289	41,753	41	87	0	87	489,841	83,855	509
SPC-1.0-agents25.json	607	579	28	29	25	2	2	0	referenceSolver	83,472	80,486	80	100	0	100	40,164	31,613	31	87	0	87	4,575	59,967	364
SPC-1.0-agents25.json	607	579	28	29	25	2	2	0	randomSolver	69,053	64,073	64	100	0	100	47,215	40,733	40	87	0	87	327,879	84,679	514
SPC-1.0-agents26.json	607	579	28	30	26	2	2	0	referenceSolver	83,996	81,213	81	100	0	100	38,58	30,072	30	87	0	87	4,672	59,308	360
SPC-1.0-agents26.json	607	579	28	30	26	2	2	0	randomSolver	68,731	63,921	63	100	0	100	46,111	39,744	39	87	0	87	189,829	86,326	524
SPC-1.0-agents27.json	607	579	28	31	27	2	2	0	referenceSolver	85,631	83,251	83	100	0	100	37,31	28,994	28	87	0	87	5,09	59,967	364
SPC-1.0-agents27.json	607	579	28	31	27	2	2	0	randomSolver	70,787	66,459	66	100	0	100	45,161	38,889	38	87	0	87	274,876	87,644	532
SPC-1.0-agents28.json	607	579	28	32	28	2	2	0	referenceSolver	82,424	79,612	79	100	0	100	40,876	33,417	33	87	0	87	8,93	70,675	429
SPC-1.0-agents28.json	607	579	28	32	28	2	2	0	randomSolver	69,882	65,557	65	100	0	100	44,469	38,291	38	87	0	87	512,969	88,962	540
SPC-1.0-agents29.json	607	579	28	33	29	2	2	0	referenceSolver	83,412	80,817	80	100	0	100	38,114	30,389	30	87	0	87	5,627	66,063	401
SPC-1.0-agents29.json	607	579	28	33	29	2	2	0	randomSolver	70,051	65,9	65	100	0	100	43,623	37,541	37	87	0	87	288,291	90,28	548
SPC-1.0-agents3.json	607	579	28	7	3	2	2	0	referenceSolver	93,523	84,887	84	100	0	100	67,262	40,278	40	87	0	87	1,061	14,168	86
SPC-1.0-agents3.json	607	579	28	7	3	2	2	0	randomSolver	92,768	83,126	83	100	0	100	82,44	75,694	75	87	0	87	32,823	22,57	137
SPC-1.0-agents30.json	607	579	28	34	30	2	2	0	referenceSolver	83,97	81,645	81	100	0	100	39,197	32,189	32	87	0	87	5,519	74,794	454
SPC-1.0-agents30.json	607	579	28	34	30	2	2	0	randomSolver	70,709	66,746	66	100	0	100	43,316	37,339	37	87	0	87	478,471	91,928	558
SPC-1.0-agents4.json	607	579	28	8	4	2	2	0	referenceSolver	92,188	84,377	84	100	0	100	63,021	38,542	38	87	0	87	0,594	16,804	102
SPC-1.0-agents4.json	607	579	28	8	4	2	2	0	randomSolver	90,896	81,793	81	100	0	100	81,25	75	75	87	0	87	32,56	28,336	172
SPC-1.0-agents5.json	607	579	28	9	5	2	2	0	referenceSolver	90,947	83,705	83	100	0	100	59,491	37,083	37	87	0	87	0,897	19,275	117
SPC-1.0-agents5.json	607	579	28	9	5	2	2	0	randomSolver	88,67	79,605	79	100	0	100	79,398	72,917	72	87	0	87	37,784	33,443	203
SPC-1.0-agents6.json	607	579	28	10	6	2	2	0	referenceSolver	89,492	82,486	82	100	0	100	56,458	35,764	35	87	0	87	1,058	21,582	131
SPC-1.0-agents6.json	607	579	28	10	6	2	2	0	randomSolver	86,37	77,284	77	100	0	100	77,5	70,833	70	87	0	87	58,615	38,221	232
SPC-1.0-agents7.json	607	579	28	11	7	2	2	0	referenceSolver	89,473	83,332	83	100	0	100	53,728	34,028	34	87	0	87	3,18	23,064	140
SPC-1.0-agents7.json	607	579	28	11	7	2	2	0	randomSolver	84,273	75,286	75	100	0	100	75,568	68,75	68	87	0	87	97,047	42,669	259
SPC-1.0-agents8.json	607	579	28	12	8	2	2	0	referenceSolver	88,922	83,382	83	100	0	100	51,215	33,073	33	87	0	87	1,462	25,535	155
SPC-1.0-agents8.json	607	579	28	12	8	2	2	0	randomSolver	82,472	73,708	73	100	0	100	73,611	66,667	66	87	0	87	49,665	46,787	284
SPC-1.0-agents9.json	607	579	28	13	9	2	2	0	referenceSolver	88,382	83,136	83	100	0	100	49,259	31,989	31	87	0	87	1,503	27,018	164
SPC-1.0-agents9.json	607	579	28	13	9	2	2	0	randomSolver	80,686	72,103	72	100	0	100	71,474	64,352	64	87	0	87	64,533	50,412	306
TFS-0.05-agents1.json	203	100	103	39	1	27	11	0	referenceSolver	99,149	81,818	81	99	0	99	55,135	21,875	21	52	0	61	1,328	43,842	89
TFS-0.05-agents1.json	203	100	103	39	1	27	11	0	randomSolver	98,128	76,598	76	98	0	99	57,828	58,333	58	54	0	66	34,968	64,532	131
TFS-0.05-agents10.json	203	100	103	48	10	27	11	0	referenceSolver	95,297	79,242	79	99	0	99	50,799	25,455	25	54	0	65	0,931	91,133	185
TFS-0.05-agents10.json	203	100	103	48	10	27	11	0	randomSolver	94,437	77,509	77	98	0	98	52,733	25,585	25	56	0	67	54,7	100	203
TFS-0.05-agents11.json	203	100	103	49	11	27	11	0	referenceSolver	95,731	82,66	82	99	0	99	49,722	22,951	22	55	0	63	1,409	90,64	184
TFS-0.05-agents11.json	203	100	103	49	11	27	11	0	randomSolver	94,062	76,757	76	98	0	98	52,362	26,042	26	55	0	65	54,231	100	203
TFS-0.05-agents12.json	203	100	103	50	12	27	11	0	referenceSolver	96,132	85,695	85	99	0	98	48,845	21,875	21	55	0	61	3,013	92,118	187
TFS-0.05-agents12.json	203	100	103	50	12	27	11	0	randomSolver	95,411	82,199	82	99	0	99	52,547	23,148	23	58	0	67	100,51	100	203
TFS-0.05-agents13.json	203	100	103	51	13	27	11	0	referenceSolver	96,856	88,367	88	99	0	99	49,331	21,875	21	55	0	64	1,998	92,118	187
TFS-0.05-agents13.json	203	100	103	51	13	27	11	0	randomSolver	95,297	83,615	83	98	0	99	51,456	21,766	21	57	0	66	100,509	100	203
TFS-0.05-agents14.json	203	100	103	52	14	27	11	0	referenceSolver	96,046	84,829	84	99	0	100	47,45	20,625	20	53	0	63	1,045	91,133	185
TFS-0.05-agents14.json	203	100	103	52	14	27	11	0	randomSolver	94,324	78,718	78	98	0	99	51,635	23,148	23	56	0	67	59,059	100	203
TFS-0.05-agents15.json	203	100	103	53	15	27	11	0	referenceSolver	96,887	89,21	89	99	0	100	46,668	19,51	19	53	0	63	1,076	92,118	187
TFS-0.05-agents15.json	203	100	103	53	15	27	11	0	randomSolver	94,674	80,107	80	98	0	99	50,928	22,786	22	55	0	66	66,444	100	203
TFS-0.05-agents16.json	203	100	103	54	16	27	11	0	referenceSolver	97,313	90,095	90	99	0	100	47,477	20,255	20	55	0	60	1,208	92,611	188
TFS-0.05-agents16.json	203	100	103	54	16	27	11	0	randomSolver	95,315	85,958	85	98	0	97	49,902	20,833	20	56	0	64	60,312	100	203
TFS-0.05-agents17.json	203	100	103	55	17	27	11	0	referenceSolver	97,567	92,198	92	99	0	99	46,284	18,997	18	53	0	60	1,289	92,118	187
TFS-0.05-agents17.json	203	100	103	55	17	27	11	0	randomSolver	94,992	84,946	84	98	0	97	50,239	19,977	19	57	0	65	57,062	100	203
TFS-0.05-agents18.json	203	100	103	56	18	27	11	0	referenceSolver	97,131	90,011	90	99	0	100	46,875	18,997	18	53	0	65	1,165	91,133	185
TFS-0.05-agents18.json	203	100	103	56	18	27	11	0	randomSolver	95,235	86,946	86	97	0	99	49,241	18,939	18	56	0	67	54,61	100	203
TFS-0.05-agents19.json	203	100	103	57	19	27	11	0	referenceSolver	97,384	92,371	92	99	0	98	47,138	18,697	18	55	0	63	1,205	91,626	186
TFS-0.05-agents19.json	203	100	103	57	19	27	11	0	randomSolver	96,224	88,832	88	98	0	98	48,597	18,697	18	55	0	67	62,426	100	203
TFS-0.05-agents2.json	203	100	103	40	2	27	11	0	referenceSolver	98,806	93,003	93	99	0	98	55,112	25,521	25	53	0	61	0,638	49,261	100
TFS-0.05-agents2.json	203	100	103	40	2	27	11	0	randomSolver	97,081	71,215	71	98	0	98	60,293	58,333	58	56	0	68	45,952	78,325	159
TFS-0.05-agents20.json	203	100	103	58	20	27	11	0	referenceSolver	97,49	91,497	91	99	0	99	47,217	19,189	19	55	0	62	2,68	93,596	190
TFS-0.05-agents20.json	203	100	103	58	20	27	11	0	randomSolver	95,623	87,376	87	98	0	99	49,405	18,939	18	56	0	67	100,82	100	203
TFS-0.05-agents21.json	203	100	103	59	21	27	11	0	referenceSolver	97,206	91,126	91	99	0	100	45,574	18,229	18	53	0	62	1,389	91,626	186
TFS-0.05-agents21.json	203	100	103	59	21	27	11	0	randomSolver	96,014	88,067	88	98	0	99	49,735	19,444	19	56	0	68	64,23	100	203
TFS-0.05-agents22.json	203	100	103	60	22	27	11	0	referenceSolver	97,181	92,284	92	98	0	99	45,689	17,785	17	55	0	61	1,425	91,626	186
TFS-0.05-agents22.json	203	100	103	60	22	27	11	0	randomSolver	96,513	91,322	91	98	0	98	47,663	17,157	17	56	0	65	60,475	100	203
TFS-0.05-agents23.json	203	100	103	61	23	27	11	0	referenceSolver	97,93	93,76	93	99	0	99	45,693	17,157	17	54	0	63	1,494	93,103	189
TFS-0.05-agents23.json	203	100	103	61	23	27	11	0	randomSolver	95,641	87,534	87	98	0	98	49,902	19,444	19	56	0	69	60,207	100	203
TFS-0.05-agents24.json	203	100	103	62	24	27	11	0	referenceSolver	98,258	95,228	95	99	0	99	45,198	17,157	17	55	0	59	2,512	91,626	186
TFS-0.05-agents24.json	203	100	103	62	24	27	11	0	randomSolver	95,628	86,745	86	98	0	98	49,569	19,189	19	56	0	67	111,889	100	203
TFS-0.05-agents26.json	203	100	103	64	26	27	11	0	referenceSolver	98,516	96,264	96	99	0	100	45,452	16,386	16	55	0	63	1,456	92,118	187
TFS-0.05-agents26.json	203	100	103	64	26	27	11	0	randomSolver	97,15	93,392	93	98	0	98	47,511	17,57	17	54	0	66	113,502	100	203
TFS-0.05-agents27.json	203	100	103	65	27	27	11	0	referenceSolver	97,557	92,938	92	99	0	99	45,79	17,57	17	54	0	63	1,708	92,611	188
TFS-0.05-agents27.json	203	100	103	65	27	27	11	0	randomSolver	96,413	91,581	91	98	0	98	48,597	17,157	17	57	0	67	75,095	100	203
TFS-0.05-agents28.json	203	100	103	66	28	27	11	0	referenceSolver	97,881	93,424	93	99	0	100	45,452	17,157	17	54	0	62	2,832	92,611	188
TFS-0.05-agents28.json	203	100	103	66	28	27	11	0	randomSolver	97,386	93,018	93	98	0	99	47,06	17,157	17	55	0	63	132,917	100	203
TFS-0.05-agents29.json	203	100	103	67	29	27	11	0	referenceSolver	97,937	94,314	94	99	0	99	45,574	17,157	17	54	0	64	4,025	91,626	186
TFS-0.05-agents29.json	203	100	103	67	29	27	11	0	randomSolver	96,418	90,075	90	98	0	99	49,405	18,46	18	56	0	68	180,486	100	203
TFS-0.05-agents3.json	203	100	103	41	3	27	11	0	referenceSolver	98,868	88,392	88	99	0	99	55,753	27,083	27	55	0	62	0,726	55,172	112
TFS-0.05-agents3.json	203	100	103	41	3	27	11	0	randomSolver	96	69,855	69	98	0	99	59,028	52,778	52	56	0	65	67,666	88,177	179
TFS-0.05-agents30.json	203	100	103	68	30	27	11	0	referenceSolver	98,102	94,282	94	99	0	100	45,421	16,957	16	55	0	60	1,619	92,118	187
TFS-0.05-agents30.json	203	100	103	68	30	27	11	0	randomSolver	97,049	92,683	92	98	0	98	47,209	16,762	16	55	0	67	114,412	100	203
TFS-0.05-agents31.json	203	100	103	69	31	27	11	0	referenceSolver	98,535	96,108	96	99	0	99	44,211	16,386	16	52	0	63	2,11	92,611	188
TFS-0.05-agents31.json	203	100	103	69	31	27	11	0	randomSolver	96,103	90,685	90	97	0	98	48,439	17,361	17	56	0	68	75,735	100	203
TFS-0.05-agents32.json	203	100	103	70	32	27	11	0	referenceSolver	98,741	96,802	96	99	0	100	45,298	15,851	15	56	0	63	3,011	92,611	188
TFS-0.05-agents32.json	203	100	103	70	32	27	11	0	randomSolver	95,752	87,783	87	98	0	98	48,439	18,229	18	55	0	66	154,759	100	203
TFS-0.05-agents34.json	203	100	103	72	34	27	11	0	referenceSolver	98,322	95,74	95	99	0	99	45,607	16,386	16	56	0	62	1,692	92,611	188
TFS-0.05-agents34.json	203	100	103	72	34	27	11	0	randomSolver	96,479	90,983	90	98	0	98	48,282	17,785	17	56	0	66	112,819	100	203
TFS-0.05-agents35.json	203	100	103	73	35	27	11	0	referenceSolver	98,18	95,104	95	99	0	99	45,441	17,57	17	54	0	60	1,857	92,611	188
TFS-0.05-agents35.json	203	100	103	73	35	27	11	0	randomSolver	97,157	92,17	92	98	0	99	48,282	17,361	17	56	0	66	74,38	100	203
TFS-0.05-agents36.json	203	100	103	74	36	27	11	0	referenceSolver	98,829	97,483	97	99	0	100	44,837	16,026	16	55	0	62	5,097	92,611	188
TFS-0.05-agents36.json	203	100	103	74	36	27	11	0	randomSolver	96,428	91,857	91	97	0	98	48,757	17,157	17	58	0	67	196,6	100	203
TFS-0.05-agents37.json	203	100	103	75	37	27	11	0	referenceSolver	98,205	96,189	96	99	0	99	45,693	16,204	16	56	0	64	3,841	93,103	189
TFS-0.05-agents37.json	203	100	103	75	37	27	11	0	randomSolver	96,605	90,493	90	98	0	99	48,282	17,785	17	55	0	67	146,423	100	203
TFS-0.05-agents38.json	203	100	103	76	38	27	11	0	referenceSolver	99,255	98,102	98	99	0	100	44,153	15,514	15	54	0	62	2,073	92,611	188
TFS-0.05-agents38.json	203	100	103	76	38	27	11	0	randomSolver	96,154	90,561	90	98	0	97	49,241	18,229	18	57	0	67	142,004	100	203
TFS-0.05-agents39.json	203	100	103	77	39	27	11	0	referenceSolver	98,479	96,052	96	99	0	99	43,495	16,386	16	51	0	61	3,756	92,611	188
TFS-0.05-agents39.json	203	100	103	77	39	27	11	0	randomSolver	97,948	96,064	96	98	0	99	47,209	16,026	16	57	0	64	128,512	100	203
TFS-0.05-agents4.json	203	100	103	42	4	27	11	0	referenceSolver	98,261	89,049	89	99	0	98	52,708	24,306	24	53	0	60	1,533	59,606	121
TFS-0.05-agents4.json	203	100	103	42	4	27	11	0	randomSolver	95,029	64,803	64	98	0	98	57,858	45,833	45	56	0	66	72,012	94,089	191
TFS-0.05-agents40.json	203	100	103	78	40	27	11	0	referenceSolver	99,283	99,065	99	99	0	99	43,877	15,351	15	53	0	63	2,659	93,596	190
TFS-0.05-agents40.json	203	100	103	78	40	27	11	0	randomSolver	96,881	92,022	92	98	0	100	47,511	16,762	16	57	0	63	109,96	100	203
TFS-0.05-agents41.json	203	100	103	79	41	27	11	0	referenceSolver	98,685	97,354	97	99	0	99	44,167	15,851	15	53	0	63	3,579	93,103	189
TFS-0.05-agents41.json	203	100	103	79	41	27	11	0	randomSolver	98,025	96,59	96	98	0	98	46,327	15,514	15	55	0	68	99,844	100	203
TFS-0.05-agents42.json	203	100	103	80	42	27	11	0	referenceSolver	98,661	96,118	96	99	0	100	44,504	16,204	16	54	0	62	2,205	92,611	188
TFS-0.05-agents42.json	203	100	103	80	42	27	11	0	randomSolver	96,753	92,575	92	98	0	98	48,757	17,157	17	57	0	69	77,925	100	203
TFS-0.05-agents43.json	203	100	103	81	43	27	11	0	referenceSolver	99,126	97,963	97	99	0	99	44,208	15,514	15	54	0	63	2,225	92,611	188
TFS-0.05-agents43.json	203	100	103	81	43	27	11	0	randomSolver	97,38	93,498	93	98	0	98	47,97	16,957	16	57	0	65	83,307	100	203
TFS-0.05-agents44.json	203	100	103	82	44	27	11	0	referenceSolver	98,753	97,543	97	99	0	99	44,74	15,681	15	55	0	63	4,05	93,596	190
TFS-0.05-agents44.json	203	100	103	82	44	27	11	0	randomSolver	97,216	93,78	93	98	0	99	47,816	16,762	16	56	0	66	160,874	100	203
TFS-0.05-agents45.json	203	100	103	83	45	27	11	0	referenceSolver	98,223	95,75	95	99	0	100	45,003	16,204	16	54	0	65	4,185	92,118	187
TFS-0.05-agents45.json	203	100	103	83	45	27	11	0	randomSolver	97,69	96,36	96	97	0	99	47,816	15,851	15	58	0	66	167,623	100	203
TFS-0.05-agents46.json	203	100	103	84	46	27	11	0	referenceSolver	98,467	95,91	95	99	0	99	45,137	16,572	16	54	0	62	2,625	92,611	188
TFS-0.05-agents46.json	203	100	103	84	46	27	11	0	randomSolver	97,629	95,245	95	98	0	99	47,663	16,204	16	56	0	68	94,26	100	203
TFS-0.05-agents47.json	203	100	103	85	47	27	11	0	referenceSolver	98,566	96,208	96	99	0	99	45,226	15,851	15	55	0	63	2,333	93,596	190
TFS-0.05-agents47.json	203	100	103	85	47	27	11	0	randomSolver	97,486	93,354	93	98	0	99	47,06	16,762	16	55	0	64	83,929	100	203
TFS-0.05-agents48.json	203	100	103	86	48	27	11	0	referenceSolver	98,718	96,775	96	99	0	99	43,635	15,851	15	53	0	61	4,355	92,118	187
TFS-0.05-agents48.json	203	100	103	86	48	27	11	0	randomSolver	97,531	94,059	94	98	0	99	47,663	16,762	16	57	0	64	205,791	100	203
TFS-0.05-agents49.json	203	100	103	87	49	27	11	0	referenceSolver	98,855	96,725	96	99	0	99	43,284	16,026	16	52	0	60	4,526	91,626	186
TFS-0.05-agents49.json	203	100	103	87	49	27	11	0	randomSolver	97,463	94,892	94	98	0	98	47,816	16,386	16	57	0	67	142,989	100	203
TFS-0.05-agents50.json	203	100	103	88	50	27	11	0	referenceSolver	98,638	96,537	96	99	0	100	43,612	15,851	15	53	0	60	2,602	91,626	186
TFS-0.05-agents50.json	203	100	103	88	50	27	11	0	randomSolver	97,8	94,419	94	98	0	99	47,359	16,762	16	55	0	66	114,738	100	203
TFS-0.05-agents51.json	203	100	103	89	51	27	11	0	referenceSolver	98,972	97,969	97	99	0	99	44,104	15,514	15	55	0	60	2,44	92,611	188
TFS-0.05-agents51.json	203	100	103	89	51	27	11	0	randomSolver	97,592	94,323	94	98	0	99	47,06	16,386	16	55	0	66	88,823	100	203
TFS-0.05-agents52.json	203	100	103	90	52	27	11	0	referenceSolver	99,306	98,106	98	99	0	100	44,74	16,026	16	54	0	62	5,823	93,596	190
TFS-0.05-agents52.json	203	100	103	90	52	27	11	0	randomSolver	97,064	93,628	93	98	0	99	47,816	16,386	16	57	0	67	248,459	100	203
TFS-0.05-agents53.json	203	100	103	91	53	27	11	0	referenceSolver	98,727	97,208	97	99	0	99	43,966	16,204	16	53	0	62	7,629	91,626	186
TFS-0.05-agents53.json	203	100	103	91	53	27	11	0	randomSolver	97,99	96,849	96	98	0	98	46,911	16,026	16	56	0	66	184,875	100	203
TFS-0.05-agents54.json	203	100	103	92	54	27	11	0	referenceSolver	99,372	98,635	98	99	0	100	43,011	15,351	15	53	0	59	2,54	91,626	186
TFS-0.05-agents54.json	203	100	103	92	54	27	11	0	randomSolver	97,395	94,108	94	98	0	98	47,209	16,386	16	56	0	65	154,041	100	203
TFS-0.05-agents55.json	203	100	103	93	55	27	11	0	referenceSolver	98,897	97,32	97	99	0	100	44,059	15,681	15	54	0	61	2,505	93,596	190
TFS-0.05-agents55.json	203	100	103	93	55	27	11	0	randomSolver	98,093	96,845	96	98	0	98	46,764	15,514	15	58	0	63	94,036	100	203
TFS-0.05-agents56.json	203	100	103	94	56	27	11	0	referenceSolver	98,916	97,22	97	99	0	99	44,403	16,204	16	53	0	63	2,745	91,626	186
TFS-0.05-agents56.json	203	100	103	94	56	27	11	0	randomSolver	98,126	95,526	95	99	0	99	46,911	16,026	16	54	0	70	95,222	100	203
TFS-0.05-agents57.json	203	100	103	95	57	27	11	0	referenceSolver	99,264	99,077	99	99	0	99	42,891	15,191	15	53	0	60	4,434	91,626	186
TFS-0.05-agents57.json	203	100	103	95	57	27	11	0	randomSolver	98,012	95,363	95	99	0	99	47,511	16,572	16	56	0	67	168,025	100	203
TFS-0.05-agents58.json	203	100	103	96	58	27	11	0	referenceSolver	98,686	96,962	96	99	0	99	44,147	15,851	15	53	0	63	2,69	93,103	189
TFS-0.05-agents58.json	203	100	103	96	58	27	11	0	randomSolver	98,057	95,801	95	98	0	99	47,06	15,851	15	57	0	64	169,755	100	203
TFS-0.05-agents59.json	203	100	103	97	59	27	11	0	referenceSolver	98,758	97,315	97	99	0	99	44,252	15,851	15	53	0	64	4,978	92,611	188
TFS-0.05-agents59.json	203	100	103	97	59	27	11	0	randomSolver	97,687	95,735	95	98	0	99	48,126	16,204	16	58	0	67	97,722	100	203
TFS-0.05-agents6.json	203	100	103	44	6	27	11	0	referenceSolver	98,135	91,021	91	99	0	98	51,518	23,864	23	53	0	62	0,744	69,458	141
TFS-0.05-agents6.json	203	100	103	44	6	27	11	0	randomSolver	93,666	66,279	66	98	0	99	56,488	35,213	35	56	0	68	43,947	99,507	202
TFS-0.05-agents60.json	203	100	103	98	60	27	11	0	referenceSolver	99,242	99,009	99	99	0	99	43,531	15,034	15	54	0	62	5,466	91,626	186
TFS-0.05-agents60.json	203	100	103	98	60	27	11	0	randomSolver	97,619	95,494	95	98	0	98	46,911	15,851	15	56	0	66	168,905	100	203
TFS-0.05-agents61.json	203	100	103	99	61	27	11	0	referenceSolver	98,831	96,884	96	99	0	100	43,398	15,851	15	54	0	60	7,269	91,626	186
TFS-0.05-agents61.json	203	100	103	99	61	27	11	0	randomSolver	97,375	93,329	93	98	0	99	47,97	16,572	16	56	0	69	176,254	100	203
TFS-0.05-agents62.json	203	100	103	100	62	27	11	0	referenceSolver	99,132	98,181	98	99	0	99	44,647	15,351	15	55	0	63	2,948	92,611	188
TFS-0.05-agents62.json	203	100	103	100	62	27	11	0	randomSolver	97,56	94,193	94	99	0	98	46,183	16,026	16	54	0	65	98,481	100	203
TFS-0.05-agents63.json	203	100	103	101	63	27	11	0	referenceSolver	98,776	97,832	97	99	0	99	43,246	15,351	15	52	0	63	3,036	92,611	188
TFS-0.05-agents63.json	203	100	103	101	63	27	11	0	randomSolver	98,36	97,482	97	98	0	98	46,471	15,191	15	56	0	67	100,361	100	203
TFS-0.05-agents65.json	203	100	103	103	65	27	11	0	referenceSolver	98,729	97,566	97	99	0	99	44,398	15,681	15	54	0	63	5,232	92,118	187
TFS-0.05-agents65.json	203	100	103	103	65	27	11	0	randomSolver	97,648	95,965	95	98	0	98	46,764	15,851	15	56	0	66	173,429	100	203
TFS-0.05-agents66.json	203	100	103	104	66	27	11	0	referenceSolver	99,27	98,611	98	99	0	99	43,716	15,191	15	54	0	62	4,031	92,611	188
TFS-0.05-agents66.json	203	100	103	104	66	27	11	0	randomSolver	98,118	95,955	95	99	0	98	45,756	15,851	15	55	0	62	120,525	100	203
TFS-0.05-agents67.json	203	100	103	105	67	27	11	0	referenceSolver	99,152	99,33	99	99	0	99	43,675	15,351	15	53	0	63	3,408	92,611	188
TFS-0.05-agents67.json	203	100	103	105	67	27	11	0	randomSolver	98,121	96,449	96	98	0	98	46,617	15,681	15	55	0	67	104,222	100	203
TFS-0.05-agents68.json	203	100	103	106	68	27	11	0	referenceSolver	99,119	98,455	98	99	0	99	44,449	15,351	15	54	0	64	6,879	93,596	190
TFS-0.05-agents68.json	203	100	103	106	68	27	11	0	randomSolver	97,839	96,912	96	97	0	98	46,327	15,514	15	56	0	65	212,327	100	203
TFS-0.05-agents69.json	203	100	103	107	69	27	11	0	referenceSolver	99,145	98,355	98	99	0	99	43,777	15,034	15	54	0	62	5,853	92,611	188
TFS-0.05-agents69.json	203	100	103	107	69	27	11	0	randomSolver	97,89	96,891	96	98	0	98	47,209	15,681	15	57	0	67	179,816	100	203
TFS-0.05-agents7.json	203	100	103	45	7	27	11	0	referenceSolver	96,705	81,142	81	99	0	99	53,269	26,802	26	56	0	61	1,41	77,34	157
TFS-0.05-agents7.json	203	100	103	45	7	27	11	0	randomSolver	93,174	66,652	66	98	0	98	54,672	31,703	31	56	0	65	52,948	100	203
TFS-0.05-agents70.json	203	100	103	108	70	27	11	0	referenceSolver	99,613	99,026	99	100	0	99	43,109	15,034	15	52	0	63	3,663	92,611	188
TFS-0.05-agents70.json	203	100	103	108	70	27	11	0	randomSolver	97,031	94,399	94	97	0	98	47,816	16,204	16	57	0	67	118,779	100	203
TFS-0.05-agents8.json	203	100	103	46	8	27	11	0	referenceSolver	95,787	80,129	80	99	0	98	50,662	27,178	27	53	0	60	1,954	82,759	168
TFS-0.05-agents8.json	203	100	103	46	8	27	11	0	randomSolver	93,682	71,308	71	98	0	99	53,492	28,045	28	56	0	65	91,043	100	203
TFS-0.05-agents9.json	203	100	103	47	9	27	11	0	referenceSolver	96,764	83,954	83	99	0	100	50,284	26,313	26	52	0	62	1,663	83,251	169
TFS-0.05-agents9.json	203	100	103	47	9	27	11	0	randomSolver	93,76	73,539	73	98	0	98	52,921	26,515	26	56	0	66	111,819	100	203
TFS-0.1-agents1.json	302	199	103	39	1	27	11	0	referenceSolver	98,599	79,311	79	99	0	99	56,098	60,417	60	53	0	61	0,829	38,079	115
TFS-0.1-agents1.json	302	199	103	39	1	27	11	0	randomSolver	97,96	73,497	73	98	0	99	59,06	66,667	66	56	0	64	37,022	44,702	135
TFS-0.1-agents10.json	302	199	103	48	10	27	11	0	referenceSolver	92,252	70,516	70	99	0	99	51,77	37,96	37	52	0	64	2,266	87,748	265
TFS-0.1-agents10.json	302	199	103	48	10	27	11	0	randomSolver	89,388	59,36	59	98	0	99	56,25	41,82	41	57	0	67	144,412	98,675	298
TFS-0.1-agents11.json	302	199	103	49	11	27	11	0	referenceSolver	92,43	72,659	72	99	0	99	51,352	34,093	34	55	0	62	2,238	86,755	262
TFS-0.1-agents11.json	302	199	103	49	11	27	11	0	randomSolver	90,532	65,301	65	98	0	99	54,698	38,5	38	56	0	67	182,138	99,669	301
TFS-0.1-agents12.json	302	199	103	50	12	27	11	0	referenceSolver	92,027	72,926	72	98	0	100	49,728	33,542	33	53	0	60	1,521	89,404	270
TFS-0.1-agents12.json	302	199	103	50	12	27	11	0	randomSolver	90,081	64,595	64	99	0	98	53,316	36,735	36	55	0	67	128,898	100	302
TFS-0.1-agents13.json	302	199	103	51	13	27	11	0	referenceSolver	91,917	73,504	73	99	0	99	49,65	30,843	30	54	0	63	1,555	90,397	273
TFS-0.1-agents13.json	302	199	103	51	13	27	11	0	randomSolver	90,061	67,645	67	98	0	98	53,49	34,549	34	57	0	68	75,199	100	302
TFS-0.1-agents15.json	302	199	103	53	15	27	11	0	referenceSolver	93,321	80,096	80	99	0	98	46,203	28,136	28	52	0	59	3,12	91,722	277
TFS-0.1-agents15.json	302	199	103	53	15	27	11	0	randomSolver	90,308	69,955	69	98	0	99	50,983	30,873	30	56	0	66	127,054	100	302
TFS-0.1-agents16.json	302	199	103	54	16	27	11	0	referenceSolver	93,41	80,005	80	99	0	100	47,093	27,988	27	53	0	62	2,225	91,391	276
TFS-0.1-agents16.json	302	199	103	54	16	27	11	0	randomSolver	91,434	74,03	74	99	0	98	50,666	29,021	29	57	0	67	87,149	100	302
TFS-0.1-agents17.json	302	199	103	55	17	27	11	0	referenceSolver	92,284	78,102	78	99	0	99	46,541	26,278	26	54	0	63	2,166	92,384	279
TFS-0.1-agents17.json	302	199	103	55	17	27	11	0	randomSolver	90,017	71,978	71	97	0	99	49,14	27,639	27	55	0	66	83,624	100	302
TFS-0.1-agents18.json	302	199	103	56	18	27	11	0	referenceSolver	92,709	79,174	79	99	0	99	46,928	26,783	26	55	0	60	3,843	92,053	278
TFS-0.1-agents18.json	302	199	103	56	18	27	11	0	randomSolver	90,902	75,069	75	98	0	99	49,438	25,911	25	58	0	68	162,577	100	302
TFS-0.1-agents19.json	302	199	103	57	19	27	11	0	referenceSolver	92,576	79,365	79	99	0	99	45,71	26,331	26	52	0	61	3,472	93,046	281
TFS-0.1-agents19.json	302	199	103	57	19	27	11	0	randomSolver	92,364	78,733	78	99	0	99	48,126	25,457	25	56	0	65	172,931	100	302
TFS-0.1-agents2.json	302	199	103	40	2	27	11	0	referenceSolver	97,993	78,492	78	99	0	99	55,393	54,167	54	52	0	61	0,706	46,358	140
TFS-0.1-agents2.json	302	199	103	40	2	27	11	0	randomSolver	97,461	72,165	72	99	0	98	59,714	65,625	65	56	0	65	46,298	54,967	166
TFS-0.1-agents20.json	302	199	103	58	20	27	11	0	referenceSolver	93,218	81,32	81	99	0	99	45,194	24,515	24	53	0	64	2,108	93,709	283
TFS-0.1-agents20.json	302	199	103	58	20	27	11	0	randomSolver	92,185	79,676	79	98	0	99	48,268	25,018	25	58	0	63	106,719	100	302
TFS-0.1-agents21.json	302	199	103	59	21	27	11	0	referenceSolver	92,759	80,594	80	99	0	99	45,004	23,897	23	54	0	62	1,958	94,371	285
TFS-0.1-agents21.json	302	199	103	59	21	27	11	0	randomSolver	91,019	76,036	76	98	0	98	47,984	25,236	25	56	0	67	87,103	100	302
TFS-0.1-agents22.json	302	199	103	60	22	27	11	0	referenceSolver	93,734	84,327	84	99	0	99	43,947	22,983	22	53	0	63	4,105	94,371	285
TFS-0.1-agents22.json	302	199	103	60	22	27	11	0	randomSolver	90,873	76,177	76	98	0	99	47,564	24,594	24	56	0	66	175,666	100	302
TFS-0.1-agents23.json	302	199	103	61	23	27	11	0	referenceSolver	93,042	82,002	82	99	0	99	44,199	23,668	23	52	0	63	4,521	94,04	284
TFS-0.1-agents23.json	302	199	103	61	23	27	11	0	randomSolver	92,51	80,948	80	98	0	98	47,152	23,788	23	56	0	66	178,568	100	302
TFS-0.1-agents24.json	302	199	103	62	24	27	11	0	referenceSolver	94,215	84,7	84	99	0	100	44,208	22,917	22	54	0	62	2,341	95,364	288
TFS-0.1-agents24.json	302	199	103	62	24	27	11	0	randomSolver	92,222	81,881	81	97	0	98	45,957	22,497	22	56	0	65	140,911	100	302
TFS-0.1-agents25.json	302	199	103	63	25	27	11	0	referenceSolver	94,303	85,852	85	99	0	99	44,733	22,384	22	56	0	62	2,332	95,364	288
TFS-0.1-agents25.json	302	199	103	63	25	27	11	0	randomSolver	92,449	81,573	81	98	0	98	45,827	22,324	22	56	0	65	97,185	100	302
TFS-0.1-agents26.json	302	199	103	64	26	27	11	0	referenceSolver	94,766	87,37	87	99	0	99	42,723	21,232	21	54	0	62	2,331	94,371	285
TFS-0.1-agents26.json	302	199	103	64	26	27	11	0	randomSolver	92,178	80,514	80	98	0	99	46,348	22,851	22	56	0	65	96,177	100	302
TFS-0.1-agents27.json	302	199	103	65	27	27	11	0	referenceSolver	94,957	88,108	88	99	0	99	42,938	20,521	20	55	0	63	6,1	94,702	286
TFS-0.1-agents27.json	302	199	103	65	27	27	11	0	randomSolver	91,888	79,506	79	98	0	98	46,086	22,851	22	56	0	65	171,846	100	302
TFS-0.1-agents28.json	302	199	103	66	28	27	11	0	referenceSolver	94,729	87,239	87	99	0	99	41,16	20,232	20	52	0	61	2,51	94,371	285
TFS-0.1-agents28.json	302	199	103	66	28	27	11	0	randomSolver	91,647	79,711	79	98	0	99	46,48	22,497	22	57	0	66	100,855	100	302
TFS-0.1-agents29.json	302	199	103	67	29	27	11	0	referenceSolver	93,691	83,928	83	99	0	100	43,676	22,042	22	55	0	61	2,633	94,702	286
TFS-0.1-agents29.json	302	199	103	67	29	27	11	0	randomSolver	92,971	83,629	83	98	0	99	45,445	21,82	21	56	0	65	104,498	100	302
TFS-0.1-agents3.json	302	199	103	41	3	27	11	0	referenceSolver	97,267	74,75	74	99	0	99	56,063	52,083	52	55	0	59	0,815	53,974	163
TFS-0.1-agents3.json	302	199	103	41	3	27	11	0	randomSolver	96,684	69,15	69	98	0	99	58,782	63,889	63	55	0	64	65,359	64,57	195
TFS-0.1-agents30.json	302	199	103	68	30	27	11	0	referenceSolver	94,501	87,234	87	99	0	99	42,581	20,97	20	54	0	63	2,692	93,709	283
TFS-0.1-agents30.json	302	199	103	68	30	27	11	0	randomSolver	93,205	84,16	84	98	0	99	45,318	21,339	21	56	0	67	154,555	100	302
TFS-0.1-agents31.json	302	199	103	69	31	27	11	0	referenceSolver	94,547	87,734	87	99	0	99	41,346	19,51	19	55	0	61	3,071	94,04	284
TFS-0.1-agents31.json	302	199	103	69	31	27	11	0	randomSolver	93,679	85,736	85	98	0	99	44,454	20,437	20	56	0	65	116,93	100	302
TFS-0.1-agents32.json	302	199	103	70	32	27	11	0	referenceSolver	94,778	87,771	87	99	0	99	41,574	19,777	19	53	0	63	2,884	94,702	286
TFS-0.1-agents32.json	302	199	103	70	32	27	11	0	randomSolver	93,676	85,019	85	98	0	99	43,856	20,582	20	54	0	65	108,643	100	302
TFS-0.1-agents33.json	302	199	103	71	33	27	11	0	referenceSolver	94,562	87,931	87	99	0	99	41,987	19,777	19	56	0	60	3,174	94,371	285
TFS-0.1-agents33.json	302	199	103	71	33	27	11	0	randomSolver	94,839	89,148	89	99	0	97	43,739	19,477	19	56	0	67	115,405	100	302
TFS-0.1-agents34.json	302	199	103	72	34	27	11	0	referenceSolver	95,548	89,921	89	99	0	100	40,484	18,723	18	54	0	61	5,623	94,371	285
TFS-0.1-agents34.json	302	199	103	72	34	27	11	0	randomSolver	94,555	88,387	88	98	0	99	44,697	20,153	20	57	0	67	234,073	100	302
TFS-0.1-agents35.json	302	199	103	73	35	27	11	0	referenceSolver	95,434	89,947	89	99	0	99	40,819	19,477	19	52	0	62	6,674	95,033	287
TFS-0.1-agents35.json	302	199	103	73	35	27	11	0	randomSolver	94,283	86,737	86	98	0	99	44,697	20,437	20	56	0	68	240,297	100	302
TFS-0.1-agents36.json	302	199	103	74	36	27	11	0	referenceSolver	94,989	89,214	89	99	0	99	40,561	18,968	18	53	0	62	3,86	94,371	285
TFS-0.1-agents36.json	302	199	103	74	36	27	11	0	randomSolver	93,532	86,77	86	97	0	98	43,975	19,609	19	56	0	68	207,793	100	302
TFS-0.1-agents37.json	302	199	103	75	37	27	11	0	referenceSolver	95,184	89,179	89	99	0	99	41,121	19,093	19	55	0	61	3,232	95,033	287
TFS-0.1-agents37.json	302	199	103	75	37	27	11	0	randomSolver	93,857	86,711	86	98	0	98	43,622	19,609	19	57	0	63	143,235	100	302
TFS-0.1-agents38.json	302	199	103	76	38	27	11	0	referenceSolver	95,267	89,386	89	99	0	98	41,837	19,742	19	55	0	61	9,538	94,702	286
TFS-0.1-agents38.json	302	199	103	76	38	27	11	0	randomSolver	95,192	89,242	89	99	0	99	42,266	18,485	18	55	0	64	329,821	100	302
TFS-0.1-agents39.json	302	199	103	77	39	27	11	0	referenceSolver	96,623	93,162	93	99	0	99	39,382	17,804	17	53	0	61	6,607	94,371	285
TFS-0.1-agents39.json	302	199	103	77	39	27	11	0	randomSolver	94,689	88,985	88	98	0	98	43,739	19,219	19	57	0	66	220,331	100	302
TFS-0.1-agents4.json	302	199	103	42	4	27	11	0	referenceSolver	96,578	74,473	74	99	0	99	56,444	48,958	48	54	0	63	3,397	60,265	182
TFS-0.1-agents4.json	302	199	103	42	4	27	11	0	randomSolver	95,176	67,409	67	98	0	99	58,885	61,458	61	56	0	63	127,814	73,179	221
TFS-0.1-agents40.json	302	199	103	78	40	27	11	0	referenceSolver	95,375	89,656	89	99	0	99	41,147	19,219	19	54	0	62	3,587	95,033	287
TFS-0.1-agents40.json	302	199	103	78	40	27	11	0	randomSolver	94,083	87,352	87	98	0	99	44,213	19,219	19	59	0	66	124,937	100	302
TFS-0.1-agents41.json	302	199	103	79	41	27	11	0	referenceSolver	96,115	91,983	91	99	0	99	41,228	18,603	18	56	0	64	3,771	94,702	286
TFS-0.1-agents41.json	302	199	103	79	41	27	11	0	randomSolver	95,268	89,953	89	99	0	98	42,708	18,485	18	57	0	63	150,961	100	302
TFS-0.1-agents42.json	302	199	103	80	42	27	11	0	referenceSolver	96,263	92,009	92	99	0	99	38,636	17,482	17	53	0	60	6,381	94,371	285
TFS-0.1-agents42.json	302	199	103	80	42	27	11	0	randomSolver	93,471	85,963	85	98	0	98	44,093	19,609	19	57	0	67	309,488	100	302
TFS-0.1-agents44.json	302	199	103	82	44	27	11	0	referenceSolver	96,628	92,645	92	99	0	100	40,026	18,025	18	55	0	60	4,054	94,371	285
TFS-0.1-agents44.json	302	199	103	82	44	27	11	0	randomSolver	95,519	90,646	90	98	0	98	41,94	18,252	18	54	0	66	266,505	100	302
TFS-0.1-agents45.json	302	199	103	83	45	27	11	0	referenceSolver	96,464	92,635	92	99	0	100	40,006	18,025	18	55	0	61	4,324	94,371	285
TFS-0.1-agents45.json	302	199	103	83	45	27	11	0	randomSolver	95,271	89,969	89	98	0	99	43,275	18,968	18	56	0	68	282,127	100	302
TFS-0.1-agents46.json	302	199	103	84	46	27	11	0	referenceSolver	95,741	91	90	99	0	98	39,606	18,025	18	54	0	60	7,14	94,371	285
TFS-0.1-agents46.json	302	199	103	84	46	27	11	0	randomSolver	94,422	88,511	88	98	0	98	43,275	19,347	19	56	0	64	229,987	100	302
TFS-0.1-agents47.json	302	199	103	85	47	27	11	0	referenceSolver	96,587	93,104	93	99	0	99	39,945	17,914	17	53	0	64	7,045	95,033	287
TFS-0.1-agents47.json	302	199	103	85	47	27	11	0	randomSolver	95,687	90,729	90	99	0	99	41,619	17,914	17	54	0	67	354,857	100	302
TFS-0.1-agents48.json	302	199	103	86	48	27	11	0	referenceSolver	97,185	94,301	94	99	0	99	39,125	17,274	17	53	0	62	4,428	95,695	289
TFS-0.1-agents48.json	302	199	103	86	48	27	11	0	randomSolver	94,554	88,66	88	98	0	99	42,708	18,603	18	56	0	64	140,755	100	302
TFS-0.1-agents49.json	302	199	103	87	49	27	11	0	referenceSolver	96,44	93,209	93	99	0	98	39,277	17,482	17	54	0	61	8,007	94,371	285
TFS-0.1-agents49.json	302	199	103	87	49	27	11	0	randomSolver	95,05	89,801	89	98	0	98	42,376	17,914	17	56	0	69	345,498	100	302
TFS-0.1-agents5.json	302	199	103	43	5	27	11	0	referenceSolver	94,961	69,706	69	99	0	99	55,128	45,833	45	54	0	62	2,686	65,563	198
TFS-0.1-agents5.json	302	199	103	43	5	27	11	0	randomSolver	94,627	66,34	66	98	0	99	60,662	58,75	58	57	0	68	101,123	80,795	244
TFS-0.1-agents50.json	302	199	103	88	50	27	11	0	referenceSolver	96,487	92,762	92	99	0	99	40,346	18,025	18	55	0	62	8,289	95,695	289
TFS-0.1-agents50.json	302	199	103	88	50	27	11	0	randomSolver	94,643	88,205	88	98	0	99	42,933	18,968	18	56	0	65	251,119	100	302
TFS-0.1-agents51.json	302	199	103	89	51	27	11	0	referenceSolver	97,17	94,747	94	98	0	99	39,793	17,172	17	55	0	63	4,607	95,364	288
TFS-0.1-agents51.json	302	199	103	89	51	27	11	0	randomSolver	95,458	91,296	91	98	0	98	43,275	18,485	18	58	0	67	152,883	100	302
TFS-0.1-agents52.json	302	199	103	90	52	27	11	0	referenceSolver	97,035	93,623	93	99	0	99	38,778	17,274	17	52	0	62	4,681	95,033	287
TFS-0.1-agents52.json	302	199	103	90	52	27	11	0	randomSolver	95,925	92,208	92	98	0	99	41,832	17,482	17	57	0	65	183,767	100	302
TFS-0.1-agents53.json	302	199	103	91	53	27	11	0	referenceSolver	96,663	93,491	93	98	0	99	38,459	17,482	17	51	0	62	7,095	95,033	287
TFS-0.1-agents53.json	302	199	103	91	53	27	11	0	randomSolver	95,331	90,409	90	99	0	97	41,94	18,252	18	54	0	66	175,022	100	302
TFS-0.1-agents54.json	302	199	103	92	54	27	11	0	referenceSolver	96,534	93,125	93	99	0	99	39,702	17,378	17	56	0	61	9,206	94,371	285
TFS-0.1-agents54.json	302	199	103	92	54	27	11	0	randomSolver	95,776	92,653	92	97	0	98	42,048	17,696	17	57	0	64	300,396	100	302
TFS-0.1-agents56.json	302	199	103	94	56	27	11	0	referenceSolver	97,361	95,005	95	99	0	99	38,155	16,775	16	53	0	61	5,675	94,371	285
TFS-0.1-agents56.json	302	199	103	94	56	27	11	0	randomSolver	96,424	92,685	92	99	0	99	41,198	17,274	17	55	0	65	181,736	100	302
TFS-0.1-agents57.json	302	199	103	95	57	27	11	0	referenceSolver	97,161	94,109	94	99	0	99	38,2	17,274	17	51	0	62	6,051	94,371	285
TFS-0.1-agents57.json	302	199	103	95	57	27	11	0	randomSolver	94,467	89,414	89	97	0	99	43,275	18,138	18	59	0	67	223,12	100	302
TFS-0.1-agents58.json	302	199	103	96	58	27	11	0	referenceSolver	97,195	94,143	94	99	0	100	38,804	16,971	16	53	0	63	11,786	95,033	287
TFS-0.1-agents58.json	302	199	103	96	58	27	11	0	randomSolver	94,881	90,997	90	97	0	99	42,597	17,588	17	58	0	69	347,801	100	302
TFS-0.1-agents59.json	302	199	103	97	59	27	11	0	referenceSolver	97,798	96,008	96	99	0	99	38,772	16,489	16	55	0	62	9,995	95,033	287
TFS-0.1-agents59.json	302	199	103	97	59	27	11	0	randomSolver	96,719	93,605	93	98	0	99	40,889	16,775	16	56	0	66	361,026	100	302
TFS-0.1-agents6.json	302	199	103	44	6	27	11	0	referenceSolver	95,054	71,398	71	99	0	99	53,327	42,361	42	53	0	61	1,094	68,874	208
TFS-0.1-agents6.json	302	199	103	44	6	27	11	0	randomSolver	94,078	64,765	64	99	0	100	57,36	54,861	54	54	0	65	84,701	86,424	261
TFS-0.1-agents60.json	302	199	103	98	60	27	11	0	referenceSolver	97,25	94,132	94	99	0	100	39,784	17,588	17	55	0	62	5,363	94,702	286
TFS-0.1-agents60.json	302	199	103	98	60	27	11	0	randomSolver	95,568	91,4	91	98	0	98	41,725	17,588	17	57	0	63	167,587	100	302
TFS-0.1-agents61.json	302	199	103	99	61	27	11	0	referenceSolver	97,625	95,656	95	99	0	99	38,053	16,489	16	53	0	60	6,476	94,371	285
TFS-0.1-agents61.json	302	199	103	99	61	27	11	0	randomSolver	95,23	90,94	90	98	0	98	41,94	17,588	17	56	0	67	181,142	100	302
TFS-0.1-agents62.json	302	199	103	100	62	27	11	0	referenceSolver	97,279	94,476	94	99	0	99	39,1	16,873	16	54	0	62	11,622	95,364	288
TFS-0.1-agents62.json	302	199	103	100	62	27	11	0	randomSolver	95,498	92,154	92	97	0	99	41,832	17,588	17	56	0	67	450,362	100	302
TFS-0.1-agents63.json	302	199	103	101	63	27	11	0	referenceSolver	96,796	93,45	93	99	0	100	40,093	17,588	17	55	0	64	10,197	95,364	288
TFS-0.1-agents63.json	302	199	103	101	63	27	11	0	randomSolver	95,774	92,319	92	98	0	98	42,048	17,696	17	56	0	67	681,495	100	302
TFS-0.1-agents64.json	302	199	103	102	64	27	11	0	referenceSolver	97,034	94,36	94	99	0	99	38,683	16,971	16	54	0	60	5,997	94,371	285
TFS-0.1-agents64.json	302	199	103	102	64	27	11	0	randomSolver	95,862	92,02	92	99	0	98	41,408	17,172	17	56	0	67	174,41	100	302
TFS-0.1-agents65.json	302	199	103	103	65	27	11	0	referenceSolver	97,473	95,011	95	99	0	99	38,544	16,489	16	54	0	62	5,791	94,702	286
TFS-0.1-agents65.json	302	199	103	103	65	27	11	0	randomSolver	95,923	92,409	92	98	0	99	41,619	17,172	17	56	0	68	175,927	100	302
TFS-0.1-agents66.json	302	199	103	104	66	27	11	0	referenceSolver	97,531	95,173	95	99	0	100	38,059	16,583	16	52	0	64	8,535	94,371	285
TFS-0.1-agents66.json	302	199	103	104	66	27	11	0	randomSolver	95,764	92,129	92	98	0	97	41,725	17,274	17	56	0	68	285,674	100	302
TFS-0.1-agents67.json	302	199	103	105	67	27	11	0	referenceSolver	97,235	94,247	94	99	0	99	38,732	17,071	17	53	0	63	6,093	95,033	287
TFS-0.1-agents67.json	302	199	103	105	67	27	11	0	randomSolver	95,442	91,726	91	98	0	97	42,157	17,588	17	57	0	66	259,842	100	302
TFS-0.1-agents68.json	302	199	103	106	68	27	11	0	referenceSolver	97,474	95,038	95	99	0	99	37,982	16,304	16	52	0	63	6,096	95,033	287
TFS-0.1-agents68.json	302	199	103	106	68	27	11	0	randomSolver	96,32	93,423	93	98	0	98	41,303	16,873	16	56	0	68	181,854	100	302
TFS-0.1-agents69.json	302	199	103	107	69	27	11	0	referenceSolver	97,361	94,843	94	99	0	99	38,382	16,489	16	54	0	62	6,39	95,033	287
TFS-0.1-agents69.json	302	199	103	107	69	27	11	0	randomSolver	96,335	93,142	93	98	0	98	40,889	17,172	17	55	0	64	301,561	100	302
TFS-0.1-agents7.json	302	199	103	45	7	27	11	0	referenceSolver	93,976	71,373	71	99	0	98	53,792	40,476	40	56	0	59	1,211	73,841	223
TFS-0.1-agents7.json	302	199	103	45	7	27	11	0	randomSolver	92,501	61,989	61	98	0	99	57,737	51,488	51	56	0	64	128,221	91,391	276
TFS-0.1-agents70.json	302	199	103	108	70	27	11	0	referenceSolver	97,944	96,731	96	98	0	99	37,665	16,123	16	53	0	60	11,552	94,371	285
TFS-0.1-agents70.json	302	199	103	108	70	27	11	0	randomSolver	96,251	93,25	93	98	0	99	41,095	17,071	17	55	0	66	495,371	100	302
TFS-0.1-agents8.json	302	199	103	46	8	27	11	0	referenceSolver	93,173	71,123	71	98	0	99	53,234	42,708	42	53	0	62	2,143	83,444	252
TFS-0.1-agents8.json	302	199	103	46	8	27	11	0	randomSolver	91,944	65,109	65	98	0	99	57,899	47,917	47	57	0	67	213,434	95,033	287
TFS-0.1-agents9.json	302	199	103	47	9	27	11	0	referenceSolver	92,479	66,946	66	99	0	100	52,415	37,534	37	53	0	63	3,85	80,464	243
TFS-0.1-agents9.json	302	199	103	47	9	27	11	0	randomSolver	90,974	63,753	63	98	0	98	56,534	43,75	43	57	0	65	125,021	96,689	292
TFS-0.15-agents1.json	401	298	103	39	1	27	11	0	referenceSolver	99,059	84,66	84	99	0	99	58,382	52,083	52	56	0	63	1,095	28,678	115
TFS-0.15-agents1.json	401	298	103	39	1	27	11	0	randomSolver	97,544	77,338	77	98	0	97	59,321	50	50	55	0	68	39,903	31,671	127
TFS-0.15-agents10.json	401	298	103	48	10	27	11	0	referenceSolver	93,091	74,025	74	99	0	99	52,606	38,958	38	54	0	63	1,744	68,579	275
TFS-0.15-agents10.json	401	298	103	48	10	27	11	0	randomSolver	90,582	64,873	64	98	0	98	57,873	51,458	51	56	0	67	117,7	87,282	350
TFS-0.15-agents11.json	401	298	103	49	11	27	11	0	referenceSolver	92,399	72,833	72	99	0	99	51,209	37,61	37	53	0	62	1,647	70,324	282
TFS-0.15-agents11.json	401	298	103	49	11	27	11	0	randomSolver	89,873	63,9	63	98	0	98	57,683	49,053	49	57	0	67	106,258	90,274	362
TFS-0.15-agents12.json	401	298	103	50	12	27	11	0	referenceSolver	92,282	73,94	73	99	0	99	51,284	38,479	38	53	0	62	3,498	76,559	307
TFS-0.15-agents12.json	401	298	103	50	12	27	11	0	randomSolver	88,365	62,143	62	97	0	99	56,515	46,875	46	58	0	64	368,645	93,017	373
TFS-0.15-agents13.json	401	298	103	51	13	27	11	0	referenceSolver	91,555	73,136	73	99	0	99	50,935	39,103	39	53	0	62	3,439	82,793	332
TFS-0.15-agents13.json	401	298	103	51	13	27	11	0	randomSolver	88,496	63,081	63	98	0	99	54,835	44,231	44	55	0	67	211,08	94,514	379
TFS-0.15-agents14.json	401	298	103	52	14	27	11	0	referenceSolver	89,917	68,893	68	99	0	99	51,072	38,585	38	54	0	62	2,187	85,536	343
TFS-0.15-agents14.json	401	298	103	52	14	27	11	0	randomSolver	87,565	62,633	62	98	0	98	54,902	42,848	42	58	0	64	134,342	96,758	388
TFS-0.15-agents15.json	401	298	103	53	15	27	11	0	referenceSolver	90,287	71,73	71	99	0	99	49,782	34,916	34	54	0	62	2,083	84,289	338
TFS-0.15-agents15.json	401	298	103	53	15	27	11	0	randomSolver	87,181	62,922	62	98	0	98	54,205	40,556	40	57	0	67	148,227	98,504	395
TFS-0.15-agents16.json	401	298	103	54	16	27	11	0	referenceSolver	90,876	74,337	74	99	0	99	48,808	33,144	33	54	0	62	2,314	84,289	338
TFS-0.15-agents16.json	401	298	103	54	16	27	11	0	randomSolver	88,35	66,563	66	99	0	98	51,603	38,281	38	54	0	65	112,48	99,002	397
TFS-0.15-agents17.json	401	298	103	55	17	27	11	0	referenceSolver	90,4	73,648	73	99	0	99	48,48	33,004	33	53	0	64	3,948	86,783	348
TFS-0.15-agents17.json	401	298	103	55	17	27	11	0	randomSolver	87,245	65,692	65	98	0	99	52,722	36,77	36	58	0	68	176,111	99,252	398
TFS-0.15-agents18.json	401	298	103	56	18	27	11	0	referenceSolver	91,07	77,259	77	99	0	99	46,787	31,064	31	53	0	61	2,668	86,783	348
TFS-0.15-agents18.json	401	298	103	56	18	27	11	0	randomSolver	87,033	66,803	66	98	0	98	52,077	35,047	35	59	0	67	181,264	100	401
TFS-0.15-agents19.json	401	298	103	57	19	27	11	0	referenceSolver	90,635	76,866	76	99	0	99	47,986	30,556	30	57	0	62	2,753	87,531	351
TFS-0.15-agents19.json	401	298	103	57	19	27	11	0	randomSolver	87,247	67,95	67	98	0	97	49,604	33,689	33	56	0	63	123,778	100	401
TFS-0.15-agents2.json	401	298	103	40	2	27	11	0	referenceSolver	98,134	84,616	84	99	0	98	55,304	51,042	51	53	0	59	1,004	33,915	136
TFS-0.15-agents2.json	401	298	103	40	2	27	11	0	randomSolver	96,501	78,944	78	97	0	97	60,169	56,25	56	58	0	65	42,057	39,152	157
TFS-0.15-agents20.json	401	298	103	58	20	27	11	0	referenceSolver	90,106	74,829	74	99	0	100	45,612	29,707	29	53	0	61	4,485	90,025	361
TFS-0.15-agents20.json	401	298	103	58	20	27	11	0	randomSolver	88,022	70,767	70	98	0	99	48,921	31,721	31	56	0	64	196,836	100	401
TFS-0.15-agents21.json	401	298	103	59	21	27	11	0	referenceSolver	89,8	74,006	74	99	0	99	47,892	32,357	32	55	0	62	5,474	92,768	372
TFS-0.15-agents21.json	401	298	103	59	21	27	11	0	randomSolver	87,568	69,672	69	98	0	98	48,52	31,042	31	56	0	65	203,913	100	401
TFS-0.15-agents22.json	401	298	103	60	22	27	11	0	referenceSolver	89,343	73,668	73	99	0	99	45,899	30,54	30	53	0	62	3,312	93,516	375
TFS-0.15-agents22.json	401	298	103	60	22	27	11	0	randomSolver	87,825	70,889	70	98	0	98	48,653	31,042	31	57	0	64	117,534	100	401
TFS-0.15-agents23.json	401	298	103	61	23	27	11	0	referenceSolver	90,502	77,573	77	99	0	99	45,425	28,249	28	55	0	60	3,096	90,773	364
TFS-0.15-agents23.json	401	298	103	61	23	27	11	0	randomSolver	86,744	69,129	69	98	0	98	47,482	29,167	29	57	0	64	120,877	100	401
TFS-0.15-agents25.json	401	298	103	63	25	27	11	0	referenceSolver	90,104	77,008	77	99	0	100	46,179	28,859	28	56	0	63	15,183	91,521	367
TFS-0.15-agents25.json	401	298	103	63	25	27	11	0	randomSolver	88,113	73,399	73	98	0	98	46,98	27,505	27	58	0	67	219,01	100	401
TFS-0.15-agents26.json	401	298	103	64	26	27	11	0	referenceSolver	90,949	79,23	79	99	0	99	43,649	27,273	27	51	0	63	3,947	93,766	376
TFS-0.15-agents26.json	401	298	103	64	26	27	11	0	randomSolver	89,737	76,264	76	99	0	99	45,418	26,993	26	54	0	66	152,274	100	401
TFS-0.15-agents27.json	401	298	103	65	27	27	11	0	referenceSolver	91,207	80,937	80	99	0	99	43,097	25,455	25	54	0	63	4,682	93,267	374
TFS-0.15-agents27.json	401	298	103	65	27	27	11	0	randomSolver	87,719	72,283	72	98	0	98	45,651	26,662	26	56	0	66	136,533	100	401
TFS-0.15-agents28.json	401	298	103	66	28	27	11	0	referenceSolver	90,901	79,737	79	99	0	100	44,406	26,923	26	55	0	62	7,843	93,267	374
TFS-0.15-agents28.json	401	298	103	66	28	27	11	0	randomSolver	89,245	77,242	77	97	0	98	44,619	25,715	25	55	0	65	321,121	100	401
TFS-0.15-agents29.json	401	298	103	67	29	27	11	0	referenceSolver	91,196	80,903	80	99	0	99	41,223	23,946	23	53	0	60	10,399	93,516	375
TFS-0.15-agents29.json	401	298	103	67	29	27	11	0	randomSolver	89,64	78,64	78	98	0	98	43,74	24,144	24	56	0	65	257,985	100	401
TFS-0.15-agents3.json	401	298	103	41	3	27	11	0	referenceSolver	97,988	85,948	85	99	0	99	56,196	50	50	54	0	61	1,688	39,401	158
TFS-0.15-agents3.json	401	298	103	41	3	27	11	0	randomSolver	97,386	79,538	79	99	0	99	60,102	62,5	62	56	0	67	108,593	48,13	193
TFS-0.15-agents30.json	401	298	103	68	30	27	11	0	referenceSolver	90,645	80,791	80	98	0	99	42,52	24,277	24	55	0	63	5,105	93,766	376
TFS-0.15-agents30.json	401	298	103	68	30	27	11	0	randomSolver	89,46	77,957	77	98	0	98	44,396	24,692	24	55	0	69	154,822	100	401
TFS-0.15-agents31.json	401	298	103	69	31	27	11	0	referenceSolver	92,083	82,889	82	99	0	99	42,436	24,193	24	55	0	61	5,149	93,516	375
TFS-0.15-agents31.json	401	298	103	69	31	27	11	0	randomSolver	89,629	78,643	78	98	0	99	43,956	24,144	24	56	0	67	148,747	100	401
TFS-0.15-agents33.json	401	298	103	71	33	27	11	0	referenceSolver	91,082	81,572	81	99	0	99	40,529	22,951	22	53	0	60	7,845	93,267	374
TFS-0.15-agents33.json	401	298	103	71	33	27	11	0	randomSolver	91,026	82,187	82	98	0	98	42,383	22,401	22	56	0	67	386,237	100	401
TFS-0.15-agents34.json	401	298	103	72	34	27	11	0	referenceSolver	92,084	84,064	84	98	0	99	41,459	23,285	23	54	0	63	4,817	94,015	377
TFS-0.15-agents34.json	401	298	103	72	34	27	11	0	randomSolver	89,72	78,737	78	98	0	98	43,419	24,01	24	56	0	63	158,633	100	401
TFS-0.15-agents35.json	401	298	103	73	35	27	11	0	referenceSolver	92,421	84,871	84	99	0	99	40,206	22,299	22	53	0	62	4,839	93,516	375
TFS-0.15-agents35.json	401	298	103	73	35	27	11	0	randomSolver	91,038	81,867	81	98	0	98	42,791	23,24	23	56	0	64	236,384	100	401
TFS-0.15-agents36.json	401	298	103	74	36	27	11	0	referenceSolver	92,77	84,905	84	99	0	100	41,406	23,333	23	53	0	66	5,105	93,267	374
TFS-0.15-agents36.json	401	298	103	74	36	27	11	0	randomSolver	90,391	81,138	81	97	0	100	42,081	22,06	22	56	0	66	200,167	100	401
TFS-0.15-agents37.json	401	298	103	75	37	27	11	0	referenceSolver	91,693	83,229	83	99	0	99	41,396	22,538	22	55	0	65	9,334	94,015	377
TFS-0.15-agents37.json	401	298	103	75	37	27	11	0	randomSolver	91,696	82,693	82	99	0	99	42,181	22,401	22	57	0	62	280,983	100	401
TFS-0.15-agents38.json	401	298	103	76	38	27	11	0	referenceSolver	92,994	86,331	86	99	0	99	39,401	21,325	21	53	0	62	6,633	94,514	379
TFS-0.15-agents38.json	401	298	103	76	38	27	11	0	randomSolver	91,3	83,048	83	98	0	99	41,982	22,06	22	57	0	63	187,604	100	401
TFS-0.15-agents39.json	401	298	103	77	39	27	11	0	referenceSolver	92,897	85,699	85	99	0	99	39,492	21,073	21	54	0	63	5,267	93,766	376
TFS-0.15-agents39.json	401	298	103	77	39	27	11	0	randomSolver	91,4	83,458	83	98	0	98	42,282	22,06	22	56	0	67	178,707	100	401
TFS-0.15-agents4.json	401	298	103	42	4	27	11	0	referenceSolver	97,891	83,63	83	99	0	100	55,685	51,042	51	54	0	61	1,139	45,885	184
TFS-0.15-agents4.json	401	298	103	42	4	27	11	0	randomSolver	96,281	77,92	77	98	0	98	60,466	63,021	63	56	0	67	55,992	55,86	224
TFS-0.15-agents40.json	401	298	103	78	40	27	11	0	referenceSolver	92,096	83,989	83	99	0	99	40,51	22,029	22	55	0	62	9,024	93,516	375
TFS-0.15-agents40.json	401	298	103	78	40	27	11	0	randomSolver	91,61	84,757	84	97	0	98	41,203	20,893	20	57	0	66	317,506	100	401
TFS-0.15-agents41.json	401	298	103	79	41	27	11	0	referenceSolver	91,942	84,005	84	99	0	100	39,799	21,652	21	53	0	64	5,765	94,015	377
TFS-0.15-agents41.json	401	298	103	79	41	27	11	0	randomSolver	91,158	82,593	82	98	0	98	41,883	22,286	22	56	0	63	177,745	100	401
TFS-0.15-agents42.json	401	298	103	80	42	27	11	0	referenceSolver	92,693	85,605	85	99	0	99	39,819	21,577	21	54	0	62	5,91	94,264	378
TFS-0.15-agents42.json	401	298	103	80	42	27	11	0	randomSolver	91,844	83,674	83	98	0	98	41,491	21,949	21	55	0	65	192,244	100	401
TFS-0.15-agents43.json	401	298	103	81	43	27	11	0	referenceSolver	93,371	87,023	87	99	0	99	39,839	21,146	21	56	0	60	6,18	94,264	378
TFS-0.15-agents43.json	401	298	103	81	43	27	11	0	randomSolver	92,129	86,049	86	97	0	98	41,686	21,199	21	58	0	64	187,551	100	401
TFS-0.15-agents44.json	401	298	103	82	44	27	11	0	referenceSolver	93,124	86,38	86	99	0	99	38,934	21,113	21	52	0	62	11,575	94,015	377
TFS-0.15-agents44.json	401	298	103	82	44	27	11	0	randomSolver	92,896	87,299	87	97	0	99	40,824	20,403	20	56	0	68	563,665	100	401
TFS-0.15-agents45.json	401	298	103	83	45	27	11	0	referenceSolver	94,375	89,318	89	99	0	99	38,547	19,949	19	54	0	63	11,237	94,264	378
TFS-0.15-agents45.json	401	298	103	83	45	27	11	0	randomSolver	92,323	85,378	85	98	0	99	41,298	21,199	21	56	0	66	425,023	100	401
TFS-0.15-agents46.json	401	298	103	84	46	27	11	0	referenceSolver	93,692	87,986	87	99	0	99	37,627	20,043	20	51	0	63	6,793	94,264	378
TFS-0.15-agents46.json	401	298	103	84	46	27	11	0	randomSolver	92,273	85,293	85	98	0	98	39,906	20,12	20	55	0	65	282,342	100	401
TFS-0.15-agents47.json	401	298	103	85	47	27	11	0	referenceSolver	94,606	89,709	89	99	0	100	37,81	19,378	19	54	0	63	8,063	94,264	378
TFS-0.15-agents47.json	401	298	103	85	47	27	11	0	randomSolver	91,28	83,261	83	98	0	97	40,73	21,303	21	54	0	64	338,384	100	401
TFS-0.15-agents48.json	401	298	103	86	48	27	11	0	referenceSolver	93,61	87,897	87	99	0	99	38,816	20,235	20	54	0	62	12,031	94,514	379
TFS-0.15-agents48.json	401	298	103	86	48	27	11	0	randomSolver	92,375	85,95	85	98	0	99	40,824	20,213	20	58	0	67	495,778	100	401
TFS-0.15-agents5.json	401	298	103	43	5	27	11	0	referenceSolver	96,542	78,128	78	99	0	99	54,216	48,333	48	52	0	62	1,43	50,873	204
TFS-0.15-agents5.json	401	298	103	43	5	27	11	0	randomSolver	95,391	75,889	75	98	0	98	59,826	62,917	62	55	0	67	67,131	63,342	254
TFS-0.15-agents50.json	401	298	103	88	50	27	11	0	referenceSolver	94,472	89,553	89	99	0	100	37,466	19,422	19	53	0	62	7,038	94,763	380
TFS-0.15-agents50.json	401	298	103	88	50	27	11	0	randomSolver	92,484	86,794	86	98	0	98	40,177	19,754	19	57	0	67	262,842	100	401
TFS-0.15-agents51.json	401	298	103	89	51	27	11	0	referenceSolver	94,248	89,31	89	99	0	99	38,158	19,603	19	55	0	62	8,079	94,015	377
TFS-0.15-agents51.json	401	298	103	89	51	27	11	0	randomSolver	92,773	86,475	86	98	0	100	39,728	19,935	19	55	0	64	493,164	100	401
TFS-0.15-agents52.json	401	298	103	90	52	27	11	0	referenceSolver	94,506	89,998	89	99	0	99	37,158	19,292	19	53	0	62	13,366	95,012	381
TFS-0.15-agents52.json	401	298	103	90	52	27	11	0	randomSolver	92,921	87,029	87	98	0	99	40,452	20,308	20	56	0	66	707,29	100	401
TFS-0.15-agents53.json	401	298	103	91	53	27	11	0	referenceSolver	93,654	87,823	87	99	0	99	38,035	19,738	19	53	0	62	13,115	95,012	381
TFS-0.15-agents53.json	401	298	103	91	53	27	11	0	randomSolver	92,337	86,043	86	98	0	98	39,463	19,401	19	56	0	65	444,428	100	401
TFS-0.15-agents54.json	401	298	103	92	54	27	11	0	referenceSolver	94,224	89,139	89	99	0	100	37,544	19,467	19	54	0	59	7,209	94,264	378
TFS-0.15-agents54.json	401	298	103	92	54	27	11	0	randomSolver	94,102	89,21	89	98	0	99	39,375	18,977	18	56	0	69	284,628	100	401
TFS-0.15-agents55.json	401	298	103	93	55	27	11	0	referenceSolver	94,751	90,246	90	99	0	99	37,163	19,311	19	53	0	59	7,587	93,766	376
TFS-0.15-agents55.json	401	298	103	93	55	27	11	0	randomSolver	93,412	87,874	87	99	0	98	39,202	19,315	19	55	0	65	223,223	100	401
TFS-0.15-agents56.json	401	298	103	94	56	27	11	0	referenceSolver	94,681	90,138	90	99	0	100	37,2	18,926	18	55	0	61	10,366	94,514	379
TFS-0.15-agents56.json	401	298	103	94	56	27	11	0	randomSolver	92,648	86,273	86	98	0	99	39,463	19,664	19	55	0	65	376,908	100	401
TFS-0.15-agents57.json	401	298	103	95	57	27	11	0	referenceSolver	95,124	91,178	91	99	0	99	37,802	19,116	19	54	0	63	7,937	95,012	381
TFS-0.15-agents57.json	401	298	103	95	57	27	11	0	randomSolver	93,563	88,655	88	98	0	98	39,639	19,315	19	57	0	66	246,71	100	401
TFS-0.15-agents58.json	401	298	103	96	58	27	11	0	referenceSolver	94,134	89,348	89	99	0	99	37,601	18,861	18	56	0	61	8,211	94,514	379
TFS-0.15-agents58.json	401	298	103	96	58	27	11	0	randomSolver	94,141	89,91	89	98	0	98	38,858	18,493	18	57	0	66	263,418	100	401
TFS-0.15-agents59.json	401	298	103	97	59	27	11	0	referenceSolver	95,59	91,597	91	99	0	100	36,439	18,532	18	53	0	59	8,807	94,015	377
TFS-0.15-agents59.json	401	298	103	97	59	27	11	0	randomSolver	94,38	90,348	90	98	0	98	38,19	18,26	18	55	0	67	271,394	100	401
TFS-0.15-agents6.json	401	298	103	44	6	27	11	0	referenceSolver	95,61	77,558	77	98	0	100	56,174	47,917	47	55	0	62	2,693	56,359	226
TFS-0.15-agents6.json	401	298	103	44	6	27	11	0	randomSolver	94,198	73,717	73	97	0	99	60,299	61,111	61	58	0	63	131,586	69,576	279
TFS-0.15-agents60.json	401	298	103	98	60	27	11	0	referenceSolver	95,077	90,961	90	99	0	99	36,992	18,543	18	55	0	62	15,036	95,511	383
TFS-0.15-agents60.json	401	298	103	98	60	27	11	0	randomSolver	93,549	88,398	88	98	0	98	38,858	19,061	19	55	0	66	405,703	100	401
TFS-0.15-agents61.json	401	298	103	99	61	27	11	0	referenceSolver	95,265	91,52	91	99	0	99	35,836	18,214	18	52	0	60	8,466	94,015	377
TFS-0.15-agents61.json	401	298	103	99	61	27	11	0	randomSolver	93,628	88,749	88	98	0	98	38,605	18,813	18	55	0	64	257,767	100	401
TFS-0.15-agents62.json	401	298	103	100	62	27	11	0	referenceSolver	94,705	90,142	90	99	0	100	37,091	18,907	18	54	0	63	8,865	94,514	379
TFS-0.15-agents62.json	401	298	103	100	62	27	11	0	randomSolver	93,428	88,883	88	98	0	97	39,202	18,895	18	56	0	67	245,278	100	401
TFS-0.15-agents63.json	401	298	103	101	63	27	11	0	referenceSolver	95,011	91,085	91	99	0	99	36,97	18,307	18	56	0	62	8,931	95,761	384
TFS-0.15-agents63.json	401	298	103	101	63	27	11	0	randomSolver	94,414	90,031	90	98	0	99	38,689	18,652	18	55	0	68	247,719	100	401
TFS-0.15-agents64.json	401	298	103	102	64	27	11	0	referenceSolver	94,933	90,404	90	99	0	100	37,747	18,861	18	56	0	63	16,666	94,514	379
TFS-0.15-agents64.json	401	298	103	102	64	27	11	0	randomSolver	94,2	89,663	89	98	0	99	38,272	18,572	18	54	0	66	477,131	100	401
TFS-0.15-agents66.json	401	298	103	104	66	27	11	0	referenceSolver	95,189	91,171	91	99	0	99	36,526	18,073	18	54	0	63	9,9	94,264	378
TFS-0.15-agents66.json	401	298	103	104	66	27	11	0	randomSolver	94,578	90,744	90	98	0	99	38,026	17,738	17	58	0	65	306,015	100	401
TFS-0.15-agents67.json	401	298	103	105	67	27	11	0	referenceSolver	95,757	92,368	92	99	0	100	36,064	18,029	18	52	0	62	11,068	95,262	382
TFS-0.15-agents67.json	401	298	103	105	67	27	11	0	randomSolver	94,334	90,19	90	98	0	99	38,272	18,337	18	56	0	65	463,878	100	401
TFS-0.15-agents68.json	401	298	103	106	68	27	11	0	referenceSolver	95,625	91,944	91	99	0	100	35,916	18,061	18	53	0	61	16,953	95,761	384
TFS-0.15-agents68.json	401	298	103	106	68	27	11	0	randomSolver	93,907	89,128	89	98	0	99	38,605	18,337	18	56	0	67	647,487	100	401
TFS-0.15-agents69.json	401	298	103	107	69	27	11	0	referenceSolver	95,512	92,219	92	99	0	99	36,113	17,682	17	55	0	62	22,544	94,264	378
TFS-0.15-agents69.json	401	298	103	107	69	27	11	0	randomSolver	95,601	92,825	92	98	0	98	37,229	17,738	17	54	0	65	573,156	100	401
TFS-0.15-agents7.json	401	298	103	45	7	27	11	0	referenceSolver	95,261	76,897	76	99	0	99	55,064	45,238	45	55	0	61	2,345	60,1	241
TFS-0.15-agents7.json	401	298	103	45	7	27	11	0	randomSolver	93,939	71,973	71	98	0	99	60,875	59,226	59	58	0	67	118,786	75,312	302
TFS-0.15-agents70.json	401	298	103	108	70	27	11	0	referenceSolver	95,198	91,47	91	99	0	99	36,942	18,385	18	55	0	63	10,073	95,761	384
TFS-0.15-agents70.json	401	298	103	108	70	27	11	0	randomSolver	93,575	89,003	89	97	0	99	38,689	18,572	18	55	0	68	298,899	100	401
TFS-0.15-agents8.json	401	298	103	46	8	27	11	0	referenceSolver	94,993	76,573	76	99	0	99	52,76	40,365	40	53	0	62	1,552	60,599	243
TFS-0.15-agents8.json	401	298	103	46	8	27	11	0	randomSolver	93,361	70,359	70	99	0	99	59,682	56,771	56	58	0	63	89,898	80,05	321
TFS-0.15-agents9.json	401	298	103	47	9	27	11	0	referenceSolver	93,862	74,569	74	99	0	100	52,625	43,519	43	52	0	61	1,932	68,329	274
TFS-0.15-agents9.json	401	298	103	47	9	27	11	0	randomSolver	91,543	66,092	66	98	0	99	58,319	54,63	54	55	0	67	88,388	84,539	339
TFS-0.2-agents1.json	500	397	103	39	1	27	11	0	referenceSolver	98,904	74,996	74	99	0	99	53,199	22,917	22	51	0	61	0,803	19,8	99
TFS-0.2-agents1.json	500	397	103	39	1	27	11	0	randomSolver	97,538	55,829	55	98	0	99	59,195	45,833	45	56	0	65	40,753	25	125
TFS-0.2-agents10.json	500	397	103	48	10	27	11	0	referenceSolver	94,616	78,516	78	99	0	99	53,973	45,96	45	54	0	61	3,36	59,2	296
TFS-0.2-agents10.json	500	397	103	48	10	27	11	0	randomSolver	92,367	72,872	72	98	0	98	59,857	59,792	59	56	0	66	144,016	78	390
TFS-0.2-agents11.json	500	397	103	49	11	27	11	0	referenceSolver	94,522	79,663	79	99	0	100	52,613	44,528	44	52	0	61	2,377	63	315
TFS-0.2-agents11.json	500	397	103	49	11	27	11	0	randomSolver	91,152	70,37	70	97	0	99	60,038	57,386	57	58	0	67	127,295	81,2	406
TFS-0.2-agents12.json	500	397	103	50	12	27	11	0	referenceSolver	92,876	77,25	77	98	0	99	54,048	42,656	42	56	0	63	2,533	64,2	321
TFS-0.2-agents12.json	500	397	103	50	12	27	11	0	randomSolver	90,53	68,179	68	98	0	99	58,652	54,687	54	56	0	67	176,829	83,6	418
TFS-0.2-agents13.json	500	397	103	51	13	27	11	0	referenceSolver	92,392	76,333	76	99	0	99	51,78	41,806	41	54	0	59	2,238	68,8	344
TFS-0.2-agents13.json	500	397	103	51	13	27	11	0	randomSolver	88,792	64,858	64	98	0	99	57,354	52,404	52	55	0	67	148,803	86	430
TFS-0.2-agents14.json	500	397	103	52	14	27	11	0	referenceSolver	91,496	74,7	74	98	0	99	52,578	43,285	43	54	0	61	5,636	73	365
TFS-0.2-agents14.json	500	397	103	52	14	27	11	0	randomSolver	89,365	66,947	66	98	0	99	55,369	50,149	50	54	0	64	257,422	88	440
TFS-0.2-agents15.json	500	397	103	53	15	27	11	0	referenceSolver	92,676	78,418	78	99	0	99	50,44	39,747	39	52	0	62	4,681	73,6	368
TFS-0.2-agents15.json	500	397	103	53	15	27	11	0	randomSolver	88,021	65,78	65	98	0	97	56,492	48,194	48	58	0	65	353,447	90	450
TFS-0.2-agents16.json	500	397	103	54	16	27	11	0	referenceSolver	90,859	73,977	73	99	0	99	51,795	42,649	42	54	0	61	3,303	79,4	397
TFS-0.2-agents16.json	500	397	103	54	16	27	11	0	randomSolver	87,997	66,555	66	98	0	99	54,794	46,094	46	55	0	66	163,851	91,4	457
TFS-0.2-agents17.json	500	397	103	55	17	27	11	0	referenceSolver	91,159	76,677	76	99	0	99	51,159	38,218	38	57	0	61	5,557	78,2	391
TFS-0.2-agents17.json	500	397	103	55	17	27	11	0	randomSolver	87,98	66,302	66	98	0	99	53,211	44,24	44	54	0	65	256,711	92,8	464
TFS-0.2-agents18.json	500	397	103	56	18	27	11	0	referenceSolver	90,565	74,505	74	99	0	100	49,368	36,992	36	54	0	62	5,476	80	400
TFS-0.2-agents18.json	500	397	103	56	18	27	11	0	randomSolver	86,519	65,09	65	98	0	99	53,767	42,477	42	58	0	64	277,233	94	470
TFS-0.2-agents19.json	500	397	103	57	19	27	11	0	referenceSolver	88,957	72,386	72	99	0	99	50,382	38,395	38	56	0	60	7,223	84,6	423
TFS-0.2-agents19.json	500	397	103	57	19	27	11	0	randomSolver	85,765	64,254	64	98	0	99	53,876	41,651	41	58	0	67	407,52	96	480
TFS-0.2-agents2.json	500	397	103	40	2	27	11	0	referenceSolver	98,412	80,408	80	99	0	99	54,766	21,875	21	55	0	61	2,807	21,6	108
TFS-0.2-agents2.json	500	397	103	40	2	27	11	0	randomSolver	96,3	64,51	64	98	0	98	60,434	52,083	52	58	0	66	76,68	30,6	153
TFS-0.2-agents20.json	500	397	103	58	20	27	11	0	referenceSolver	90,567	76,494	76	99	0	99	48,892	36,894	36	55	0	60	5,402	85,4	427
TFS-0.2-agents20.json	500	397	103	58	20	27	11	0	randomSolver	85,931	66,144	66	98	0	98	52,032	39,479	39	56	0	67	228,161	96,4	482
TFS-0.2-agents21.json	500	397	103	59	21	27	11	0	referenceSolver	89,483	75,08	75	98	0	99	48,97	36,253	36	55	0	63	3,489	88,6	443
TFS-0.2-agents21.json	500	397	103	59	21	27	11	0	randomSolver	86,09	66,156	66	98	0	99	51,445	38,686	38	56	0	66	178,39	97	485
TFS-0.2-agents22.json	500	397	103	60	22	27	11	0	referenceSolver	89,593	75,678	75	99	0	99	46,686	34,865	34	51	0	62	6,967	89,6	448
TFS-0.2-agents22.json	500	397	103	60	22	27	11	0	randomSolver	85,391	66,139	66	98	0	98	49,809	36,458	36	55	0	66	365,203	97,6	488
TFS-0.2-agents23.json	500	397	103	61	23	27	11	0	referenceSolver	89,101	75,151	75	99	0	98	46,158	33,024	33	53	0	62	6,778	87,6	438
TFS-0.2-agents23.json	500	397	103	61	23	27	11	0	randomSolver	86,635	69,173	69	98	0	98	49,331	35,628	35	56	0	64	547,954	97,8	489
TFS-0.2-agents24.json	500	397	103	62	24	27	11	0	referenceSolver	89,82	77,182	77	99	0	100	46,331	32,388	32	54	0	63	3,894	90,4	452
TFS-0.2-agents24.json	500	397	103	62	24	27	11	0	randomSolver	85,977	68,227	68	98	0	99	48,724	34,68	34	55	0	65	280,299	98,6	493
TFS-0.2-agents25.json	500	397	103	63	25	27	11	0	referenceSolver	88,992	76,229	76	99	0	99	45,783	32,726	32	54	0	60	4,74	92,6	463
TFS-0.2-agents25.json	500	397	103	63	25	27	11	0	randomSolver	86,627	70,713	70	98	0	98	48,638	33,542	33	56	0	67	366,572	98,8	494
TFS-0.2-agents26.json	500	397	103	64	26	27	11	0	referenceSolver	89,741	78,283	78	98	0	99	45,125	31,696	31	53	0	60	7,577	92,8	464
TFS-0.2-agents26.json	500	397	103	64	26	27	11	0	randomSolver	86,966	71,671	71	98	0	98	47,943	32,854	32	56	0	67	357,134	99	495
TFS-0.2-agents27.json	500	397	103	65	27	27	11	0	referenceSolver	88,511	74,912	74	99	0	99	46,081	31,998	31	54	0	64	4,57	92,2	461
TFS-0.2-agents27.json	500	397	103	65	27	27	11	0	randomSolver	86,06	70,063	70	99	0	98	47,072	31,745	31	56	0	65	242,023	99,4	497
TFS-0.2-agents28.json	500	397	103	66	28	27	11	0	referenceSolver	89,14	77,283	77	99	0	100	45,723	31,487	31	55	0	63	7,569	93,4	467
TFS-0.2-agents28.json	500	397	103	66	28	27	11	0	randomSolver	86,026	70,015	70	99	0	99	47,072	31,398	31	55	0	70	358,397	99,4	497
TFS-0.2-agents29.json	500	397	103	67	29	27	11	0	referenceSolver	89,081	76,873	76	99	0	100	43,51	29,718	29	53	0	59	5,577	92,6	463
TFS-0.2-agents29.json	500	397	103	67	29	27	11	0	randomSolver	87,474	74,724	74	98	0	98	45,978	29,847	29	56	0	67	190,072	99,6	498
TFS-0.2-agents3.json	500	397	103	41	3	27	11	0	referenceSolver	98,193	86,111	86	99	0	99	54,642	33,542	33	54	0	62	3,276	26,8	134
TFS-0.2-agents3.json	500	397	103	41	3	27	11	0	randomSolver	96,692	73,445	73	98	0	98	59,379	59,722	59	56	0	65	60,55	37,8	189
TFS-0.2-agents30.json	500	397	103	68	30	27	11	0	referenceSolver	89,221	78,108	78	99	0	99	43,776	29,014	29	54	0	63	8,677	93,8	469
TFS-0.2-agents30.json	500	397	103	68	30	27	11	0	randomSolver	86,09	70,896	70	98	0	99	46,572	30,556	30	57	0	66	578,969	99,8	499
TFS-0.2-agents31.json	500	397	103	69	31	27	11	0	referenceSolver	88,692	76,885	76	99	0	99	42,966	28,716	28	53	0	63	5,296	94	470
TFS-0.2-agents31.json	500	397	103	69	31	27	11	0	randomSolver	85,82	70,511	70	98	0	98	44,865	29,539	29	54	0	65	206,487	100	500
TFS-0.2-agents32.json	500	397	103	70	32	27	11	0	referenceSolver	88,77	76,862	76	99	0	99	42,518	28,866	28	52	0	58	5,929	94	470
TFS-0.2-agents32.json	500	397	103	70	32	27	11	0	randomSolver	86,775	73,986	73	98	0	98	45,288	28,804	28	56	0	67	193,092	100	500
TFS-0.2-agents33.json	500	397	103	71	33	27	11	0	referenceSolver	88,771	77,225	77	99	0	99	43,771	28,344	28	56	0	63	6,497	93,6	468
TFS-0.2-agents33.json	500	397	103	71	33	27	11	0	randomSolver	86,381	73,238	73	98	0	99	44,552	27,439	27	57	0	68	271,584	100	500
TFS-0.2-agents34.json	500	397	103	72	34	27	11	0	referenceSolver	90,374	81,412	81	99	0	99	42,605	26,783	26	56	0	63	11,419	94,2	471
TFS-0.2-agents34.json	500	397	103	72	34	27	11	0	randomSolver	86,683	74,596	74	98	0	98	43,941	27,054	27	57	0	66	517,492	100	500
TFS-0.2-agents35.json	500	397	103	73	35	27	11	0	referenceSolver	91,348	83,007	83	99	0	99	40,866	26,182	26	52	0	63	10,707	94,8	474
TFS-0.2-agents35.json	500	397	103	73	35	27	11	0	randomSolver	87,217	75,523	75	98	0	98	42,862	26,316	26	55	0	65	418,994	100	500
TFS-0.2-agents36.json	500	397	103	74	36	27	11	0	referenceSolver	90,371	81,554	81	99	0	100	41,19	26,047	26	53	0	65	6,944	94,2	471
TFS-0.2-agents36.json	500	397	103	74	36	27	11	0	randomSolver	87,368	75,668	75	98	0	99	43,741	26,68	26	57	0	66	287,071	100	500
TFS-0.2-agents37.json	500	397	103	75	37	27	11	0	referenceSolver	91,495	83,53	83	99	0	100	41,176	25,587	25	55	0	62	7,153	95,2	476
TFS-0.2-agents37.json	500	397	103	75	37	27	11	0	randomSolver	87,658	75,592	75	99	0	98	43,151	26,804	26	56	0	62	211,068	100	500
TFS-0.2-agents38.json	500	397	103	76	38	27	11	0	referenceSolver	89,357	79,328	79	99	0	100	40,819	25,755	25	54	0	60	13,391	94,4	472
TFS-0.2-agents38.json	500	397	103	76	38	27	11	0	randomSolver	89,37	80,03	80	98	0	99	42,766	25,172	25	58	0	68	422,096	100	500
TFS-0.2-agents4.json	500	397	103	42	4	27	11	0	referenceSolver	98,549	88,312	88	99	0	100	54,052	39,824	39	52	0	62	3,491	31,6	158
TFS-0.2-agents4.json	500	397	103	42	4	27	11	0	randomSolver	95,586	75,57	75	97	0	98	58,939	64,062	64	55	0	65	255,399	45,2	226
TFS-0.2-agents40.json	500	397	103	78	40	27	11	0	referenceSolver	90,35	82,007	82	99	0	99	40,066	24,369	24	54	0	62	7,948	95,2	476
TFS-0.2-agents40.json	500	397	103	78	40	27	11	0	randomSolver	88,143	77,451	77	98	0	99	41,744	24,955	24	55	0	66	295,154	100	500
TFS-0.2-agents41.json	500	397	103	79	41	27	11	0	referenceSolver	89,977	81,268	81	99	0	99	40,737	24,625	24	56	0	63	8,21	95	475
TFS-0.2-agents41.json	500	397	103	79	41	27	11	0	randomSolver	89,099	79,557	79	98	0	98	42,389	25,172	25	57	0	66	269,717	100	500
TFS-0.2-agents42.json	500	397	103	80	42	27	11	0	referenceSolver	89,511	80,343	80	99	0	98	40,491	25,13	25	54	0	61	15,068	94,8	474
TFS-0.2-agents42.json	500	397	103	80	42	27	11	0	randomSolver	89,255	80,352	80	98	0	99	40,855	23,924	23	55	0	66	481,494	100	500
TFS-0.2-agents43.json	500	397	103	81	43	27	11	0	referenceSolver	91,745	85,164	85	99	0	99	39,004	23,225	23	54	0	63	22,37	95,2	476
TFS-0.2-agents43.json	500	397	103	81	43	27	11	0	randomSolver	89,68	81,479	81	98	0	99	40,855	23,535	23	56	0	68	633,433	100	500
TFS-0.2-agents44.json	500	397	103	82	44	27	11	0	referenceSolver	91,911	85,08	85	99	0	99	39,597	24,222	24	54	0	62	8,679	94,8	474
TFS-0.2-agents44.json	500	397	103	82	44	27	11	0	randomSolver	89,04	80,548	80	98	0	99	39,921	22,794	22	55	0	67	279,382	100	500
TFS-0.2-agents45.json	500	397	103	83	45	27	11	0	referenceSolver	91,259	83,622	83	99	0	100	39,033	23,869	23	52	0	63	8,311	93,8	469
TFS-0.2-agents45.json	500	397	103	83	45	27	11	0	randomSolver	88,523	79,474	79	98	0	98	40,511	23,066	23	57	0	66	296,139	100	500
TFS-0.2-agents46.json	500	397	103	84	46	27	11	0	referenceSolver	91,179	84,028	84	99	0	99	38,779	23,07	23	54	0	62	8,741	94,6	473
TFS-0.2-agents46.json	500	397	103	84	46	27	11	0	randomSolver	89,757	81,323	81	98	0	99	40,596	23,158	23	56	0	68	249,919	100	500
TFS-0.2-agents47.json	500	397	103	85	47	27	11	0	referenceSolver	91,765	85,146	85	99	0	99	38,471	23,07	23	54	0	60	15,126	94,4	472
TFS-0.2-agents47.json	500	397	103	85	47	27	11	0	randomSolver	89,171	79,985	79	99	0	99	40,769	23,535	23	56	0	67	545,435	100	500
TFS-0.2-agents48.json	500	397	103	86	48	27	11	0	referenceSolver	90,313	82,199	82	99	0	99	39,379	23,614	23	54	0	63	8,985	95	475
TFS-0.2-agents48.json	500	397	103	86	48	27	11	0	randomSolver	89,993	82,201	82	98	0	99	40,596	23,066	23	56	0	68	287,614	100	500
TFS-0.2-agents49.json	500	397	103	87	49	27	11	0	referenceSolver	91,466	84,566	84	99	0	99	38,587	23,001	23	54	0	62	9,52	95	475
TFS-0.2-agents49.json	500	397	103	87	49	27	11	0	randomSolver	88,674	80,399	80	98	0	98	39,429	22,098	22	56	0	67	260,048	100	500
TFS-0.2-agents5.json	500	397	103	43	5	27	11	0	referenceSolver	97,869	88,402	88	99	0	99	54,45	39,89	39	54	0	63	1,514	35,8	179
TFS-0.2-agents5.json	500	397	103	43	5	27	11	0	randomSolver	95,704	76,429	76	98	0	99	58,921	64,583	64	54	0	66	68,945	51,6	258
TFS-0.2-agents50.json	500	397	103	88	50	27	11	0	referenceSolver	91,906	86,049	86	99	0	99	37,196	21,459	21	54	0	61	9,121	94,8	474
TFS-0.2-agents50.json	500	397	103	88	50	27	11	0	randomSolver	90,461	84,208	84	97	0	97	39,592	22,098	22	57	0	65	314,707	100	500
TFS-0.2-agents51.json	500	397	103	89	51	27	11	0	referenceSolver	92,344	86,555	86	99	0	99	37,274	21,624	21	54	0	62	17,013	95	475
TFS-0.2-agents51.json	500	397	103	89	51	27	11	0	randomSolver	90,128	82,253	82	99	0	98	39,268	22,354	22	54	0	66	946,859	100	500
TFS-0.2-agents52.json	500	397	103	90	52	27	11	0	referenceSolver	91,985	85,82	85	99	0	100	38,053	22,307	22	54	0	62	10,147	95,2	476
TFS-0.2-agents52.json	500	397	103	90	52	27	11	0	randomSolver	88,835	80,113	80	98	0	98	40,943	23,535	23	56	0	67	294,587	100	500
TFS-0.2-agents53.json	500	397	103	91	53	27	11	0	referenceSolver	91,755	85,365	85	99	0	100	37,011	21,485	21	53	0	60	10,242	94,8	474
TFS-0.2-agents53.json	500	397	103	91	53	27	11	0	randomSolver	89,676	82,53	82	98	0	97	39,188	21,684	21	57	0	66	297,225	100	500
TFS-0.2-agents54.json	500	397	103	92	54	27	11	0	referenceSolver	93,444	88,624	88	99	0	99	37,196	21,404	21	53	0	63	11,082	95,2	476
TFS-0.2-agents54.json	500	397	103	92	54	27	11	0	randomSolver	91,063	84,712	84	98	0	98	39,268	21,603	21	56	0	70	397,092	100	500
TFS-0.2-agents55.json	500	397	103	93	55	27	11	0	referenceSolver	92,966	87,692	87	99	0	99	36,806	21,597	21	52	0	62	18,704	95,2	476
TFS-0.2-agents55.json	500	397	103	93	55	27	11	0	randomSolver	89,679	81,778	81	98	0	99	39,108	21,765	21	57	0	63	520,326	100	500
TFS-0.2-agents56.json	500	397	103	94	56	27	11	0	referenceSolver	92,176	86,345	86	99	0	99	37,625	21,597	21	56	0	62	13,254	95,2	476
TFS-0.2-agents56.json	500	397	103	94	56	27	11	0	randomSolver	90,096	82,224	82	99	0	98	39,349	22,268	22	56	0	64	447,754	100	500
TFS-0.2-agents57.json	500	397	103	95	57	27	11	0	referenceSolver	92,145	86,41	86	99	0	100	37,867	22,046	22	55	0	63	12,353	94,6	473
TFS-0.2-agents57.json	500	397	103	95	57	27	11	0	randomSolver	90,405	83,712	83	98	0	98	38,558	21,13	21	56	0	67	384,7	100	500
TFS-0.2-agents58.json	500	397	103	96	58	27	11	0	referenceSolver	93,434	88,916	88	99	0	100	36,081	20,333	20	55	0	62	20,439	95	475
TFS-0.2-agents58.json	500	397	103	96	58	27	11	0	randomSolver	90,814	84,043	84	99	0	98	38,558	21,207	21	55	0	69	1015,93	100	500
TFS-0.2-agents59.json	500	397	103	97	59	27	11	0	referenceSolver	93,196	88,376	88	99	0	99	36,82	21,011	21	55	0	61	21,326	95,4	477
TFS-0.2-agents59.json	500	397	103	97	59	27	11	0	randomSolver	90,824	84,683	84	98	0	97	37,651	20,751	20	54	0	66	704,449	100	500
TFS-0.2-agents6.json	500	397	103	44	6	27	11	0	referenceSolver	97,448	86,54	86	99	0	99	54,329	44,124	44	53	0	62	2,788	41,6	208
TFS-0.2-agents6.json	500	397	103	44	6	27	11	0	randomSolver	95,832	79,599	79	98	0	99	61,782	64,583	64	58	0	68	144,49	57,8	289
TFS-0.2-agents60.json	500	397	103	98	60	27	11	0	referenceSolver	92,349	86,726	86	99	0	99	36,925	21,247	21	53	0	62	13,658	95,6	478
TFS-0.2-agents60.json	500	397	103	98	60	27	11	0	randomSolver	90,23	83,01	83	98	0	99	38,404	21,285	21	55	0	66	393,452	100	500
TFS-0.2-agents61.json	500	397	103	99	61	27	11	0	referenceSolver	93,166	88,066	88	99	0	99	36,256	20,933	20	52	0	63	13,808	95	475
TFS-0.2-agents61.json	500	397	103	99	61	27	11	0	randomSolver	91,347	85,334	85	98	0	98	38,871	21,285	21	57	0	67	349,193	100	500
TFS-0.2-agents62.json	500	397	103	100	62	27	11	0	referenceSolver	93,053	88,015	88	99	0	100	36,385	20,704	20	54	0	62	22,525	95,2	476
TFS-0.2-agents62.json	500	397	103	100	62	27	11	0	randomSolver	91,023	84,678	84	98	0	98	37,874	20,751	20	55	0	65	904,137	100	500
TFS-0.2-agents63.json	500	397	103	101	63	27	11	0	referenceSolver	93,544	89,371	89	99	0	98	35,965	19,975	19	56	0	61	22,384	95,2	476
TFS-0.2-agents63.json	500	397	103	101	63	27	11	0	randomSolver	91,155	84,595	84	99	0	99	38,328	20,901	20	57	0	65	676,988	100	500
TFS-0.2-agents64.json	500	397	103	102	64	27	11	0	referenceSolver	93,574	89,014	89	99	0	99	34,467	19,478	19	53	0	58	21,552	95,2	476
TFS-0.2-agents64.json	500	397	103	102	64	27	11	0	randomSolver	91,565	86,093	86	98	0	98	37,651	20,386	20	55	0	67	582,983	100	500
TFS-0.2-agents65.json	500	397	103	103	65	27	11	0	referenceSolver	94,051	89,904	89	99	0	99	35,001	19,835	19	52	0	62	12,35	95,4	477
TFS-0.2-agents65.json	500	397	103	103	65	27	11	0	randomSolver	91,075	85,561	85	97	0	98	38,175	20,53	20	58	0	64	471,058	100	500
TFS-0.2-agents66.json	500	397	103	104	66	27	11	0	referenceSolver	92,978	88,109	88	99	0	99	36,192	20,26	20	54	0	64	13,397	95,4	477
TFS-0.2-agents66.json	500	397	103	104	66	27	11	0	randomSolver	91,024	84,831	84	98	0	99	38,251	20,751	20	57	0	66	400,044	100	500
TFS-0.2-agents67.json	500	397	103	105	67	27	11	0	referenceSolver	94,287	90,332	90	99	0	99	35,156	19,511	19	54	0	60	22,674	95,2	476
TFS-0.2-agents67.json	500	397	103	105	67	27	11	0	randomSolver	89,927	83,773	83	97	0	97	38,099	20,603	20	56	0	67	663,31	100	500
TFS-0.2-agents68.json	500	397	103	106	68	27	11	0	referenceSolver	92,786	87,603	87	99	0	100	35,026	20,117	20	51	0	59	14,037	95	475
TFS-0.2-agents68.json	500	397	103	106	68	27	11	0	randomSolver	90,982	84,882	84	98	0	99	38,099	20,751	20	55	0	69	588,172	100	500
TFS-0.2-agents69.json	500	397	103	107	69	27	11	0	referenceSolver	94,032	90,292	90	98	0	99	35,718	20,168	20	54	0	62	13,65	95,4	477
TFS-0.2-agents69.json	500	397	103	107	69	27	11	0	randomSolver	91,935	86,25	86	99	0	99	38,024	20,386	20	56	0	69	456,923	100	500
TFS-0.2-agents7.json	500	397	103	45	7	27	11	0	referenceSolver	97,055	85,238	85	99	0	100	54,638	46,733	46	54	0	61	4,091	45,4	227
TFS-0.2-agents7.json	500	397	103	45	7	27	11	0	randomSolver	94,403	76,552	76	98	0	98	60,999	64,881	64	57	0	65	247,258	64,2	321
TFS-0.2-agents70.json	500	397	103	108	70	27	11	0	referenceSolver	94,081	90,346	90	99	0	99	35,32	19,698	19	55	0	61	13,935	95,2	476
TFS-0.2-agents70.json	500	397	103	108	70	27	11	0	randomSolver	91,465	85,711	85	98	0	99	37,141	19,827	19	57	0	64	626,516	100	500
TFS-0.2-agents8.json	500	397	103	46	8	27	11	0	referenceSolver	96,406	83,512	83	99	0	99	54,55	44,575	44	54	0	62	1,799	50	250
TFS-0.2-agents8.json	500	397	103	46	8	27	11	0	randomSolver	94,203	75,457	75	98	0	99	60,239	62,76	62	57	0	64	96,4	68,8	344
TFS-0.2-agents9.json	500	397	103	47	9	27	11	0	referenceSolver	95,848	83,171	83	99	0	99	54,443	44,945	44	54	0	63	2,046	55,4	277
TFS-0.2-agents9.json	500	397	103	47	9	27	11	0	randomSolver	92,888	72,574	72	98	0	99	60,835	61,343	61	56	0	69	121,589	73,6	368
TFS-0.25-agents1.json	600	497	103	39	1	27	11	0	referenceSolver	99,436	100	100	99	0	100	56,469	14,583	14	54	0	62	1,243	14,833	89
TFS-0.25-agents1.json	600	497	103	39	1	27	11	0	randomSolver	96,866	55,719	55	98	0	98	58,691	37,5	37	56	0	66	38,671	20,167	121
TFS-0.25-agents10.json	600	497	103	48	10	27	11	0	referenceSolver	95,933	82,967	82	99	0	99	52,814	42,241	42	53	0	61	2,763	42,333	254
TFS-0.25-agents10.json	600	497	103	48	10	27	11	0	randomSolver	94,137	79,578	79	98	0	99	60,742	64,375	64	57	0	64	98,293	68,667	412
TFS-0.25-agents11.json	600	497	103	49	11	27	11	0	referenceSolver	95,572	82,967	82	99	0	98	52,711	41,016	41	54	0	61	4,71	44,333	266
TFS-0.25-agents11.json	600	497	103	49	11	27	11	0	randomSolver	92,79	75,284	75	98	0	98	60,742	63,258	63	56	0	66	331,105	72,833	437
TFS-0.25-agents12.json	600	497	103	50	12	27	11	0	referenceSolver	94,947	82,695	82	98	0	99	51,754	38,823	38	53	0	62	2,994	47,833	287
TFS-0.25-agents12.json	600	497	103	50	12	27	11	0	randomSolver	91,961	75,904	75	97	0	98	60,854	61,285	61	58	0	64	234,785	76	456
TFS-0.25-agents13.json	600	497	103	51	13	27	11	0	referenceSolver	94,779	83,003	83	99	0	99	52,404	38,636	38	54	0	66	4,076	48,667	292
TFS-0.25-agents13.json	600	497	103	51	13	27	11	0	randomSolver	91,588	72,757	72	99	0	98	59,283	59,776	59	56	0	65	239,742	79,333	476
TFS-0.25-agents15.json	600	497	103	53	15	27	11	0	referenceSolver	94,604	82,597	82	99	0	99	50,497	37,251	37	53	0	63	6,431	53,833	323
TFS-0.25-agents15.json	600	497	103	53	15	27	11	0	randomSolver	89,083	69,812	69	98	0	97	58,765	55,833	55	57	0	66	313,647	84,167	505
TFS-0.25-agents16.json	600	497	103	54	16	27	11	0	referenceSolver	93,637	81,521	81	99	0	100	49,499	34,708	34	54	0	60	5,058	54	324
TFS-0.25-agents16.json	600	497	103	54	16	27	11	0	randomSolver	88,336	67,081	67	98	0	98	56,871	53,906	53	55	0	65	260,746	86,167	517
TFS-0.25-agents17.json	600	497	103	55	17	27	11	0	referenceSolver	93,399	82,4	82	99	0	99	47,556	33,083	33	52	0	62	4,202	55,167	331
TFS-0.25-agents17.json	600	497	103	55	17	27	11	0	randomSolver	86,819	65,33	65	98	0	97	57,721	52,206	52	57	0	67	189,285	88,167	529
TFS-0.25-agents18.json	600	497	103	56	18	27	11	0	referenceSolver	92,94	80,982	80	99	0	100	50,461	35,998	35	55	0	65	7,338	60,167	361
TFS-0.25-agents18.json	600	497	103	56	18	27	11	0	randomSolver	86,781	65,865	65	98	0	97	56,091	50,694	50	55	0	68	372,527	90,167	541
TFS-0.25-agents19.json	600	497	103	57	19	27	11	0	referenceSolver	92,136	79,094	79	99	0	99	48,772	34,757	34	55	0	60	8,465	62	372
TFS-0.25-agents19.json	600	497	103	57	19	27	11	0	randomSolver	86,47	66,494	66	98	0	98	56,227	49,232	49	57	0	66	374,541	92	552
TFS-0.25-agents2.json	600	497	103	40	2	27	11	0	referenceSolver	98,994	80,232	80	99	0	100	55,59	30,99	30	54	0	62	2,226	17,5	105
TFS-0.25-agents2.json	600	497	103	40	2	27	11	0	randomSolver	96,725	68,95	68	98	0	98	60,177	52,083	52	57	0	67	144,23	25,5	153
TFS-0.25-agents20.json	600	497	103	58	20	27	11	0	referenceSolver	92,272	80,067	80	99	0	99	48,615	34,577	34	54	0	63	4,91	63,667	382
TFS-0.25-agents20.json	600	497	103	58	20	27	11	0	randomSolver	85,603	65,091	65	98	0	98	55,077	47,396	47	56	0	68	190,803	93	558
TFS-0.25-agents21.json	600	497	103	59	21	27	11	0	referenceSolver	91,846	79,757	79	99	0	99	49,764	36,686	36	55	0	63	5,169	68,5	411
TFS-0.25-agents21.json	600	497	103	59	21	27	11	0	randomSolver	85,279	63,657	63	99	0	99	54,072	46,329	46	56	0	65	226,764	95	570
TFS-0.25-agents22.json	600	497	103	60	22	27	11	0	referenceSolver	91,087	78,642	78	99	0	100	48,961	36,511	36	54	0	63	10,017	72,833	437
TFS-0.25-agents22.json	600	497	103	60	22	27	11	0	randomSolver	85,4	65,025	65	98	0	99	53,03	45,084	45	55	0	65	859,632	96	576
TFS-0.25-agents23.json	600	497	103	61	23	27	11	0	referenceSolver	90,264	77,199	77	99	0	99	48,288	35,082	35	56	0	60	9,835	71,667	430
TFS-0.25-agents23.json	600	497	103	61	23	27	11	0	randomSolver	83,654	62,766	62	98	0	98	52,497	43,207	43	56	0	64	650,902	96,667	580
TFS-0.25-agents24.json	600	497	103	62	24	27	11	0	referenceSolver	91,079	79,461	79	99	0	99	49,332	37,226	37	55	0	63	6,471	79,667	478
TFS-0.25-agents24.json	600	497	103	62	24	27	11	0	randomSolver	84,078	64,753	64	98	0	98	51,808	41,916	41	55	0	66	264,245	97,167	583
TFS-0.25-agents25.json	600	497	103	63	25	27	11	0	referenceSolver	91,584	81,163	81	99	0	99	45,719	32,139	32	52	0	63	5,694	72	432
TFS-0.25-agents25.json	600	497	103	63	25	27	11	0	randomSolver	85,203	66,565	66	99	0	98	50,404	40,583	40	54	0	65	344,395	98,333	590
TFS-0.25-agents26.json	600	497	103	64	26	27	11	0	referenceSolver	91,381	81,327	81	99	0	100	46,241	31,012	31	56	0	63	5,62	73,667	442
TFS-0.25-agents26.json	600	497	103	64	26	27	11	0	randomSolver	83,068	63,923	63	98	0	99	51,488	39,618	39	57	0	70	557,192	98,667	592
TFS-0.25-agents27.json	600	497	103	65	27	27	11	0	referenceSolver	90,441	78,73	78	99	0	100	47,771	35,141	35	55	0	64	8,257	81,167	487
TFS-0.25-agents27.json	600	497	103	65	27	27	11	0	randomSolver	83,33	66,374	66	97	0	99	50,797	37,886	37	59	0	67	340,689	99	594
TFS-0.25-agents28.json	600	497	103	66	28	27	11	0	referenceSolver	91,145	81,178	81	99	0	99	45,561	32,996	32	52	0	65	6,438	82	492
TFS-0.25-agents28.json	600	497	103	66	28	27	11	0	randomSolver	82,495	63,816	63	98	0	98	50,285	37,718	37	58	0	67	401,082	99,5	597
TFS-0.25-agents29.json	600	497	103	67	29	27	11	0	referenceSolver	90,912	81,013	81	99	0	100	46,018	33,949	33	53	0	63	6,425	86,5	519
TFS-0.25-agents29.json	600	497	103	67	29	27	11	0	randomSolver	82,814	65,586	65	97	0	99	48,808	36,348	36	55	0	69	349,854	99,833	599
TFS-0.25-agents3.json	600	497	103	41	3	27	11	0	referenceSolver	97,621	79,503	79	98	0	99	54,213	30,208	30	53	0	60	1,407	19,167	115
TFS-0.25-agents3.json	600	497	103	41	3	27	11	0	randomSolver	97,365	78,601	78	98	0	99	59,685	57,639	57	56	0	66	155,679	31	186
TFS-0.25-agents30.json	600	497	103	68	30	27	11	0	referenceSolver	90,322	80,038	80	99	0	99	45,393	32,13	32	54	0	63	6,836	83,5	501
TFS-0.25-agents30.json	600	497	103	68	30	27	11	0	randomSolver	84,858	69,344	69	98	0	98	47,17	34,846	34	55	0	65	371,984	100	600
TFS-0.25-agents31.json	600	497	103	69	31	27	11	0	referenceSolver	89,767	78,599	78	99	0	100	45,529	32,58	32	54	0	65	12,422	84,667	508
TFS-0.25-agents31.json	600	497	103	69	31	27	11	0	randomSolver	82,711	66,143	66	97	0	99	47,495	34,35	34	56	0	66	728,534	100	600
TFS-0.25-agents32.json	600	497	103	70	32	27	11	0	referenceSolver	90,574	80,895	80	99	0	100	44,733	32,481	32	54	0	60	7,079	87,833	527
TFS-0.25-agents32.json	600	497	103	70	32	27	11	0	randomSolver	84,273	68,973	68	98	0	99	46,849	33,555	33	56	0	65	284,675	100	600
TFS-0.25-agents33.json	600	497	103	71	33	27	11	0	referenceSolver	87,062	74,746	74	99	0	100	44,992	32,795	32	55	0	62	7,373	93	558
TFS-0.25-agents33.json	600	497	103	71	33	27	11	0	randomSolver	83,959	69,134	69	98	0	98	45,508	32,213	32	55	0	65	323,958	100	600
TFS-0.25-agents34.json	600	497	103	72	34	27	11	0	referenceSolver	88,663	78,323	78	99	0	99	43,533	31,023	31	53	0	62	14,564	92,667	556
TFS-0.25-agents34.json	600	497	103	72	34	27	11	0	randomSolver	83,349	68,79	68	98	0	98	45,912	31,789	31	56	0	69	485,318	100	600
TFS-0.25-agents35.json	600	497	103	73	35	27	11	0	referenceSolver	88,436	77,887	77	99	0	99	43,459	30,625	30	54	0	61	14,263	91,667	550
TFS-0.25-agents35.json	600	497	103	73	35	27	11	0	randomSolver	84,352	70,934	70	98	0	98	44,72	30,712	30	56	0	66	497,418	100	600
TFS-0.25-agents36.json	600	497	103	74	36	27	11	0	referenceSolver	88,525	78,489	78	99	0	100	43,836	30,722	30	55	0	62	9,064	93,833	563
TFS-0.25-agents36.json	600	497	103	74	36	27	11	0	randomSolver	83,31	68,71	68	98	0	98	44,817	30,712	30	56	0	65	295,366	100	600
TFS-0.25-agents37.json	600	497	103	75	37	27	11	0	referenceSolver	88,05	78,074	78	99	0	100	43,461	29,735	29	56	0	64	8,437	93	558
TFS-0.25-agents37.json	600	497	103	75	37	27	11	0	randomSolver	84,317	70,973	70	98	0	98	44,527	30,453	30	56	0	66	268,778	100	600
TFS-0.25-agents38.json	600	497	103	76	38	27	11	0	referenceSolver	89,09	79,563	79	99	0	99	43,038	29,612	29	55	0	62	9,263	92,333	554
TFS-0.25-agents38.json	600	497	103	76	38	27	11	0	randomSolver	84,195	71,168	71	98	0	99	42,864	28,423	28	56	0	65	375,403	100	600
TFS-0.25-agents39.json	600	497	103	77	39	27	11	0	referenceSolver	88,553	79,136	79	99	0	99	42,122	29,228	29	54	0	63	15,846	93,5	561
TFS-0.25-agents39.json	600	497	103	77	39	27	11	0	randomSolver	83,757	69,867	69	98	0	99	44,146	29,827	29	55	0	69	543,926	100	600
TFS-0.25-agents4.json	600	497	103	42	4	27	11	0	referenceSolver	98,061	81,91	81	99	0	99	54,544	34,722	34	53	0	62	1,627	23	138
TFS-0.25-agents4.json	600	497	103	42	4	27	11	0	randomSolver	96,466	80,473	80	98	0	99	59,752	63,021	63	56	0	64	94,668	37,333	224
TFS-0.25-agents40.json	600	497	103	78	40	27	11	0	referenceSolver	88,029	78,503	78	99	0	98	41,343	28,402	28	54	0	60	8,932	95	570
TFS-0.25-agents40.json	600	497	103	78	40	27	11	0	randomSolver	85,71	74,03	74	98	0	98	42,599	28,312	28	55	0	64	307,587	100	600
TFS-0.25-agents41.json	600	497	103	79	41	27	11	0	referenceSolver	88,577	79,637	79	98	0	99	41,522	28,347	28	54	0	63	10,231	95,5	573
TFS-0.25-agents41.json	600	497	103	79	41	27	11	0	randomSolver	84,484	72,587	72	98	0	99	42,687	27,77	27	56	0	67	520,709	100	600
TFS-0.25-agents42.json	600	497	103	80	42	27	11	0	referenceSolver	88,76	79,986	79	99	0	99	40,376	27,344	27	53	0	62	17,22	94,333	566
TFS-0.25-agents42.json	600	497	103	80	42	27	11	0	randomSolver	86,133	75,307	75	99	0	99	41,823	26,844	26	55	0	69	559,038	100	600
TFS-0.25-agents44.json	600	497	103	82	44	27	11	0	referenceSolver	87,777	78,51	78	99	0	99	40,172	26,979	26	54	0	63	10,762	94,5	567
TFS-0.25-agents44.json	600	497	103	82	44	27	11	0	randomSolver	83,803	72,199	72	98	0	98	41,654	26,452	26	58	0	63	328,901	100	600
TFS-0.25-agents45.json	600	497	103	83	45	27	11	0	referenceSolver	88,114	79,355	79	98	0	99	39,169	26,185	26	53	0	60	10,11	94,833	569
TFS-0.25-agents45.json	600	497	103	83	45	27	11	0	randomSolver	84,409	72,206	72	99	0	99	41,738	26,745	26	56	0	67	387,993	100	600
TFS-0.25-agents46.json	600	497	103	84	46	27	11	0	referenceSolver	88,742	80,564	80	99	0	98	39,74	26,337	26	55	0	60	18,709	95,167	571
TFS-0.25-agents46.json	600	497	103	84	46	27	11	0	randomSolver	85,585	75,012	75	98	0	99	41,57	26,166	26	57	0	69	862,856	100	600
TFS-0.25-agents47.json	600	497	103	85	47	27	11	0	referenceSolver	89,13	81,582	81	99	0	99	39,217	25,429	25	55	0	61	18,631	95,167	571
TFS-0.25-agents47.json	600	497	103	85	47	27	11	0	randomSolver	85,986	75,543	75	98	0	99	40,59	25,702	25	55	0	68	653,785	100	600
TFS-0.25-agents48.json	600	497	103	86	48	27	11	0	referenceSolver	89,986	82,899	82	99	0	100	38,409	25,26	25	52	0	62	11,344	95,5	573
TFS-0.25-agents48.json	600	497	103	86	48	27	11	0	randomSolver	86,219	76,4	76	98	0	98	40,431	25,166	25	57	0	65	399,738	100	600
TFS-0.25-agents49.json	600	497	103	87	49	27	11	0	referenceSolver	89,326	81,81	81	99	0	99	39,282	25,222	25	55	0	63	11,812	96	576
TFS-0.25-agents49.json	600	497	103	87	49	27	11	0	randomSolver	85,921	76,052	76	98	0	98	40,274	24,993	24	57	0	66	417,699	100	600
TFS-0.25-agents5.json	600	497	103	43	5	27	11	0	referenceSolver	97,769	83,722	83	99	0	99	55,239	39,667	39	54	0	62	2,261	26,167	157
TFS-0.25-agents5.json	600	497	103	43	5	27	11	0	randomSolver	96,676	81,931	81	98	0	99	61,154	65,833	65	57	0	67	84,13	43,5	261
TFS-0.25-agents50.json	600	497	103	88	50	27	11	0	referenceSolver	89,891	83,039	83	99	0	99	37,818	24,255	24	54	0	63	19,26	95,333	572
TFS-0.25-agents50.json	600	497	103	88	50	27	11	0	randomSolver	86,147	75,879	75	98	0	99	39,962	25,431	25	54	0	64	574,517	100	600
TFS-0.25-agents51.json	600	497	103	89	51	27	11	0	referenceSolver	89,734	82,724	82	99	0	99	38,149	24,356	24	55	0	61	20,068	95,667	574
TFS-0.25-agents51.json	600	497	103	89	51	27	11	0	randomSolver	86,715	77,811	77	98	0	98	39,579	24,322	24	56	0	68	739,66	100	600
TFS-0.25-agents52.json	600	497	103	90	52	27	11	0	referenceSolver	89,33	81,765	81	99	0	99	37,425	24,356	24	52	0	61	12,007	95,333	572
TFS-0.25-agents52.json	600	497	103	90	52	27	11	0	randomSolver	86,955	78,201	78	98	0	99	39,808	24,653	24	56	0	66	337,283	100	600
TFS-0.25-agents53.json	600	497	103	91	53	27	11	0	referenceSolver	89,243	81,672	81	99	0	99	38,269	24,559	24	54	0	61	13,921	95,667	574
TFS-0.25-agents53.json	600	497	103	91	53	27	11	0	randomSolver	87,916	79,76	79	98	0	99	39,056	24,079	24	56	0	64	577,055	100	600
TFS-0.25-agents54.json	600	497	103	92	54	27	11	0	referenceSolver	88,997	81,644	81	99	0	100	37,55	23,944	23	55	0	60	26,208	95,333	572
TFS-0.25-agents54.json	600	497	103	92	54	27	11	0	randomSolver	86,521	77,314	77	98	0	98	39,056	24,079	24	56	0	62	868,351	100	600
TFS-0.25-agents56.json	600	497	103	94	56	27	11	0	referenceSolver	89,746	83,24	83	99	0	100	37,328	23,314	23	55	0	64	15,477	95,667	574
TFS-0.25-agents56.json	600	497	103	94	56	27	11	0	randomSolver	86,584	77,187	77	98	0	98	39,579	24,569	24	55	0	66	475,467	100	600
TFS-0.25-agents57.json	600	497	103	95	57	27	11	0	referenceSolver	89,971	83,48	83	99	0	99	37,179	23,625	23	53	0	63	15,997	95,5	573
TFS-0.25-agents57.json	600	497	103	95	57	27	11	0	randomSolver	88,449	80,887	80	98	0	98	38,189	23,38	23	54	0	65	465,521	100	600
TFS-0.25-agents58.json	600	497	103	96	58	27	11	0	referenceSolver	88,815	81,818	81	98	0	99	37,118	23,286	23	54	0	63	26,803	96	576
TFS-0.25-agents58.json	600	497	103	96	58	27	11	0	randomSolver	87,664	80,057	80	98	0	99	38,618	23,009	23	58	0	65	1034,065	100	600
TFS-0.25-agents59.json	600	497	103	97	59	27	11	0	referenceSolver	90,352	84,356	84	99	0	99	36,233	22,789	22	53	0	60	25,927	95,333	572
TFS-0.25-agents59.json	600	497	103	97	59	27	11	0	randomSolver	88,266	80,886	80	98	0	98	38,189	22,864	22	55	0	70	813,578	100	600
TFS-0.25-agents6.json	600	497	103	44	6	27	11	0	referenceSolver	97,027	82,099	82	99	0	99	55,037	42,292	42	54	0	64	3,422	29	174
TFS-0.25-agents6.json	600	497	103	44	6	27	11	0	randomSolver	95,518	79,135	79	98	0	99	61,344	67,708	67	56	0	67	309,624	49,667	298
TFS-0.25-agents60.json	600	497	103	98	60	27	11	0	referenceSolver	90,339	84,249	84	99	0	99	36,128	22,475	22	53	0	63	16,148	95,833	575
TFS-0.25-agents60.json	600	497	103	98	60	27	11	0	randomSolver	88,54	81,532	81	98	0	99	38,26	22,792	22	58	0	64	613,821	100	600
TFS-0.25-agents61.json	600	497	103	99	61	27	11	0	referenceSolver	90,895	85,246	85	99	0	100	35,991	22,572	22	53	0	61	16,008	95,333	572
TFS-0.25-agents61.json	600	497	103	99	61	27	11	0	randomSolver	88,677	82,138	82	97	0	98	37,84	22,37	22	56	0	68	425,99	100	600
TFS-0.25-agents62.json	600	497	103	100	62	27	11	0	referenceSolver	89,495	82,601	82	99	0	100	36,442	23,011	23	53	0	61	29,119	95,333	572
TFS-0.25-agents62.json	600	497	103	100	62	27	11	0	randomSolver	88,889	82,149	82	98	0	99	38,26	22,579	22	58	0	67	1008,919	100	600
TFS-0.25-agents63.json	600	497	103	101	63	27	11	0	referenceSolver	89,869	83,527	83	99	0	99	35,946	22,5	22	54	0	60	28,742	95,333	572
TFS-0.25-agents63.json	600	497	103	101	63	27	11	0	randomSolver	88,928	81,651	81	99	0	99	37,701	22,509	22	56	0	66	847,828	100	600
TFS-0.25-agents64.json	600	497	103	102	64	27	11	0	referenceSolver	90,92	85,437	85	99	0	99	35,451	21,653	21	53	0	63	15,96	96	576
TFS-0.25-agents64.json	600	497	103	102	64	27	11	0	randomSolver	88,416	81,394	81	98	0	99	36,894	21,766	21	56	0	65	726,16	100	600
TFS-0.25-agents65.json	600	497	103	103	65	27	11	0	referenceSolver	90,628	84,643	84	99	0	99	35,467	21,808	21	53	0	62	16,094	95,833	575
TFS-0.25-agents65.json	600	497	103	103	65	27	11	0	randomSolver	88,538	82,25	82	98	0	97	37,428	21,766	21	57	0	69	842,72	100	600
TFS-0.25-agents66.json	600	497	103	104	66	27	11	0	referenceSolver	91,838	87,182	87	99	0	99	34,794	21,157	21	54	0	61	28,374	95,333	572
TFS-0.25-agents66.json	600	497	103	104	66	27	11	0	randomSolver	89,141	82,254	82	98	0	99	36,894	22,097	22	54	0	64	750,194	100	600
TFS-0.25-agents67.json	600	497	103	105	67	27	11	0	referenceSolver	91,269	85,995	85	99	0	100	35,479	21,719	21	54	0	62	16,468	95,833	575
TFS-0.25-agents67.json	600	497	103	105	67	27	11	0	randomSolver	89,679	83,629	83	98	0	99	36,246	21,444	21	54	0	64	459,788	100	600
TFS-0.25-agents68.json	600	497	103	106	68	27	11	0	referenceSolver	91,793	86,955	86	99	0	99	34,455	21,031	21	52	0	62	17,138	95,667	574
TFS-0.25-agents68.json	600	497	103	106	68	27	11	0	randomSolver	90,389	84,985	84	98	0	99	36,183	21,193	21	55	0	65	449,289	100	600
TFS-0.25-agents69.json	600	497	103	107	69	27	11	0	referenceSolver	91,965	87,007	87	99	0	100	35,282	21,392	21	55	0	62	17,513	95,833	575
TFS-0.25-agents69.json	600	497	103	107	69	27	11	0	randomSolver	88,679	82,369	82	98	0	98	36,503	21,07	21	56	0	68	779,057	100	600
TFS-0.25-agents7.json	600	497	103	45	7	27	11	0	referenceSolver	97,392	86,489	86	99	0	99	55,363	37,767	37	56	0	64	4,29	31,667	190
TFS-0.25-agents7.json	600	497	103	45	7	27	11	0	randomSolver	95,608	82,901	82	98	0	99	61,149	66,964	66	57	0	64	442,472	54,667	328
TFS-0.25-agents70.json	600	497	103	108	70	27	11	0	referenceSolver	91,477	86,618	86	99	0	99	34,248	20,95	20	53	0	60	19,355	95,5	573
TFS-0.25-agents70.json	600	497	103	108	70	27	11	0	randomSolver	87,952	80,571	80	98	0	98	37,909	22,509	22	58	0	64	907,081	100	600
TFS-0.25-agents8.json	600	497	103	46	8	27	11	0	referenceSolver	96,964	85,776	85	99	0	99	55,063	41,098	41	56	0	62	2,526	35,5	213
TFS-0.25-agents8.json	600	497	103	46	8	27	11	0	randomSolver	94,732	78,889	78	98	0	99	59,742	66,667	66	54	0	66	158,195	59,833	359
TFS-0.25-agents9.json	600	497	103	47	9	27	11	0	referenceSolver	96,862	85,27	85	99	0	99	53,725	43,189	43	54	0	59	2,764	40,167	241
TFS-0.25-agents9.json	600	497	103	47	9	27	11	0	randomSolver	94,294	78,666	78	98	0	98	61,063	65,278	65	56	0	66	107,166	64,167	385
TFS-0.3-agents1.json	699	596	103	39	1	27	11	0	referenceSolver	99,615	100	100	99	0	100	57,292	14,583	14	54	0	64	1,61	12,446	87
TFS-0.3-agents1.json	699	596	103	39	1	27	11	0	randomSolver	97,4	56,313	56	98	0	98	58,944	37,5	37	56	0	66	42,083	17,31	121
TFS-0.3-agents10.json	699	596	103	48	10	27	11	0	referenceSolver	95,467	83,129	83	99	0	99	54,098	43,066	43	54	0	63	6,537	39,628	277
TFS-0.3-agents10.json	699	596	103	48	10	27	11	0	randomSolver	94,166	78,991	78	98	0	99	61,042	70	70	55	0	64	210,647	62,804	439
TFS-0.3-agents11.json	699	596	103	49	11	27	11	0	referenceSolver	95,537	84,884	84	99	0	98	53,26	46,286	46	52	0	63	3,258	43,634	305
TFS-0.3-agents11.json	699	596	103	49	11	27	11	0	randomSolver	92,711	76,991	76	97	0	98	62,16	67,992	67	58	0	64	109,39	66,094	462
TFS-0.3-agents12.json	699	596	103	50	12	27	11	0	referenceSolver	95,018	83,206	83	99	0	99	53,633	43,366	43	55	0	62	3,473	44,635	312
TFS-0.3-agents12.json	699	596	103	50	12	27	11	0	randomSolver	92,641	76,989	76	98	0	99	61,954	68,229	68	56	0	65	164,784	70,959	496
TFS-0.3-agents13.json	699	596	103	51	13	27	11	0	referenceSolver	94,883	82,218	82	99	0	99	53,313	45,858	45	53	0	63	6,074	50,215	351
TFS-0.3-agents13.json	699	596	103	51	13	27	11	0	randomSolver	91,768	75,99	75	97	0	98	62,175	67,147	67	56	0	67	233,353	74,678	522
TFS-0.3-agents14.json	699	596	103	52	14	27	11	0	referenceSolver	94,425	83,044	83	99	0	99	54,882	48,174	48	55	0	62	4,807	54,793	383
TFS-0.3-agents14.json	699	596	103	52	14	27	11	0	randomSolver	92,125	75,778	75	98	0	99	60,127	66,22	66	54	0	64	162,678	78,398	548
TFS-0.3-agents15.json	699	596	103	53	15	27	11	0	referenceSolver	93,807	82,333	82	99	0	99	53,916	45,554	45	55	0	64	4,191	56,223	393
TFS-0.3-agents15.json	699	596	103	53	15	27	11	0	randomSolver	90,843	74,03	74	99	0	97	60,737	64,306	64	56	0	65	284,623	80,973	566
TFS-0.3-agents16.json	699	596	103	54	16	27	11	0	referenceSolver	93,855	82,393	82	99	0	99	52,129	43,184	43	54	0	61	8,34	56,223	393
TFS-0.3-agents16.json	699	596	103	54	16	27	11	0	randomSolver	90,396	72,746	72	99	0	98	60,386	63,021	63	56	0	64	370,452	83,977	587
TFS-0.3-agents17.json	699	596	103	55	17	27	11	0	referenceSolver	92,986	80,306	80	99	0	99	52,96	42,805	42	56	0	62	8,186	58,083	406
TFS-0.3-agents17.json	699	596	103	55	17	27	11	0	randomSolver	89,879	72,862	72	98	0	99	60,181	61,765	61	56	0	65	677,294	86,838	607
TFS-0.3-agents18.json	699	596	103	56	18	27	11	0	referenceSolver	93,382	81,911	81	99	0	100	52,295	43,875	43	54	0	63	6,15	62,661	438
TFS-0.3-agents18.json	699	596	103	56	18	27	11	0	randomSolver	89,009	70,868	70	98	0	99	58,607	60,069	60	53	0	68	468,881	88,984	622
TFS-0.3-agents19.json	699	596	103	57	19	27	11	0	referenceSolver	91,369	77,775	77	99	0	99	51,246	43,033	43	54	0	60	5,826	63,805	446
TFS-0.3-agents19.json	699	596	103	57	19	27	11	0	randomSolver	88,51	71,981	71	98	0	98	59,343	58,443	58	56	0	67	253,382	90,987	636
TFS-0.3-agents2.json	699	596	103	40	2	27	11	0	referenceSolver	98,873	70,931	70	99	0	100	55,299	30,99	30	53	0	61	1,717	14,735	103
TFS-0.3-agents2.json	699	596	103	40	2	27	11	0	randomSolver	96,412	65,499	65	98	0	97	59,292	54,167	54	56	0	65	52,089	22,175	155
TFS-0.3-agents20.json	699	596	103	58	20	27	11	0	referenceSolver	90,604	75,837	75	99	0	99	52,462	43,18	43	56	0	61	5,618	66,953	468
TFS-0.3-agents20.json	699	596	103	58	20	27	11	0	randomSolver	87,172	69,199	69	98	0	98	58,562	56,458	56	56	0	68	196,227	92,275	645
TFS-0.3-agents21.json	699	596	103	59	21	27	11	0	referenceSolver	91,574	79,282	79	99	0	99	49,396	39,946	39	52	0	62	10,207	66,667	466
TFS-0.3-agents21.json	699	596	103	59	21	27	11	0	randomSolver	86,368	66,855	66	98	0	99	57,503	55,06	55	55	0	67	418,434	94,134	658
TFS-0.3-agents22.json	699	596	103	60	22	27	11	0	referenceSolver	90,329	76,796	76	99	0	99	49,492	39,467	39	54	0	60	6,766	67,954	475
TFS-0.3-agents22.json	699	596	103	60	22	27	11	0	randomSolver	85,552	65,444	65	99	0	99	56,566	53,22	53	55	0	67	466,633	95,136	665
TFS-0.3-agents23.json	699	596	103	61	23	27	11	0	referenceSolver	90,862	78,599	78	99	0	100	48,786	38,626	38	53	0	61	6,742	68,383	478
TFS-0.3-agents23.json	699	596	103	61	23	27	11	0	randomSolver	84,708	65,141	65	98	0	99	56,723	51,63	51	57	0	67	493,759	96,28	673
TFS-0.3-agents24.json	699	596	103	62	24	27	11	0	referenceSolver	89,745	77,056	77	99	0	99	48,7	38,608	38	54	0	59	6,383	71,531	500
TFS-0.3-agents24.json	699	596	103	62	24	27	11	0	randomSolver	84,101	64,622	64	98	0	97	53,919	49,826	49	52	0	66	215,668	96,853	677
TFS-0.3-agents25.json	699	596	103	63	25	27	11	0	referenceSolver	88,008	72,884	72	99	0	100	49,136	39,402	39	54	0	62	12,748	74,535	521
TFS-0.3-agents25.json	699	596	103	63	25	27	11	0	randomSolver	82,954	63,286	63	98	0	97	54,952	48,333	48	56	0	68	482,045	97,711	683
TFS-0.3-agents26.json	699	596	103	64	26	27	11	0	referenceSolver	89,303	76,844	76	99	0	99	48,646	37,066	37	55	0	63	7,357	73,82	516
TFS-0.3-agents26.json	699	596	103	64	26	27	11	0	randomSolver	83,604	65,021	65	98	0	98	53,988	47,035	47	57	0	64	347,691	98,712	690
TFS-0.3-agents27.json	699	596	103	65	27	27	11	0	referenceSolver	90,172	78,765	78	99	0	100	47,815	38,065	38	53	0	60	7,728	78,684	550
TFS-0.3-agents27.json	699	596	103	65	27	27	11	0	randomSolver	83,656	65,82	65	98	0	98	53,403	45,689	45	57	0	65	292,237	98,999	692
TFS-0.3-agents28.json	699	596	103	66	28	27	11	0	referenceSolver	88,918	76,968	76	99	0	99	47,462	37,634	37	53	0	61	7,22	80,973	566
TFS-0.3-agents28.json	699	596	103	66	28	27	11	0	randomSolver	82,627	64,022	64	98	0	99	52,331	43,973	43	56	0	66	492,155	99,285	694
TFS-0.3-agents29.json	699	596	103	67	29	27	11	0	referenceSolver	89,569	78,183	78	99	0	99	47,352	35,269	35	56	0	60	13,416	76,252	533
TFS-0.3-agents29.json	699	596	103	67	29	27	11	0	randomSolver	82,707	64,684	64	98	0	98	50,88	42,457	42	55	0	64	869,832	99,285	694
TFS-0.3-agents3.json	699	596	103	41	3	27	11	0	referenceSolver	97,353	71,11	71	99	0	99	54,965	30,139	30	53	0	64	3,26	17,024	119
TFS-0.3-agents3.json	699	596	103	41	3	27	11	0	randomSolver	96,253	70,299	70	98	0	99	60,289	61,806	61	57	0	66	124,859	27,468	192
TFS-0.3-agents30.json	699	596	103	68	30	27	11	0	referenceSolver	87,864	75,507	75	99	0	99	48,093	37,811	37	55	0	62	8,33	84,406	590
TFS-0.3-agents30.json	699	596	103	68	30	27	11	0	randomSolver	83,444	66,478	66	98	0	98	50,366	41,378	41	55	0	66	298,602	99,571	696
TFS-0.3-agents31.json	699	596	103	69	31	27	11	0	referenceSolver	88,21	76,225	76	99	0	99	47,043	35,977	35	55	0	61	8,256	82,403	576
TFS-0.3-agents31.json	699	596	103	69	31	27	11	0	randomSolver	83,251	66,262	66	98	0	99	49,798	40,601	40	55	0	64	341,538	99,571	696
TFS-0.3-agents32.json	699	596	103	70	32	27	11	0	referenceSolver	87,485	75,246	75	99	0	99	46,405	36,564	36	53	0	62	8,819	86,838	607
TFS-0.3-agents32.json	699	596	103	70	32	27	11	0	randomSolver	83,301	67,619	67	98	0	100	49,607	38,845	38	57	0	66	448,614	99,714	697
TFS-0.3-agents33.json	699	596	103	71	33	27	11	0	referenceSolver	87,679	76,157	76	99	0	100	46,479	35,648	35	55	0	61	15,328	88,269	617
TFS-0.3-agents33.json	699	596	103	71	33	27	11	0	randomSolver	81,59	64,369	64	98	0	99	49,34	38,63	38	56	0	68	550,525	100	699
TFS-0.3-agents34.json	699	596	103	72	34	27	11	0	referenceSolver	87,695	76,517	76	99	0	99	45,989	34,627	34	55	0	62	10,794	87,124	609
TFS-0.3-agents34.json	699	596	103	72	34	27	11	0	randomSolver	82,49	67,354	67	97	0	99	48,262	37,303	37	56	0	65	511,334	100	699
TFS-0.3-agents35.json	699	596	103	73	35	27	11	0	referenceSolver	86,723	74,876	74	99	0	99	45,328	33,765	33	55	0	63	11,251	86,123	602
TFS-0.3-agents35.json	699	596	103	73	35	27	11	0	randomSolver	82,009	65,926	65	98	0	98	47,741	36,986	36	56	0	64	369,814	100	699
TFS-0.3-agents36.json	699	596	103	74	36	27	11	0	referenceSolver	86,552	75,306	75	99	0	99	45,37	34,133	34	56	0	61	17,842	90,272	631
TFS-0.3-agents36.json	699	596	103	74	36	27	11	0	randomSolver	81,167	64,807	64	98	0	99	46,732	35,189	35	56	0	66	1143,668	100	699
TFS-0.3-agents37.json	699	596	103	75	37	27	11	0	referenceSolver	88,194	78,069	78	99	0	99	42,509	31,577	31	52	0	60	18,581	87,268	610
TFS-0.3-agents37.json	699	596	103	75	37	27	11	0	randomSolver	82,341	67,278	67	98	0	99	47,231	35,476	35	56	0	67	596,35	100	699
TFS-0.3-agents38.json	699	596	103	76	38	27	11	0	referenceSolver	85,886	74,3	74	99	0	100	44,115	33,192	33	55	0	62	11,213	93,991	657
TFS-0.3-agents38.json	699	596	103	76	38	27	11	0	randomSolver	82,632	68,986	68	98	0	97	47,03	34,767	34	58	0	65	465	100	699
TFS-0.3-agents39.json	699	596	103	77	39	27	11	0	referenceSolver	86,859	76,469	76	99	0	99	44,113	32,798	32	55	0	63	11,063	93,991	657
TFS-0.3-agents39.json	699	596	103	77	39	27	11	0	randomSolver	83,618	71,066	71	98	0	99	45,764	33,174	33	57	0	67	342,059	100	699
TFS-0.3-agents4.json	699	596	103	42	4	27	11	0	referenceSolver	97,106	74,005	74	99	0	100	56,571	38,889	38	56	0	63	4,211	20,744	145
TFS-0.3-agents4.json	699	596	103	42	4	27	11	0	randomSolver	96,618	73,545	73	99	0	99	60,277	65,625	65	56	0	67	128,275	32,761	229
TFS-0.3-agents40.json	699	596	103	78	40	27	11	0	referenceSolver	87,921	78,479	78	99	0	99	42,484	31,663	31	54	0	58	19,448	92,132	644
TFS-0.3-agents40.json	699	596	103	78	40	27	11	0	randomSolver	82,734	69,662	69	98	0	98	45,482	32,923	32	56	0	69	620,06	100	699
TFS-0.3-agents41.json	699	596	103	79	41	27	11	0	referenceSolver	87,464	78,071	78	98	0	99	42,504	31,783	31	52	0	62	19,65	94,278	659
TFS-0.3-agents41.json	699	596	103	79	41	27	11	0	randomSolver	82,771	69,766	69	98	0	99	44,655	32,073	32	56	0	66	688,261	100	699
TFS-0.3-agents42.json	699	596	103	80	42	27	11	0	referenceSolver	87,025	77,133	77	99	0	99	42,865	31,115	31	55	0	62	13,085	92,561	647
TFS-0.3-agents42.json	699	596	103	80	42	27	11	0	randomSolver	82,409	69,271	69	98	0	97	44,208	31,606	31	56	0	66	346,271	100	699
TFS-0.3-agents43.json	699	596	103	81	43	27	11	0	referenceSolver	86,876	77,304	77	99	0	99	41,496	30,216	30	53	0	62	11,445	94,85	663
TFS-0.3-agents43.json	699	596	103	81	43	27	11	0	randomSolver	82,985	70,816	70	98	0	99	43,342	30,497	30	55	0	69	384,598	100	699
TFS-0.3-agents44.json	699	596	103	82	44	27	11	0	referenceSolver	85,766	75,773	75	99	0	98	41,692	30,421	30	54	0	61	24,039	95,565	668
TFS-0.3-agents44.json	699	596	103	82	44	27	11	0	randomSolver	83,224	70,9	70	98	0	99	43,004	30,39	30	54	0	68	708,541	100	699
TFS-0.3-agents45.json	699	596	103	83	45	27	11	0	referenceSolver	87,342	78,557	78	99	0	99	41,485	29,94	29	54	0	63	13,165	95,565	668
TFS-0.3-agents45.json	699	596	103	83	45	27	11	0	randomSolver	82,908	70,802	70	98	0	98	43,857	30,713	30	57	0	68	388,238	100	699
TFS-0.3-agents46.json	699	596	103	84	46	27	11	0	referenceSolver	86,951	77,799	77	99	0	100	40,995	29,369	29	54	0	63	13,026	95,565	668
TFS-0.3-agents46.json	699	596	103	84	46	27	11	0	randomSolver	84,155	72,861	72	98	0	99	42,508	29,563	29	56	0	65	428,421	100	699
TFS-0.3-agents47.json	699	596	103	85	47	27	11	0	referenceSolver	87,135	78,451	78	99	0	99	40,464	28,43	28	55	0	62	22,111	95,422	667
TFS-0.3-agents47.json	699	596	103	85	47	27	11	0	randomSolver	82,807	71,285	71	97	0	98	42,755	29,563	29	56	0	67	1212,228	100	699
TFS-0.3-agents48.json	699	596	103	86	48	27	11	0	referenceSolver	86,955	78,632	78	99	0	99	39,154	27,656	27	54	0	59	23,32	96,137	672
TFS-0.3-agents48.json	699	596	103	86	48	27	11	0	randomSolver	83,269	71,748	71	99	0	99	42,023	28,591	28	58	0	65	844,523	100	699
TFS-0.3-agents49.json	699	596	103	87	49	27	11	0	referenceSolver	87,489	79,346	79	99	0	99	39,016	27,479	27	52	0	62	23,819	96,28	673
TFS-0.3-agents49.json	699	596	103	87	49	27	11	0	randomSolver	84,182	74,147	74	98	0	98	41,706	28,038	28	58	0	67	1036,909	100	699
TFS-0.3-agents5.json	699	596	103	43	5	27	11	0	referenceSolver	97,374	81,303	81	99	0	99	53,398	40,23	40	52	0	60	2,425	23,748	166
TFS-0.3-agents5.json	699	596	103	43	5	27	11	0	randomSolver	95,035	75,799	75	97	0	99	61,381	67,5	67	56	0	69	158,747	37,911	265
TFS-0.3-agents50.json	699	596	103	88	50	27	11	0	referenceSolver	87,376	79,258	79	99	0	99	38,874	27,17	27	53	0	62	13,844	96,137	672
TFS-0.3-agents50.json	699	596	103	88	50	27	11	0	randomSolver	84,5	73,586	73	98	0	99	41,394	28,685	28	55	0	64	722,608	100	699
TFS-0.3-agents51.json	699	596	103	89	51	27	11	0	referenceSolver	86,328	77,518	77	99	0	99	38,925	27,09	27	54	0	63	14,416	96,567	675
TFS-0.3-agents51.json	699	596	103	89	51	27	11	0	randomSolver	85,665	76,2	76	98	0	98	41,086	27,947	27	55	0	66	451,57	100	699
TFS-0.3-agents52.json	699	596	103	90	52	27	11	0	referenceSolver	87,724	79,648	79	99	0	100	38,61	26,874	26	52	0	63	25,424	96,71	676
TFS-0.3-agents52.json	699	596	103	90	52	27	11	0	randomSolver	83,592	73,059	73	98	0	99	41,239	27,505	27	57	0	69	719,052	100	699
TFS-0.3-agents53.json	699	596	103	91	53	27	11	0	referenceSolver	88,029	80,674	80	99	0	100	38,641	26,421	26	54	0	65	14,933	96,71	676
TFS-0.3-agents53.json	699	596	103	91	53	27	11	0	randomSolver	84,638	75,118	75	97	0	99	40,934	27,332	27	57	0	66	965,748	100	699
TFS-0.3-agents54.json	699	596	103	92	54	27	11	0	referenceSolver	87,716	80,445	80	99	0	100	37,738	25,576	25	55	0	61	16,222	95,994	671
TFS-0.3-agents54.json	699	596	103	92	54	27	11	0	randomSolver	85,194	75,517	75	98	0	98	40,263	27,077	27	56	0	64	761,432	100	699
TFS-0.3-agents55.json	699	596	103	93	55	27	11	0	referenceSolver	88,427	81,412	81	99	0	99	38,283	25,862	25	55	0	63	15,695	96,71	676
TFS-0.3-agents55.json	699	596	103	93	55	27	11	0	randomSolver	85,289	75,838	75	98	0	98	40,116	26,909	26	54	0	69	666,317	100	699
TFS-0.3-agents56.json	699	596	103	94	56	27	11	0	referenceSolver	88,737	82,065	82	99	0	99	37,292	25,178	25	54	0	62	29,486	96,567	675
TFS-0.3-agents56.json	699	596	103	94	56	27	11	0	randomSolver	84,58	74,223	74	98	0	99	40,484	27,505	27	54	0	68	1078,309	100	699
TFS-0.3-agents57.json	699	596	103	95	57	27	11	0	referenceSolver	87,717	80,608	80	99	0	99	38,055	25,597	25	55	0	64	29,204	96,853	677
TFS-0.3-agents57.json	699	596	103	95	57	27	11	0	randomSolver	85,386	76,633	76	97	0	100	39,472	25,868	25	57	0	65	1169,153	100	699
TFS-0.3-agents58.json	699	596	103	96	58	27	11	0	referenceSolver	88,937	82,316	82	99	0	100	37,252	24,855	24	55	0	63	18,213	96,853	677
TFS-0.3-agents58.json	699	596	103	96	58	27	11	0	randomSolver	84,446	75,286	75	97	0	99	40,263	26,418	26	57	0	68	452,03	100	699
TFS-0.3-agents59.json	699	596	103	97	59	27	11	0	referenceSolver	88,414	81,664	81	99	0	99	36,237	24,43	24	52	0	63	18,61	96,423	674
TFS-0.3-agents59.json	699	596	103	97	59	27	11	0	randomSolver	85,116	76,216	76	98	0	99	38,984	25,564	25	55	0	66	618,309	100	699
TFS-0.3-agents6.json	699	596	103	44	6	27	11	0	referenceSolver	97,741	84,335	84	99	0	100	53,506	42,083	42	51	0	65	4,231	26,896	188
TFS-0.3-agents6.json	699	596	103	44	6	27	11	0	randomSolver	95,452	76,861	76	98	0	99	60,821	68,75	68	55	0	67	216,89	43,062	301
TFS-0.3-agents60.json	699	596	103	98	60	27	11	0	referenceSolver	88,327	81,662	81	99	0	99	36,891	24,458	24	55	0	63	31,809	96,567	675
TFS-0.3-agents60.json	699	596	103	98	60	27	11	0	randomSolver	84,949	75,827	75	98	0	99	38,509	24,976	24	56	0	64	808,06	100	699
TFS-0.3-agents61.json	699	596	103	99	61	27	11	0	referenceSolver	88,562	82,219	82	99	0	98	36,689	24,641	24	54	0	61	33,849	96,423	674
TFS-0.3-agents61.json	699	596	103	99	61	27	11	0	randomSolver	85,977	77,581	77	98	0	98	38,576	24,976	24	56	0	67	1074,981	100	699
TFS-0.3-agents62.json	699	596	103	100	62	27	11	0	referenceSolver	89,266	83,656	83	99	0	99	35,16	23,238	23	54	0	61	52,935	96,423	674
TFS-0.3-agents62.json	699	596	103	100	62	27	11	0	randomSolver	86,335	78,555	78	98	0	98	38,916	24,976	24	58	0	67	1638,344	100	699
TFS-0.3-agents63.json	699	596	103	101	63	27	11	0	referenceSolver	88,952	82,842	82	99	0	99	36,297	24,361	24	53	0	63	21,739	96,567	675
TFS-0.3-agents63.json	699	596	103	101	63	27	11	0	randomSolver	87,337	80,009	80	98	0	98	38,576	25,12	25	55	0	66	1133,22	100	699
TFS-0.3-agents64.json	699	596	103	102	64	27	11	0	referenceSolver	88,71	82,244	82	99	0	100	36,37	24,155	24	54	0	63	33,525	96,71	676
TFS-0.3-agents64.json	699	596	103	102	64	27	11	0	randomSolver	85,505	76,836	76	98	0	99	38,847	25,34	25	55	0	67	1892,257	100	699
TFS-0.3-agents65.json	699	596	103	103	65	27	11	0	referenceSolver	89,655	84,071	84	99	0	99	35,021	23,215	23	51	0	64	19,545	96,853	677
TFS-0.3-agents65.json	699	596	103	103	65	27	11	0	randomSolver	86,074	77,625	77	98	0	99	38,375	24,976	24	55	0	65	933,185	100	699
TFS-0.3-agents66.json	699	596	103	104	66	27	11	0	referenceSolver	88,959	82,873	82	99	0	99	36,27	24,223	24	54	0	63	19,759	96,423	674
TFS-0.3-agents66.json	699	596	103	104	66	27	11	0	randomSolver	86,637	79,244	79	98	0	98	37,98	24,211	24	58	0	63	964,972	100	699
TFS-0.3-agents67.json	699	596	103	105	67	27	11	0	referenceSolver	89,608	84,136	84	99	0	100	35,599	23,238	23	56	0	61	19,84	96,423	674
TFS-0.3-agents67.json	699	596	103	105	67	27	11	0	randomSolver	86,966	79,442	79	98	0	98	37,592	24,211	24	55	0	64	800,524	100	699
TFS-0.3-agents68.json	699	596	103	106	68	27	11	0	referenceSolver	89,95	84,597	84	99	0	99	34,571	22,867	22	53	0	58	23,972	96,423	674
TFS-0.3-agents68.json	699	596	103	106	68	27	11	0	randomSolver	86,391	78,673	78	98	0	98	37,656	24,144	24	56	0	65	1039,937	100	699
TFS-0.3-agents69.json	699	596	103	107	69	27	11	0	referenceSolver	90,447	85,404	85	99	0	99	34,699	22,625	22	53	0	62	20,768	96,71	676
TFS-0.3-agents69.json	699	596	103	107	69	27	11	0	randomSolver	86,93	79,597	79	98	0	98	37,338	23,813	23	55	0	66	917,239	100	699
TFS-0.3-agents7.json	699	596	103	45	7	27	11	0	referenceSolver	97,182	83,694	83	99	0	99	52,845	40,625	40	53	0	59	5,09	29,041	203
TFS-0.3-agents7.json	699	596	103	45	7	27	11	0	randomSolver	94,709	78,154	78	98	0	98	61,565	70,536	70	56	0	65	332,813	48,641	340
TFS-0.3-agents70.json	699	596	103	108	70	27	11	0	referenceSolver	89,683	84,165	84	99	0	99	35,202	23,09	23	53	0	63	22,347	96,567	675
TFS-0.3-agents70.json	699	596	103	108	70	27	11	0	randomSolver	87,178	79,728	79	99	0	98	36,657	23,365	23	54	0	65	583,802	100	699
TFS-0.3-agents8.json	699	596	103	46	8	27	11	0	referenceSolver	96,52	84,538	84	99	0	99	54,199	41,927	41	54	0	63	3,006	32,332	226
TFS-0.3-agents8.json	699	596	103	46	8	27	11	0	randomSolver	94,625	79,51	79	97	0	99	62,985	69,792	69	58	0	67	166,685	53,076	371
TFS-0.3-agents9.json	699	596	103	47	9	27	11	0	referenceSolver	96,627	84,861	84	99	0	99	54,531	42,708	42	56	0	61	3,142	36,052	252
TFS-0.3-agents9.json	699	596	103	47	9	27	11	0	randomSolver	94,864	81,088	81	98	0	100	63,18	69,907	69	59	0	64	148,569	57,94	405
TFS-0.35-agents1.json	798	695	103	39	1	27	11	0	referenceSolver	99,313	100	100	99	0	99	55,579	14,583	14	53	0	61	3,517	11,153	89
TFS-0.35-agents1.json	798	695	103	39	1	27	11	0	randomSolver	98,152	60,188	60	99	0	99	59,384	52,083	52	56	0	66	75,947	16,04	128
TFS-0.35-agents10.json	798	695	103	48	10	27	11	0	referenceSolver	96,613	85,702	85	99	0	99	53,878	42,689	42	54	0	62	7,526	31,203	249
TFS-0.35-agents10.json	798	695	103	48	10	27	11	0	randomSolver	93,351	80,162	80	97	0	97	61,928	69,375	69	57	0	64	480,767	54,637	436
TFS-0.35-agents11.json	798	695	103	49	11	27	11	0	referenceSolver	95,489	83,549	83	98	0	99	54,051	42,824	42	55	0	62	7,882	34,211	273
TFS-0.35-agents11.json	798	695	103	49	11	27	11	0	randomSolver	93,748	78,584	78	98	0	99	61,748	67,992	67	56	0	67	438,784	57,895	462
TFS-0.35-agents12.json	798	695	103	50	12	27	11	0	referenceSolver	95,409	84,19	84	98	0	99	53,178	42,034	42	54	0	62	4,464	35,338	282
TFS-0.35-agents12.json	798	695	103	50	12	27	11	0	randomSolver	92,207	77,48	77	97	0	98	62,877	67,882	67	58	0	66	159,125	61,905	494
TFS-0.35-agents13.json	798	695	103	51	13	27	11	0	referenceSolver	95,091	84,464	84	98	0	99	51,968	41,288	41	54	0	59	4,885	38,095	304
TFS-0.35-agents13.json	798	695	103	51	13	27	11	0	randomSolver	92,014	76,018	76	98	0	99	62,082	66,827	66	56	0	68	227,559	65,163	520
TFS-0.35-agents14.json	798	695	103	52	14	27	11	0	referenceSolver	94,259	80,31	80	99	0	100	51,943	42,169	42	53	0	60	9,607	40,852	326
TFS-0.35-agents14.json	798	695	103	52	14	27	11	0	randomSolver	91,927	75,609	75	98	0	99	60,96	65,923	65	55	0	67	408,95	68,421	546
TFS-0.35-agents16.json	798	695	103	54	16	27	11	0	referenceSolver	93,093	79,157	79	99	0	99	51,133	39,54	39	53	0	63	5,72	43,985	351
TFS-0.35-agents16.json	798	695	103	54	16	27	11	0	randomSolver	90,463	75,09	75	97	0	98	61,229	63,932	63	57	0	64	252,234	74,436	594
TFS-0.35-agents17.json	798	695	103	55	17	27	11	0	referenceSolver	93,2	81,276	81	99	0	98	51,245	38,056	38	56	0	61	7,557	45,113	360
TFS-0.35-agents17.json	798	695	103	55	17	27	11	0	randomSolver	89,813	73,371	73	98	0	99	61,495	62,99	62	56	0	69	215,275	77,318	617
TFS-0.35-agents18.json	798	695	103	56	18	27	11	0	referenceSolver	93,118	81,648	81	99	0	99	51,296	38,411	38	56	0	63	12,094	48,12	384
TFS-0.35-agents18.json	798	695	103	56	18	27	11	0	randomSolver	89,065	72,334	72	97	0	99	59,595	61,458	61	55	0	65	612,568	79,449	634
TFS-0.35-agents19.json	798	695	103	57	19	27	11	0	referenceSolver	92,388	79,412	79	99	0	100	50,406	38,515	38	55	0	61	12,39	49,499	395
TFS-0.35-agents19.json	798	695	103	57	19	27	11	0	randomSolver	88,808	70,874	70	98	0	99	58,843	60,197	60	55	0	62	645,233	81,704	652
TFS-0.35-agents2.json	798	695	103	40	2	27	11	0	referenceSolver	99,352	100	100	99	0	99	56,559	14,583	14	54	0	63	2,09	11,529	92
TFS-0.35-agents2.json	798	695	103	40	2	27	11	0	randomSolver	96,149	58,977	58	98	0	97	58,376	51,042	51	55	0	66	50,203	19,048	152
TFS-0.35-agents20.json	798	695	103	58	20	27	11	0	referenceSolver	92,106	79,986	79	99	0	99	48,725	36,283	36	54	0	60	6,815	49,749	397
TFS-0.35-agents20.json	798	695	103	58	20	27	11	0	randomSolver	88,112	70,441	70	98	0	99	59,199	58,958	58	55	0	67	502,821	83,835	669
TFS-0.35-agents21.json	798	695	103	59	21	27	11	0	referenceSolver	91,633	78,498	78	99	0	99	49,226	37,598	37	54	0	60	8,751	52,13	416
TFS-0.35-agents21.json	798	695	103	59	21	27	11	0	randomSolver	87,497	69,853	69	98	0	99	57,553	57,143	57	54	0	64	288,791	85,088	679
TFS-0.35-agents22.json	798	695	103	60	22	27	11	0	referenceSolver	91,261	78,327	78	99	0	99	48,217	36,241	36	54	0	59	15,171	52,506	419
TFS-0.35-agents22.json	798	695	103	60	22	27	11	0	randomSolver	86,318	67,399	67	99	0	99	57,977	55,966	55	57	0	62	531,678	86,967	694
TFS-0.35-agents23.json	798	695	103	61	23	27	11	0	referenceSolver	90,432	77,232	77	99	0	99	48,233	35,286	35	54	0	63	14,759	54,135	432
TFS-0.35-agents23.json	798	695	103	61	23	27	11	0	randomSolver	84,232	64,425	64	98	0	98	57,642	54,891	54	56	0	67	806,438	88,847	709
TFS-0.35-agents24.json	798	695	103	62	24	27	11	0	referenceSolver	90,2	77,188	77	99	0	99	48,126	36,018	36	54	0	61	7,928	57,018	455
TFS-0.35-agents24.json	798	695	103	62	24	27	11	0	randomSolver	84,749	65,873	65	98	0	99	56,953	53,733	53	56	0	66	612,931	90,476	722
TFS-0.35-agents25.json	798	695	103	63	25	27	11	0	referenceSolver	91,129	79,412	79	99	0	99	47,703	35,47	35	54	0	62	8,902	58,521	467
TFS-0.35-agents25.json	798	695	103	63	25	27	11	0	randomSolver	84,636	66,543	66	98	0	100	56,964	52,583	52	58	0	65	335,337	91,98	734
TFS-0.35-agents26.json	798	695	103	64	26	27	11	0	referenceSolver	90,42	79,179	79	99	0	99	46,936	35,492	35	53	0	60	19,678	61,529	491
TFS-0.35-agents26.json	798	695	103	64	26	27	11	0	randomSolver	82,858	63,742	63	97	0	98	55,435	50,881	50	55	0	66	889,626	92,481	738
TFS-0.35-agents27.json	798	695	103	65	27	27	11	0	referenceSolver	89,808	78,095	78	99	0	100	47,12	35,136	35	53	0	65	8,756	62,531	499
TFS-0.35-agents27.json	798	695	103	65	27	27	11	0	randomSolver	83,005	64,642	64	97	0	98	53,969	49,537	49	54	0	63	581,6	93,358	745
TFS-0.35-agents28.json	798	695	103	66	28	27	11	0	referenceSolver	89,663	78,084	78	99	0	99	47,488	35,417	35	54	0	64	9,189	64,286	513
TFS-0.35-agents28.json	798	695	103	66	28	27	11	0	randomSolver	83,121	65,115	65	98	0	98	54,177	48,214	48	56	0	65	282,485	94,11	751
TFS-0.35-agents29.json	798	695	103	67	29	27	11	0	referenceSolver	90,031	78,818	78	99	0	99	47,267	36,458	36	54	0	60	10,057	66,667	532
TFS-0.35-agents29.json	798	695	103	67	29	27	11	0	randomSolver	82,139	64,603	64	97	0	99	54,093	46,911	46	57	0	67	327,292	94,737	756
TFS-0.35-agents3.json	798	695	103	41	3	27	11	0	referenceSolver	98,711	73,495	73	99	0	99	55,777	25,926	25	54	0	63	2,432	13,033	104
TFS-0.35-agents3.json	798	695	103	41	3	27	11	0	randomSolver	96,27	68,681	68	98	0	99	58,433	56,944	56	54	0	68	73,016	23,183	185
TFS-0.35-agents30.json	798	695	103	68	30	27	11	0	referenceSolver	89,287	78,418	78	99	0	99	45,875	34,664	34	53	0	61	11,043	67,669	540
TFS-0.35-agents30.json	798	695	103	68	30	27	11	0	randomSolver	82,227	65,262	65	98	0	99	53,758	45,913	45	58	0	67	325,021	95,363	761
TFS-0.35-agents31.json	798	695	103	69	31	27	11	0	referenceSolver	89,565	78,904	78	99	0	99	45,985	34,74	34	55	0	59	11,576	67,794	541
TFS-0.35-agents31.json	798	695	103	69	31	27	11	0	randomSolver	81,206	63,011	63	98	0	99	52,524	44,898	44	56	0	66	305,642	96,241	768
TFS-0.35-agents32.json	798	695	103	70	32	27	11	0	referenceSolver	89,044	77,799	77	99	0	100	46,29	35,795	35	54	0	60	10,941	71,805	573
TFS-0.35-agents32.json	798	695	103	70	32	27	11	0	randomSolver	82,46	66,332	66	98	0	98	51,734	43,554	43	56	0	66	450,466	96,366	769
TFS-0.35-agents33.json	798	695	103	71	33	27	11	0	referenceSolver	87,965	75,673	75	99	0	100	45,587	35,219	35	52	0	60	11,487	71,303	569
TFS-0.35-agents33.json	798	695	103	71	33	27	11	0	randomSolver	81,409	64,996	64	98	0	97	51,372	42,979	42	56	0	68	315,907	96,742	772
TFS-0.35-agents34.json	798	695	103	72	34	27	11	0	referenceSolver	89,017	78,372	78	99	0	99	45,145	33,056	33	54	0	63	21,16	70,927	566
TFS-0.35-agents34.json	798	695	103	72	34	27	11	0	randomSolver	80,778	64,06	64	98	0	98	51,113	41,888	41	57	0	69	1391,784	97,494	778
TFS-0.35-agents35.json	798	695	103	73	35	27	11	0	referenceSolver	87,729	76,944	76	98	0	98	45,066	34,118	34	53	0	63	24,122	74,06	591
TFS-0.35-agents35.json	798	695	103	73	35	27	11	0	randomSolver	80,225	63,43	63	98	0	98	49,768	40,616	40	56	0	67	684,322	97,368	777
TFS-0.35-agents36.json	798	695	103	74	36	27	11	0	referenceSolver	88,684	78,018	78	99	0	100	44,306	32,677	32	53	0	62	12,62	71,679	572
TFS-0.35-agents36.json	798	695	103	74	36	27	11	0	randomSolver	81,791	66,126	66	99	0	99	49,334	39,65	39	56	0	69	644,717	97,744	780
TFS-0.35-agents37.json	798	695	103	75	37	27	11	0	referenceSolver	89,285	80,147	80	98	0	100	43,764	32,527	32	54	0	59	14,773	75,063	599
TFS-0.35-agents37.json	798	695	103	75	37	27	11	0	randomSolver	80,446	64,359	64	98	0	98	48,745	38,927	38	57	0	65	445,115	97,87	781
TFS-0.35-agents38.json	798	695	103	76	38	27	11	0	referenceSolver	89,638	80,83	80	99	0	99	43,51	31,638	31	53	0	64	23,73	75,439	602
TFS-0.35-agents38.json	798	695	103	76	38	27	11	0	randomSolver	81,431	67,005	67	98	0	98	48,071	37,651	37	57	0	66	612,599	97,995	782
TFS-0.35-agents39.json	798	695	103	77	39	27	11	0	referenceSolver	88,681	79,161	79	99	0	99	43,246	31,476	31	53	0	63	25,726	75,94	606
TFS-0.35-agents39.json	798	695	103	77	39	27	11	0	randomSolver	81,149	66,624	66	98	0	98	47,836	37,476	37	57	0	66	1389,524	98,246	784
TFS-0.35-agents40.json	798	695	103	78	40	27	11	0	referenceSolver	88,257	78,339	78	99	0	99	43,342	32,24	32	52	0	63	14,609	78,07	623
TFS-0.35-agents40.json	798	695	103	78	40	27	11	0	randomSolver	81,107	66,308	66	98	0	98	46,56	36,619	36	54	0	67	906,633	98,496	786
TFS-0.35-agents41.json	798	695	103	79	41	27	11	0	referenceSolver	87,697	77,84	77	99	0	99	43,036	31,781	31	53	0	63	14,964	79,323	633
TFS-0.35-agents41.json	798	695	103	79	41	27	11	0	randomSolver	80,326	65,566	65	98	0	98	46,554	36,116	36	56	0	64	648,946	98,872	789
TFS-0.35-agents43.json	798	695	103	81	43	27	11	0	referenceSolver	87,339	77,559	77	99	0	99	42,785	32,371	32	52	0	62	25,591	84,461	674
TFS-0.35-agents43.json	798	695	103	81	43	27	11	0	randomSolver	82,752	70,211	70	98	0	99	45,614	34,479	34	57	0	66	727,819	99,123	791
TFS-0.35-agents44.json	798	695	103	82	44	27	11	0	referenceSolver	88,634	80,305	80	99	0	100	41,036	29,49	29	54	0	59	15,563	79,449	634
TFS-0.35-agents44.json	798	695	103	82	44	27	11	0	randomSolver	80,225	65,966	65	98	0	99	45,058	33,995	33	57	0	64	549,149	99,373	793
TFS-0.35-agents45.json	798	695	103	83	45	27	11	0	referenceSolver	88,098	79,332	79	99	0	99	41,967	30,081	30	54	0	63	15,704	81,078	647
TFS-0.35-agents45.json	798	695	103	83	45	27	11	0	randomSolver	80,91	67,814	67	98	0	99	44,209	33,1	33	56	0	65	644,326	99,373	793
TFS-0.35-agents46.json	798	695	103	84	46	27	11	0	referenceSolver	87,794	79,296	79	99	0	99	42,595	31,453	31	55	0	64	27,088	88,722	708
TFS-0.35-agents46.json	798	695	103	84	46	27	11	0	randomSolver	81,118	68,635	68	98	0	99	44,071	32,507	32	56	0	69	1518,994	99,499	794
TFS-0.35-agents47.json	798	695	103	85	47	27	11	0	referenceSolver	88,134	80,064	80	99	0	98	41,955	30,832	30	56	0	59	28,04	87,594	699
TFS-0.35-agents47.json	798	695	103	85	47	27	11	0	randomSolver	82,178	70,37	70	97	0	98	44,459	33,244	33	56	0	66	1228,564	99,749	796
TFS-0.35-agents48.json	798	695	103	86	48	27	11	0	referenceSolver	87,565	79,01	79	99	0	100	40,846	30,212	30	53	0	61	30,645	86,842	693
TFS-0.35-agents48.json	798	695	103	86	48	27	11	0	randomSolver	82,105	70,529	70	98	0	99	43,58	32,028	32	56	0	66	1519,633	99,875	797
TFS-0.35-agents49.json	798	695	103	87	49	27	11	0	referenceSolver	86,855	77,735	77	99	0	99	40,699	30,106	30	54	0	59	16,774	87,093	695
TFS-0.35-agents49.json	798	695	103	87	49	27	11	0	randomSolver	80,595	67,712	67	98	0	98	43,26	32,028	32	56	0	64	912,604	99,875	797
TFS-0.35-agents5.json	798	695	103	43	5	27	11	0	referenceSolver	97,28	79,027	79	99	0	99	54,701	36,141	36	54	0	61	5,775	18,421	147
TFS-0.35-agents5.json	798	695	103	43	5	27	11	0	randomSolver	95,894	77,945	77	98	0	98	59,143	64,583	64	55	0	64	136,663	32,331	258
TFS-0.35-agents50.json	798	695	103	88	50	27	11	0	referenceSolver	87,255	78,792	78	99	0	99	40,752	29,499	29	54	0	65	17,066	88,847	709
TFS-0.35-agents50.json	798	695	103	88	50	27	11	0	randomSolver	82,2	70,775	70	98	0	98	43,049	31,282	31	57	0	65	873,308	100	798
TFS-0.35-agents51.json	798	695	103	89	51	27	11	0	referenceSolver	86,658	77,662	77	99	0	99	40,258	30,06	30	51	0	62	30,414	91,103	727
TFS-0.35-agents51.json	798	695	103	89	51	27	11	0	randomSolver	80,308	67,906	67	97	0	98	42,814	31,282	31	56	0	65	1237,908	100	798
TFS-0.35-agents52.json	798	695	103	90	52	27	11	0	referenceSolver	87,556	79,493	79	99	0	99	40,943	29,639	29	55	0	63	18,103	89,724	716
TFS-0.35-agents52.json	798	695	103	90	52	27	11	0	randomSolver	81,832	71,285	71	98	0	98	42,201	29,898	29	57	0	69	666,903	100	798
TFS-0.35-agents53.json	798	695	103	91	53	27	11	0	referenceSolver	85,723	76,851	76	99	0	99	39,745	28,944	28	54	0	61	18,438	92,356	737
TFS-0.35-agents53.json	798	695	103	91	53	27	11	0	randomSolver	82,422	71,936	71	97	0	99	41,024	29,209	29	56	0	65	615,963	100	798
TFS-0.35-agents55.json	798	695	103	93	55	27	11	0	referenceSolver	87,451	79,859	79	99	0	99	39,851	28,466	28	55	0	64	34,935	92,732	740
TFS-0.35-agents55.json	798	695	103	93	55	27	11	0	randomSolver	82,024	71,461	71	98	0	97	41,096	29,041	29	57	0	64	1387,273	100	798
TFS-0.35-agents56.json	798	695	103	94	56	27	11	0	referenceSolver	87,323	80,068	80	99	0	99	39,603	28,082	28	55	0	65	24,991	92,105	735
TFS-0.35-agents56.json	798	695	103	94	56	27	11	0	randomSolver	83,582	74,491	74	98	0	98	40,67	28,391	28	57	0	67	1068,844	100	798
TFS-0.35-agents57.json	798	695	103	95	57	27	11	0	referenceSolver	87,971	81,04	81	99	0	99	38,44	27,349	27	54	0	61	20,324	91,98	734
TFS-0.35-agents57.json	798	695	103	95	57	27	11	0	randomSolver	82,257	71,744	71	98	0	98	40,184	28,391	28	55	0	65	590,456	100	798
TFS-0.35-agents58.json	798	695	103	96	58	27	11	0	referenceSolver	87,442	80,368	80	99	0	99	38,545	27,57	27	54	0	62	36,18	93,233	744
TFS-0.35-agents58.json	798	695	103	96	58	27	11	0	randomSolver	84,389	74,956	74	98	0	99	39,844	28,154	28	55	0	64	1574,926	100	798
TFS-0.35-agents59.json	798	695	103	97	59	27	11	0	referenceSolver	87,801	80,789	80	99	0	100	38,11	27,165	27	53	0	62	37,559	94,361	753
TFS-0.35-agents59.json	798	695	103	97	59	27	11	0	randomSolver	83,716	74,857	74	98	0	97	39,643	27,319	27	56	0	67	1456,242	100	798
TFS-0.35-agents6.json	798	695	103	44	6	27	11	0	referenceSolver	97,187	79,437	79	99	0	99	54,502	39,727	39	54	0	62	4,222	20,927	167
TFS-0.35-agents6.json	798	695	103	44	6	27	11	0	randomSolver	95,059	76,873	76	98	0	97	60,712	68,056	68	56	0	65	187,24	37,469	299
TFS-0.35-agents60.json	798	695	103	98	60	27	11	0	referenceSolver	86,372	78,401	78	99	0	99	38,562	27,588	27	54	0	63	23,887	94,11	751
TFS-0.35-agents60.json	798	695	103	98	60	27	11	0	randomSolver	83,776	74,347	74	98	0	98	39,643	27,768	27	55	0	66	1138,047	100	798
TFS-0.35-agents61.json	798	695	103	99	61	27	11	0	referenceSolver	86,117	78,62	78	99	0	99	38,358	27,008	27	55	0	66	22,723	93,985	750
TFS-0.35-agents61.json	798	695	103	99	61	27	11	0	randomSolver	83,798	74,93	74	98	0	99	40,047	27,542	27	58	0	67	625,521	100	798
TFS-0.35-agents62.json	798	695	103	100	62	27	11	0	referenceSolver	86,138	78,551	78	99	0	98	37,85	26,92	26	54	0	62	40,381	93,484	746
TFS-0.35-agents62.json	798	695	103	100	62	27	11	0	randomSolver	83,137	73,741	73	98	0	98	39,181	27,246	27	55	0	64	1292,158	100	798
TFS-0.35-agents63.json	798	695	103	101	63	27	11	0	referenceSolver	86,506	79,426	79	98	0	98	37,66	27,152	27	54	0	59	43,036	95,238	760
TFS-0.35-agents63.json	798	695	103	101	63	27	11	0	randomSolver	83,419	74,151	74	98	0	98	38,414	26,533	26	54	0	66	1179,378	100	798
TFS-0.35-agents64.json	798	695	103	102	64	27	11	0	referenceSolver	87,188	80,644	80	99	0	99	38,034	26,494	26	57	0	63	25,36	95,363	761
TFS-0.35-agents64.json	798	695	103	102	64	27	11	0	randomSolver	84,344	76,012	76	98	0	98	38,477	25,988	25	57	0	66	1014,699	100	798
TFS-0.35-agents65.json	798	695	103	103	65	27	11	0	referenceSolver	87,302	80,401	80	99	0	99	36,595	25,492	25	53	0	62	24,14	94,486	754
TFS-0.35-agents65.json	798	695	103	103	65	27	11	0	randomSolver	85,528	77,222	77	99	0	99	37,616	25,988	25	53	0	64	579,651	100	798
TFS-0.35-agents66.json	798	695	103	104	66	27	11	0	referenceSolver	87,71	81,083	81	99	0	99	37,192	25,879	25	54	0	64	24,121	94,987	758
TFS-0.35-agents66.json	798	695	103	104	66	27	11	0	randomSolver	84,233	76,414	76	97	0	99	38,603	25,79	25	59	0	66	598,238	100	798
TFS-0.35-agents67.json	798	695	103	105	67	27	11	0	referenceSolver	87,966	81,582	81	99	0	99	35,554	24,829	24	52	0	61	30,153	93,985	750
TFS-0.35-agents67.json	798	695	103	105	67	27	11	0	randomSolver	84,713	77,047	77	98	0	99	38,103	25,53	25	58	0	65	890,956	100	798
TFS-0.35-agents68.json	798	695	103	106	68	27	11	0	referenceSolver	88,058	81,769	81	99	0	99	36,248	25,377	25	52	0	62	27,126	93,86	749
TFS-0.35-agents68.json	798	695	103	106	68	27	11	0	randomSolver	83,86	75,327	75	98	0	98	38,289	26,326	26	55	0	63	716,909	100	798
TFS-0.35-agents69.json	798	695	103	107	69	27	11	0	referenceSolver	87,628	81,17	81	99	0	99	36,864	25,627	25	54	0	63	27,092	94,486	754
TFS-0.35-agents69.json	798	695	103	107	69	27	11	0	randomSolver	85,54	78,447	78	98	0	99	37,677	25,088	25	58	0	65	681,941	100	798
TFS-0.35-agents7.json	798	695	103	45	7	27	11	0	referenceSolver	96,836	82,157	82	99	0	99	54,217	42,13	42	54	0	61	3,931	24,06	192
TFS-0.35-agents7.json	798	695	103	45	7	27	11	0	randomSolver	95,001	78,009	78	98	0	99	61,816	68,155	68	58	0	65	121,154	41,604	332
TFS-0.35-agents70.json	798	695	103	108	70	27	11	0	referenceSolver	88,264	82,203	82	99	0	100	35,874	24,803	24	54	0	61	26,09	94,11	751
TFS-0.35-agents70.json	798	695	103	108	70	27	11	0	randomSolver	85,324	77,25	77	99	0	99	38,042	25,988	25	56	0	63	822,62	100	798
TFS-0.35-agents8.json	798	695	103	46	8	27	11	0	referenceSolver	96,684	83,325	83	99	0	99	53,876	41,319	41	54	0	61	7,344	25,689	205
TFS-0.35-agents8.json	798	695	103	46	8	27	11	0	randomSolver	94,809	78,396	78	98	0	99	61,329	68,229	68	56	0	65	191,732	45,739	365
TFS-0.35-agents9.json	798	695	103	47	9	27	11	0	referenceSolver	96,674	84,104	84	99	0	99	54,207	39,583	39	55	0	62	6,802	27,82	222
TFS-0.35-agents9.json	798	695	103	47	9	27	11	0	randomSolver	94,445	79,441	79	98	0	98	61,99	68,519	68	56	0	67	212,18	50	399
TFS-0.4-agents1.json	897	794	103	39	1	27	11	0	referenceSolver	99,013	100	100	98	0	99	54,864	14,583	14	52	0	61	2,423	9,699	87
TFS-0.4-agents1.json	897	794	103	39	1	27	11	0	randomSolver	97,322	61,044	61	98	0	99	59,583	41,667	41	55	0	72	45,618	13,712	123
TFS-0.4-agents10.json	897	794	103	48	10	27	11	0	referenceSolver	97,445	88,126	88	99	0	99	51,378	30,408	30	52	0	64	5,435	20,513	184
TFS-0.4-agents10.json	897	794	103	48	10	27	11	0	randomSolver	94,19	81,826	81	97	0	98	61,325	67,708	67	56	0	65	133,335	47,715	428
TFS-0.4-agents11.json	897	794	103	49	11	27	11	0	referenceSolver	97,451	89,686	89	99	0	98	52,387	34,028	34	55	0	59	5,991	22,965	206
TFS-0.4-agents11.json	897	794	103	49	11	27	11	0	randomSolver	93,494	79,383	79	98	0	98	61,651	67,614	67	55	0	68	131,468	51,282	460
TFS-0.4-agents12.json	897	794	103	50	12	27	11	0	referenceSolver	97,067	88,137	88	99	0	100	52,937	38,065	38	53	0	65	9,945	27,09	243
TFS-0.4-agents12.json	897	794	103	50	12	27	11	0	randomSolver	93,321	79,866	79	98	0	97	62,083	69,444	69	55	0	67	630,811	56,076	503
TFS-0.4-agents13.json	897	794	103	51	13	27	11	0	referenceSolver	96,579	87,67	87	99	0	100	52,788	42,179	42	53	0	63	6,486	30,658	275
TFS-0.4-agents13.json	897	794	103	51	13	27	11	0	randomSolver	93,651	80,305	80	99	0	98	61,612	68,59	68	54	0	68	194,623	59,197	531
TFS-0.4-agents14.json	897	794	103	52	14	27	11	0	referenceSolver	97,085	90,354	90	99	0	99	52,069	40,053	40	53	0	62	7,437	31,55	283
TFS-0.4-agents14.json	897	794	103	52	14	27	11	0	randomSolver	92,882	79,639	79	98	0	99	61,541	67,857	67	55	0	67	162,994	62,319	559
TFS-0.4-agents15.json	897	794	103	53	15	27	11	0	referenceSolver	96,144	88,041	88	99	0	99	52,824	41,904	41	55	0	60	8,164	35,006	314
TFS-0.4-agents15.json	897	794	103	53	15	27	11	0	randomSolver	92,475	79,367	79	98	0	98	62,589	67,778	67	56	0	67	209,342	65,886	591
TFS-0.4-agents16.json	897	794	103	54	16	27	11	0	referenceSolver	96,478	88,798	88	99	0	100	53,375	41,993	41	55	0	62	13,515	36,566	328
TFS-0.4-agents16.json	897	794	103	54	16	27	11	0	randomSolver	92,041	78,736	78	97	0	99	61,135	66,927	66	54	0	66	347,251	68,785	617
TFS-0.4-agents17.json	897	794	103	55	17	27	11	0	referenceSolver	95,702	87,366	87	99	0	99	54,033	44,56	44	55	0	63	15,335	40,468	363
TFS-0.4-agents17.json	897	794	103	55	17	27	11	0	randomSolver	92,148	80,022	80	98	0	99	61,515	66,667	66	56	0	64	361,212	72,129	647
TFS-0.4-agents18.json	897	794	103	56	18	27	11	0	referenceSolver	96,129	88,973	88	99	0	99	52,778	42,231	42	55	0	63	8,076	40,691	365
TFS-0.4-agents18.json	897	794	103	56	18	27	11	0	randomSolver	91,219	78,348	78	98	0	98	61,452	66,204	66	55	0	65	456,914	75,251	675
TFS-0.4-agents19.json	897	794	103	57	19	27	11	0	referenceSolver	94,705	85,267	85	98	0	100	52,3	45,062	45	53	0	60	10,013	44,036	395
TFS-0.4-agents19.json	897	794	103	57	19	27	11	0	randomSolver	90,616	77,204	77	98	0	98	61,19	65,241	65	56	0	64	332,772	77,815	698
TFS-0.4-agents2.json	897	794	103	40	2	27	11	0	referenceSolver	99,581	100	100	99	0	99	56,539	14,583	14	55	0	59	2,654	9,81	88
TFS-0.4-agents2.json	897	794	103	40	2	27	11	0	randomSolver	96,198	59,22	59	98	0	97	56,899	45,833	45	54	0	63	49,553	16,388	147
TFS-0.4-agents20.json	897	794	103	58	20	27	11	0	referenceSolver	95,307	86,748	86	99	0	99	53,078	44,025	44	55	0	63	17,458	45,485	408
TFS-0.4-agents20.json	897	794	103	58	20	27	11	0	randomSolver	90,257	76,177	76	99	0	98	60,7	63,75	63	55	0	65	906,325	79,71	715
TFS-0.4-agents21.json	897	794	103	59	21	27	11	0	referenceSolver	94,816	86,152	86	99	0	99	52,791	43,376	43	55	0	63	9,701	48,829	438
TFS-0.4-agents21.json	897	794	103	59	21	27	11	0	randomSolver	89,4	74,277	74	99	0	99	60,674	62,302	62	56	0	67	308,212	81,494	731
TFS-0.4-agents22.json	897	794	103	60	22	27	11	0	referenceSolver	93,875	84,014	84	99	0	99	51,158	42,35	42	54	0	61	10,711	50,39	452
TFS-0.4-agents22.json	897	794	103	60	22	27	11	0	randomSolver	88,463	74,301	74	98	0	97	60,29	60,89	60	56	0	68	305,372	83,166	746
TFS-0.4-agents23.json	897	794	103	61	23	27	11	0	referenceSolver	93,304	83,073	83	99	0	99	51,83	42,611	42	54	0	63	11,718	51,616	463
TFS-0.4-agents23.json	897	794	103	61	23	27	11	0	randomSolver	86,721	70,064	70	98	0	98	58,996	59,601	59	56	0	63	351,406	84,838	761
TFS-0.4-agents24.json	897	794	103	62	24	27	11	0	referenceSolver	93,22	83,365	83	99	0	99	51,871	44,072	44	54	0	61	17,555	55,518	498
TFS-0.4-agents24.json	897	794	103	62	24	27	11	0	randomSolver	86,498	70,994	70	97	0	99	59,71	58,42	58	57	0	67	679,592	86,511	776
TFS-0.4-agents25.json	897	794	103	63	25	27	11	0	referenceSolver	92,119	81,069	81	99	0	99	51,623	42,73	42	55	0	63	11,434	56,633	508
TFS-0.4-agents25.json	897	794	103	63	25	27	11	0	randomSolver	86,821	71,26	71	98	0	99	58,908	57,667	57	56	0	66	294,908	88,629	795
TFS-0.4-agents26.json	897	794	103	64	26	27	11	0	referenceSolver	91,498	80,974	80	99	0	99	51,68	43,946	43	55	0	61	11,785	59,755	536
TFS-0.4-agents26.json	897	794	103	64	26	27	11	0	randomSolver	84,637	67,691	67	98	0	98	58,504	56,17	56	57	0	66	508,526	89,632	804
TFS-0.4-agents27.json	897	794	103	65	27	27	11	0	referenceSolver	91,041	79,971	79	99	0	99	51,252	43,843	43	54	0	61	11,818	62,207	558
TFS-0.4-agents27.json	897	794	103	65	27	27	11	0	randomSolver	84,749	68,13	68	98	0	99	57,897	54,938	54	58	0	65	373,302	90,858	815
TFS-0.4-agents28.json	897	794	103	66	28	27	11	0	referenceSolver	90,683	79,171	79	99	0	98	50,468	42,945	42	54	0	61	17,109	63,099	566
TFS-0.4-agents28.json	897	794	103	66	28	27	11	0	randomSolver	84,703	68,135	68	98	0	98	56,673	54,167	54	54	0	68	560,13	92,642	831
TFS-0.4-agents29.json	897	794	103	67	29	27	11	0	referenceSolver	90,136	78,406	78	99	0	99	49,085	41,277	41	52	0	61	12,36	63,768	572
TFS-0.4-agents29.json	897	794	103	67	29	27	11	0	randomSolver	84,275	68,004	68	98	0	99	56,718	53,233	53	56	0	67	500,192	94,091	844
TFS-0.4-agents3.json	897	794	103	41	3	27	11	0	referenceSolver	99,19	100	100	99	0	99	56,309	14,583	14	54	0	62	6,432	10,033	90
TFS-0.4-agents3.json	897	794	103	41	3	27	11	0	randomSolver	95,466	67,006	67	97	0	98	58,73	52,083	52	55	0	68	105,12	19,844	178
TFS-0.4-agents30.json	897	794	103	68	30	27	11	0	referenceSolver	89,614	77,875	77	99	0	99	48,876	41,21	41	53	0	59	13,179	65,663	589
TFS-0.4-agents30.json	897	794	103	68	30	27	11	0	randomSolver	83,34	66,941	66	98	0	99	55,541	51,181	51	57	0	64	479,689	93,645	840
TFS-0.4-agents31.json	897	794	103	69	31	27	11	0	referenceSolver	89,464	78,463	78	99	0	99	48,85	40,553	40	53	0	63	12,995	67,781	608
TFS-0.4-agents31.json	897	794	103	69	31	27	11	0	randomSolver	83,271	66,834	66	99	0	96	54,629	50,47	50	55	0	64	399,777	95,206	854
TFS-0.4-agents32.json	897	794	103	70	32	27	11	0	referenceSolver	90,486	80,523	80	99	0	99	48,67	41,14	41	53	0	59	24,809	69,342	622
TFS-0.4-agents32.json	897	794	103	70	32	27	11	0	randomSolver	81,618	64,486	64	98	0	98	54,548	49,219	49	56	0	68	1303,983	95,764	859
TFS-0.4-agents33.json	897	794	103	71	33	27	11	0	referenceSolver	89,567	79,181	79	99	0	99	48,839	40,215	40	53	0	65	14,098	70,68	634
TFS-0.4-agents33.json	897	794	103	71	33	27	11	0	randomSolver	81,279	64,36	64	98	0	99	54,075	47,98	47	58	0	65	377,976	96,21	863
TFS-0.4-agents34.json	897	794	103	72	34	27	11	0	referenceSolver	88,836	77,838	77	99	0	99	48,504	40,661	40	53	0	61	16,166	72,91	654
TFS-0.4-agents34.json	897	794	103	72	34	27	11	0	randomSolver	81,493	65,361	65	98	0	98	53,793	47,134	47	56	0	70	475,745	96,878	869
TFS-0.4-agents35.json	897	794	103	73	35	27	11	0	referenceSolver	88,488	78,108	78	99	0	99	47,262	37,421	37	54	0	63	16,932	70,234	630
TFS-0.4-agents35.json	897	794	103	73	35	27	11	0	randomSolver	81,549	65,877	65	98	0	98	52,553	46,071	46	55	0	68	1356,941	97,77	877
TFS-0.4-agents36.json	897	794	103	74	36	27	11	0	referenceSolver	89,26	79,003	79	99	0	100	48,3	40,833	40	53	0	62	28,453	76,7	688
TFS-0.4-agents36.json	897	794	103	74	36	27	11	0	randomSolver	81,75	66,388	66	98	0	99	51,596	44,85	44	55	0	66	816,702	97,882	878
TFS-0.4-agents37.json	897	794	103	75	37	27	11	0	referenceSolver	88,203	77,934	77	99	0	99	47,811	38,846	38	55	0	62	16,509	76,923	690
TFS-0.4-agents37.json	897	794	103	75	37	27	11	0	randomSolver	81,263	65,938	65	99	0	97	50,928	43,975	43	55	0	66	450,478	98,551	884
TFS-0.4-agents38.json	897	794	103	76	38	27	11	0	referenceSolver	87,285	75,746	75	99	0	99	48,258	41,447	41	52	0	62	16,51	82,051	736
TFS-0.4-agents38.json	897	794	103	76	38	27	11	0	randomSolver	80,97	64,924	64	99	0	98	49,803	43,142	43	54	0	64	543,018	98,551	884
TFS-0.4-agents39.json	897	794	103	77	39	27	11	0	referenceSolver	88,288	78,258	78	99	0	99	47,296	39,012	39	53	0	63	18,327	80,491	722
TFS-0.4-agents39.json	897	794	103	77	39	27	11	0	randomSolver	79,908	64,111	64	98	0	99	50,138	42,458	42	55	0	67	1149,906	99,443	892
TFS-0.4-agents4.json	897	794	103	42	4	27	11	0	referenceSolver	98,897	77,771	77	99	0	100	56,087	25,926	25	55	0	60	4,275	11,483	103
TFS-0.4-agents4.json	897	794	103	42	4	27	11	0	randomSolver	95,899	72,9	72	98	0	99	59,59	57,292	57	55	0	69	73,224	23,746	213
TFS-0.4-agents40.json	897	794	103	78	40	27	11	0	referenceSolver	87,459	76,864	76	99	0	99	46,423	38,146	38	53	0	60	31,512	80,268	720
TFS-0.4-agents40.json	897	794	103	78	40	27	11	0	randomSolver	80,163	65,288	65	98	0	98	50,025	42,153	42	55	0	68	1012,292	99,777	895
TFS-0.4-agents41.json	897	794	103	79	41	27	11	0	referenceSolver	87,495	77,856	77	99	0	99	46,241	38,296	38	52	0	63	30,229	84,058	754
TFS-0.4-agents41.json	897	794	103	79	41	27	11	0	randomSolver	81,048	66,653	66	98	0	99	48,783	41,009	41	54	0	66	1025,564	99,889	896
TFS-0.4-agents42.json	897	794	103	80	42	27	11	0	referenceSolver	87,625	77,92	77	99	0	100	46,048	37,532	37	54	0	61	17,946	83,612	750
TFS-0.4-agents42.json	897	794	103	80	42	27	11	0	randomSolver	80,897	66,769	66	99	0	99	48,66	39,965	39	56	0	66	576,549	99,777	895
TFS-0.4-agents43.json	897	794	103	81	43	27	11	0	referenceSolver	86,68	76,188	76	99	0	99	45,763	36,848	36	55	0	60	18,95	83,612	750
TFS-0.4-agents43.json	897	794	103	81	43	27	11	0	randomSolver	80,316	66,069	66	99	0	99	47,969	39,119	39	56	0	66	703,448	100	897
TFS-0.4-agents44.json	897	794	103	82	44	27	11	0	referenceSolver	86,314	76,436	76	99	0	98	46,62	38,329	38	56	0	59	18,757	88,406	793
TFS-0.4-agents44.json	897	794	103	82	44	27	11	0	randomSolver	81,484	67,727	67	99	0	99	47,065	38,469	38	55	0	64	1276,234	100	897
TFS-0.4-agents45.json	897	794	103	83	45	27	11	0	referenceSolver	85,51	74,816	74	99	0	99	45,691	37,145	37	54	0	62	35,038	88,071	790
TFS-0.4-agents45.json	897	794	103	83	45	27	11	0	randomSolver	81,699	69,071	69	98	0	99	47,154	38,089	38	56	0	65	1475,55	100	897
TFS-0.4-agents46.json	897	794	103	84	46	27	11	0	referenceSolver	86,198	76,675	76	99	0	99	44,298	35,217	35	53	0	63	20,585	85,73	769
TFS-0.4-agents46.json	897	794	103	84	46	27	11	0	randomSolver	80,395	67,888	67	98	0	98	46,801	36,876	36	56	0	70	466,346	100	897
TFS-0.4-agents47.json	897	794	103	85	47	27	11	0	referenceSolver	86,746	77,458	77	99	0	100	45,153	35,626	35	55	0	66	19,7	88,629	795
TFS-0.4-agents47.json	897	794	103	85	47	27	11	0	randomSolver	80,401	67,769	67	98	0	99	46,453	36,527	36	58	0	64	525,479	100	897
TFS-0.4-agents48.json	897	794	103	86	48	27	11	0	referenceSolver	86,363	77,128	77	99	0	99	44,188	35,867	35	53	0	60	22,355	90,747	814
TFS-0.4-agents48.json	897	794	103	86	48	27	11	0	randomSolver	81,522	69,339	69	98	0	98	45,193	35,738	35	55	0	65	1013,857	100	897
TFS-0.4-agents49.json	897	794	103	87	49	27	11	0	referenceSolver	85,299	75,396	75	99	0	100	44,334	35,707	35	55	0	60	37,622	91,862	824
TFS-0.4-agents49.json	897	794	103	87	49	27	11	0	randomSolver	80,141	67,46	67	98	0	98	44,708	34,877	34	55	0	66	1371,986	100	897
TFS-0.4-agents5.json	897	794	103	43	5	27	11	0	referenceSolver	97,886	75,425	75	99	0	99	54,044	26,25	26	53	0	62	4,803	12,598	113
TFS-0.4-agents5.json	897	794	103	43	5	27	11	0	randomSolver	95,267	73,822	73	98	0	98	59,663	60	60	56	0	66	133,497	27,536	247
TFS-0.4-agents50.json	897	794	103	88	50	27	11	0	referenceSolver	85,974	76,772	76	99	0	99	43,687	34,368	34	54	0	64	22,162	92,531	830
TFS-0.4-agents50.json	897	794	103	88	50	27	11	0	randomSolver	81,983	70,814	70	98	0	98	44,628	34,772	34	56	0	65	714,836	100	897
TFS-0.4-agents51.json	897	794	103	89	51	27	11	0	referenceSolver	85,962	76,679	76	99	0	99	43,766	34,765	34	55	0	61	22,218	92,196	827
TFS-0.4-agents51.json	897	794	103	89	51	27	11	0	randomSolver	80,715	68,884	68	99	0	98	44,233	33,857	33	56	0	67	550,931	100	897
TFS-0.4-agents52.json	897	794	103	90	52	27	11	0	referenceSolver	85,624	76,212	76	99	0	100	42,784	34,618	34	52	0	60	22,513	94,537	848
TFS-0.4-agents52.json	897	794	103	90	52	27	11	0	randomSolver	79,475	66,837	66	98	0	99	43,388	33,369	33	54	0	67	579,94	100	897
TFS-0.4-agents53.json	897	794	103	91	53	27	11	0	referenceSolver	85,352	76,353	76	99	0	99	42,059	32,878	32	54	0	60	39,346	93,757	841
TFS-0.4-agents53.json	897	794	103	91	53	27	11	0	randomSolver	80,943	69,433	69	98	0	99	43,768	33,563	33	55	0	67	1414,183	100	897
TFS-0.4-agents54.json	897	794	103	92	54	27	11	0	referenceSolver	84,738	75,329	75	99	0	99	42,351	33,289	33	55	0	59	24,775	93,311	837
TFS-0.4-agents54.json	897	794	103	92	54	27	11	0	randomSolver	81,825	70,769	70	98	0	99	43,089	32,802	32	55	0	67	713,204	100	897
TFS-0.4-agents55.json	897	794	103	93	55	27	11	0	referenceSolver	84,854	75,589	75	99	0	99	40,883	32,398	32	52	0	60	24,562	94,537	848
TFS-0.4-agents55.json	897	794	103	93	55	27	11	0	randomSolver	80,57	69,684	69	98	0	98	42,648	31,899	31	57	0	66	630,79	100	897
TFS-0.4-agents56.json	897	794	103	94	56	27	11	0	referenceSolver	85,988	77,589	77	99	0	100	41,826	32,417	32	54	0	63	43,963	94,314	846
TFS-0.4-agents56.json	897	794	103	94	56	27	11	0	randomSolver	80,925	69,927	69	98	0	98	43,238	32,526	32	58	0	64	1642,106	100	897
TFS-0.4-agents57.json	897	794	103	95	57	27	11	0	referenceSolver	84,228	74,845	74	100	0	99	41,356	31,984	31	53	0	64	46,586	95,875	860
TFS-0.4-agents57.json	897	794	103	95	57	27	11	0	randomSolver	81,356	71,113	71	98	0	98	41,932	31,043	31	56	0	67	1639,658	100	897
TFS-0.4-agents58.json	897	794	103	96	58	27	11	0	referenceSolver	84,741	76,083	76	99	0	99	40,764	31,426	31	54	0	63	29,967	94,872	851
TFS-0.4-agents58.json	897	794	103	96	58	27	11	0	randomSolver	80,917	70,417	70	98	0	98	41,862	30,878	30	57	0	66	724,22	100	897
TFS-0.4-agents59.json	897	794	103	97	59	27	11	0	referenceSolver	83,942	75,066	75	99	0	99	40,131	30,909	30	53	0	60	26,917	94,649	849
TFS-0.4-agents59.json	897	794	103	97	59	27	11	0	randomSolver	82,314	72,437	72	98	0	99	41,309	30,392	30	57	0	65	719,743	100	897
TFS-0.4-agents6.json	897	794	103	44	6	27	11	0	referenceSolver	97,557	78,82	78	99	0	99	54,084	25,521	25	54	0	63	7,063	13,489	121
TFS-0.4-agents6.json	897	794	103	44	6	27	11	0	randomSolver	95,232	74,311	74	98	0	99	58,424	63,194	63	55	0	62	169,473	31,773	285
TFS-0.4-agents61.json	897	794	103	99	61	27	11	0	referenceSolver	85,2	77,003	77	99	0	99	39,626	30,418	30	52	0	62	49,164	96,544	866
TFS-0.4-agents61.json	897	794	103	99	61	27	11	0	randomSolver	82,317	73,288	73	97	0	99	40,637	29,389	29	58	0	66	1155,292	100	897
TFS-0.4-agents62.json	897	794	103	100	62	27	11	0	referenceSolver	85,504	77,994	77	99	0	100	39,228	29,28	29	55	0	63	31,542	95,987	861
TFS-0.4-agents62.json	897	794	103	100	62	27	11	0	randomSolver	83,244	74,167	74	98	0	99	39,923	29,167	29	55	0	66	934,994	100	897
TFS-0.4-agents63.json	897	794	103	101	63	27	11	0	referenceSolver	84,761	76,543	76	99	0	99	38,756	29,511	29	52	0	62	32,122	95,764	859
TFS-0.4-agents63.json	897	794	103	101	63	27	11	0	randomSolver	81,938	72,287	72	98	0	99	40,244	29,24	29	56	0	65	1049,338	100	897
TFS-0.4-agents64.json	897	794	103	102	64	27	11	0	referenceSolver	84,645	76,94	76	99	0	99	39,138	29,318	29	55	0	62	31,025	96,21	863
TFS-0.4-agents64.json	897	794	103	102	64	27	11	0	randomSolver	81,209	71,454	71	99	0	98	39,923	28,732	28	55	0	70	859,001	100	897
TFS-0.4-agents65.json	897	794	103	103	65	27	11	0	referenceSolver	85,024	77,182	77	99	0	99	38,648	29,242	29	52	0	63	48,802	96,098	862
TFS-0.4-agents65.json	897	794	103	103	65	27	11	0	randomSolver	82,238	73,358	73	98	0	98	39,669	28,45	28	56	0	69	1199,595	100	897
TFS-0.4-agents66.json	897	794	103	104	66	27	11	0	referenceSolver	85,392	77,736	77	99	0	99	37,586	28,541	28	51	0	61	30,154	95,987	861
TFS-0.4-agents66.json	897	794	103	104	66	27	11	0	randomSolver	82,194	72,902	72	98	0	99	39,544	28,591	28	55	0	67	937,598	100	897
TFS-0.4-agents67.json	897	794	103	105	67	27	11	0	referenceSolver	85,842	78,48	78	99	0	100	37,807	28,289	28	53	0	61	30,566	95,875	860
TFS-0.4-agents67.json	897	794	103	105	67	27	11	0	randomSolver	82,593	73,818	73	98	0	98	38,807	27,635	27	56	0	65	821,277	100	897
TFS-0.4-agents68.json	897	794	103	106	68	27	11	0	referenceSolver	85,62	78,371	78	99	0	100	37,867	28,253	28	54	0	60	31,606	95,764	859
TFS-0.4-agents68.json	897	794	103	106	68	27	11	0	randomSolver	84,459	77,111	77	98	0	98	38,807	27,374	27	58	0	66	835,904	100	897
TFS-0.4-agents69.json	897	794	103	107	69	27	11	0	referenceSolver	84,686	76,965	76	99	0	100	38,019	28,081	28	54	0	64	83,84	96,321	864
TFS-0.4-agents69.json	897	794	103	107	69	27	11	0	randomSolver	82,787	74,141	74	98	0	99	39,172	27,969	27	55	0	69	1533,89	100	897
TFS-0.4-agents7.json	897	794	103	45	7	27	11	0	referenceSolver	97,223	78,79	78	99	0	99	53,203	25,24	25	54	0	62	16,655	14,939	134
TFS-0.4-agents7.json	897	794	103	45	7	27	11	0	randomSolver	94,498	79,473	79	97	0	98	62,018	65,476	65	57	0	70	363,009	36,009	323
TFS-0.4-agents70.json	897	794	103	108	70	27	11	0	referenceSolver	87,159	81,074	81	99	0	99	36,45	26,846	26	52	0	63	32,438	95,987	861
TFS-0.4-agents70.json	897	794	103	108	70	27	11	0	randomSolver	83,266	75,409	75	98	0	98	38,687	27,245	27	57	0	67	1045,745	100	897
TFS-0.4-agents8.json	897	794	103	46	8	27	11	0	referenceSolver	97,526	83,762	83	99	0	99	52,005	24,02	24	55	0	60	5,699	15,831	142
TFS-0.4-agents8.json	897	794	103	46	8	27	11	0	randomSolver	93,982	77,029	77	97	0	98	60,594	65,625	65	56	0	66	146,473	39,576	355
TFS-0.4-agents9.json	897	794	103	47	9	27	11	0	referenceSolver	96,811	83,537	83	99	0	99	52,464	29,896	29	54	0	62	5,414	18,952	170
TFS-0.4-agents9.json	897	794	103	47	9	27	11	0	randomSolver	94,067	78,33	78	98	0	99	61,901	67,13	67	57	0	67	218,011	43,813	393
TFS-0.45-agents1.json	996	893	103	39	1	27	11	0	referenceSolver	99,665	100	100	99	0	99	57,247	14,583	14	55	0	61	3,042	8,835	88
TFS-0.45-agents1.json	996	893	103	39	1	27	11	0	randomSolver	97,012	47,104	47	98	0	98	59,262	39,583	39	55	0	69	77,526	12,249	122
TFS-0.45-agents10.json	996	893	103	48	10	27	11	0	referenceSolver	97,917	90,338	90	99	0	99	53,129	40,033	40	53	0	63	10,073	22,892	228
TFS-0.45-agents10.json	996	893	103	48	10	27	11	0	randomSolver	93,501	79,255	79	98	0	97	61,565	65,208	65	57	0	66	230,852	41,767	416
TFS-0.45-agents11.json	996	893	103	49	11	27	11	0	referenceSolver	97,632	90,259	90	99	0	100	51,276	37,534	37	53	0	58	5,951	24,398	243
TFS-0.45-agents11.json	996	893	103	49	11	27	11	0	randomSolver	94,444	81,412	81	99	0	98	61,372	65,72	65	56	0	66	246,146	45,181	450
TFS-0.45-agents12.json	996	893	103	50	12	27	11	0	referenceSolver	97,337	91,706	91	99	0	98	54,97	43,301	43	57	0	61	6,607	28,112	280
TFS-0.45-agents12.json	996	893	103	50	12	27	11	0	randomSolver	94,323	82,417	82	98	0	98	61,425	67,014	67	55	0	67	160,291	49,096	489
TFS-0.45-agents13.json	996	893	103	51	13	27	11	0	referenceSolver	97,121	90,154	90	99	0	99	53,913	44,777	44	54	0	62	12,061	30,723	306
TFS-0.45-agents13.json	996	893	103	51	13	27	11	0	randomSolver	93,813	80,911	80	98	0	99	62,175	67,147	67	57	0	66	311,598	52,41	522
TFS-0.45-agents14.json	996	893	103	52	14	27	11	0	referenceSolver	96,506	89,694	89	98	0	99	52,879	43,561	43	54	0	61	13,366	31,727	316
TFS-0.45-agents14.json	996	893	103	52	14	27	11	0	randomSolver	94,129	83,292	83	98	0	99	61,041	66,815	66	55	0	64	315,802	55,422	552
TFS-0.45-agents15.json	996	893	103	53	15	27	11	0	referenceSolver	96,511	90,047	90	99	0	98	53,072	44,265	44	55	0	59	14,684	34,538	344
TFS-0.45-agents15.json	996	893	103	53	15	27	11	0	randomSolver	93,57	83,03	83	98	0	98	62,749	67,083	67	56	0	69	541,988	58,835	586
TFS-0.45-agents16.json	996	893	103	54	16	27	11	0	referenceSolver	96,591	89,416	89	99	0	99	54,243	46,829	46	54	0	63	8,727	37,952	378
TFS-0.45-agents16.json	996	893	103	54	16	27	11	0	randomSolver	93,29	81,459	81	98	0	99	61,988	67,318	67	56	0	66	205,166	62,249	620
TFS-0.45-agents17.json	996	893	103	55	17	27	11	0	referenceSolver	96,075	88,689	88	99	0	100	53,654	49,674	49	52	0	62	9,691	41,667	415
TFS-0.45-agents17.json	996	893	103	55	17	27	11	0	randomSolver	92,376	80,728	80	98	0	99	61,82	67,034	67	56	0	64	527,92	65,261	650
TFS-0.45-agents18.json	996	893	103	56	18	27	11	0	referenceSolver	96,164	88,848	88	99	0	100	53,437	47,639	47	54	0	59	15,947	43,173	430
TFS-0.45-agents18.json	996	893	103	56	18	27	11	0	randomSolver	92,038	80,654	80	98	0	99	62,86	66,667	66	58	0	66	363,28	68,173	679
TFS-0.45-agents2.json	996	893	103	40	2	27	11	0	referenceSolver	99,444	100	100	99	0	99	55,112	14,583	14	53	0	59	2,851	8,835	88
TFS-0.45-agents2.json	996	893	103	40	2	27	11	0	randomSolver	96,032	53,884	53	98	0	98	57,412	34,375	34	56	0	64	52,767	13,655	136
TFS-0.45-agents20.json	996	893	103	58	20	27	11	0	referenceSolver	95,236	89,482	89	98	0	98	54,046	47,456	47	56	0	61	9,867	48,594	484
TFS-0.45-agents20.json	996	893	103	58	20	27	11	0	randomSolver	91,175	79,778	79	98	0	97	62,299	65,729	65	56	0	67	618,462	73,695	734
TFS-0.45-agents21.json	996	893	103	59	21	27	11	0	referenceSolver	95,361	88,013	88	99	0	100	52,609	45,486	45	54	0	63	12,302	48,092	479
TFS-0.45-agents21.json	996	893	103	59	21	27	11	0	randomSolver	90,985	79,29	79	98	0	98	61,988	64,782	64	56	0	68	928,211	75,904	756
TFS-0.45-agents22.json	996	893	103	60	22	27	11	0	referenceSolver	94,681	86,798	86	99	0	99	53,618	47,668	47	55	0	62	18,483	52,811	526
TFS-0.45-agents22.json	996	893	103	60	22	27	11	0	randomSolver	89,709	77,321	77	98	0	98	61,524	63,92	63	55	0	69	752,808	78,112	778
TFS-0.45-agents23.json	996	893	103	61	23	27	11	0	referenceSolver	93,976	86,056	86	99	0	98	52,381	46,3	46	54	0	62	10,943	54,217	540
TFS-0.45-agents23.json	996	893	103	61	23	27	11	0	randomSolver	88,713	76,253	76	97	0	98	61,682	63,043	63	57	0	68	294,437	80,221	799
TFS-0.45-agents24.json	996	893	103	62	24	27	11	0	referenceSolver	93,713	85,981	85	99	0	99	55,382	49,901	49	57	0	63	10,747	59,237	590
TFS-0.45-agents24.json	996	893	103	62	24	27	11	0	randomSolver	88,736	74,994	74	98	0	99	59,529	61,545	61	54	0	65	320,913	81,526	812
TFS-0.45-agents25.json	996	893	103	63	25	27	11	0	referenceSolver	93,775	85,755	85	99	0	99	52,195	48,116	48	52	0	60	11,8	60,643	604
TFS-0.45-agents25.json	996	893	103	63	25	27	11	0	randomSolver	87,565	73,169	73	98	0	98	59,665	60,417	60	55	0	66	614,169	83,133	828
TFS-0.45-agents26.json	996	893	103	64	26	27	11	0	referenceSolver	92,697	83,752	83	99	0	99	52,379	46,649	46	54	0	61	21,002	60,341	601
TFS-0.45-agents26.json	996	893	103	64	26	27	11	0	randomSolver	87,338	73,716	73	98	0	98	59,688	59,455	59	58	0	63	559,119	84,839	845
TFS-0.45-agents27.json	996	893	103	65	27	27	11	0	referenceSolver	91,584	81,681	81	99	0	99	52,391	47,782	47	53	0	62	12,061	64,859	646
TFS-0.45-agents27.json	996	893	103	65	27	27	11	0	randomSolver	87,028	73,547	73	98	0	98	59,423	58,256	58	56	0	69	412,694	86,145	858
TFS-0.45-agents28.json	996	893	103	66	28	27	11	0	referenceSolver	91,632	81,908	81	99	0	99	52,607	47,796	47	54	0	62	12,721	65,763	655
TFS-0.45-agents28.json	996	893	103	66	28	27	11	0	randomSolver	86,049	71,892	71	98	0	98	58,776	57,217	57	57	0	66	347,451	87,55	872
TFS-0.45-agents29.json	996	893	103	67	29	27	11	0	referenceSolver	91,579	82,03	82	99	0	100	52,452	48,878	48	52	0	61	13,373	69,88	696
TFS-0.45-agents29.json	996	893	103	67	29	27	11	0	randomSolver	85,695	70,921	70	99	0	98	57,645	56,034	56	55	0	68	563,916	88,655	883
TFS-0.45-agents3.json	996	893	103	41	3	27	11	0	referenceSolver	98,375	73,148	73	99	0	99	56,607	30,787	30	54	0	64	3,37	10,743	107
TFS-0.45-agents3.json	996	893	103	41	3	27	11	0	randomSolver	94,947	60,329	60	97	0	99	57,785	40,972	40	56	0	66	58,577	16,265	162
TFS-0.45-agents30.json	996	893	103	68	30	27	11	0	referenceSolver	90,659	80,65	80	99	0	100	51,587	46,142	46	54	0	60	25,129	68,675	684
TFS-0.45-agents30.json	996	893	103	68	30	27	11	0	randomSolver	84,877	70,159	70	98	0	99	57,816	54,792	54	57	0	67	769,161	89,558	892
TFS-0.45-agents31.json	996	893	103	69	31	27	11	0	referenceSolver	90,775	81,716	81	99	0	99	52,93	47,359	47	56	0	63	14,565	73,494	732
TFS-0.45-agents31.json	996	893	103	69	31	27	11	0	randomSolver	84,226	69,657	69	99	0	98	58,155	53,965	53	58	0	70	954,565	90,964	906
TFS-0.45-agents32.json	996	893	103	70	32	27	11	0	referenceSolver	90,238	80,661	80	98	0	100	51,128	46,01	46	52	0	63	15,036	71,988	717
TFS-0.45-agents32.json	996	893	103	70	32	27	11	0	randomSolver	83,216	68,033	68	98	0	98	55,62	52,604	52	54	0	67	439,496	91,466	911
TFS-0.45-agents33.json	996	893	103	71	33	27	11	0	referenceSolver	88,993	78,277	78	99	0	99	51,779	45,355	45	56	0	63	15,201	74,197	739
TFS-0.45-agents33.json	996	893	103	71	33	27	11	0	randomSolver	83,229	68,172	68	98	0	99	56,287	52,056	52	57	0	67	425,549	92,771	924
TFS-0.45-agents34.json	996	893	103	72	34	27	11	0	referenceSolver	88,032	77,376	77	98	0	99	51,238	44,977	44	55	0	63	29,469	75,201	749
TFS-0.45-agents34.json	996	893	103	72	34	27	11	0	randomSolver	83,082	67,785	67	99	0	99	55,193	50,765	50	56	0	67	817,921	93,173	928
TFS-0.45-agents35.json	996	893	103	73	35	27	11	0	referenceSolver	88,249	77,999	77	99	0	99	49,855	42,778	42	55	0	63	28,063	74,9	746
TFS-0.45-agents35.json	996	893	103	73	35	27	11	0	randomSolver	82,35	67,605	67	98	0	98	54,061	49,405	49	56	0	65	884,295	93,675	933
TFS-0.45-agents36.json	996	893	103	74	36	27	11	0	referenceSolver	88,569	78,495	78	99	0	99	48,874	41,801	41	54	0	62	18,372	75,703	754
TFS-0.45-agents36.json	996	893	103	74	36	27	11	0	randomSolver	81,966	66,961	66	98	0	98	54,026	48,805	48	56	0	67	1435,274	94,679	943
TFS-0.45-agents37.json	996	893	103	75	37	27	11	0	referenceSolver	88,616	78,556	78	99	0	99	48,813	42,509	42	53	0	60	18,877	77,61	773
TFS-0.45-agents37.json	996	893	103	75	37	27	11	0	randomSolver	81,828	67,296	67	98	0	98	52,935	47,748	47	56	0	63	497,448	95,482	951
TFS-0.45-agents38.json	996	893	103	76	38	27	11	0	referenceSolver	87,967	77,814	77	99	0	99	49,799	43,628	43	54	0	62	33,441	81,124	808
TFS-0.45-agents38.json	996	893	103	76	38	27	11	0	randomSolver	80,757	66,241	66	97	0	99	53,194	46,765	46	57	0	69	2439,154	95,984	956
TFS-0.45-agents39.json	996	893	103	77	39	27	11	0	referenceSolver	86,02	74,611	74	99	0	98	48,598	42,215	42	53	0	61	32,561	80,622	803
TFS-0.45-agents39.json	996	893	103	77	39	27	11	0	randomSolver	81,37	66,116	66	99	0	99	51,834	46,333	46	55	0	65	1920,311	96,787	964
TFS-0.45-agents4.json	996	893	103	42	4	27	11	0	referenceSolver	97,915	76,345	76	99	0	100	55,068	27,344	27	54	0	62	7,357	11,647	116
TFS-0.45-agents4.json	996	893	103	42	4	27	11	0	randomSolver	95,55	67,218	67	98	0	99	57,8	45,312	45	56	0	65	130,939	19,076	190
TFS-0.45-agents40.json	996	893	103	78	40	27	11	0	referenceSolver	87,218	77,325	77	99	0	100	48,754	41,667	41	55	0	63	18,88	83,133	828
TFS-0.45-agents40.json	996	893	103	78	40	27	11	0	randomSolver	80,215	65,41	65	97	0	98	51,192	45,114	45	55	0	65	509,711	96,687	963
TFS-0.45-agents41.json	996	893	103	79	41	27	11	0	referenceSolver	85,915	75,356	75	99	0	99	48,815	41,228	41	56	0	63	19,444	84,337	840
TFS-0.45-agents41.json	996	893	103	79	41	27	11	0	randomSolver	79,962	64,923	64	98	0	98	50,877	44,362	44	56	0	65	1099,537	97,691	973
TFS-0.45-agents42.json	996	893	103	80	42	27	11	0	referenceSolver	86,616	76,583	76	99	0	100	48,44	40,931	40	56	0	61	34,637	84,538	842
TFS-0.45-agents42.json	996	893	103	80	42	27	11	0	randomSolver	79,621	64,799	64	99	0	98	51,105	43,8	43	56	0	69	1519,429	97,791	974
TFS-0.45-agents43.json	996	893	103	81	43	27	11	0	referenceSolver	85,965	75,528	75	99	0	99	47,626	40,051	40	55	0	61	36,542	85,141	848
TFS-0.45-agents43.json	996	893	103	81	43	27	11	0	randomSolver	79,806	65,51	65	98	0	98	49,758	42,82	42	55	0	67	1616,505	98,193	978
TFS-0.45-agents44.json	996	893	103	82	44	27	11	0	referenceSolver	85,599	75,542	75	99	0	99	46,794	39,401	39	54	0	63	20,555	86,145	858
TFS-0.45-agents44.json	996	893	103	82	44	27	11	0	randomSolver	80,599	67,208	67	98	0	98	49,427	41,802	41	57	0	65	804,462	98,695	983
TFS-0.45-agents45.json	996	893	103	83	45	27	11	0	referenceSolver	85,209	75,162	75	99	0	100	46,319	38,872	38	53	0	63	20,916	87,048	867
TFS-0.45-agents45.json	996	893	103	83	45	27	11	0	randomSolver	79,044	65,098	65	98	0	98	48,802	41,187	41	56	0	66	1660,304	99,096	987
TFS-0.45-agents46.json	996	893	103	84	46	27	11	0	referenceSolver	85,645	76,272	76	98	0	100	46,219	38,591	38	54	0	62	22,047	86,747	864
TFS-0.45-agents46.json	996	893	103	84	46	27	11	0	randomSolver	79,739	66,989	66	98	0	97	48,621	40,54	40	56	0	68	589,113	99,096	987
TFS-0.45-agents47.json	996	893	103	85	47	27	11	0	referenceSolver	84,877	74,819	74	99	0	99	46,106	38,043	38	55	0	63	37,644	87,048	867
TFS-0.45-agents47.json	996	893	103	85	47	27	11	0	randomSolver	79,613	66,245	66	98	0	99	47,871	40,263	40	55	0	66	1753,594	99,598	992
TFS-0.45-agents48.json	996	893	103	86	48	27	11	0	referenceSolver	84,725	75,014	75	99	0	99	45,917	37,786	37	56	0	62	22,126	90,462	901
TFS-0.45-agents48.json	996	893	103	86	48	27	11	0	randomSolver	79,322	66,178	66	98	0	99	47,553	39,212	39	56	0	67	592,007	99,699	993
TFS-0.45-agents49.json	996	893	103	87	49	27	11	0	referenceSolver	84,296	73,944	73	99	0	99	45,533	38,148	38	53	0	62	23,514	91,566	912
TFS-0.45-agents49.json	996	893	103	87	49	27	11	0	randomSolver	79,875	67,589	67	98	0	99	47,691	38,831	38	58	0	67	1087,945	99,9	995
TFS-0.45-agents50.json	996	893	103	88	50	27	11	0	referenceSolver	83,938	73,852	73	99	0	99	45,565	37,578	37	55	0	64	23,835	91,365	910
TFS-0.45-agents50.json	996	893	103	88	50	27	11	0	randomSolver	79,709	67,114	67	98	0	99	46,763	38,036	38	57	0	66	1105,418	99,9	995
TFS-0.45-agents51.json	996	893	103	89	51	27	11	0	referenceSolver	84,624	75,094	75	99	0	99	43,549	36,151	36	52	0	60	40,793	91,466	911
TFS-0.45-agents51.json	996	893	103	89	51	27	11	0	randomSolver	78,523	65,375	65	98	0	99	46,871	38,19	38	56	0	67	3086,26	100	996
TFS-0.45-agents52.json	996	893	103	90	52	27	11	0	referenceSolver	84,732	75,459	75	99	0	99	43,707	35,683	35	54	0	60	26,377	89,458	891
TFS-0.45-agents52.json	996	893	103	90	52	27	11	0	randomSolver	79,61	67,975	67	98	0	97	45,578	36,684	36	56	0	66	654,536	100	996
TFS-0.45-agents53.json	996	893	103	91	53	27	11	0	referenceSolver	83,955	74,453	74	99	0	99	43,628	35,792	35	54	0	61	26,269	92,169	918
TFS-0.45-agents53.json	996	893	103	91	53	27	11	0	randomSolver	79,871	68,086	68	98	0	98	44,806	35,876	35	55	0	66	1065,524	100	996
TFS-0.45-agents54.json	996	893	103	92	54	27	11	0	referenceSolver	83,395	73,765	73	99	0	98	43,625	35,795	35	54	0	61	47,861	92,671	923
TFS-0.45-agents54.json	996	893	103	92	54	27	11	0	randomSolver	80,122	68,986	68	98	0	98	44,579	35,292	35	56	0	66	2527,364	100	996
TFS-0.45-agents55.json	996	893	103	93	55	27	11	0	referenceSolver	83,382	73,79	73	99	0	99	42,81	34,507	34	54	0	62	45,694	93,072	927
TFS-0.45-agents55.json	996	893	103	93	55	27	11	0	randomSolver	78,033	65,792	65	98	0	99	44,654	35,008	35	58	0	67	2171,41	100	996
TFS-0.45-agents56.json	996	893	103	94	56	27	11	0	referenceSolver	83,949	74,599	74	99	0	99	42,855	34,432	34	53	0	64	28,694	91,566	912
TFS-0.45-agents56.json	996	893	103	94	56	27	11	0	randomSolver	81,246	70,756	70	99	0	98	43,337	34,091	34	56	0	64	947,68	100	996
TFS-0.45-agents57.json	996	893	103	95	57	27	11	0	referenceSolver	83,066	73,981	73	99	0	99	41,932	33,165	33	55	0	63	26,701	93,775	934
TFS-0.45-agents57.json	996	893	103	95	57	27	11	0	randomSolver	80,004	68,463	68	98	0	99	42,915	33,914	33	54	0	64	1425,974	100	996
TFS-0.45-agents59.json	996	893	103	97	59	27	11	0	referenceSolver	83,428	74,55	74	99	0	99	41,724	33,019	33	54	0	65	56,26	93,072	927
TFS-0.45-agents59.json	996	893	103	97	59	27	11	0	randomSolver	81,318	71,219	71	99	0	98	42,501	32,886	32	56	0	64	1352,294	100	996
TFS-0.45-agents6.json	996	893	103	44	6	27	11	0	referenceSolver	97,768	85,589	85	99	0	99	53,224	22,396	22	55	0	62	4,865	13,353	133
TFS-0.45-agents6.json	996	893	103	44	6	27	11	0	randomSolver	94,852	75,013	75	98	0	98	57,996	56,25	56	54	0	66	155,762	26,606	265
TFS-0.45-agents60.json	996	893	103	98	60	27	11	0	referenceSolver	83,35	74,16	74	99	0	99	41,399	33,025	33	53	0	62	34,986	94,779	944
TFS-0.45-agents60.json	996	893	103	98	60	27	11	0	randomSolver	80,508	70,657	70	97	0	98	42,432	32,803	32	55	0	67	1227,749	100	996
TFS-0.45-agents61.json	996	893	103	99	61	27	11	0	referenceSolver	83,753	75,379	75	99	0	99	40,189	31,493	31	53	0	63	32,007	94,478	941
TFS-0.45-agents61.json	996	893	103	99	61	27	11	0	randomSolver	80,86	70,93	70	98	0	99	41,762	32,155	32	55	0	66	1003,982	100	996
TFS-0.45-agents62.json	996	893	103	100	62	27	11	0	referenceSolver	83,823	75,337	75	99	0	100	41,18	32,175	32	55	0	63	55,328	93,675	933
TFS-0.45-agents62.json	996	893	103	100	62	27	11	0	randomSolver	79,95	69,504	69	98	0	99	41,696	31,841	31	56	0	66	2061,89	100	996
TFS-0.45-agents63.json	996	893	103	101	63	27	11	0	referenceSolver	83,615	74,877	74	99	0	99	40,613	32,114	32	53	0	63	60,907	94,177	938
TFS-0.45-agents63.json	996	893	103	101	63	27	11	0	randomSolver	81,312	71,947	71	98	0	99	41,305	31,305	31	56	0	67	1783,054	100	996
TFS-0.45-agents64.json	996	893	103	102	64	27	11	0	referenceSolver	84,622	76,955	76	99	0	98	40,12	31,467	31	54	0	61	34,795	93,775	934
TFS-0.45-agents64.json	996	893	103	102	64	27	11	0	randomSolver	80,338	70,349	70	98	0	98	41,177	31,532	31	55	0	64	1503,838	100	996
TFS-0.45-agents65.json	996	893	103	103	65	27	11	0	referenceSolver	84,587	76,286	76	99	0	99	40,205	32,136	32	52	0	59	35,398	94,478	941
TFS-0.45-agents65.json	996	893	103	103	65	27	11	0	randomSolver	81,043	71,325	71	98	0	98	40,545	30,933	30	55	0	63	2029,391	100	996
TFS-0.45-agents66.json	996	893	103	104	66	27	11	0	referenceSolver	84,138	76,251	76	99	0	99	40,63	31,828	31	54	0	63	38,286	93,876	935
TFS-0.45-agents66.json	996	893	103	104	66	27	11	0	randomSolver	80,943	72,077	72	98	0	99	40,545	29,938	29	59	0	66	1226,711	100	996
TFS-0.45-agents67.json	996	893	103	105	67	27	11	0	referenceSolver	84,653	76,633	76	99	0	100	40,858	31,784	31	55	0	64	63,953	94,177	938
TFS-0.45-agents67.json	996	893	103	105	67	27	11	0	randomSolver	82,087	73,788	73	98	0	99	40,175	29,869	29	57	0	66	2013,767	100	996
TFS-0.45-agents68.json	996	893	103	106	68	27	11	0	referenceSolver	84,093	76,234	76	99	0	99	39,312	30,155	30	54	0	63	38,142	94,578	942
TFS-0.45-agents68.json	996	893	103	106	68	27	11	0	randomSolver	81,961	73,642	73	98	0	98	39,753	29,598	29	56	0	65	1411,269	100	996
TFS-0.45-agents69.json	996	893	103	107	69	27	11	0	referenceSolver	84,448	76,969	76	99	0	99	38,452	29,544	29	54	0	60	35,217	95,181	948
TFS-0.45-agents69.json	996	893	103	107	69	27	11	0	randomSolver	81,956	73,979	73	98	0	98	39,812	29,265	29	60	0	63	1078,452	100	996
TFS-0.45-agents7.json	996	893	103	45	7	27	11	0	referenceSolver	97,403	85,892	85	99	0	99	52,795	28,309	28	55	0	60	5,997	15,462	154
TFS-0.45-agents7.json	996	893	103	45	7	27	11	0	randomSolver	95,239	78,024	78	98	0	99	59,814	59,524	59	56	0	67	113,175	30,422	303
TFS-0.45-agents70.json	996	893	103	108	70	27	11	0	referenceSolver	84,889	77,139	77	99	0	99	39,284	30,751	30	52	0	61	40,398	94,378	940
TFS-0.45-agents70.json	996	893	103	108	70	27	11	0	randomSolver	80,495	71,503	71	98	0	98	40,175	29,869	29	56	0	69	811,779	100	996
TFS-0.45-agents8.json	996	893	103	46	8	27	11	0	referenceSolver	97,765	88,652	88	99	0	99	52,307	34,028	34	52	0	64	9,045	18,474	184
TFS-0.45-agents8.json	996	893	103	46	8	27	11	0	randomSolver	94,527	77,012	77	98	0	99	59,761	62,5	62	55	0	66	564,154	34,438	343
TFS-0.45-agents9.json	996	893	103	47	9	27	11	0	referenceSolver	97,225	88,124	88	99	0	99	52,904	36,762	36	54	0	60	9,745	20,884	208
TFS-0.45-agents9.json	996	893	103	47	9	27	11	0	randomSolver	94,845	81,159	81	98	0	100	60,656	63,426	63	56	0	68	562,268	37,851	377
TFS-0.5-agents1.json	1095	992	103	39	1	27	11	0	referenceSolver	98,509	71,941	71	99	0	99	56,172	33,333	33	53	0	64	1,355	9,315	102
TFS-0.5-agents1.json	1095	992	103	39	1	27	11	0	randomSolver	97,222	54,451	54	98	0	98	59,837	50	50	57	0	65	46,144	11,598	127
TFS-0.5-agents10.json	1095	992	103	48	10	27	11	0	referenceSolver	97,563	91,256	91	99	0	99	51,288	29,661	29	55	0	62	4,818	18,904	207
TFS-0.5-agents10.json	1095	992	103	48	10	27	11	0	randomSolver	93,387	79,12	79	97	0	98	63,247	70,417	70	58	0	67	455,398	40,274	441
TFS-0.5-agents11.json	1095	992	103	49	11	27	11	0	referenceSolver	97,471	90,708	90	99	0	99	51,851	31,713	31	55	0	65	9,686	20,457	224
TFS-0.5-agents11.json	1095	992	103	49	11	27	11	0	randomSolver	93,161	78,515	78	98	0	97	62,362	71,212	71	56	0	65	383,648	43,744	479
TFS-0.5-agents12.json	1095	992	103	50	12	27	11	0	referenceSolver	97,016	89,329	89	99	0	99	50,351	35,815	35	53	0	58	5,781	23,105	253
TFS-0.5-agents12.json	1095	992	103	50	12	27	11	0	randomSolver	93,349	79,833	79	98	0	98	62,165	70,486	70	55	0	67	182,418	46,484	509
TFS-0.5-agents13.json	1095	992	103	51	13	27	11	0	referenceSolver	96,954	90,465	90	99	0	98	52,339	38,306	38	56	0	61	6,808	25,845	283
TFS-0.5-agents13.json	1095	992	103	51	13	27	11	0	randomSolver	92,952	77,683	77	99	0	99	62,448	70,833	70	55	0	66	234,411	49,772	545
TFS-0.5-agents15.json	1095	992	103	53	15	27	11	0	referenceSolver	96,146	89,431	89	98	0	99	51,506	39,895	39	53	0	64	13,141	29,589	324
TFS-0.5-agents15.json	1095	992	103	53	15	27	11	0	randomSolver	92,74	78,328	78	99	0	99	63,108	70	69	56	0	66	371,535	55,434	607
TFS-0.5-agents16.json	1095	992	103	54	16	27	11	0	referenceSolver	96,142	88,463	88	99	0	100	51,911	39,312	39	55	0	62	9,691	30,776	337
TFS-0.5-agents16.json	1095	992	103	54	16	27	11	0	randomSolver	91,857	77,82	77	98	0	99	62,778	69,141	69	56	0	65	316,013	57,9	634
TFS-0.5-agents17.json	1095	992	103	55	17	27	11	0	referenceSolver	96,169	89,778	89	98	0	99	50,317	39,137	39	54	0	59	67,31	31,872	349
TFS-0.5-agents17.json	1095	992	103	55	17	27	11	0	randomSolver	91,542	77,685	77	98	0	98	62,146	68,505	68	55	0	66	396,48	60,457	662
TFS-0.5-agents18.json	1095	992	103	56	18	27	11	0	referenceSolver	96,292	89,961	89	99	0	100	50,917	39,969	39	54	0	62	15,367	34,886	382
TFS-0.5-agents18.json	1095	992	103	56	18	27	11	0	randomSolver	91,147	78,753	78	97	0	99	64,479	68,056	68	60	0	67	660,262	63,105	691
TFS-0.5-agents19.json	1095	992	103	57	19	27	11	0	referenceSolver	95,447	87,937	87	99	0	99	52,155	43,615	43	55	0	60	17,039	37,534	411
TFS-0.5-agents19.json	1095	992	103	57	19	27	11	0	randomSolver	91,011	77,095	77	99	0	99	61,836	66,996	66	56	0	64	594,312	65,205	714
TFS-0.5-agents2.json	1095	992	103	40	2	27	11	0	referenceSolver	98,354	79,093	79	99	0	100	54,733	27,083	27	54	0	62	2,628	10,502	115
TFS-0.5-agents2.json	1095	992	103	40	2	27	11	0	randomSolver	96,386	61,507	61	98	0	99	59,725	57,292	57	57	0	65	180,533	14,429	158
TFS-0.5-agents20.json	1095	992	103	58	20	27	11	0	referenceSolver	94,7	86,371	86	99	0	98	52,376	43,132	43	55	0	62	11,043	39,909	437
TFS-0.5-agents20.json	1095	992	103	58	20	27	11	0	randomSolver	89,954	75,49	75	98	0	98	61,349	66,771	66	54	0	67	420,332	67,945	744
TFS-0.5-agents21.json	1095	992	103	59	21	27	11	0	referenceSolver	94,738	86,827	86	99	0	99	51,869	42,35	42	54	0	64	10,263	41,005	449
TFS-0.5-agents21.json	1095	992	103	59	21	27	11	0	randomSolver	89,926	76,415	76	98	0	98	61,919	65,873	65	55	0	69	336,81	70,046	767
TFS-0.5-agents22.json	1095	992	103	60	22	27	11	0	referenceSolver	94,475	86,684	86	99	0	99	50,34	40,104	40	54	0	62	17,514	42,283	463
TFS-0.5-agents22.json	1095	992	103	60	22	27	11	0	randomSolver	88,933	74,638	74	99	0	98	62,416	64,489	64	57	0	69	503,051	71,598	784
TFS-0.5-agents23.json	1095	992	103	61	23	27	11	0	referenceSolver	93,24	84,423	84	98	0	99	51,289	44,708	44	53	0	59	19,184	46,21	506
TFS-0.5-agents23.json	1095	992	103	61	23	27	11	0	randomSolver	88,399	74,081	74	98	0	98	61,186	63,768	63	56	0	65	915,713	73,699	807
TFS-0.5-agents24.json	1095	992	103	62	24	27	11	0	referenceSolver	93,144	84,456	84	99	0	99	51,935	43,155	43	56	0	62	19,619	47,671	522
TFS-0.5-agents24.json	1095	992	103	62	24	27	11	0	randomSolver	87,361	71,678	71	98	0	99	60,564	63,281	63	56	0	63	1015,732	75,982	832
TFS-0.5-agents25.json	1095	992	103	63	25	27	11	0	referenceSolver	92,362	82,262	82	99	0	100	51,164	44,04	44	54	0	60	11,748	49,68	544
TFS-0.5-agents25.json	1095	992	103	63	25	27	11	0	randomSolver	87,301	72,729	72	98	0	99	60,998	62,083	62	57	0	65	425,102	77,443	848
TFS-0.5-agents26.json	1095	992	103	64	26	27	11	0	referenceSolver	92,315	82,776	82	99	0	99	51,361	43,289	43	54	0	63	12,796	50,959	558
TFS-0.5-agents26.json	1095	992	103	64	26	27	11	0	randomSolver	86,78	71,796	71	98	0	99	60,396	61,699	61	56	0	65	739,85	79,726	873
TFS-0.5-agents27.json	1095	992	103	65	27	27	11	0	referenceSolver	91,417	81,24	81	99	0	99	50,926	41,513	41	56	0	62	25,516	50,502	553
TFS-0.5-agents27.json	1095	992	103	65	27	27	11	0	randomSolver	85,415	69,845	69	98	0	98	60,19	60,88	60	57	0	63	1070,869	81,461	892
TFS-0.5-agents28.json	1095	992	103	66	28	27	11	0	referenceSolver	91,945	83,049	83	99	0	99	49,936	42,241	42	53	0	61	13,694	54,064	592
TFS-0.5-agents28.json	1095	992	103	66	28	27	11	0	randomSolver	85,307	69,556	69	98	0	99	59,568	59,821	59	57	0	63	765,517	82,831	907
TFS-0.5-agents29.json	1095	992	103	67	29	27	11	0	referenceSolver	92,113	82,71	82	100	0	99	50,37	43,004	43	53	0	62	13,791	55,434	607
TFS-0.5-agents29.json	1095	992	103	67	29	27	11	0	randomSolver	84,623	68,636	68	98	0	99	58,73	58,621	58	55	0	67	379,185	83,927	919
TFS-0.5-agents3.json	1095	992	103	41	3	27	11	0	referenceSolver	98,059	83,29	83	99	0	99	53,517	25,521	25	53	0	62	1,845	11,233	123
TFS-0.5-agents3.json	1095	992	103	41	3	27	11	0	randomSolver	96,011	66,373	66	98	0	99	60,229	61,111	61	56	0	67	74,379	17,443	191
TFS-0.5-agents30.json	1095	992	103	68	30	27	11	0	referenceSolver	91,168	81,568	81	99	0	99	49,839	42,502	42	53	0	62	14,675	57,808	633
TFS-0.5-agents30.json	1095	992	103	68	30	27	11	0	randomSolver	84,349	68,874	68	99	0	98	59,438	58,403	58	57	0	66	848,524	86,21	944
TFS-0.5-agents31.json	1095	992	103	69	31	27	11	0	referenceSolver	90,475	80,862	80	99	0	99	50,128	42,021	42	55	0	62	27,962	59,269	649
TFS-0.5-agents31.json	1095	992	103	69	31	27	11	0	randomSolver	83,632	68,668	68	97	0	98	58,029	57,191	57	56	0	64	939,833	87,123	954
TFS-0.5-agents32.json	1095	992	103	70	32	27	11	0	referenceSolver	89,958	80,065	80	99	0	100	48,58	41,211	41	53	0	62	15,844	59,726	654
TFS-0.5-agents32.json	1095	992	103	70	32	27	11	0	randomSolver	84,024	69,153	69	98	0	99	58,064	56,51	56	56	0	66	425,334	88,676	971
TFS-0.5-agents33.json	1095	992	103	71	33	27	11	0	referenceSolver	90,085	80,221	80	99	0	99	48,838	40,335	40	54	0	63	16,994	59,817	655
TFS-0.5-agents33.json	1095	992	103	71	33	27	11	0	randomSolver	82,825	67,39	67	98	0	99	57,908	55,997	55	57	0	65	638,373	90,411	990
TFS-0.5-agents34.json	1095	992	103	72	34	27	11	0	referenceSolver	89,547	79,805	79	99	0	100	48,434	39,416	39	55	0	62	29,157	60,274	660
TFS-0.5-agents34.json	1095	992	103	72	34	27	11	0	randomSolver	82,591	67,013	67	98	0	98	56,704	55,147	55	55	0	65	2996,677	91,598	1003
TFS-0.5-agents35.json	1095	992	103	73	35	27	11	0	referenceSolver	89,638	80,455	80	99	0	99	49,721	41,96	41	55	0	63	31,291	65,845	721
TFS-0.5-agents35.json	1095	992	103	73	35	27	11	0	randomSolver	81,736	66,332	66	98	0	99	57,229	54,107	54	57	0	68	1569,643	92,42	1012
TFS-0.5-agents36.json	1095	992	103	74	36	27	11	0	referenceSolver	88,465	78,507	78	99	0	99	48,937	40,833	40	55	0	62	17,41	65,662	719
TFS-0.5-agents36.json	1095	992	103	74	36	27	11	0	randomSolver	81,221	66,392	66	97	0	99	56,807	52,951	52	58	0	66	903,409	92,968	1018
TFS-0.5-agents37.json	1095	992	103	75	37	27	11	0	referenceSolver	88,786	79,069	79	99	0	99	46,731	38,127	38	53	0	63	19,054	64,292	704
TFS-0.5-agents37.json	1095	992	103	75	37	27	11	0	randomSolver	81,043	66,061	66	98	0	98	55,904	52,252	52	56	0	68	521,985	94,155	1031
TFS-0.5-agents39.json	1095	992	103	77	39	27	11	0	referenceSolver	88,753	79,307	79	99	0	99	47,013	38,649	38	53	0	64	35,794	67,032	734
TFS-0.5-agents39.json	1095	992	103	77	39	27	11	0	randomSolver	80,473	65,072	65	99	0	99	54,467	50,427	50	55	0	68	1393,866	95,616	1047
TFS-0.5-agents4.json	1095	992	103	42	4	27	11	0	referenceSolver	97,473	82,497	82	99	0	99	53,238	22,997	22	54	0	62	3,541	11,598	127
TFS-0.5-agents4.json	1095	992	103	42	4	27	11	0	randomSolver	94,956	70,381	70	97	0	98	60,718	60,938	60	58	0	66	91,112	20,091	220
TFS-0.5-agents40.json	1095	992	103	78	40	27	11	0	referenceSolver	87,522	77,838	77	99	0	99	46,841	38,675	38	54	0	63	22,554	68,402	749
TFS-0.5-agents40.json	1095	992	103	78	40	27	11	0	randomSolver	79,653	64,649	64	98	0	98	53,887	49,479	49	55	0	67	1476,515	96,164	1053
TFS-0.5-agents41.json	1095	992	103	79	41	27	11	0	referenceSolver	87,586	77,944	77	99	0	99	46,643	39,13	39	54	0	59	21,202	72,146	790
TFS-0.5-agents41.json	1095	992	103	79	41	27	11	0	randomSolver	79,985	65,252	65	98	0	99	53,332	48,78	48	56	0	63	941,229	97,078	1063
TFS-0.5-agents42.json	1095	992	103	80	42	27	11	0	referenceSolver	87,866	78,245	78	100	0	99	46,56	38,442	38	54	0	60	39,748	70,776	775
TFS-0.5-agents42.json	1095	992	103	80	42	27	11	0	randomSolver	80,26	65,673	65	99	0	98	52,525	47,817	47	55	0	65	1889,203	97,443	1067
TFS-0.5-agents43.json	1095	992	103	81	43	27	11	0	referenceSolver	87,041	77,327	77	99	0	99	45,967	37,508	37	54	0	62	23,615	71,689	785
TFS-0.5-agents43.json	1095	992	103	81	43	27	11	0	randomSolver	78,447	62,928	62	98	0	99	51,926	47,045	47	55	0	64	624,753	98,082	1074
TFS-0.5-agents44.json	1095	992	103	82	44	27	11	0	referenceSolver	87,561	78,21	78	99	0	100	45,086	37,234	37	53	0	60	22,065	73,607	806
TFS-0.5-agents44.json	1095	992	103	82	44	27	11	0	randomSolver	78,797	64,07	64	98	0	99	51,662	46,023	46	55	0	67	939,539	98,174	1075
TFS-0.5-agents45.json	1095	992	103	83	45	27	11	0	referenceSolver	87,489	78,928	78	98	0	99	45,088	36,689	36	53	0	63	23,988	73,516	805
TFS-0.5-agents45.json	1095	992	103	83	45	27	11	0	randomSolver	78,261	63,96	63	97	0	99	51,128	45,231	45	55	0	69	1463,926	98,63	1080
TFS-0.5-agents46.json	1095	992	103	84	46	27	11	0	referenceSolver	86,936	77,85	77	99	0	100	45,435	37,008	37	54	0	63	38,483	75,525	827
TFS-0.5-agents46.json	1095	992	103	84	46	27	11	0	randomSolver	78,057	63,477	63	98	0	99	50,847	44,704	44	57	0	64	2616,724	99,269	1087
TFS-0.5-agents47.json	1095	992	103	85	47	27	11	0	referenceSolver	86,829	77,736	77	99	0	100	44,853	36,507	36	53	0	63	23,842	76,621	839
TFS-0.5-agents47.json	1095	992	103	85	47	27	11	0	randomSolver	78,171	63,788	63	98	0	98	49,628	43,839	43	54	0	64	908,065	99,452	1089
TFS-0.5-agents48.json	1095	992	103	86	48	27	11	0	referenceSolver	86,32	77,618	77	99	0	99	44,778	36,129	36	54	0	64	23,515	78,174	856
TFS-0.5-agents48.json	1095	992	103	86	48	27	11	0	randomSolver	78,376	64,826	64	98	0	99	49,68	42,882	42	56	0	66	1133,428	99,635	1091
TFS-0.5-agents49.json	1095	992	103	87	49	27	11	0	referenceSolver	86,061	77,054	77	99	0	99	44,49	36,223	36	53	0	63	25,992	78,356	858
TFS-0.5-agents49.json	1095	992	103	87	49	27	11	0	randomSolver	76,578	62,928	62	98	0	98	50,297	42,506	42	59	0	69	767,82	99,909	1094
TFS-0.5-agents5.json	1095	992	103	43	5	27	11	0	referenceSolver	97,37	83,626	83	99	0	99	52,595	22,11	22	54	0	63	3,038	12,329	135
TFS-0.5-agents5.json	1095	992	103	43	5	27	11	0	randomSolver	94,805	72,788	72	97	0	98	59,653	63,333	63	55	0	67	95,66	23,288	255
TFS-0.5-agents50.json	1095	992	103	88	50	27	11	0	referenceSolver	86,393	77,67	77	99	0	99	44,071	35,376	35	54	0	61	44,634	76,712	840
TFS-0.5-agents50.json	1095	992	103	88	50	27	11	0	randomSolver	77,764	64,297	64	98	0	98	48,57	41,571	41	55	0	67	2280,39	100	1095
TFS-0.5-agents51.json	1095	992	103	89	51	27	11	0	referenceSolver	86,014	77,17	77	99	0	99	44,365	36,481	36	53	0	63	26,893	81,37	891
TFS-0.5-agents51.json	1095	992	103	89	51	27	11	0	randomSolver	77,012	63,706	63	97	0	98	48,317	40,866	40	56	0	67	712,391	100	1095
TFS-0.5-agents52.json	1095	992	103	90	52	27	11	0	referenceSolver	86,288	77,943	77	99	0	99	43,816	35,302	35	54	0	65	26,3	80,457	881
TFS-0.5-agents52.json	1095	992	103	90	52	27	11	0	randomSolver	77,323	63,879	63	98	0	99	47,253	39,853	39	56	0	65	910,94	100	1095
TFS-0.5-agents53.json	1095	992	103	91	53	27	11	0	referenceSolver	85,929	77,609	77	99	0	99	43,716	34,845	34	56	0	62	26,773	82,192	900
TFS-0.5-agents53.json	1095	992	103	91	53	27	11	0	randomSolver	77,497	64,483	64	98	0	98	47,093	39,635	39	56	0	63	694,431	100	1095
TFS-0.5-agents54.json	1095	992	103	92	54	27	11	0	referenceSolver	85,465	77,117	77	99	0	99	42,975	34,254	34	55	0	60	51,103	81,826	896
TFS-0.5-agents54.json	1095	992	103	92	54	27	11	0	randomSolver	77,846	65,431	65	97	0	99	46,388	38,785	38	55	0	67	1323,021	100	1095
TFS-0.5-agents55.json	1095	992	103	93	55	27	11	0	referenceSolver	84,343	75,122	75	99	0	99	43,305	35,282	35	53	0	62	51,797	83,196	911
TFS-0.5-agents55.json	1095	992	103	93	55	27	11	0	randomSolver	77,037	64,35	64	98	0	97	46,081	37,97	37	55	0	69	1394,348	100	1095
TFS-0.5-agents56.json	1095	992	103	94	56	27	11	0	referenceSolver	85,585	77,634	77	99	0	99	42,976	34,615	34	55	0	62	32,557	87,032	953
TFS-0.5-agents56.json	1095	992	103	94	56	27	11	0	randomSolver	78,508	66,674	66	98	0	98	45,185	37,285	37	55	0	66	1135,061	100	1095
TFS-0.5-agents57.json	1095	992	103	95	57	27	11	0	referenceSolver	84,807	76,286	76	99	0	98	42,392	34,436	34	53	0	61	34,446	84,84	929
TFS-0.5-agents57.json	1095	992	103	95	57	27	11	0	randomSolver	78,512	66,347	66	98	0	99	44,607	36,811	36	55	0	63	1135,73	100	1095
TFS-0.5-agents58.json	1095	992	103	96	58	27	11	0	referenceSolver	85,81	77,98	77	99	0	99	41,893	33,184	33	54	0	63	54,809	83,288	912
TFS-0.5-agents58.json	1095	992	103	96	58	27	11	0	randomSolver	78,656	67,341	67	98	0	99	45,332	36,905	36	56	0	68	1498,003	100	1095
TFS-0.5-agents59.json	1095	992	103	97	59	27	11	0	referenceSolver	85,908	78,393	78	99	0	99	42,347	33,807	33	55	0	64	54,241	87,032	953
TFS-0.5-agents59.json	1095	992	103	97	59	27	11	0	randomSolver	78,105	66,427	66	98	0	99	43,904	35,632	35	55	0	65	1439,938	100	1095
TFS-0.5-agents6.json	1095	992	103	44	6	27	11	0	referenceSolver	97,923	89,326	89	99	0	99	51,763	19,818	19	55	0	63	5,582	12,968	142
TFS-0.5-agents6.json	1095	992	103	44	6	27	11	0	randomSolver	94,781	75,564	75	98	0	99	61,768	65,972	65	58	0	67	228,353	26,758	293
TFS-0.5-agents60.json	1095	992	103	98	60	27	11	0	referenceSolver	84,582	76,287	76	99	0	100	42,302	33,503	33	56	0	63	32,942	87,854	962
TFS-0.5-agents60.json	1095	992	103	98	60	27	11	0	randomSolver	76,936	65,402	65	98	0	97	44,113	35,285	35	57	0	66	810,635	100	1095
TFS-0.5-agents61.json	1095	992	103	99	61	27	11	0	referenceSolver	84,606	76,177	76	99	0	100	41,938	33,35	33	54	0	64	34,208	87,489	958
TFS-0.5-agents61.json	1095	992	103	99	61	27	11	0	randomSolver	79,194	68,749	68	98	0	98	43,291	34,609	34	57	0	63	1254,944	100	1095
TFS-0.5-agents62.json	1095	992	103	100	62	27	11	0	referenceSolver	84,146	75,894	75	99	0	99	41,174	32,923	32	54	0	62	55,286	89,68	982
TFS-0.5-agents62.json	1095	992	103	100	62	27	11	0	randomSolver	77,909	66,523	66	99	0	98	43,425	34,692	34	56	0	67	1888,173	100	1095
TFS-0.5-agents63.json	1095	992	103	101	63	27	11	0	referenceSolver	84,447	76,428	76	99	0	100	41,663	33,651	33	54	0	62	58,48	92,329	1011
TFS-0.5-agents63.json	1095	992	103	101	63	27	11	0	randomSolver	77,72	66,944	66	97	0	99	43,023	33,959	33	57	0	66	1954,983	100	1095
TFS-0.5-agents64.json	1095	992	103	102	64	27	11	0	referenceSolver	83,824	75,656	75	99	0	100	41,212	33,785	33	52	0	63	34,114	92,694	1015
TFS-0.5-agents64.json	1095	992	103	102	64	27	11	0	randomSolver	78,185	67,77	67	98	0	98	42,177	33,257	33	57	0	63	1062,471	100	1095
TFS-0.5-agents65.json	1095	992	103	103	65	27	11	0	referenceSolver	83,577	75,427	75	99	0	100	39,966	31,675	31	53	0	61	37,041	88,584	970
TFS-0.5-agents65.json	1095	992	103	103	65	27	11	0	randomSolver	80,236	70,79	70	98	0	98	42,37	33,333	33	57	0	65	996,867	100	1095
TFS-0.5-agents66.json	1095	992	103	104	66	27	11	0	referenceSolver	83,901	76,094	76	99	0	99	40,345	32,049	32	54	0	63	58,321	92,329	1011
TFS-0.5-agents66.json	1095	992	103	104	66	27	11	0	randomSolver	79,749	70,015	70	98	0	98	41,861	33,105	33	55	0	64	2586,801	100	1095
TFS-0.5-agents67.json	1095	992	103	105	67	27	11	0	referenceSolver	84,603	77,211	77	98	0	99	39,759	31,746	31	52	0	62	35,828	92,329	1011
TFS-0.5-agents67.json	1095	992	103	105	67	27	11	0	randomSolver	79,688	69,933	69	97	0	99	41,673	32,879	32	55	0	64	1206,582	100	1095
TFS-0.5-agents68.json	1095	992	103	106	68	27	11	0	referenceSolver	85,031	78,075	78	99	0	99	39,701	31,557	31	54	0	60	37,359	92,237	1010
TFS-0.5-agents68.json	1095	992	103	106	68	27	11	0	randomSolver	79,832	70,48	70	98	0	97	40,819	31,935	31	55	0	65	1683,343	100	1095
TFS-0.5-agents69.json	1095	992	103	107	69	27	11	0	referenceSolver	83,695	76,146	76	99	0	99	39,44	30,981	30	54	0	63	36,957	93,881	1028
TFS-0.5-agents69.json	1095	992	103	107	69	27	11	0	randomSolver	79,648	70,525	70	98	0	98	41,12	31,449	31	58	0	68	1036,392	100	1095
TFS-0.5-agents7.json	1095	992	103	45	7	27	11	0	referenceSolver	97,054	86,353	86	98	0	100	51,813	21,51	21	55	0	63	7,812	13,333	146
TFS-0.5-agents7.json	1095	992	103	45	7	27	11	0	randomSolver	94,792	77,685	77	98	0	98	61,416	68,452	68	56	0	66	288,673	30,411	333
TFS-0.5-agents70.json	1095	992	103	108	70	27	11	0	referenceSolver	84,653	77,924	77	99	0	99	39,25	30,915	30	56	0	60	65,303	93,425	1023
TFS-0.5-agents70.json	1095	992	103	108	70	27	11	0	randomSolver	79,48	70,412	70	98	0	97	40,939	31,518	31	57	0	66	1528,378	100	1095
TFS-0.5-agents8.json	1095	992	103	46	8	27	11	0	referenceSolver	98,208	92,795	92	99	0	99	50,323	22,619	22	54	0	62	4,454	14,795	162
TFS-0.5-agents8.json	1095	992	103	46	8	27	11	0	randomSolver	94,161	76,114	76	98	0	98	60,732	68,49	68	55	0	66	333,129	33,425	366
TFS-0.5-agents9.json	1095	992	103	47	9	27	11	0	referenceSolver	97,244	88,567	88	99	0	99	51,178	28,875	28	53	0	63	5,524	17,078	187
TFS-0.5-agents9.json	1095	992	103	47	9	27	11	0	randomSolver	94,853	79,842	79	98	0	99	61,236	68,981	68	56	0	65	299,42	36,621	401
TFS-0.6-agents1.json	1293	1190	103	39	1	27	11	0	referenceSolver	99,62	100	100	99	0	99	57,8	14,583	14	56	0	62	2,965	6,883	89
TFS-0.6-agents1.json	1293	1190	103	39	1	27	11	0	randomSolver	97,082	46,389	46	98	0	99	60,509	37,5	37	58	0	67	49,753	9,358	121
TFS-0.6-agents10.json	1293	1190	103	48	10	27	11	0	referenceSolver	95,935	81,186	81	99	0	100	53,65	45,797	45	52	0	64	12,298	20,65	267
TFS-0.6-agents10.json	1293	1190	103	48	10	27	11	0	randomSolver	93,717	79,265	79	98	0	97	62,845	68,75	68	57	0	68	377,803	33,488	433
TFS-0.6-agents11.json	1293	1190	103	49	11	27	11	0	referenceSolver	95,668	83,134	83	99	0	99	54,22	44,199	44	55	0	62	8,464	22,042	285
TFS-0.6-agents11.json	1293	1190	103	49	11	27	11	0	randomSolver	93,797	79,609	79	98	0	99	62,257	68,371	68	56	0	67	192,372	35,886	464
TFS-0.6-agents12.json	1293	1190	103	50	12	27	11	0	referenceSolver	95,739	84,794	84	99	0	99	53,753	44,56	44	54	0	62	8,139	23,821	308
TFS-0.6-agents12.json	1293	1190	103	50	12	27	11	0	randomSolver	93,279	79,623	79	98	0	98	63,292	70,139	70	58	0	66	288,29	39,211	507
TFS-0.6-agents13.json	1293	1190	103	51	13	27	11	0	referenceSolver	95,688	85,424	85	99	0	100	53,201	45,994	45	53	0	62	9,712	25,677	332
TFS-0.6-agents13.json	1293	1190	103	51	13	27	11	0	randomSolver	93,93	81,122	81	98	0	99	61,773	70,513	70	54	0	67	345,942	41,995	543
TFS-0.6-agents14.json	1293	1190	103	52	14	27	11	0	referenceSolver	95,68	86,197	86	99	0	99	53,507	46,181	46	54	0	61	17,278	27,456	355
TFS-0.6-agents14.json	1293	1190	103	52	14	27	11	0	randomSolver	92,621	80,389	80	98	0	97	64,19	71,429	71	58	0	67	1101,302	45,089	583
TFS-0.6-agents16.json	1293	1190	103	54	16	27	11	0	referenceSolver	95,752	88,031	88	99	0	99	52,608	44,333	44	54	0	62	11,555	30,162	390
TFS-0.6-agents16.json	1293	1190	103	54	16	27	11	0	randomSolver	92,529	81,134	81	98	0	98	63,254	72,266	72	54	0	68	508,432	50,889	658
TFS-0.6-agents17.json	1293	1190	103	55	17	27	11	0	referenceSolver	95,412	87,696	87	99	0	100	52,532	45,794	45	53	0	62	12,596	32,637	422
TFS-0.6-agents17.json	1293	1190	103	55	17	27	11	0	randomSolver	92,772	81,247	81	98	0	99	64,087	72,549	72	56	0	66	703,075	53,751	695
TFS-0.6-agents18.json	1293	1190	103	56	18	27	11	0	referenceSolver	95,601	88,95	88	98	0	99	54,077	49,74	49	54	0	61	20,509	36,272	469
TFS-0.6-agents18.json	1293	1190	103	56	18	27	11	0	randomSolver	92,706	81,628	81	99	0	98	64,221	72,454	72	56	0	66	776,129	56,381	729
TFS-0.6-agents19.json	1293	1190	103	57	19	27	11	0	referenceSolver	94,732	86,738	86	99	0	99	53,16	48,976	48	53	0	59	22,323	37,819	489
TFS-0.6-agents19.json	1293	1190	103	57	19	27	11	0	randomSolver	92,414	81,937	81	98	0	99	64,432	72,588	72	55	0	68	1913,197	59,165	765
TFS-0.6-agents2.json	1293	1190	103	40	2	27	11	0	referenceSolver	99,665	100	100	99	0	100	54,397	14,583	14	50	0	65	4,943	6,883	89
TFS-0.6-agents2.json	1293	1190	103	40	2	27	11	0	randomSolver	96,392	49,29	49	99	0	99	58,745	40,625	40	56	0	67	73,012	10,982	142
TFS-0.6-agents20.json	1293	1190	103	58	20	27	11	0	referenceSolver	94,563	86,57	86	99	0	99	53,146	47,425	47	53	0	64	13,006	38,824	502
TFS-0.6-agents20.json	1293	1190	103	58	20	27	11	0	randomSolver	92,296	81,923	81	98	0	98	64,629	71,771	71	56	0	67	315,069	61,253	792
TFS-0.6-agents21.json	1293	1190	103	59	21	27	11	0	referenceSolver	94,568	87,341	87	99	0	99	53,085	48,103	48	53	0	63	13,856	40,99	530
TFS-0.6-agents21.json	1293	1190	103	59	21	27	11	0	randomSolver	91,664	81,057	81	98	0	99	64,786	71,825	71	57	0	65	694,81	63,96	827
TFS-0.6-agents22.json	1293	1190	103	60	22	27	11	0	referenceSolver	94,049	85,952	85	99	0	100	54,053	48,094	48	55	0	63	25,218	42,691	552
TFS-0.6-agents22.json	1293	1190	103	60	22	27	11	0	randomSolver	91,175	81,652	81	97	0	97	64,782	71,496	71	56	0	68	1703,046	66,357	858
TFS-0.6-agents23.json	1293	1190	103	61	23	27	11	0	referenceSolver	93,977	86,447	86	99	0	99	53,171	48,677	48	53	0	63	26,358	45,012	582
TFS-0.6-agents23.json	1293	1190	103	61	23	27	11	0	randomSolver	91,652	81,527	81	98	0	99	64,665	70,924	70	56	0	68	1507,024	68,523	886
TFS-0.6-agents24.json	1293	1190	103	62	24	27	11	0	referenceSolver	93,492	85,535	85	99	0	98	53,23	48,705	48	54	0	61	14,669	47,022	608
TFS-0.6-agents24.json	1293	1190	103	62	24	27	11	0	randomSolver	91,031	80,825	80	98	0	100	64	69,878	69	56	0	66	441,894	70,224	908
TFS-0.6-agents25.json	1293	1190	103	63	25	27	11	0	referenceSolver	93,893	86,531	86	99	0	99	53,82	50,46	50	53	0	63	15,102	50,348	651
TFS-0.6-agents25.json	1293	1190	103	63	25	27	11	0	randomSolver	90,177	79,081	79	98	0	98	63,619	69,5	69	55	0	67	497,021	72,467	937
TFS-0.6-agents26.json	1293	1190	103	64	26	27	11	0	referenceSolver	93,309	85,492	85	99	0	99	53,959	50,74	50	53	0	63	18,351	52,282	676
TFS-0.6-agents26.json	1293	1190	103	64	26	27	11	0	randomSolver	89,334	77,983	77	98	0	98	63,626	68,59	68	56	0	66	627,528	74,169	959
TFS-0.6-agents27.json	1293	1190	103	65	27	27	11	0	referenceSolver	92,305	83,881	83	99	0	99	53,993	49,333	49	55	0	63	16,034	52,668	681
TFS-0.6-agents27.json	1293	1190	103	65	27	27	11	0	randomSolver	88,514	76,58	76	98	0	98	63,08	68,21	68	56	0	64	1441,385	76,334	987
TFS-0.6-agents28.json	1293	1190	103	66	28	27	11	0	referenceSolver	91,625	83,04	83	98	0	99	52,354	47,735	47	54	0	59	16,358	52,978	685
TFS-0.6-agents28.json	1293	1190	103	66	28	27	11	0	randomSolver	87,848	76,086	76	98	0	97	63,231	66,741	66	58	0	63	793,445	77,34	1000
TFS-0.6-agents29.json	1293	1190	103	67	29	27	11	0	referenceSolver	91,422	82,398	82	99	0	100	54,372	50,231	50	55	0	66	17,399	57,231	740
TFS-0.6-agents29.json	1293	1190	103	67	29	27	11	0	randomSolver	87,676	75,56	75	98	0	98	61,684	65,805	65	54	0	66	445,824	78,809	1019
TFS-0.6-agents3.json	1293	1190	103	41	3	27	11	0	referenceSolver	98,176	75,272	75	99	0	99	55,045	29,167	29	53	0	62	4,762	8,198	106
TFS-0.6-agents3.json	1293	1190	103	41	3	27	11	0	randomSolver	94,866	55,159	55	98	0	98	58,852	47,917	47	57	0	65	106,566	13,302	172
TFS-0.6-agents30.json	1293	1190	103	68	30	27	11	0	referenceSolver	91,523	82,702	82	99	0	100	52,399	47,747	47	53	0	63	31,167	56,69	733
TFS-0.6-agents30.json	1293	1190	103	68	30	27	11	0	randomSolver	87,089	75,565	75	97	0	98	63,253	65,347	65	58	0	68	1123,69	80,742	1044
TFS-0.6-agents31.json	1293	1190	103	69	31	27	11	0	referenceSolver	91,464	83,086	83	99	0	99	52,447	47,968	47	55	0	60	19,003	58,546	757
TFS-0.6-agents31.json	1293	1190	103	69	31	27	11	0	randomSolver	86,391	74,242	74	98	0	97	61,829	63,844	63	56	0	66	981,555	81,439	1053
TFS-0.6-agents32.json	1293	1190	103	70	32	27	11	0	referenceSolver	90,573	81,744	81	99	0	99	52,183	47,797	47	53	0	63	19,572	59,629	771
TFS-0.6-agents32.json	1293	1190	103	70	32	27	11	0	randomSolver	85,846	73,13	73	98	0	98	61,449	63,021	63	57	0	64	498,341	82,831	1071
TFS-0.6-agents33.json	1293	1190	103	71	33	27	11	0	referenceSolver	90,458	81,844	81	99	0	99	52,875	48,111	48	55	0	64	20,74	61,253	792
TFS-0.6-agents33.json	1293	1190	103	71	33	27	11	0	randomSolver	84,808	71,545	71	98	0	99	61,389	62,058	62	56	0	69	532,915	83,991	1086
TFS-0.6-agents34.json	1293	1190	103	72	34	27	11	0	referenceSolver	88,931	79,246	79	99	0	99	50,603	45,824	45	53	0	60	34,464	61,33	793
TFS-0.6-agents34.json	1293	1190	103	72	34	27	11	0	randomSolver	84,034	70,786	70	98	0	97	60,797	61,152	61	57	0	67	1329,72	85,151	1101
TFS-0.6-agents35.json	1293	1190	103	73	35	27	11	0	referenceSolver	89,072	79,875	79	99	0	99	51,594	45,597	45	56	0	63	38,031	62,181	804
TFS-0.6-agents35.json	1293	1190	103	73	35	27	11	0	randomSolver	83,48	69,58	69	97	0	99	59,434	60	59	56	0	63	3198,754	85,924	1111
TFS-0.6-agents36.json	1293	1190	103	74	36	27	11	0	referenceSolver	88,42	78,895	78	99	0	99	50,537	44,735	44	54	0	64	23,304	63,032	815
TFS-0.6-agents36.json	1293	1190	103	74	36	27	11	0	randomSolver	83,87	70,369	70	98	0	99	59,116	59,144	59	55	0	67	1014,645	87,007	1125
TFS-0.6-agents37.json	1293	1190	103	75	37	27	11	0	referenceSolver	87,901	77,886	77	99	0	100	50,371	44,288	44	54	0	63	25,617	64,192	830
TFS-0.6-agents37.json	1293	1190	103	75	37	27	11	0	randomSolver	83,065	70,185	70	98	0	97	59,634	58,502	58	58	0	67	1391,422	88,322	1142
TFS-0.6-agents38.json	1293	1190	103	76	38	27	11	0	referenceSolver	87,329	76,919	76	99	0	99	50,103	44,215	44	54	0	62	40,886	65,816	851
TFS-0.6-agents38.json	1293	1190	103	76	38	27	11	0	randomSolver	82,06	68,251	68	98	0	98	58,534	57,182	57	56	0	68	1513,633	88,631	1146
TFS-0.6-agents4.json	1293	1190	103	42	4	27	11	0	referenceSolver	97,674	71,585	71	99	0	99	55,04	30,078	30	53	0	66	9,82	9,281	120
TFS-0.6-agents4.json	1293	1190	103	42	4	27	11	0	randomSolver	94,897	61,626	61	98	0	99	58,147	54,688	54	54	0	67	132,541	16,087	208
TFS-0.6-agents40.json	1293	1190	103	78	40	27	11	0	referenceSolver	88,099	78,65	78	99	0	100	49,255	44,36	44	53	0	58	29,204	68,677	888
TFS-0.6-agents40.json	1293	1190	103	78	40	27	11	0	randomSolver	80,987	66,979	66	98	0	98	57,513	55,417	55	57	0	66	1053,96	90,255	1167
TFS-0.6-agents41.json	1293	1190	103	79	41	27	11	0	referenceSolver	85,744	75,257	75	98	0	100	48,77	42,512	42	54	0	62	27,226	67,827	877
TFS-0.6-agents41.json	1293	1190	103	79	41	27	11	0	randomSolver	80,536	66,021	66	98	0	98	56,57	54,776	54	55	0	66	1391,198	91,338	1181
TFS-0.6-agents43.json	1293	1190	103	81	43	27	11	0	referenceSolver	85,363	75,289	75	98	0	99	48,01	42,215	42	52	0	63	70,774	70,534	912
TFS-0.6-agents43.json	1293	1190	103	81	43	27	11	0	randomSolver	79,765	65,441	65	98	0	99	55,83	53,004	53	56	0	65	2549,872	92,575	1197
TFS-0.6-agents44.json	1293	1190	103	82	44	27	11	0	referenceSolver	85,639	75,917	75	99	0	99	47,204	41,062	41	54	0	58	28,941	70,456	911
TFS-0.6-agents44.json	1293	1190	103	82	44	27	11	0	randomSolver	79,754	65,656	65	99	0	98	54,979	52,131	52	55	0	66	1062,932	93,117	1204
TFS-0.6-agents45.json	1293	1190	103	83	45	27	11	0	referenceSolver	85,838	76,438	76	99	0	99	47,655	40,639	40	56	0	61	28,796	71,539	925
TFS-0.6-agents45.json	1293	1190	103	83	45	27	11	0	randomSolver	79,263	65,099	65	98	0	99	54,492	51,528	51	55	0	65	753,317	94,045	1216
TFS-0.6-agents46.json	1293	1190	103	84	46	27	11	0	referenceSolver	85,518	76,003	76	99	0	99	48,585	42,787	42	55	0	60	28,466	75,483	976
TFS-0.6-agents46.json	1293	1190	103	84	46	27	11	0	randomSolver	78,221	63,756	63	98	0	99	54,121	50,453	50	55	0	67	847,361	94,122	1217
TFS-0.6-agents47.json	1293	1190	103	85	47	27	11	0	referenceSolver	85,305	75,97	75	99	0	99	47,917	41,187	41	55	0	64	49,801	75,174	972
TFS-0.6-agents47.json	1293	1190	103	85	47	27	11	0	randomSolver	79,27	65,772	65	98	0	97	53,491	49,956	49	55	0	65	2191,118	95,128	1230
TFS-0.6-agents48.json	1293	1190	103	86	48	27	11	0	referenceSolver	84,395	74,538	74	99	0	99	46,05	39,603	39	52	0	63	31,911	73,937	956
TFS-0.6-agents48.json	1293	1190	103	86	48	27	11	0	randomSolver	78,257	64,237	64	98	0	99	53,119	49,089	49	56	0	65	1182,924	95,437	1234
TFS-0.6-agents49.json	1293	1190	103	87	49	27	11	0	referenceSolver	84,582	74,903	74	99	0	99	46,024	39,564	39	53	0	61	30,397	74,71	966
TFS-0.6-agents49.json	1293	1190	103	87	49	27	11	0	randomSolver	77,675	63,421	63	98	0	98	52,163	48,342	48	54	0	65	1005,514	95,901	1240
TFS-0.6-agents5.json	1293	1190	103	43	5	27	11	0	referenceSolver	96,68	69,748	69	99	0	99	52,619	32,337	32	51	0	63	10,065	10,673	138
TFS-0.6-agents5.json	1293	1190	103	43	5	27	11	0	randomSolver	94,31	68,457	68	97	0	99	60,539	59,583	59	57	0	68	352,585	19,026	246
TFS-0.6-agents50.json	1293	1190	103	88	50	27	11	0	referenceSolver	84,528	75,261	75	99	0	100	46,012	39,357	39	55	0	61	54,11	75,947	982
TFS-0.6-agents50.json	1293	1190	103	88	50	27	11	0	randomSolver	77,034	63,607	63	98	0	99	53,276	47,833	47	60	0	66	1959,83	96,752	1251
TFS-0.6-agents51.json	1293	1190	103	89	51	27	11	0	referenceSolver	84,809	75,548	75	99	0	99	46,232	40,255	40	52	0	62	56,173	78,964	1021
TFS-0.6-agents51.json	1293	1190	103	89	51	27	11	0	randomSolver	77,534	64,691	64	98	0	98	52,427	47,018	47	58	0	67	3564,987	96,984	1254
TFS-0.6-agents52.json	1293	1190	103	90	52	27	11	0	referenceSolver	84,53	75,655	75	99	0	99	45,169	38,401	38	54	0	61	34,131	77,804	1006
TFS-0.6-agents52.json	1293	1190	103	90	52	27	11	0	randomSolver	77,506	64,071	64	99	0	98	51,567	46,723	46	56	0	65	1511,261	97,912	1266
TFS-0.6-agents53.json	1293	1190	103	91	53	27	11	0	referenceSolver	84,722	75,682	75	99	0	100	44,927	38,625	38	52	0	61	35,694	78,345	1013
TFS-0.6-agents53.json	1293	1190	103	91	53	27	11	0	randomSolver	77,715	64,857	64	98	0	99	51,035	45,681	45	57	0	65	1478,242	97,602	1262
TFS-0.6-agents55.json	1293	1190	103	93	55	27	11	0	referenceSolver	83,926	75,129	75	99	0	99	45,724	38,995	38	55	0	62	63,547	82,135	1062
TFS-0.6-agents55.json	1293	1190	103	93	55	27	11	0	randomSolver	77,008	64,259	64	98	0	99	50,134	44,552	44	56	0	65	1412,924	98,221	1270
TFS-0.6-agents56.json	1293	1190	103	94	56	27	11	0	referenceSolver	83,172	73,895	73	99	0	99	45,1	38,242	38	54	0	62	42,135	81,439	1053
TFS-0.6-agents56.json	1293	1190	103	94	56	27	11	0	randomSolver	76,085	63,147	63	98	0	98	49,439	43,601	43	56	0	66	1516,965	98,608	1275
TFS-0.6-agents57.json	1293	1190	103	95	57	27	11	0	referenceSolver	84,292	75,753	75	99	0	100	44,529	38,218	38	52	0	62	37,148	83,217	1076
TFS-0.6-agents57.json	1293	1190	103	95	57	27	11	0	randomSolver	75,894	62,778	62	99	0	98	49,35	43,381	43	55	0	69	1132,834	98,84	1278
TFS-0.6-agents58.json	1293	1190	103	96	58	27	11	0	referenceSolver	84,325	75,839	75	99	0	99	45,059	39,067	39	52	0	63	64,971	86,079	1113
TFS-0.6-agents58.json	1293	1190	103	96	58	27	11	0	randomSolver	77,422	65,842	65	97	0	99	48,705	42,526	42	57	0	64	5135,573	99,304	1284
TFS-0.6-agents59.json	1293	1190	103	97	59	27	11	0	referenceSolver	83,737	75,449	75	99	0	99	43,631	36,757	36	54	0	62	68,829	82,676	1069
TFS-0.6-agents59.json	1293	1190	103	97	59	27	11	0	randomSolver	76,463	64,718	64	98	0	98	48,428	41,834	41	58	0	66	2950,201	99,149	1282
TFS-0.6-agents6.json	1293	1190	103	44	6	27	11	0	referenceSolver	96,027	73,132	73	98	0	99	53,847	38,889	38	53	0	62	6,641	13,148	170
TFS-0.6-agents6.json	1293	1190	103	44	6	27	11	0	randomSolver	94,604	72,638	72	98	0	98	60,066	62,5	62	56	0	66	232,632	21,887	283
TFS-0.6-agents60.json	1293	1190	103	98	60	27	11	0	referenceSolver	83,391	74,877	74	99	0	99	43,784	37,24	37	53	0	61	42,507	86,002	1112
TFS-0.6-agents60.json	1293	1190	103	98	60	27	11	0	randomSolver	76,145	64,165	64	98	0	99	48,011	41,506	41	57	0	66	2071,189	99,536	1287
TFS-0.6-agents61.json	1293	1190	103	99	61	27	11	0	referenceSolver	82,331	73,526	73	99	0	100	44,511	37,345	37	56	0	63	42,179	86,62	1120
TFS-0.6-agents61.json	1293	1190	103	99	61	27	11	0	randomSolver	76,544	64,634	64	98	0	98	47,299	40,944	40	56	0	64	929,414	99,381	1285
TFS-0.6-agents62.json	1293	1190	103	100	62	27	11	0	referenceSolver	82,762	74,139	74	99	0	99	42,879	36,404	36	53	0	59	72,007	84,841	1097
TFS-0.6-agents62.json	1293	1190	103	100	62	27	11	0	randomSolver	76,704	65,021	65	98	0	98	46,811	40,317	40	56	0	64	2551,447	99,691	1289
TFS-0.6-agents63.json	1293	1190	103	101	63	27	11	0	referenceSolver	82,163	73,451	73	99	0	99	43,274	35,916	35	55	0	63	72,591	86,311	1116
TFS-0.6-agents63.json	1293	1190	103	101	63	27	11	0	randomSolver	76,332	64,914	64	98	0	99	46,2	39,431	39	55	0	67	1942,042	99,768	1290
TFS-0.6-agents64.json	1293	1190	103	102	64	27	11	0	referenceSolver	84,826	77,519	77	99	0	99	42,583	35,327	35	54	0	63	43,272	85,305	1103
TFS-0.6-agents64.json	1293	1190	103	102	64	27	11	0	randomSolver	76,749	65,384	65	99	0	99	45,945	39,02	39	55	0	69	1680,375	99,845	1291
TFS-0.6-agents65.json	1293	1190	103	103	65	27	11	0	referenceSolver	83,103	75,055	75	99	0	99	43,531	36,732	36	54	0	64	43,676	89,791	1161
TFS-0.6-agents65.json	1293	1190	103	103	65	27	11	0	randomSolver	76,67	65,428	65	98	0	98	45,025	38,618	38	54	0	64	3810,95	99,923	1292
TFS-0.6-agents66.json	1293	1190	103	104	66	27	11	0	referenceSolver	84	76,579	76	99	0	99	42,526	35,663	35	54	0	63	44,74	89,946	1163
TFS-0.6-agents66.json	1293	1190	103	104	66	27	11	0	randomSolver	76,088	64,891	64	97	0	97	45,357	38,704	38	54	0	68	1651,707	99,923	1292
TFS-0.6-agents67.json	1293	1190	103	105	67	27	11	0	referenceSolver	83,123	75,416	75	99	0	99	41,285	34,082	34	54	0	61	76,578	87,239	1128
TFS-0.6-agents67.json	1293	1190	103	105	67	27	11	0	randomSolver	76,717	65,912	65	99	0	98	44,828	37,613	37	56	0	65	2985,79	99,923	1292
TFS-0.6-agents68.json	1293	1190	103	106	68	27	11	0	referenceSolver	82,727	74,77	74	99	0	99	41,282	34,555	34	53	0	59	47,327	89,482	1157
TFS-0.6-agents68.json	1293	1190	103	106	68	27	11	0	randomSolver	77,047	66,699	66	98	0	98	44,461	37,082	37	56	0	66	1857,54	100	1293
TFS-0.6-agents69.json	1293	1190	103	107	69	27	11	0	referenceSolver	83,416	76,106	76	99	0	99	41,598	34,771	34	53	0	62	50,461	91,106	1178
TFS-0.6-agents69.json	1293	1190	103	107	69	27	11	0	randomSolver	75,968	64,893	64	98	0	99	43,765	36,69	36	55	0	63	1668,047	100	1293
TFS-0.6-agents7.json	1293	1190	103	45	7	27	11	0	referenceSolver	96,532	79,202	79	99	0	99	53,563	42,173	42	52	0	61	7,112	15,004	194
TFS-0.6-agents7.json	1293	1190	103	45	7	27	11	0	randomSolver	93,828	72,782	72	98	0	99	61,343	64,286	64	58	0	64	141,684	24,671	319
TFS-0.6-agents70.json	1293	1190	103	108	70	27	11	0	referenceSolver	82,726	75,087	75	99	0	100	40,409	33,467	33	53	0	60	48,054	89,714	1160
TFS-0.6-agents70.json	1293	1190	103	108	70	27	11	0	randomSolver	75,984	65,014	65	98	0	99	43,765	36,535	36	55	0	65	1717,972	100	1293
TFS-0.6-agents8.json	1293	1190	103	46	8	27	11	0	referenceSolver	95,74	78,799	78	99	0	99	54,545	43,75	43	54	0	63	12,117	17,015	220
TFS-0.6-agents8.json	1293	1190	103	46	8	27	11	0	randomSolver	93,947	75,032	75	98	0	99	60,321	66,406	66	55	0	65	389,957	27,688	358
TFS-0.6-agents9.json	1293	1190	103	47	9	27	11	0	referenceSolver	96,478	85,191	85	99	0	99	54,429	44,608	44	54	0	62	14,94	18,871	244
TFS-0.6-agents9.json	1293	1190	103	47	9	27	11	0	randomSolver	93,343	75,001	75	98	0	98	60,517	67,593	67	56	0	63	387,85	30,549	395
TFS-0.7-agents1.json	1491	1388	103	39	1	27	11	0	referenceSolver	99,645	100	100	99	0	99	56,704	14,583	14	54	0	63	9,061	5,969	89
TFS-0.7-agents1.json	1491	1388	103	39	1	27	11	0	randomSolver	96,997	48,537	48	98	0	98	59,647	43,75	43	57	0	65	96,84	8,317	124
TFS-0.7-agents10.json	1491	1388	103	48	10	27	11	0	referenceSolver	94,856	79,856	79	99	0	99	55,805	45,117	45	56	0	65	7,881	19,182	286
TFS-0.7-agents10.json	1491	1388	103	48	10	27	11	0	randomSolver	93,539	77,289	77	98	0	99	60,41	67,292	67	55	0	63	236,752	28,571	426
TFS-0.7-agents11.json	1491	1388	103	49	11	27	11	0	referenceSolver	95,515	84,043	84	99	0	99	53,898	46,215	46	53	0	63	8,246	21,127	315
TFS-0.7-agents11.json	1491	1388	103	49	11	27	11	0	randomSolver	94,192	79,031	79	99	0	99	61,486	68,561	68	55	0	66	381,26	31,187	465
TFS-0.7-agents12.json	1491	1388	103	50	12	27	11	0	referenceSolver	95,888	86,486	86	99	0	99	54,484	46,245	46	55	0	61	8,721	21,999	328
TFS-0.7-agents12.json	1491	1388	103	50	12	27	11	0	randomSolver	93,822	80,45	80	98	0	99	61,488	69,444	69	56	0	63	457,184	33,736	503
TFS-0.7-agents13.json	1491	1388	103	51	13	27	11	0	referenceSolver	95,66	85,718	85	99	0	99	52,757	45,313	45	53	0	59	14,715	23,273	347
TFS-0.7-agents13.json	1491	1388	103	51	13	27	11	0	randomSolver	93,752	82,329	82	98	0	98	62,918	69,712	69	57	0	65	765,888	36,083	538
TFS-0.7-agents14.json	1491	1388	103	52	14	27	11	0	referenceSolver	95,162	85,136	85	99	0	99	54,117	45,716	45	56	0	61	11,881	24,547	366
TFS-0.7-agents14.json	1491	1388	103	52	14	27	11	0	randomSolver	93,325	81,445	81	98	0	98	62,538	70,536	70	56	0	65	310,425	38,699	577
TFS-0.7-agents15.json	1491	1388	103	53	15	27	11	0	referenceSolver	95,951	87,649	87	99	0	100	53,508	47,96	47	53	0	61	10,624	27,163	405
TFS-0.7-agents15.json	1491	1388	103	53	15	27	11	0	randomSolver	93,387	82,683	82	98	0	97	64,154	70,833	70	58	0	66	246,735	41,113	613
TFS-0.7-agents16.json	1491	1388	103	54	16	27	11	0	referenceSolver	95,306	87,776	87	98	0	99	53,536	45,556	45	54	0	64	20,158	28,035	418
TFS-0.7-agents16.json	1491	1388	103	54	16	27	11	0	randomSolver	92,849	82,15	82	98	0	98	64,665	71,354	71	58	0	66	974,098	43,662	651
TFS-0.7-agents17.json	1491	1388	103	55	17	27	11	0	referenceSolver	94,898	85,595	85	99	0	99	53,304	46,224	46	54	0	63	20,66	29,846	445
TFS-0.7-agents17.json	1491	1388	103	55	17	27	11	0	randomSolver	93,811	83,474	83	99	0	99	62,667	71,078	71	56	0	62	688,415	45,808	683
TFS-0.7-agents18.json	1491	1388	103	56	18	27	11	0	referenceSolver	94,618	86,164	86	99	0	100	52,73	45,48	45	53	0	65	15,012	30,449	454
TFS-0.7-agents18.json	1491	1388	103	56	18	27	11	0	randomSolver	93,198	84,32	84	98	0	98	64,751	71,875	71	56	0	69	827,501	48,558	724
TFS-0.7-agents19.json	1491	1388	103	57	19	27	11	0	referenceSolver	94,279	85,603	85	99	0	98	53,629	48,531	48	54	0	62	14,857	33,065	493
TFS-0.7-agents19.json	1491	1388	103	57	19	27	11	0	randomSolver	93,145	83,131	83	99	0	98	64,049	72,039	72	56	0	64	386,684	50,973	760
TFS-0.7-agents2.json	1491	1388	103	40	2	27	11	0	referenceSolver	98,365	75,037	75	99	0	99	55,166	34,635	34	53	0	61	4,042	7,176	107
TFS-0.7-agents2.json	1491	1388	103	40	2	27	11	0	randomSolver	95,288	54,608	54	97	0	99	60,506	48,958	48	58	0	68	61,088	10,06	150
TFS-0.7-agents21.json	1491	1388	103	59	21	27	11	0	referenceSolver	94,577	87,543	87	98	0	100	53,152	47,554	47	54	0	62	25,099	36,083	538
TFS-0.7-agents21.json	1491	1388	103	59	21	27	11	0	randomSolver	92,251	82,424	82	98	0	99	64,773	73,115	73	56	0	65	1035,026	56,338	840
TFS-0.7-agents22.json	1491	1388	103	60	22	27	11	0	referenceSolver	93,672	85,491	85	99	0	99	53,249	47,371	47	54	0	63	16,021	37,425	558
TFS-0.7-agents22.json	1491	1388	103	60	22	27	11	0	randomSolver	92,245	82,43	82	98	0	98	64,71	72,159	72	56	0	67	807,14	58,015	865
TFS-0.7-agents23.json	1491	1388	103	61	23	27	11	0	referenceSolver	93,53	85,548	85	99	0	99	51,53	45,986	45	54	0	58	16,226	37,492	559
TFS-0.7-agents23.json	1491	1388	103	61	23	27	11	0	randomSolver	92,321	82,921	82	98	0	99	64,006	71,739	71	55	0	65	426,95	60,027	895
TFS-0.7-agents24.json	1491	1388	103	62	24	27	11	0	referenceSolver	93,674	85,83	85	99	0	99	52,039	46,484	46	53	0	61	26,641	40,107	598
TFS-0.7-agents24.json	1491	1388	103	62	24	27	11	0	randomSolver	92,13	82,61	82	99	0	99	64,8	72,135	72	55	0	68	809,692	62,643	934
TFS-0.7-agents25.json	1491	1388	103	63	25	27	11	0	referenceSolver	93,704	86,774	86	99	0	98	53,6	48,169	48	56	0	60	30,942	42,388	632
TFS-0.7-agents25.json	1491	1388	103	63	25	27	11	0	randomSolver	91,594	82,14	82	99	0	98	64,813	71,5	71	56	0	65	806,5	64,453	961
TFS-0.7-agents26.json	1491	1388	103	64	26	27	11	0	referenceSolver	93,03	84,784	84	99	0	99	51,953	46,991	46	53	0	61	19,19	42,723	637
TFS-0.7-agents26.json	1491	1388	103	64	26	27	11	0	randomSolver	90,335	80,712	80	97	0	98	64,441	71,474	71	55	0	65	564,913	66,734	995
TFS-0.7-agents27.json	1491	1388	103	65	27	27	11	0	referenceSolver	93,052	85,325	85	99	0	100	53,055	47,375	47	55	0	62	18,481	44,601	665
TFS-0.7-agents27.json	1491	1388	103	65	27	27	11	0	randomSolver	90,404	81,055	81	97	0	98	64,664	70,679	70	56	0	66	725,546	68,343	1019
TFS-0.7-agents28.json	1491	1388	103	66	28	27	11	0	referenceSolver	92,432	84,285	84	99	0	99	53,662	48,902	48	55	0	62	18,928	47,284	705
TFS-0.7-agents28.json	1491	1388	103	66	28	27	11	0	randomSolver	90,168	79,594	79	99	0	99	64,219	70,164	70	56	0	64	480,835	70,154	1046
TFS-0.7-agents29.json	1491	1388	103	67	29	27	11	0	referenceSolver	92,698	84,973	84	99	0	99	52,124	48,964	48	53	0	58	32,555	49,229	734
TFS-0.7-agents29.json	1491	1388	103	67	29	27	11	0	randomSolver	89,945	80,257	80	98	0	98	64,51	70,259	70	55	0	69	1885,49	72,502	1081
TFS-0.7-agents3.json	1491	1388	103	41	3	27	11	0	referenceSolver	97,457	73,436	73	99	0	99	55,527	35,972	35	54	0	63	4,403	8,249	123
TFS-0.7-agents3.json	1491	1388	103	41	3	27	11	0	randomSolver	94,909	56,906	56	98	0	97	59,576	50,694	50	57	0	67	71,855	11,804	176
TFS-0.7-agents30.json	1491	1388	103	68	30	27	11	0	referenceSolver	91,941	84,01	84	99	0	99	52,649	47,781	47	55	0	61	20,099	49,631	740
TFS-0.7-agents30.json	1491	1388	103	68	30	27	11	0	randomSolver	89,479	79,394	79	99	0	98	64,554	69,236	69	57	0	65	495,876	73,776	1100
TFS-0.7-agents31.json	1491	1388	103	69	31	27	11	0	referenceSolver	92,016	83,886	83	99	0	100	51,577	47,805	47	52	0	60	20,967	50,838	758
TFS-0.7-agents31.json	1491	1388	103	69	31	27	11	0	randomSolver	89,433	79,612	79	98	0	99	63,567	68,548	68	55	0	67	984,655	75,319	1123
TFS-0.7-agents32.json	1491	1388	103	70	32	27	11	0	referenceSolver	91,852	84,229	84	99	0	99	51,946	47,531	47	53	0	63	21,12	53,119	792
TFS-0.7-agents32.json	1491	1388	103	70	32	27	11	0	randomSolver	88,443	78,537	78	98	0	99	64,565	68,099	68	58	0	65	593,147	77,062	1149
TFS-0.7-agents33.json	1491	1388	103	71	33	27	11	0	referenceSolver	92,101	84,947	84	99	0	100	51,607	47,56	47	54	0	59	43,79	54,326	810
TFS-0.7-agents33.json	1491	1388	103	71	33	27	11	0	randomSolver	87,892	77,987	77	98	0	98	63,958	67,361	67	58	0	64	911,651	78,471	1170
TFS-0.7-agents34.json	1491	1388	103	72	34	27	11	0	referenceSolver	91,467	83,877	83	99	0	99	51,739	47,25	47	54	0	61	28,259	54,661	815
TFS-0.7-agents34.json	1491	1388	103	72	34	27	11	0	randomSolver	87,3	76,307	76	98	0	99	63,07	66,605	66	56	0	65	1115,246	79,812	1190
TFS-0.7-agents35.json	1491	1388	103	73	35	27	11	0	referenceSolver	90,224	81,971	81	99	0	99	53,036	49,297	49	54	0	63	24,866	59,021	880
TFS-0.7-agents35.json	1491	1388	103	73	35	27	11	0	randomSolver	86,342	75,516	75	97	0	98	62,967	65,536	65	56	0	68	793,024	80,751	1204
TFS-0.7-agents37.json	1491	1388	103	75	37	27	11	0	referenceSolver	90,513	83,046	83	99	0	100	51,11	45,325	45	55	0	63	45,457	58,082	866
TFS-0.7-agents37.json	1491	1388	103	75	37	27	11	0	randomSolver	84,928	73,866	73	98	0	97	62,374	63,57	63	58	0	67	1013,617	82,629	1232
TFS-0.7-agents38.json	1491	1388	103	76	38	27	11	0	referenceSolver	89,232	81,047	81	99	0	100	51,666	47,41	47	55	0	60	28,714	61,368	915
TFS-0.7-agents38.json	1491	1388	103	76	38	27	11	0	randomSolver	85,292	74,193	74	98	0	97	61,533	63,158	63	56	0	66	1240,291	84,172	1255
TFS-0.7-agents39.json	1491	1388	103	77	39	27	11	0	referenceSolver	89,463	81,925	81	99	0	99	51,595	47,201	47	55	0	61	27,834	62,643	934
TFS-0.7-agents39.json	1491	1388	103	77	39	27	11	0	randomSolver	83,464	71,151	71	98	0	99	61,595	62,553	62	57	0	66	2277,176	85,446	1274
TFS-0.7-agents4.json	1491	1388	103	42	4	27	11	0	referenceSolver	96,949	72,517	72	99	0	100	54,692	35,133	35	54	0	62	8,818	9,457	141
TFS-0.7-agents4.json	1491	1388	103	42	4	27	11	0	randomSolver	94,213	60,423	60	98	0	99	59,479	54,167	54	56	0	67	234,992	13,883	207
TFS-0.7-agents40.json	1491	1388	103	78	40	27	11	0	referenceSolver	88,942	80,962	80	99	0	99	50,512	44,938	44	55	0	63	49,94	61,771	921
TFS-0.7-agents40.json	1491	1388	103	78	40	27	11	0	randomSolver	84,34	73,317	73	98	0	97	61,23	61,875	61	57	0	67	1965,383	86,586	1291
TFS-0.7-agents41.json	1491	1388	103	79	41	27	11	0	referenceSolver	88,846	80,582	80	99	0	99	49,936	44,86	44	54	0	61	52,512	62,844	937
TFS-0.7-agents41.json	1491	1388	103	79	41	27	11	0	randomSolver	82,741	70,497	70	98	0	98	60,556	60,874	60	56	0	68	1738,145	87,257	1301
TFS-0.7-agents42.json	1491	1388	103	80	42	27	11	0	referenceSolver	87,896	79,169	79	99	0	100	50,863	45,826	45	55	0	63	30,432	65,325	974
TFS-0.7-agents42.json	1491	1388	103	80	42	27	11	0	randomSolver	83,437	72,093	72	98	0	98	60,336	60,069	60	58	0	66	994,883	88,129	1314
TFS-0.7-agents43.json	1491	1388	103	81	43	27	11	0	referenceSolver	88,444	80,783	80	99	0	98	48,633	43,247	43	54	0	61	33,925	63,514	947
TFS-0.7-agents43.json	1491	1388	103	81	43	27	11	0	randomSolver	81,817	69,088	69	99	0	98	59,575	59,351	59	56	0	67	1302,992	89,068	1328
TFS-0.7-agents44.json	1491	1388	103	82	44	27	11	0	referenceSolver	87,789	79,642	79	98	0	99	48,527	42,568	42	54	0	63	54,548	63,917	953
TFS-0.7-agents44.json	1491	1388	103	82	44	27	11	0	randomSolver	81,822	69,39	69	99	0	99	59,875	58,902	58	58	0	68	1699,193	90,342	1347
TFS-0.7-agents45.json	1491	1388	103	83	45	27	11	0	referenceSolver	87,476	78,752	78	99	0	100	49,16	44,579	44	53	0	59	32,444	67,203	1002
TFS-0.7-agents45.json	1491	1388	103	83	45	27	11	0	randomSolver	81,436	69,095	69	98	0	98	58,596	57,87	57	57	0	64	892,731	90,744	1353
TFS-0.7-agents46.json	1491	1388	103	84	46	27	11	0	referenceSolver	86,794	78,403	78	99	0	99	49,919	44,513	44	56	0	60	33,576	68,545	1022
TFS-0.7-agents46.json	1491	1388	103	84	46	27	11	0	randomSolver	80,589	68,46	68	97	0	98	58,648	57,246	57	56	0	69	1039,099	91,683	1367
TFS-0.7-agents47.json	1491	1388	103	85	47	27	11	0	referenceSolver	86,136	77,203	77	99	0	99	49,231	44,253	44	53	0	63	34,806	70,825	1056
TFS-0.7-agents47.json	1491	1388	103	85	47	27	11	0	randomSolver	80,37	67,902	67	98	0	98	57,695	56,56	56	57	0	62	814,078	92,488	1379
TFS-0.7-agents48.json	1491	1388	103	86	48	27	11	0	referenceSolver	87,209	79,127	79	99	0	99	48,222	42,841	42	54	0	59	56,739	69,081	1030
TFS-0.7-agents48.json	1491	1388	103	86	48	27	11	0	randomSolver	79,789	67,461	67	97	0	99	57,26	55,686	55	56	0	65	2343,535	92,958	1386
TFS-0.7-agents49.json	1491	1388	103	87	49	27	11	0	referenceSolver	86,542	78,175	78	99	0	100	48,149	42,598	42	54	0	62	37,049	70,355	1049
TFS-0.7-agents49.json	1491	1388	103	87	49	27	11	0	randomSolver	79,422	67,111	67	97	0	99	56,96	54,889	54	56	0	67	2133,87	93,494	1394
TFS-0.7-agents5.json	1491	1388	103	43	5	27	11	0	referenceSolver	96,72	77,57	77	99	0	100	55,835	42,744	42	56	0	60	10,036	11,536	172
TFS-0.7-agents5.json	1491	1388	103	43	5	27	11	0	randomSolver	93,596	63,667	63	97	0	99	60,254	57,5	57	58	0	65	181,218	16,164	241
TFS-0.7-agents50.json	1491	1388	103	88	50	27	11	0	referenceSolver	86,99	78,969	78	99	0	100	48,665	43,148	43	55	0	62	38,269	73,307	1093
TFS-0.7-agents50.json	1491	1388	103	88	50	27	11	0	randomSolver	79,179	66,211	66	99	0	98	56,084	54,458	54	55	0	65	2383,591	94,567	1410
TFS-0.7-agents51.json	1491	1388	103	89	51	27	11	0	referenceSolver	86,079	77,671	77	99	0	99	46,595	41,255	41	52	0	60	40,26	70,087	1045
TFS-0.7-agents51.json	1491	1388	103	89	51	27	11	0	randomSolver	78,646	65,568	65	99	0	98	55,519	53,717	53	54	0	66	1298,846	95,104	1418
TFS-0.7-agents52.json	1491	1388	103	90	52	27	11	0	referenceSolver	85,393	76,72	76	99	0	99	46,831	40,842	40	54	0	61	43,9	71,026	1059
TFS-0.7-agents52.json	1491	1388	103	90	52	27	11	0	randomSolver	78,703	66,444	66	97	0	99	55,296	53,085	53	55	0	66	1624,934	95,775	1428
TFS-0.7-agents53.json	1491	1388	103	91	53	27	11	0	referenceSolver	85,333	77,1	77	99	0	100	47,772	41,696	41	56	0	63	39,684	73,91	1102
TFS-0.7-agents53.json	1491	1388	103	91	53	27	11	0	randomSolver	78,377	65,453	65	98	0	99	54,378	52,083	52	54	0	66	1617,761	95,775	1428
TFS-0.7-agents54.json	1491	1388	103	92	54	27	11	0	referenceSolver	85,767	77,981	77	99	0	99	47,518	41,902	41	55	0	62	41,012	75,855	1131
TFS-0.7-agents54.json	1491	1388	103	92	54	27	11	0	randomSolver	77,96	65,942	65	98	0	97	54,415	51,466	51	55	0	67	1490,948	96,378	1437
TFS-0.7-agents55.json	1491	1388	103	93	55	27	11	0	referenceSolver	85,321	77,252	77	99	0	100	46,057	40,659	40	53	0	60	47,836	74,581	1112
TFS-0.7-agents55.json	1491	1388	103	93	55	27	11	0	randomSolver	76,903	64,297	64	98	0	98	54,047	50,795	50	56	0	67	3053,677	96,848	1444
TFS-0.7-agents56.json	1491	1388	103	94	56	27	11	0	referenceSolver	84,103	75,515	75	99	0	99	47,239	41,733	41	55	0	61	74,022	78,068	1164
TFS-0.7-agents56.json	1491	1388	103	94	56	27	11	0	randomSolver	77,459	65,033	65	98	0	98	53,269	50,037	50	55	0	65	3539,811	97,116	1448
TFS-0.7-agents57.json	1491	1388	103	95	57	27	11	0	referenceSolver	83,781	75,312	75	99	0	99	46,727	40,568	40	56	0	62	75	77,733	1159
TFS-0.7-agents57.json	1491	1388	103	95	57	27	11	0	randomSolver	76,108	63,539	63	98	0	99	53,544	49,452	49	56	0	70	5535,114	97,653	1456
TFS-0.7-agents58.json	1491	1388	103	96	58	27	11	0	referenceSolver	83,947	75,69	75	99	0	100	45,668	40,345	40	53	0	59	47,076	78,873	1176
TFS-0.7-agents58.json	1491	1388	103	96	58	27	11	0	randomSolver	77,378	65,159	65	98	0	98	52,008	48,683	48	54	0	65	1506,363	97,586	1455
TFS-0.7-agents59.json	1491	1388	103	97	59	27	11	0	referenceSolver	83,591	75,56	75	98	0	99	45,433	39,844	39	54	0	61	50,886	77,599	1157
TFS-0.7-agents59.json	1491	1388	103	97	59	27	11	0	randomSolver	76,189	63,879	63	98	0	99	52,379	48,292	48	56	0	67	1668,677	98,189	1464
TFS-0.7-agents6.json	1491	1388	103	44	6	27	11	0	referenceSolver	96,398	78,326	78	99	0	99	55,2	43,345	43	56	0	60	6,601	13,011	194
TFS-0.7-agents6.json	1491	1388	103	44	6	27	11	0	randomSolver	94,053	67,389	67	98	0	99	60,244	60,764	60	57	0	66	144,92	18,645	278
TFS-0.7-agents60.json	1491	1388	103	98	60	27	11	0	referenceSolver	82,697	74,329	74	98	0	99	46,17	39,905	39	56	0	62	79,408	79,745	1189
TFS-0.7-agents60.json	1491	1388	103	98	60	27	11	0	randomSolver	75,993	63,912	63	98	0	98	51,873	47,604	47	56	0	68	1777,072	98,86	1474
TFS-0.7-agents62.json	1491	1388	103	100	62	27	11	0	referenceSolver	83,95	76,094	76	99	0	98	44,627	38,547	38	54	0	60	49,783	78,806	1175
TFS-0.7-agents62.json	1491	1388	103	100	62	27	11	0	randomSolver	75,668	63,643	63	98	0	98	50,583	46,242	46	56	0	64	1881,002	98,994	1476
TFS-0.7-agents63.json	1491	1388	103	101	63	27	11	0	referenceSolver	82,774	74,862	74	98	0	99	45,714	40,018	40	54	0	63	56,127	83,434	1244
TFS-0.7-agents63.json	1491	1388	103	101	63	27	11	0	randomSolver	75,013	63,002	63	98	0	98	50,508	45,635	45	56	0	69	1589,828	99,463	1483
TFS-0.7-agents64.json	1491	1388	103	102	64	27	11	0	referenceSolver	83,581	75,85	75	99	0	99	44,434	38,956	38	54	0	58	81,914	83,166	1240
TFS-0.7-agents64.json	1491	1388	103	102	64	27	11	0	randomSolver	75,387	64,138	64	97	0	99	50,41	45,091	45	58	0	66	4504,368	99,396	1482
TFS-0.7-agents65.json	1491	1388	103	103	65	27	11	0	referenceSolver	83,016	75,079	75	99	0	100	44,739	38,99	38	53	0	63	52,815	83,3	1242
TFS-0.7-agents65.json	1491	1388	103	103	65	27	11	0	randomSolver	75,412	64,036	64	98	0	97	49,698	44,555	44	56	0	68	2645,207	99,732	1487
TFS-0.7-agents66.json	1491	1388	103	104	66	27	11	0	referenceSolver	83,346	75,986	75	99	0	98	43,826	37,864	37	54	0	61	50,618	83,434	1244
TFS-0.7-agents66.json	1491	1388	103	104	66	27	11	0	randomSolver	74,445	62,836	62	98	0	98	49,125	43,782	43	56	0	68	1522,547	99,531	1484
TFS-0.7-agents67.json	1491	1388	103	105	67	27	11	0	referenceSolver	81,904	73,674	73	99	0	99	44,053	37,523	37	55	0	63	52,212	82,763	1234
TFS-0.7-agents67.json	1491	1388	103	105	67	27	11	0	randomSolver	75,618	64,038	64	98	0	98	48,132	43,312	43	54	0	64	1868,285	99,732	1487
TFS-0.7-agents68.json	1491	1388	103	106	68	27	11	0	referenceSolver	81,532	73,343	73	99	0	99	44,401	38,064	38	56	0	63	90,543	85,446	1274
TFS-0.7-agents68.json	1491	1388	103	106	68	27	11	0	randomSolver	75,425	63,968	63	98	0	99	47,878	42,702	42	55	0	65	4509,004	99,799	1488
TFS-0.7-agents69.json	1491	1388	103	107	69	27	11	0	referenceSolver	82,03	74,257	74	99	0	99	43,656	36,887	36	57	0	62	53,298	83,836	1250
TFS-0.7-agents69.json	1491	1388	103	107	69	27	11	0	randomSolver	75,103	63,598	63	99	0	99	47,519	42,136	42	55	0	66	1359,373	99,732	1487
TFS-0.7-agents7.json	1491	1388	103	45	7	27	11	0	referenceSolver	96,034	79,169	79	99	0	99	54,629	45,107	45	53	0	63	6,529	14,889	222
TFS-0.7-agents7.json	1491	1388	103	45	7	27	11	0	randomSolver	93,642	71,674	71	98	0	99	61,419	62,202	62	58	0	67	176,417	20,926	312
TFS-0.7-agents70.json	1491	1388	103	108	70	27	11	0	referenceSolver	81,645	73,364	73	99	0	100	42,364	37,012	37	51	0	59	56,453	86,452	1289
TFS-0.7-agents70.json	1491	1388	103	108	70	27	11	0	randomSolver	75,273	64,171	64	98	0	98	47,267	41,735	41	56	0	65	2817,439	100	1491
TFS-0.7-agents8.json	1491	1388	103	46	8	27	11	0	referenceSolver	95,888	80,99	80	99	0	100	54,966	45,536	45	54	0	62	6,751	16,164	241
TFS-0.7-agents8.json	1491	1388	103	46	8	27	11	0	randomSolver	93,424	72,824	72	98	0	99	60,706	65,104	65	56	0	65	339,895	23,675	353
TFS-0.7-agents9.json	1491	1388	103	47	9	27	11	0	referenceSolver	95,832	83,167	83	99	0	99	53,682	45,797	45	52	0	63	12,42	17,84	266
TFS-0.7-agents9.json	1491	1388	103	47	9	27	11	0	randomSolver	93,355	73,737	73	98	0	98	60,582	65,972	65	55	0	67	449,749	26,023	388
TFS-0.8-agents1.json	1690	1587	103	39	1	27	11	0	referenceSolver	98,725	71,068	71	99	0	99	54,222	37,5	37	53	0	58	3,774	6,213	105
TFS-0.8-agents1.json	1690	1587	103	39	1	27	11	0	randomSolver	97,394	54,795	54	99	0	97	58,316	50	50	54	0	67	105,512	7,515	127
TFS-0.8-agents10.json	1690	1587	103	48	10	27	11	0	referenceSolver	94,613	79,464	79	99	0	99	52,483	37,468	37	54	0	62	8,307	14,97	253
TFS-0.8-agents10.json	1690	1587	103	48	10	27	11	0	randomSolver	92,609	72,007	72	98	0	99	59,901	60,833	60	56	0	65	295,137	23,373	395
TFS-0.8-agents11.json	1690	1587	103	49	11	27	11	0	referenceSolver	95,215	82,844	82	99	0	99	51,972	36,863	36	54	0	63	7,798	15,917	269
TFS-0.8-agents11.json	1690	1587	103	49	11	27	11	0	randomSolver	92,385	73,49	73	98	0	99	61,099	63,068	63	57	0	66	327,406	25,799	436
TFS-0.8-agents12.json	1690	1587	103	50	12	27	11	0	referenceSolver	95,115	83,358	83	99	0	99	52,9	38,889	38	56	0	61	14,879	17,456	295
TFS-0.8-agents12.json	1690	1587	103	50	12	27	11	0	randomSolver	92,095	76,083	76	98	0	98	62,279	64,236	64	58	0	68	1003,766	27,988	473
TFS-0.8-agents13.json	1690	1587	103	51	13	27	11	0	referenceSolver	95,325	85,411	85	99	0	99	52,626	39,357	39	55	0	63	16,372	18,521	313
TFS-0.8-agents13.json	1690	1587	103	51	13	27	11	0	randomSolver	92,146	76,146	76	98	0	98	61,218	65,865	65	56	0	66	873,514	30,414	514
TFS-0.8-agents14.json	1690	1587	103	52	14	27	11	0	referenceSolver	95,209	84,912	84	99	0	98	51,177	40,104	40	53	0	61	10,368	19,408	328
TFS-0.8-agents14.json	1690	1587	103	52	14	27	11	0	randomSolver	92,715	78,183	78	98	0	99	60,899	66,964	66	55	0	65	457,64	32,722	553
TFS-0.8-agents15.json	1690	1587	103	53	15	27	11	0	referenceSolver	95,037	85,937	85	98	0	99	51,163	40,219	40	53	0	63	11,13	20,71	350
TFS-0.8-agents15.json	1690	1587	103	53	15	27	11	0	randomSolver	93,233	80,159	80	99	0	99	62,233	66,667	66	56	0	68	449,787	34,497	583
TFS-0.8-agents16.json	1690	1587	103	54	16	27	11	0	referenceSolver	95,67	88,526	88	99	0	99	50,824	41,927	41	53	0	59	10,92	22,781	385
TFS-0.8-agents16.json	1690	1587	103	54	16	27	11	0	randomSolver	92,042	78,027	78	98	0	98	60,291	67,578	67	54	0	62	571,369	36,805	622
TFS-0.8-agents17.json	1690	1587	103	55	17	27	11	0	referenceSolver	95,552	87,175	87	99	0	100	51,203	40,138	40	54	0	62	20,754	23,018	389
TFS-0.8-agents17.json	1690	1587	103	55	17	27	11	0	randomSolver	92,608	81,065	81	98	0	99	61,978	68,015	68	56	0	63	832,273	38,935	658
TFS-0.8-agents18.json	1690	1587	103	56	18	27	11	0	referenceSolver	95,289	87,94	87	99	0	99	51,956	42,996	42	55	0	60	12,825	25,385	429
TFS-0.8-agents18.json	1690	1587	103	56	18	27	11	0	randomSolver	92,451	80,925	80	99	0	98	62,726	68,287	68	56	0	67	556,954	41,006	693
TFS-0.8-agents19.json	1690	1587	103	57	19	27	11	0	referenceSolver	95,14	88,033	88	99	0	98	51,039	41,24	41	54	0	61	14,168	25,503	431
TFS-0.8-agents19.json	1690	1587	103	57	19	27	11	0	randomSolver	91,893	79,571	79	98	0	99	62,442	68,64	68	55	0	67	418,687	43,136	729
TFS-0.8-agents2.json	1690	1587	103	40	2	27	11	0	referenceSolver	97,32	66,96	66	99	0	99	54,149	37,5	37	52	0	62	2,368	7,337	124
TFS-0.8-agents2.json	1690	1587	103	40	2	27	11	0	randomSolver	96,469	54,037	54	99	0	99	59,174	47,917	47	57	0	65	70,767	8,817	149
TFS-0.8-agents20.json	1690	1587	103	58	20	27	11	0	referenceSolver	94,181	86,103	86	99	0	100	50,939	41,843	41	54	0	62	24,227	27,16	459
TFS-0.8-agents20.json	1690	1587	103	58	20	27	11	0	randomSolver	91,894	80,846	80	98	0	98	62,579	69,583	69	55	0	65	612,188	45,621	771
TFS-0.8-agents21.json	1690	1587	103	59	21	27	11	0	referenceSolver	94,746	87,823	87	99	0	99	50,565	43,75	43	51	0	64	28,545	29,704	502
TFS-0.8-agents21.json	1690	1587	103	59	21	27	11	0	randomSolver	91,77	80,914	80	98	0	99	64,266	69,643	69	57	0	67	855,615	47,633	805
TFS-0.8-agents22.json	1690	1587	103	60	22	27	11	0	referenceSolver	94,201	86,789	86	98	0	99	50,777	42,199	42	54	0	61	16,841	29,349	496
TFS-0.8-agents22.json	1690	1587	103	60	22	27	11	0	randomSolver	92,138	82,33	82	98	0	98	63,12	69,886	69	55	0	66	695,714	49,763	841
TFS-0.8-agents23.json	1690	1587	103	61	23	27	11	0	referenceSolver	94,514	87,952	87	98	0	100	50,95	43,06	43	53	0	65	17,35	31,006	524
TFS-0.8-agents23.json	1690	1587	103	61	23	27	11	0	randomSolver	91,458	81,964	81	98	0	98	64,042	69,837	69	56	0	67	490,184	51,716	874
TFS-0.8-agents25.json	1690	1587	103	63	25	27	11	0	referenceSolver	94,406	88,169	88	99	0	99	50,884	43,838	43	54	0	60	31,832	34,497	583
TFS-0.8-agents25.json	1690	1587	103	63	25	27	11	0	randomSolver	90,911	81,27	81	98	0	98	64,751	70,25	70	56	0	69	1086,419	55,976	946
TFS-0.8-agents26.json	1690	1587	103	64	26	27	11	0	referenceSolver	93,717	86,945	86	99	0	99	50,233	43,491	43	53	0	62	22,998	34,911	590
TFS-0.8-agents26.json	1690	1587	103	64	26	27	11	0	randomSolver	91,374	82,218	82	98	0	99	65,944	70,513	70	58	0	69	580,453	58,166	983
TFS-0.8-agents27.json	1690	1587	103	65	27	27	11	0	referenceSolver	93,976	87,288	87	99	0	100	50,314	44,16	44	52	0	61	21,459	36,982	625
TFS-0.8-agents27.json	1690	1587	103	65	27	27	11	0	randomSolver	91,81	83,241	83	99	0	99	65,866	70,525	70	57	0	71	536,346	60,178	1017
TFS-0.8-agents28.json	1690	1587	103	66	28	27	11	0	referenceSolver	93,79	86,852	86	99	0	100	50,005	44,78	44	51	0	60	36,146	38,521	651
TFS-0.8-agents28.json	1690	1587	103	66	28	27	11	0	randomSolver	90,797	81,487	81	98	0	99	64,717	70,908	70	56	0	66	1761,024	62,485	1056
TFS-0.8-agents29.json	1690	1587	103	67	29	27	11	0	referenceSolver	93,621	87,176	87	99	0	99	50,84	43,977	43	54	0	63	38,862	39,645	670
TFS-0.8-agents29.json	1690	1587	103	67	29	27	11	0	randomSolver	89,682	80,228	80	97	0	98	64,544	70,33	70	56	0	66	1114,025	64,024	1082
TFS-0.8-agents3.json	1690	1587	103	41	3	27	11	0	referenceSolver	96,725	67,368	67	99	0	99	54,902	34,028	34	54	0	62	2,929	8,225	139
TFS-0.8-agents3.json	1690	1587	103	41	3	27	11	0	randomSolver	94,905	53,674	53	98	0	98	58,316	47,222	47	56	0	66	83,169	10,118	171
TFS-0.8-agents30.json	1690	1587	103	68	30	27	11	0	referenceSolver	93,935	88,099	88	99	0	99	50,283	42,734	42	55	0	63	27,074	40,059	677
TFS-0.8-agents30.json	1690	1587	103	68	30	27	11	0	randomSolver	89,835	80,357	80	98	0	99	64,231	69,792	69	55	0	66	1383,288	65,562	1108
TFS-0.8-agents31.json	1690	1587	103	69	31	27	11	0	referenceSolver	93,038	86,556	86	99	0	100	50,998	44,181	44	54	0	65	25,372	41,479	701
TFS-0.8-agents31.json	1690	1587	103	69	31	27	11	0	randomSolver	89,93	80,685	80	98	0	98	64,447	69,758	69	56	0	66	670,706	67,515	1141
TFS-0.8-agents33.json	1690	1587	103	71	33	27	11	0	referenceSolver	92,446	85,642	85	99	0	99	51,661	46,371	46	54	0	62	44,836	46,095	779
TFS-0.8-agents33.json	1690	1587	103	71	33	27	11	0	randomSolver	88,925	79,269	79	99	0	98	64,524	68,75	68	57	0	66	1181,427	70,533	1192
TFS-0.8-agents34.json	1690	1587	103	72	34	27	11	0	referenceSolver	92,645	86,574	86	99	0	100	51,438	45,111	45	55	0	65	26,59	46,331	783
TFS-0.8-agents34.json	1690	1587	103	72	34	27	11	0	randomSolver	88,739	79,141	79	98	0	98	63,895	68,75	68	55	0	66	1848,403	72,485	1225
TFS-0.8-agents35.json	1690	1587	103	73	35	27	11	0	referenceSolver	91,953	85,153	85	99	0	99	49,902	44,508	44	53	0	60	26,876	46,923	793
TFS-0.8-agents35.json	1690	1587	103	73	35	27	11	0	randomSolver	88,658	79,06	79	98	0	99	63,619	67,56	67	56	0	66	617,497	73,254	1238
TFS-0.8-agents36.json	1690	1587	103	74	36	27	11	0	referenceSolver	91,569	84,819	84	99	0	99	50,454	43,994	43	56	0	61	28,556	47,811	808
TFS-0.8-agents36.json	1690	1587	103	74	36	27	11	0	randomSolver	88,358	78,86	78	98	0	99	63,747	67,187	67	56	0	67	724,036	74,793	1264
TFS-0.8-agents37.json	1690	1587	103	75	37	27	11	0	referenceSolver	91,619	84,996	84	99	0	99	49,431	43,278	43	54	0	61	47,601	48,521	820
TFS-0.8-agents37.json	1690	1587	103	75	37	27	11	0	randomSolver	87,312	77,376	77	98	0	99	62,619	66,441	66	55	0	65	1376,012	75,917	1283
TFS-0.8-agents38.json	1690	1587	103	76	38	27	11	0	referenceSolver	91,078	83,824	83	99	0	100	49,279	43,408	43	53	0	63	31,27	50,296	850
TFS-0.8-agents38.json	1690	1587	103	76	38	27	11	0	randomSolver	87,081	77,143	77	98	0	98	62,83	65,789	65	55	0	68	1779,773	77,101	1303
TFS-0.8-agents39.json	1690	1587	103	77	39	27	11	0	referenceSolver	91,052	84,32	84	99	0	99	49,853	43,412	43	55	0	62	30,21	50,828	859
TFS-0.8-agents39.json	1690	1587	103	77	39	27	11	0	randomSolver	86,054	75,668	75	98	0	98	62,659	65,171	65	55	0	68	817,059	78,284	1323
TFS-0.8-agents4.json	1690	1587	103	42	4	27	11	0	referenceSolver	95,384	64,669	64	99	0	99	53,957	32,292	32	54	0	63	4,192	8,817	149
TFS-0.8-agents4.json	1690	1587	103	42	4	27	11	0	randomSolver	93,785	53,817	53	98	0	98	57,463	46,354	46	55	0	66	85,027	11,361	192
TFS-0.8-agents40.json	1690	1587	103	78	40	27	11	0	referenceSolver	90,602	83,371	83	99	0	99	49,301	44,255	44	53	0	61	55,743	51,893	877
TFS-0.8-agents40.json	1690	1587	103	78	40	27	11	0	randomSolver	85,43	74,731	74	99	0	98	62,347	64,323	64	56	0	68	1959,012	79,172	1338
TFS-0.8-agents41.json	1690	1587	103	79	41	27	11	0	referenceSolver	90,666	84,101	84	99	0	98	49,618	44,179	44	54	0	61	34,387	53,905	911
TFS-0.8-agents41.json	1690	1587	103	79	41	27	11	0	randomSolver	85,039	74,052	74	98	0	99	60,939	63,465	63	54	0	66	933,483	80	1352
TFS-0.8-agents42.json	1690	1587	103	80	42	27	11	0	referenceSolver	89,862	82,553	82	99	0	99	48,68	42,701	42	54	0	62	34,381	53,373	902
TFS-0.8-agents42.json	1690	1587	103	80	42	27	11	0	randomSolver	84,258	73,324	73	98	0	98	61,41	62,996	62	56	0	66	790,748	81,243	1373
TFS-0.8-agents43.json	1690	1587	103	81	43	27	11	0	referenceSolver	89,151	81,8	81	99	0	99	48,639	43,099	43	54	0	61	34,305	56,095	948
TFS-0.8-agents43.json	1690	1587	103	81	43	27	11	0	randomSolver	83,932	73,019	73	98	0	99	60,927	62,112	62	56	0	64	823,654	81,953	1385
TFS-0.8-agents44.json	1690	1587	103	82	44	27	11	0	referenceSolver	89,176	81,525	81	99	0	99	48,432	43,355	43	52	0	61	63,346	57,101	965
TFS-0.8-agents44.json	1690	1587	103	82	44	27	11	0	randomSolver	83,473	72,19	72	99	0	98	60,651	61,411	61	57	0	64	1792,442	82,84	1400
TFS-0.8-agents45.json	1690	1587	103	83	45	27	11	0	referenceSolver	88,463	81,007	81	99	0	99	49,48	42,733	42	57	0	64	64,673	57,515	972
TFS-0.8-agents45.json	1690	1587	103	83	45	27	11	0	randomSolver	82,331	71,194	71	97	0	99	60,611	60,556	60	58	0	64	4457,161	83,491	1411
TFS-0.8-agents46.json	1690	1587	103	84	46	27	11	0	referenceSolver	88,655	81,175	81	99	0	99	48,085	41,992	41	54	0	62	43,651	57,574	973
TFS-0.8-agents46.json	1690	1587	103	84	46	27	11	0	randomSolver	83,102	72,15	72	98	0	99	60,152	59,783	59	57	0	68	1798,697	84,201	1423
TFS-0.8-agents47.json	1690	1587	103	85	47	27	11	0	referenceSolver	88,719	81,339	81	99	0	99	47,422	42,14	42	51	0	63	42,442	59,408	1004
TFS-0.8-agents47.json	1690	1587	103	85	47	27	11	0	randomSolver	82,003	70,749	70	98	0	98	59,484	59,397	59	56	0	65	2532,588	85,385	1443
TFS-0.8-agents48.json	1690	1587	103	86	48	27	11	0	referenceSolver	88,435	81,027	81	99	0	100	48,741	43,34	43	54	0	62	72,968	61,479	1039
TFS-0.8-agents48.json	1690	1587	103	86	48	27	11	0	randomSolver	81,458	69,443	69	98	0	99	58,274	58,247	58	55	0	64	1491,966	85,503	1445
TFS-0.8-agents5.json	1690	1587	103	43	5	27	11	0	referenceSolver	95,623	71,858	71	99	0	99	53,206	28,333	28	56	0	59	6,718	9,172	155
TFS-0.8-agents5.json	1690	1587	103	43	5	27	11	0	randomSolver	93,046	57,008	57	98	0	98	56,783	48,333	48	54	0	66	189,346	12,959	219
TFS-0.8-agents50.json	1690	1587	103	88	50	27	11	0	referenceSolver	88,19	80,934	80	99	0	99	47,769	42,665	42	52	0	65	41,643	63,314	1070
TFS-0.8-agents50.json	1690	1587	103	88	50	27	11	0	randomSolver	80,118	68,479	68	98	0	99	58,71	57,292	57	58	0	67	1738,732	87,456	1478
TFS-0.8-agents51.json	1690	1587	103	89	51	27	11	0	referenceSolver	86,595	78,635	78	99	0	99	47,647	41,051	41	56	0	62	49,63	61,065	1032
TFS-0.8-agents51.json	1690	1587	103	89	51	27	11	0	randomSolver	79,902	67,937	67	98	0	99	57,402	56,332	56	55	0	68	1171,854	87,692	1482
TFS-0.8-agents52.json	1690	1587	103	90	52	27	11	0	referenceSolver	88,269	81,65	81	98	0	100	46,42	40,56	40	54	0	60	74,06	63,136	1067
TFS-0.8-agents52.json	1690	1587	103	90	52	27	11	0	randomSolver	79,331	66,956	66	98	0	98	56,807	56,01	56	54	0	67	3066,952	88,817	1501
TFS-0.8-agents53.json	1690	1587	103	91	53	27	11	0	referenceSolver	85,85	78,151	78	99	0	99	46,95	40,743	40	56	0	61	82,665	63,669	1076
TFS-0.8-agents53.json	1690	1587	103	91	53	27	11	0	randomSolver	79,381	67,635	67	98	0	98	57,032	55,621	55	56	0	64	4568,547	89,822	1518
TFS-0.8-agents54.json	1690	1587	103	92	54	27	11	0	referenceSolver	86,667	79,35	79	99	0	99	46,815	40,608	40	55	0	61	46,918	64,911	1097
TFS-0.8-agents54.json	1690	1587	103	92	54	27	11	0	randomSolver	79,177	67,302	67	98	0	99	56,044	54,514	54	55	0	66	1428,167	89,704	1516
TFS-0.8-agents55.json	1690	1587	103	93	55	27	11	0	referenceSolver	86,592	79,034	79	99	0	99	46,506	40,809	40	55	0	58	48,253	65,03	1099
TFS-0.8-agents55.json	1690	1587	103	93	55	27	11	0	randomSolver	78,025	65,966	65	98	0	99	56,063	54,28	54	56	0	64	1845,295	90,888	1536
TFS-0.8-agents56.json	1690	1587	103	94	56	27	11	0	referenceSolver	86,835	79,498	79	99	0	99	46,32	41,077	41	52	0	61	56,629	67,041	1133
TFS-0.8-agents56.json	1690	1587	103	94	56	27	11	0	randomSolver	78,181	65,906	65	99	0	99	55,551	53,646	53	55	0	67	1889,052	91,42	1545
TFS-0.8-agents57.json	1690	1587	103	95	57	27	11	0	referenceSolver	85,321	77,305	77	99	0	99	45,907	40,133	40	53	0	62	50,423	66,923	1131
TFS-0.8-agents57.json	1690	1587	103	95	57	27	11	0	randomSolver	77,427	65,609	65	98	0	98	55,2	52,851	52	56	0	66	1115,475	91,657	1549
TFS-0.8-agents58.json	1690	1587	103	96	58	27	11	0	referenceSolver	86,27	78,93	78	99	0	100	45,37	39,205	39	53	0	63	50,263	66,45	1123
TFS-0.8-agents58.json	1690	1587	103	96	58	27	11	0	randomSolver	77,196	64,858	64	98	0	99	54,504	52,478	52	54	0	66	1324,128	92,544	1564
TFS-0.8-agents59.json	1690	1587	103	97	59	27	11	0	referenceSolver	86,518	79,392	79	99	0	99	45,844	39,653	39	54	0	63	54,796	67,633	1143
TFS-0.8-agents59.json	1690	1587	103	97	59	27	11	0	randomSolver	76,799	64,993	64	98	0	97	54,43	51,871	51	55	0	67	1781,115	93,018	1572
TFS-0.8-agents6.json	1690	1587	103	44	6	27	11	0	referenceSolver	95,183	73,661	73	99	0	99	51,846	29,167	29	53	0	62	4,492	10,059	170
TFS-0.8-agents6.json	1690	1587	103	44	6	27	11	0	randomSolver	92,357	59,748	59	98	0	99	58,593	50,347	50	56	0	69	142,199	14,675	248
TFS-0.8-agents60.json	1690	1587	103	98	60	27	11	0	referenceSolver	85,956	78,606	78	99	0	100	45,149	39,158	39	53	0	63	89,961	68,225	1153
TFS-0.8-agents60.json	1690	1587	103	98	60	27	11	0	randomSolver	76,951	65,205	65	98	0	99	54,267	51,146	51	56	0	67	3143,413	93,254	1576
TFS-0.8-agents61.json	1690	1587	103	99	61	27	11	0	referenceSolver	86,258	79,339	79	99	0	99	44,326	38,421	38	52	0	62	55,218	68,225	1153
TFS-0.8-agents61.json	1690	1587	103	99	61	27	11	0	randomSolver	76,582	64,959	64	98	0	98	53,742	50,649	50	56	0	66	1181,681	93,846	1586
TFS-0.8-agents62.json	1690	1587	103	100	62	27	11	0	referenceSolver	85,593	78,301	78	99	0	100	44,765	38,96	38	52	0	63	56,941	70,237	1187
TFS-0.8-agents62.json	1690	1587	103	100	62	27	11	0	randomSolver	76,872	65,333	65	98	0	99	53,532	50,621	50	56	0	65	2078,358	95,03	1606
TFS-0.8-agents63.json	1690	1587	103	101	63	27	11	0	referenceSolver	84,63	76,984	76	99	0	99	45,887	40,06	40	54	0	63	58,477	72,722	1229
TFS-0.8-agents63.json	1690	1587	103	101	63	27	11	0	randomSolver	75,269	63,758	63	97	0	99	53,254	49,769	49	56	0	69	2745,201	95,148	1608
TFS-0.8-agents64.json	1690	1587	103	102	64	27	11	0	referenceSolver	85,534	78,83	78	99	0	98	45,095	39,197	39	54	0	62	106,203	72,899	1232
TFS-0.8-agents64.json	1690	1587	103	102	64	27	11	0	randomSolver	75,238	63,667	63	98	0	98	52,785	49,121	49	56	0	67	3644,945	95,385	1612
TFS-0.8-agents66.json	1690	1587	103	104	66	27	11	0	referenceSolver	84,543	77,239	77	99	0	99	44,272	39,203	39	51	0	61	65,511	73,964	1250
TFS-0.8-agents66.json	1690	1587	103	104	66	27	11	0	randomSolver	75,302	63,566	63	98	0	98	51,256	48,074	48	54	0	64	1259,667	96,213	1626
TFS-0.8-agents67.json	1690	1587	103	105	67	27	11	0	referenceSolver	84,995	78,058	78	99	0	99	43,511	37,753	37	52	0	62	74,185	73,254	1238
TFS-0.8-agents67.json	1690	1587	103	105	67	27	11	0	randomSolver	75,252	63,652	63	99	0	99	51,371	47,637	47	56	0	65	1680,492	96,746	1635
TFS-0.8-agents68.json	1690	1587	103	106	68	27	11	0	referenceSolver	84,963	78,065	78	99	0	99	43,674	37,598	37	55	0	59	106,247	73,55	1243
TFS-0.8-agents68.json	1690	1587	103	106	68	27	11	0	randomSolver	76,103	65,698	65	99	0	98	51,762	47,281	47	58	0	68	5092,511	97,219	1643
TFS-0.8-agents69.json	1690	1587	103	107	69	27	11	0	referenceSolver	84,3	77,388	77	99	0	99	43,778	37,692	37	54	0	62	114,369	74,675	1262
TFS-0.8-agents69.json	1690	1587	103	107	69	27	11	0	randomSolver	75,743	64,926	64	98	0	99	50,481	46,534	46	54	0	68	3629,736	97,101	1641
TFS-0.8-agents7.json	1690	1587	103	45	7	27	11	0	referenceSolver	94,548	74,9	74	99	0	99	52,422	32,813	32	55	0	59	4,881	11,538	195
TFS-0.8-agents7.json	1690	1587	103	45	7	27	11	0	randomSolver	92,381	63,824	63	98	0	99	59,56	54,464	54	58	0	66	133,603	16,923	286
TFS-0.8-agents70.json	1690	1587	103	108	70	27	11	0	referenceSolver	84,745	78,297	78	99	0	98	43,559	37,822	37	54	0	60	67,803	75,68	1279
TFS-0.8-agents70.json	1690	1587	103	108	70	27	11	0	randomSolver	74,262	63,13	63	98	0	99	50,574	46,2	46	57	0	66	3331,44	97,574	1649
TFS-0.8-agents8.json	1690	1587	103	46	8	27	11	0	referenceSolver	95,315	80,018	80	99	0	98	52,476	34,205	34	55	0	62	5,591	12,84	217
TFS-0.8-agents8.json	1690	1587	103	46	8	27	11	0	randomSolver	91,956	66,746	66	98	0	98	59,201	57,552	57	56	0	66	160,198	19,172	324
TFS-0.8-agents9.json	1690	1587	103	47	9	27	11	0	referenceSolver	94,496	76,76	76	99	0	99	53,066	37,61	37	54	0	63	10,402	13,905	235
TFS-0.8-agents9.json	1690	1587	103	47	9	27	11	0	randomSolver	92,909	71,043	71	99	0	98	60,154	60,185	60	56	0	67	333,903	21,479	363
TFS-0.9-agents1.json	1888	1785	103	39	1	27	11	0	referenceSolver	99,125	100	100	98	0	100	57,317	14,583	14	54	0	63	7,649	4,661	88
TFS-0.9-agents1.json	1888	1785	103	39	1	27	11	0	randomSolver	97,707	49,101	49	99	0	99	58,879	43,75	43	57	0	63	107,834	6,568	124
TFS-0.9-agents10.json	1888	1785	103	48	10	27	11	0	referenceSolver	94,271	72,616	72	99	0	99	52,596	31,168	31	55	0	62	29,404	10,328	195
TFS-0.9-agents10.json	1888	1785	103	48	10	27	11	0	randomSolver	93,201	73,866	73	98	0	99	60,026	64,792	64	55	0	64	477,488	21,928	414
TFS-0.9-agents12.json	1888	1785	103	50	12	27	11	0	referenceSolver	94,29	76,559	76	99	0	100	51,045	34,635	34	54	0	59	18,447	12,712	240
TFS-0.9-agents12.json	1888	1785	103	50	12	27	11	0	randomSolver	92,711	77,563	77	98	0	99	61,671	67,188	67	56	0	65	581,553	25,953	490
TFS-0.9-agents13.json	1888	1785	103	51	13	27	11	0	referenceSolver	94,137	80,303	80	98	0	99	50,866	35,648	35	53	0	63	23,158	13,877	262
TFS-0.9-agents13.json	1888	1785	103	51	13	27	11	0	randomSolver	93,473	78,918	78	99	0	99	61,576	67,788	67	56	0	63	384,687	27,86	526
TFS-0.9-agents14.json	1888	1785	103	52	14	27	11	0	referenceSolver	94,884	81,824	81	99	0	99	51,718	36,361	36	54	0	63	30,156	14,566	275
TFS-0.9-agents14.json	1888	1785	103	52	14	27	11	0	randomSolver	93,577	81,764	81	98	0	99	62,668	69,048	69	56	0	68	461,879	30,032	567
TFS-0.9-agents15.json	1888	1785	103	53	15	27	11	0	referenceSolver	94,082	79,974	79	99	0	99	51,638	37,917	37	54	0	61	47,956	15,784	298
TFS-0.9-agents15.json	1888	1785	103	53	15	27	11	0	randomSolver	93,415	82,129	82	98	0	99	63,122	69,444	69	56	0	67	899,709	31,939	603
TFS-0.9-agents16.json	1888	1785	103	54	16	27	11	0	referenceSolver	94,303	81,652	81	99	0	100	51,601	38,889	38	54	0	62	22,348	16,843	318
TFS-0.9-agents16.json	1888	1785	103	54	16	27	11	0	randomSolver	93,01	81,131	81	99	0	97	63,953	70,964	70	57	0	67	768,573	34,322	648
TFS-0.9-agents17.json	1888	1785	103	55	17	27	11	0	referenceSolver	94,786	84,229	84	99	0	99	52,338	39,39	39	56	0	62	22,57	18,538	350
TFS-0.9-agents17.json	1888	1785	103	55	17	27	11	0	randomSolver	92,568	80,813	80	98	0	99	63,351	70,956	70	56	0	66	311,49	36,123	682
TFS-0.9-agents18.json	1888	1785	103	56	18	27	11	0	referenceSolver	94,185	83,968	83	99	0	99	51,387	38,001	38	55	0	63	37,489	18,909	357
TFS-0.9-agents18.json	1888	1785	103	56	18	27	11	0	randomSolver	93,339	82,428	82	99	0	99	62,57	70,833	70	54	0	66	1349,86	37,871	715
TFS-0.9-agents19.json	1888	1785	103	57	19	27	11	0	referenceSolver	94,435	84,512	84	99	0	99	49,858	39,602	39	52	0	61	25,816	20,286	383
TFS-0.9-agents19.json	1888	1785	103	57	19	27	11	0	randomSolver	92,879	82,909	82	98	0	98	64,204	71,491	71	57	0	65	749,883	39,989	755
TFS-0.9-agents2.json	1888	1785	103	40	2	27	11	0	referenceSolver	99,787	100	100	99	0	100	54,878	14,583	14	53	0	60	13,329	4,661	88
TFS-0.9-agents2.json	1888	1785	103	40	2	27	11	0	randomSolver	95,97	52,315	52	98	0	99	58,377	46,875	46	56	0	64	219,088	7,839	148
TFS-0.9-agents20.json	1888	1785	103	58	20	27	11	0	referenceSolver	94,634	85,989	85	99	0	99	50,285	39,601	39	53	0	62	25,395	21,345	403
TFS-0.9-agents20.json	1888	1785	103	58	20	27	11	0	randomSolver	93,119	84,187	84	98	0	99	64,549	71,563	71	57	0	66	808,054	41,843	790
TFS-0.9-agents21.json	1888	1785	103	59	21	27	11	0	referenceSolver	94,483	84,702	84	100	0	100	50,985	41,176	41	53	0	64	29,349	22,458	424
TFS-0.9-agents21.json	1888	1785	103	59	21	27	11	0	randomSolver	92,907	84,497	84	98	0	97	64,226	71,726	71	56	0	65	509,238	43,75	826
TFS-0.9-agents22.json	1888	1785	103	60	22	27	11	0	referenceSolver	94,43	86,589	86	99	0	100	51,48	41,15	41	55	0	62	31,26	23,941	452
TFS-0.9-agents22.json	1888	1785	103	60	22	27	11	0	randomSolver	92,708	84,307	84	98	0	99	65,169	72,443	72	58	0	64	798,207	45,975	868
TFS-0.9-agents23.json	1888	1785	103	61	23	27	11	0	referenceSolver	94,385	86,155	86	99	0	99	51,74	41,955	41	55	0	62	29,275	24,523	463
TFS-0.9-agents23.json	1888	1785	103	61	23	27	11	0	randomSolver	92,214	83,679	83	98	0	98	65,901	72,645	72	56	0	70	952,471	47,934	905
TFS-0.9-agents24.json	1888	1785	103	62	24	27	11	0	referenceSolver	94,09	86,574	86	99	0	98	51,129	41,954	41	55	0	60	32,187	25,636	484
TFS-0.9-agents24.json	1888	1785	103	62	24	27	11	0	randomSolver	92,35	84,055	84	98	0	98	65,354	72,656	72	56	0	66	617,826	49,788	940
TFS-0.9-agents25.json	1888	1785	103	63	25	27	11	0	referenceSolver	94,176	86,773	86	99	0	99	50,65	40,542	40	55	0	63	35,168	26,748	505
TFS-0.9-agents25.json	1888	1785	103	63	25	27	11	0	randomSolver	91,841	82,972	82	98	0	98	64,925	72,5	72	56	0	64	975,775	51,536	973
TFS-0.9-agents26.json	1888	1785	103	64	26	27	11	0	referenceSolver	94,174	86,102	86	99	0	99	50,59	41,793	41	54	0	62	56,65	27,383	517
TFS-0.9-agents26.json	1888	1785	103	64	26	27	11	0	randomSolver	91,667	83,44	83	97	0	99	65,346	72,436	72	56	0	65	1394,632	53,337	1007
TFS-0.9-agents27.json	1888	1785	103	65	27	27	11	0	referenceSolver	94,501	87,729	87	99	0	99	50,353	41,576	41	54	0	62	56,435	28,972	547
TFS-0.9-agents27.json	1888	1785	103	65	27	27	11	0	randomSolver	91,984	83,512	83	98	0	99	64,797	72,685	72	55	0	65	1859,008	55,35	1045
TFS-0.9-agents28.json	1888	1785	103	66	28	27	11	0	referenceSolver	94,085	87,845	87	98	0	99	50,349	40,48	40	56	0	61	39,393	28,867	545
TFS-0.9-agents28.json	1888	1785	103	66	28	27	11	0	randomSolver	91,42	83,114	83	98	0	99	66,386	72,47	72	57	0	69	1263,137	57,044	1077
TFS-0.9-agents29.json	1888	1785	103	67	29	27	11	0	referenceSolver	93,561	86,321	86	99	0	100	50,774	42,907	42	54	0	63	40,33	31,674	598
TFS-0.9-agents29.json	1888	1785	103	67	29	27	11	0	randomSolver	90,599	81,593	81	98	0	98	65,412	72,486	72	56	0	65	966,789	58,898	1112
TFS-0.9-agents3.json	1888	1785	103	41	3	27	11	0	referenceSolver	99,586	100	100	99	0	100	56,28	14,583	14	54	0	62	13,02	4,767	90
TFS-0.9-agents3.json	1888	1785	103	41	3	27	11	0	randomSolver	94,595	54,207	54	98	0	98	60,078	47,917	47	58	0	67	100,112	9,11	172
TFS-0.9-agents30.json	1888	1785	103	68	30	27	11	0	referenceSolver	94,091	87,607	87	99	0	99	50,011	43,668	43	53	0	60	71,62	32,627	616
TFS-0.9-agents30.json	1888	1785	103	68	30	27	11	0	randomSolver	91,04	83,07	83	98	0	98	66,74	72,153	72	58	0	69	1716,402	60,487	1142
TFS-0.9-agents31.json	1888	1785	103	69	31	27	11	0	referenceSolver	93,776	87,254	87	99	0	99	50,527	43,438	43	55	0	60	67,442	34,163	645
TFS-0.9-agents31.json	1888	1785	103	69	31	27	11	0	randomSolver	91,061	83,481	83	98	0	99	65,814	72,245	72	56	0	65	1193,722	62,394	1178
TFS-0.9-agents32.json	1888	1785	103	70	32	27	11	0	referenceSolver	92,636	85,552	85	98	0	99	51,621	45,592	45	54	0	62	43,634	36,123	682
TFS-0.9-agents32.json	1888	1785	103	70	32	27	11	0	randomSolver	90,646	82,479	82	98	0	97	65,278	72,135	72	55	0	65	914,015	64,142	1211
TFS-0.9-agents33.json	1888	1785	103	71	33	27	11	0	referenceSolver	93,66	87,332	87	99	0	100	50,282	44,043	44	53	0	61	42,004	36,441	688
TFS-0.9-agents33.json	1888	1785	103	71	33	27	11	0	randomSolver	90,73	82,72	82	98	0	99	65,664	71,843	71	56	0	66	1660,58	65,731	1241
TFS-0.9-agents34.json	1888	1785	103	72	34	27	11	0	referenceSolver	93,127	86,949	86	99	0	98	51,338	44,905	44	55	0	61	67,449	37,5	708
TFS-0.9-agents34.json	1888	1785	103	72	34	27	11	0	randomSolver	89,339	80,898	80	98	0	98	66,155	71,507	71	56	0	68	2068,807	67,267	1270
TFS-0.9-agents35.json	1888	1785	103	73	35	27	11	0	referenceSolver	93,344	87,256	87	99	0	99	49,946	43,613	43	54	0	60	42,344	38,347	724
TFS-0.9-agents35.json	1888	1785	103	73	35	27	11	0	randomSolver	89,775	81,47	81	98	0	99	65,245	70,952	70	55	0	67	734,42	68,591	1295
TFS-0.9-agents36.json	1888	1785	103	74	36	27	11	0	referenceSolver	93,164	87,065	87	99	0	99	49,623	42,406	42	54	0	63	43,471	38,083	719
TFS-0.9-agents36.json	1888	1785	103	74	36	27	11	0	randomSolver	89,255	81,204	81	98	0	98	65,342	70,718	70	56	0	65	1418,248	70,18	1325
TFS-0.9-agents37.json	1888	1785	103	75	37	27	11	0	referenceSolver	92,734	86,639	86	99	0	99	50,921	44,6	44	56	0	60	46,192	40,731	769
TFS-0.9-agents37.json	1888	1785	103	75	37	27	11	0	randomSolver	89,048	80,728	80	98	0	99	65,45	70,27	70	56	0	66	1849,061	71,557	1351
TFS-0.9-agents38.json	1888	1785	103	76	38	27	11	0	referenceSolver	92,9	87,102	87	99	0	99	49,764	43,625	43	54	0	62	76,117	41,631	786
TFS-0.9-agents38.json	1888	1785	103	76	38	27	11	0	randomSolver	88,127	79,28	79	98	0	98	64,205	69,298	69	55	0	64	3306,327	72,405	1367
TFS-0.9-agents39.json	1888	1785	103	77	39	27	11	0	referenceSolver	93,229	87,681	87	99	0	100	50,218	43,15	43	56	0	63	46,962	42,797	808
TFS-0.9-agents39.json	1888	1785	103	77	39	27	11	0	randomSolver	87,252	77,674	77	98	0	99	64,956	69,124	69	56	0	66	1480,308	73,994	1397
TFS-0.9-agents4.json	1888	1785	103	42	4	27	11	0	referenceSolver	98,233	77,245	77	99	0	99	54,723	30,625	30	54	0	59	60,596	5,667	107
TFS-0.9-agents4.json	1888	1785	103	42	4	27	11	0	randomSolver	93,931	58,426	58	98	0	98	58,146	52,604	52	55	0	65	730,195	10,805	204
TFS-0.9-agents40.json	1888	1785	103	78	40	27	11	0	referenceSolver	92,367	86,291	86	99	0	99	49,749	43,335	43	54	0	64	48,186	43,379	819
TFS-0.9-agents40.json	1888	1785	103	78	40	27	11	0	randomSolver	87,719	78,666	78	98	0	98	63,787	68,281	68	55	0	65	781,717	74,894	1414
TFS-0.9-agents41.json	1888	1785	103	79	41	27	11	0	referenceSolver	92,029	85,524	85	99	0	100	49,901	44,746	44	53	0	61	55,431	45,021	850
TFS-0.9-agents41.json	1888	1785	103	79	41	27	11	0	randomSolver	87,45	78,284	78	98	0	99	63,572	67,785	67	55	0	65	1637,152	76,112	1437
TFS-0.9-agents42.json	1888	1785	103	80	42	27	11	0	referenceSolver	91,885	85,92	85	99	0	99	48,888	42,637	42	53	0	65	50,508	45,286	855
TFS-0.9-agents42.json	1888	1785	103	80	42	27	11	0	randomSolver	86,276	77,012	77	98	0	97	63,41	66,964	66	56	0	64	894,533	76,96	1453
TFS-0.9-agents43.json	1888	1785	103	81	43	27	11	0	referenceSolver	91,008	84,814	84	98	0	99	49,664	43,642	43	55	0	62	85,541	47,352	894
TFS-0.9-agents43.json	1888	1785	103	81	43	27	11	0	randomSolver	86,206	77,185	77	98	0	99	64,32	67,2	67	57	0	66	5467,707	78,919	1490
TFS-0.9-agents44.json	1888	1785	103	82	44	27	11	0	referenceSolver	91,164	84,501	84	99	0	99	50,5	45,818	45	53	0	63	62,978	49,311	931
TFS-0.9-agents44.json	1888	1785	103	82	44	27	11	0	randomSolver	85,102	75,87	75	97	0	99	63,954	65,672	65	58	0	68	1082,611	78,919	1490
TFS-0.9-agents45.json	1888	1785	103	83	45	27	11	0	referenceSolver	91,026	84,826	84	99	0	99	49,321	43,491	43	54	0	63	57,004	49,258	930
TFS-0.9-agents45.json	1888	1785	103	83	45	27	11	0	randomSolver	84,996	75,522	75	97	0	98	62,89	65,231	65	56	0	65	990,57	80,085	1512
TFS-0.9-agents47.json	1888	1785	103	85	47	27	11	0	referenceSolver	90,655	84,073	84	99	0	99	48,361	42,719	42	53	0	63	99,88	50,742	958
TFS-0.9-agents47.json	1888	1785	103	85	47	27	11	0	randomSolver	84,598	74,549	74	99	0	98	62,353	64,229	64	56	0	65	3079,338	82,203	1552
TFS-0.9-agents48.json	1888	1785	103	86	48	27	11	0	referenceSolver	90,361	84,136	84	99	0	99	48,829	42,977	42	55	0	62	63,527	51,695	976
TFS-0.9-agents48.json	1888	1785	103	86	48	27	11	0	randomSolver	84,254	74,786	74	98	0	99	62,862	63,542	63	59	0	67	3388,453	82,998	1567
TFS-0.9-agents49.json	1888	1785	103	87	49	27	11	0	referenceSolver	90,718	85,045	85	99	0	99	48,989	42,668	42	56	0	62	61,458	52,754	996
TFS-0.9-agents49.json	1888	1785	103	87	49	27	11	0	randomSolver	83,072	72,823	72	98	0	98	61,458	62,67	62	56	0	66	1084,363	83,528	1577
TFS-0.9-agents5.json	1888	1785	103	43	5	27	11	0	referenceSolver	97,591	74,551	74	99	0	99	53,988	32,598	32	52	0	63	12,234	6,674	126
TFS-0.9-agents5.json	1888	1785	103	43	5	27	11	0	randomSolver	93,56	61,516	61	98	0	98	59,448	55	55	56	0	67	127,623	12,447	235
TFS-0.9-agents51.json	1888	1785	103	89	51	27	11	0	referenceSolver	89,954	83,639	83	98	0	100	48,047	43,1	43	52	0	62	112,739	53,814	1016
TFS-0.9-agents51.json	1888	1785	103	89	51	27	11	0	randomSolver	82,971	73,053	73	98	0	97	60,239	61,479	61	55	0	64	1912,14	85,169	1608
TFS-0.9-agents52.json	1888	1785	103	90	52	27	11	0	referenceSolver	88,8	81,865	81	99	0	99	48,446	43,346	43	53	0	62	71,194	55,826	1054
TFS-0.9-agents52.json	1888	1785	103	90	52	27	11	0	randomSolver	82,408	72,418	72	98	0	98	60,715	60,897	60	57	0	67	2434,71	85,964	1623
TFS-0.9-agents53.json	1888	1785	103	91	53	27	11	0	referenceSolver	89,058	82,806	82	99	0	99	48,89	42,693	42	56	0	64	67,914	56,038	1058
TFS-0.9-agents53.json	1888	1785	103	91	53	27	11	0	randomSolver	81,298	70,787	70	98	0	98	60,371	60,181	60	57	0	67	2010,846	86,547	1634
TFS-0.9-agents54.json	1888	1785	103	92	54	27	11	0	referenceSolver	88,433	81,578	81	99	0	98	47,655	42,538	42	54	0	59	107,398	56,727	1071
TFS-0.9-agents54.json	1888	1785	103	92	54	27	11	0	randomSolver	81,603	71,169	71	98	0	99	59,411	59,606	59	55	0	66	7516,761	87,288	1648
TFS-0.9-agents55.json	1888	1785	103	93	55	27	11	0	referenceSolver	86,926	79,599	79	99	0	99	46,518	41,152	41	52	0	61	112,319	56,568	1068
TFS-0.9-agents55.json	1888	1785	103	93	55	27	11	0	randomSolver	80,868	70,562	70	98	0	98	58,971	58,75	58	56	0	65	2020,131	87,606	1654
TFS-0.9-agents56.json	1888	1785	103	94	56	27	11	0	referenceSolver	87,729	81,038	81	98	0	99	47,172	40,682	40	55	0	64	74,186	55,826	1054
TFS-0.9-agents56.json	1888	1785	103	94	56	27	11	0	randomSolver	79,664	68,668	68	98	0	98	58,776	58,147	58	57	0	65	1305,418	88,242	1666
TFS-0.9-agents57.json	1888	1785	103	95	57	27	11	0	referenceSolver	88,809	82,669	82	99	0	99	45,852	39,306	39	54	0	63	68,791	56,197	1061
TFS-0.9-agents57.json	1888	1785	103	95	57	27	11	0	randomSolver	79,24	68,236	68	98	0	98	58,373	57,675	57	56	0	65	1918,469	89,036	1681
TFS-0.9-agents58.json	1888	1785	103	96	58	27	11	0	referenceSolver	88,004	81,256	81	99	0	100	46,082	40,394	40	54	0	58	73,941	58,157	1098
TFS-0.9-agents58.json	1888	1785	103	96	58	27	11	0	randomSolver	78,991	68,08	68	98	0	98	58,004	57,256	57	56	0	65	2655,141	89,883	1697
TFS-0.9-agents59.json	1888	1785	103	97	59	27	11	0	referenceSolver	87,3	80,534	80	99	0	99	46,468	41,234	41	53	0	61	122,3	60,117	1135
TFS-0.9-agents59.json	1888	1785	103	97	59	27	11	0	randomSolver	78,956	68,138	68	98	0	98	57,373	56,709	56	55	0	65	4348,535	90,519	1709
TFS-0.9-agents6.json	1888	1785	103	44	6	27	11	0	referenceSolver	96,626	71,71	71	99	0	99	53,345	34,635	34	52	0	63	13,188	7,68	145
TFS-0.9-agents6.json	1888	1785	103	44	6	27	11	0	randomSolver	93,277	64,228	64	98	0	98	60,03	57,986	57	56	0	68	188,487	14,301	270
TFS-0.9-agents60.json	1888	1785	103	98	60	27	11	0	referenceSolver	88,056	81,817	81	99	0	99	46,329	40,484	40	54	0	63	73,472	61,176	1155
TFS-0.9-agents60.json	1888	1785	103	98	60	27	11	0	randomSolver	78,119	66,953	66	98	0	99	57,58	56,354	56	56	0	67	3567,773	91,419	1726
TFS-0.9-agents61.json	1888	1785	103	99	61	27	11	0	referenceSolver	86,672	80,076	80	99	0	99	45,973	39,137	39	57	0	63	74,334	60,434	1141
TFS-0.9-agents61.json	1888	1785	103	99	61	27	11	0	randomSolver	77,939	66,901	66	99	0	97	57,007	55,635	55	57	0	64	3236,136	91,737	1732
TFS-0.9-agents62.json	1888	1785	103	100	62	27	11	0	referenceSolver	86,992	80,419	80	99	0	99	46,863	40,686	40	56	0	63	74,9	63,136	1192
TFS-0.9-agents62.json	1888	1785	103	100	62	27	11	0	randomSolver	78,403	67,654	67	98	0	98	56,259	55,04	55	54	0	67	3384,794	92,214	1741
TFS-0.9-agents63.json	1888	1785	103	101	63	27	11	0	referenceSolver	86,797	80,105	80	99	0	99	44,807	39,048	39	52	0	62	150,926	60,858	1149
TFS-0.9-agents63.json	1888	1785	103	101	63	27	11	0	randomSolver	77,524	66,724	66	98	0	99	56,035	54,464	54	55	0	67	2711,859	92,691	1750
TFS-0.9-agents64.json	1888	1785	103	102	64	27	11	0	referenceSolver	87,156	80,656	80	99	0	99	45,481	39,933	39	53	0	61	89,235	63,4	1197
TFS-0.9-agents64.json	1888	1785	103	102	64	27	11	0	randomSolver	77,711	67,142	67	98	0	99	55,849	53,711	53	56	0	67	2286,635	92,85	1753
TFS-0.9-agents65.json	1888	1785	103	103	65	27	11	0	referenceSolver	86,985	80,45	80	99	0	100	44,639	38,842	38	52	0	62	82,027	63,453	1198
TFS-0.9-agents65.json	1888	1785	103	103	65	27	11	0	randomSolver	76,644	65,802	65	98	0	99	55,756	53,237	53	58	0	67	2846,654	93,432	1764
TFS-0.9-agents66.json	1888	1785	103	104	66	27	11	0	referenceSolver	86,844	80,489	80	99	0	99	45,864	40,202	40	54	0	62	167,891	64,566	1219
TFS-0.9-agents66.json	1888	1785	103	104	66	27	11	0	randomSolver	76,592	66,102	66	98	0	98	54,931	52,652	52	57	0	64	3655,389	93,803	1771
TFS-0.9-agents67.json	1888	1785	103	105	67	27	11	0	referenceSolver	86,007	79,348	79	99	0	99	44,841	39,223	39	54	0	60	146,164	64,725	1222
TFS-0.9-agents67.json	1888	1785	103	105	67	27	11	0	randomSolver	76,575	66,339	66	97	0	98	54,367	52,083	52	55	0	66	4872,988	94,174	1778
TFS-0.9-agents68.json	1888	1785	103	106	68	27	11	0	referenceSolver	86,76	80,554	80	99	0	100	46,185	40,291	40	56	0	63	97,373	67,691	1278
TFS-0.9-agents68.json	1888	1785	103	106	68	27	11	0	randomSolver	75,356	64,262	64	99	0	99	54,373	51,44	51	57	0	67	1784,326	94,386	1782
TFS-0.9-agents69.json	1888	1785	103	107	69	27	11	0	referenceSolver	87,371	81,332	81	99	0	99	45,703	40,027	40	55	0	61	98,358	66,79	1261
TFS-0.9-agents69.json	1888	1785	103	107	69	27	11	0	randomSolver	76,701	66,378	66	98	0	98	53,872	51,087	51	56	0	67	1755,108	95,074	1795
TFS-0.9-agents7.json	1888	1785	103	45	7	27	11	0	referenceSolver	95,819	72,692	72	99	0	99	53,501	32,93	32	54	0	60	14,411	8,263	156
TFS-0.9-agents7.json	1888	1785	103	45	7	27	11	0	randomSolver	93,219	65,94	65	99	0	98	58,58	59,821	59	54	0	67	418,754	16,102	304
TFS-0.9-agents70.json	1888	1785	103	108	70	27	11	0	referenceSolver	85,602	78,937	78	99	0	99	45,236	39,473	39	56	0	58	158,602	66,684	1259
TFS-0.9-agents70.json	1888	1785	103	108	70	27	11	0	randomSolver	74,937	64,181	64	98	0	98	53,678	50,625	50	56	0	68	6140,476	95,551	1804
TFS-0.9-agents8.json	1888	1785	103	46	8	27	11	0	referenceSolver	95,535	72,855	72	99	0	99	51,486	31,853	31	52	0	61	16,769	9,057	171
TFS-0.9-agents8.json	1888	1785	103	46	8	27	11	0	randomSolver	92,46	69,253	69	98	0	98	60,35	62,24	62	57	0	65	371,453	18,114	342
TFS-0.9-agents9.json	1888	1785	103	47	9	27	11	0	referenceSolver	95,182	73,698	73	99	0	99	52,418	31,759	31	54	0	62	15,535	9,852	186
TFS-0.9-agents9.json	1888	1785	103	47	9	27	11	0	randomSolver	93,353	73,052	73	99	0	98	60,186	63,194	63	56	0	66	410,495	19,915	376
TFS-1.0-agents1.json	2086	1983	103	39	1	27	11	0	referenceSolver	99,361	100	100	99	0	99	57,391	14,583	14	55	0	63	8,057	4,267	89
TFS-1.0-agents1.json	2086	1983	103	39	1	27	11	0	randomSolver	97,334	54,793	54	98	0	99	58,941	45,833	45	56	0	64	59,767	5,992	125
TFS-1.0-agents10.json	2086	1983	103	48	10	27	11	0	referenceSolver	94,458	75,909	75	99	0	99	49,456	27,887	27	51	0	63	25,579	9,444	197
TFS-1.0-agents10.json	2086	1983	103	48	10	27	11	0	randomSolver	92,905	72,395	72	99	0	99	59,885	63,333	63	55	0	66	434,622	19,511	407
TFS-1.0-agents11.json	2086	1983	103	49	11	27	11	0	referenceSolver	94,355	78,822	78	99	0	99	50,666	26,852	26	55	0	62	29,446	9,732	203
TFS-1.0-agents11.json	2086	1983	103	49	11	27	11	0	randomSolver	92,565	74,48	74	98	0	98	60,131	64,773	64	56	0	63	484,228	21,333	445
TFS-1.0-agents12.json	2086	1983	103	50	12	27	11	0	referenceSolver	93,982	79,033	79	98	0	99	49,908	27,425	27	54	0	65	20,812	10,211	213
TFS-1.0-agents12.json	2086	1983	103	50	12	27	11	0	randomSolver	92,275	75,414	75	98	0	99	61,942	65,972	65	57	0	67	497,557	23,154	483
TFS-1.0-agents13.json	2086	1983	103	51	13	27	11	0	referenceSolver	94,344	79,378	79	99	0	99	47,435	25,422	25	52	0	59	20,037	10,307	215
TFS-1.0-agents13.json	2086	1983	103	51	13	27	11	0	randomSolver	92,761	76,958	76	99	0	98	61,746	66,346	66	56	0	68	396,494	24,784	517
TFS-1.0-agents14.json	2086	1983	103	52	14	27	11	0	referenceSolver	94,16	79,791	79	99	0	99	48,79	27,906	27	54	0	62	20,955	11,649	243
TFS-1.0-agents14.json	2086	1983	103	52	14	27	11	0	randomSolver	92,695	79,623	79	98	0	98	61,353	67,857	67	55	0	66	465,084	26,798	559
TFS-1.0-agents15.json	2086	1983	103	53	15	27	11	0	referenceSolver	94,215	81,374	81	99	0	99	49,192	30,843	30	53	0	64	34,576	13,039	272
TFS-1.0-agents15.json	2086	1983	103	53	15	27	11	0	randomSolver	92,523	79,448	79	98	0	98	62,487	68,056	68	57	0	65	714,029	28,428	593
TFS-1.0-agents16.json	2086	1983	103	54	16	27	11	0	referenceSolver	94,599	84,058	84	99	0	99	48,986	30,578	30	54	0	62	23,253	13,519	282
TFS-1.0-agents16.json	2086	1983	103	54	16	27	11	0	randomSolver	92,752	80,237	80	98	0	99	62,965	69,141	69	57	0	65	375,445	30,393	634
TFS-1.0-agents17.json	2086	1983	103	55	17	27	11	0	referenceSolver	94,753	84,286	84	99	0	99	49,712	34,47	34	55	0	60	23,788	15,34	320
TFS-1.0-agents17.json	2086	1983	103	55	17	27	11	0	randomSolver	92,558	81,036	81	98	0	99	63,667	69,73	69	58	0	65	748,175	32,215	672
TFS-1.0-agents18.json	2086	1983	103	56	18	27	11	0	referenceSolver	95,035	86,861	86	99	0	99	49,719	33,893	33	55	0	64	24,096	16,347	341
TFS-1.0-agents18.json	2086	1983	103	56	18	27	11	0	randomSolver	92,184	81,939	81	97	0	98	64,021	70,37	70	58	0	65	693,939	34,084	711
TFS-1.0-agents19.json	2086	1983	103	57	19	27	11	0	referenceSolver	94,912	86,841	86	99	0	100	50,065	36,396	36	55	0	63	44,307	18,169	379
TFS-1.0-agents19.json	2086	1983	103	57	19	27	11	0	randomSolver	92,656	81,7	81	98	0	99	62,701	70,285	70	55	0	64	959,151	35,666	744
TFS-1.0-agents2.json	2086	1983	103	40	2	27	11	0	referenceSolver	99,581	100	100	99	0	100	55,888	14,583	14	53	0	63	11,79	4,314	90
TFS-1.0-agents2.json	2086	1983	103	40	2	27	11	0	randomSolver	96,506	56,094	56	98	0	99	58,62	46,875	46	56	0	65	71,78	7,095	148
TFS-1.0-agents20.json	2086	1983	103	58	20	27	11	0	referenceSolver	94,734	87,277	87	98	0	99	49,435	36,765	36	53	0	63	28,38	18,6	388
TFS-1.0-agents20.json	2086	1983	103	58	20	27	11	0	randomSolver	92,51	83,258	83	98	0	99	65,106	71,146	71	58	0	67	541,187	37,68	786
TFS-1.0-agents21.json	2086	1983	103	59	21	27	11	0	referenceSolver	95,356	88,528	88	99	0	99	49,713	36,518	36	54	0	63	29,888	19,032	397
TFS-1.0-agents21.json	2086	1983	103	59	21	27	11	0	randomSolver	92,122	82,573	82	98	0	98	64,589	71,329	71	56	0	67	772,406	39,406	822
TFS-1.0-agents22.json	2086	1983	103	60	22	27	11	0	referenceSolver	95,125	87,984	87	99	0	99	50,697	38,737	38	56	0	62	31,917	20,566	429
TFS-1.0-agents22.json	2086	1983	103	60	22	27	11	0	randomSolver	92,124	82,358	82	98	0	99	65,13	72,348	72	57	0	66	960,838	41,563	867
TFS-1.0-agents23.json	2086	1983	103	61	23	27	11	0	referenceSolver	94,596	87,241	87	99	0	99	50,82	40,855	40	55	0	62	50,92	22,483	469
TFS-1.0-agents23.json	2086	1983	103	61	23	27	11	0	randomSolver	92,315	83,371	83	98	0	98	64,913	71,92	71	55	0	69	842,739	43,001	897
TFS-1.0-agents24.json	2086	1983	103	62	24	27	11	0	referenceSolver	95,428	89,031	89	99	0	99	50,365	41,214	41	55	0	60	38,219	22,819	476
TFS-1.0-agents24.json	2086	1983	103	62	24	27	11	0	randomSolver	92,214	82,67	82	99	0	98	64,134	72,483	72	55	0	62	1389,244	44,966	938
TFS-1.0-agents25.json	2086	1983	103	63	25	27	11	0	referenceSolver	94,678	88,163	88	99	0	98	50,006	42,052	42	53	0	60	37,365	24,401	509
TFS-1.0-agents25.json	2086	1983	103	63	25	27	11	0	randomSolver	91,878	82,852	82	98	0	99	64,764	72,5	72	56	0	63	1417,065	46,644	973
TFS-1.0-agents26.json	2086	1983	103	64	26	27	11	0	referenceSolver	95,776	90,72	90	99	0	99	49,044	40,509	40	53	0	60	59,974	25,791	538
TFS-1.0-agents26.json	2086	1983	103	64	26	27	11	0	randomSolver	92,012	83,756	83	98	0	98	65,382	72,516	72	56	0	67	996,675	48,322	1008
TFS-1.0-agents27.json	2086	1983	103	65	27	27	11	0	referenceSolver	95,222	90,047	90	99	0	99	50,543	42,238	42	54	0	62	65,006	26,894	561
TFS-1.0-agents27.json	2086	1983	103	65	27	27	11	0	randomSolver	91,198	83,075	83	98	0	98	66,851	72,994	72	59	0	66	1134,444	50,288	1049
TFS-1.0-agents28.json	2086	1983	103	66	28	27	11	0	referenceSolver	95,055	89,934	89	99	0	99	50,613	42,648	42	55	0	61	39,188	28,38	592
TFS-1.0-agents28.json	2086	1983	103	66	28	27	11	0	randomSolver	91,974	84,266	84	98	0	98	65,892	73,437	73	55	0	67	1142,443	52,253	1090
TFS-1.0-agents29.json	2086	1983	103	67	29	27	11	0	referenceSolver	95,589	90,599	90	99	0	100	50,716	43,75	43	54	0	62	40,475	29,434	614
TFS-1.0-agents29.json	2086	1983	103	67	29	27	11	0	randomSolver	91,349	83,327	83	98	0	98	66,54	73,563	73	56	0	67	1235,275	54,027	1127
TFS-1.0-agents3.json	2086	1983	103	41	3	27	11	0	referenceSolver	98,829	79,258	79	99	0	100	56,318	35,648	35	54	0	62	10,777	5,225	109
TFS-1.0-agents3.json	2086	1983	103	41	3	27	11	0	randomSolver	94,869	57,332	57	98	0	99	59,031	50	49	56	0	67	83,392	8,389	175
TFS-1.0-agents30.json	2086	1983	103	68	30	27	11	0	referenceSolver	96,044	91,834	91	99	0	100	50,876	43,186	43	54	0	64	41,478	29,914	624
TFS-1.0-agents30.json	2086	1983	103	68	30	27	11	0	randomSolver	91,35	83,146	83	98	0	99	65,849	73,472	73	55	0	66	1283,997	55,657	1161
TFS-1.0-agents31.json	2086	1983	103	69	31	27	11	0	referenceSolver	95,583	91,539	91	99	0	99	50,818	42,763	42	56	0	62	70,148	31,16	650
TFS-1.0-agents31.json	2086	1983	103	69	31	27	11	0	randomSolver	91,014	82,613	82	99	0	98	66,207	73,656	73	55	0	67	1888,903	57,478	1199
TFS-1.0-agents32.json	2086	1983	103	70	32	27	11	0	referenceSolver	95,45	91,049	91	99	0	100	50,71	43,972	43	55	0	61	47,129	32,598	680
TFS-1.0-agents32.json	2086	1983	103	70	32	27	11	0	randomSolver	91,032	83,178	83	98	0	99	66,509	73,437	73	56	0	67	1371,07	59,012	1231
TFS-1.0-agents33.json	2086	1983	103	71	33	27	11	0	referenceSolver	95,689	91,353	91	99	0	100	50,62	45,102	45	52	0	63	47,507	34,612	722
TFS-1.0-agents33.json	2086	1983	103	71	33	27	11	0	randomSolver	90,432	82,758	82	98	0	98	66,658	73,232	73	57	0	65	1041,959	60,547	1263
TFS-1.0-agents34.json	2086	1983	103	72	34	27	11	0	referenceSolver	94,529	89,674	89	99	0	99	50,356	45,069	45	52	0	62	43,892	35,331	737
TFS-1.0-agents34.json	2086	1983	103	72	34	27	11	0	randomSolver	91,023	83,424	83	98	0	99	66,02	74,02	74	54	0	65	2496,592	62,848	1311
TFS-1.0-agents35.json	2086	1983	103	73	35	27	11	0	referenceSolver	94,91	90,436	90	99	0	99	50,641	45,726	45	53	0	59	72,667	36,29	757
TFS-1.0-agents35.json	2086	1983	103	73	35	27	11	0	randomSolver	90,034	81,837	81	99	0	99	67,419	73,214	73	58	0	66	1907,064	63,902	1333
TFS-1.0-agents36.json	2086	1983	103	74	36	27	11	0	referenceSolver	94,752	90,249	90	99	0	99	51,245	45,282	45	55	0	63	47,823	36,817	768
TFS-1.0-agents36.json	2086	1983	103	74	36	27	11	0	randomSolver	90,27	82,935	82	98	0	97	67,124	73,032	73	58	0	65	2587,606	65,436	1365
TFS-1.0-agents37.json	2086	1983	103	75	37	27	11	0	referenceSolver	94,18	89,687	89	99	0	98	52,131	46,234	46	56	0	63	47,603	39,022	814
TFS-1.0-agents37.json	2086	1983	103	75	37	27	11	0	randomSolver	90,038	83,013	83	97	0	99	66,852	73,142	73	56	0	65	926,2	67,21	1402
TFS-1.0-agents38.json	2086	1983	103	76	38	27	11	0	referenceSolver	95,112	91,135	91	99	0	99	50,639	45,895	45	52	0	63	48,918	40,125	837
TFS-1.0-agents38.json	2086	1983	103	76	38	27	11	0	randomSolver	89,542	81,676	81	98	0	98	66,387	72,368	72	56	0	64	1173,887	68,217	1423
TFS-1.0-agents39.json	2086	1983	103	77	39	27	11	0	referenceSolver	94,485	89,695	89	100	0	99	51,596	46,606	46	54	0	63	83,913	41,083	857
TFS-1.0-agents39.json	2086	1983	103	77	39	27	11	0	randomSolver	89,329	81,312	81	98	0	98	65,689	71,902	71	54	0	66	1966,21	69,463	1449
TFS-1.0-agents4.json	2086	1983	103	42	4	27	11	0	referenceSolver	98,108	78,108	78	99	0	99	56,166	35,547	35	54	0	65	17,606	6,088	127
TFS-1.0-agents4.json	2086	1983	103	42	4	27	11	0	randomSolver	94,61	57,748	57	99	0	99	58,032	51,563	51	55	0	67	204,149	9,684	202
TFS-1.0-agents40.json	2086	1983	103	78	40	27	11	0	referenceSolver	94,177	89,435	89	99	0	99	51,557	47,037	47	54	0	62	54,36	42,042	877
TFS-1.0-agents40.json	2086	1983	103	78	40	27	11	0	randomSolver	88,707	80,889	80	98	0	98	66,854	71,719	71	56	0	69	1845,124	70,949	1480
TFS-1.0-agents41.json	2086	1983	103	79	41	27	11	0	referenceSolver	94,648	90,406	90	99	0	100	51,133	46,115	46	55	0	61	54,393	43,48	907
TFS-1.0-agents41.json	2086	1983	103	79	41	27	11	0	randomSolver	88,183	79,736	79	99	0	98	66,145	71,037	71	56	0	66	1397,354	71,956	1501
TFS-1.0-agents42.json	2086	1983	103	80	42	27	11	0	referenceSolver	93,429	88,84	88	98	0	99	51,556	46,935	46	54	0	64	91,136	44,583	930
TFS-1.0-agents42.json	2086	1983	103	80	42	27	11	0	randomSolver	88,079	80,3	80	97	0	99	65,998	70,437	70	58	0	64	2480,825	73,011	1523
TFS-1.0-agents43.json	2086	1983	103	81	43	27	11	0	referenceSolver	93,19	87,903	87	100	0	99	51,6	47,573	47	54	0	60	56,902	45,925	958
TFS-1.0-agents43.json	2086	1983	103	81	43	27	11	0	randomSolver	87,822	79,628	79	98	0	98	65,465	70,058	70	56	0	66	1705,18	74,257	1549
TFS-1.0-agents44.json	2086	1983	103	82	44	27	11	0	referenceSolver	93,889	89,749	89	99	0	99	51,205	46,53	46	54	0	63	57,4	46,74	975
TFS-1.0-agents44.json	2086	1983	103	82	44	27	11	0	randomSolver	86,625	77,839	77	98	0	99	65,466	69,318	69	56	0	67	1042,443	75,12	1567
TFS-1.0-agents45.json	2086	1983	103	83	45	27	11	0	referenceSolver	92,844	88,045	88	99	0	99	52,148	48,193	48	54	0	63	62,49	48,418	1010
TFS-1.0-agents45.json	2086	1983	103	83	45	27	11	0	randomSolver	86,857	77,901	77	99	0	99	64,637	68,843	68	55	0	65	1128,857	76,222	1590
TFS-1.0-agents46.json	2086	1983	103	84	46	27	11	0	referenceSolver	92,359	87,198	87	99	0	99	52,109	48,213	48	54	0	64	107,038	48,754	1017
TFS-1.0-agents46.json	2086	1983	103	84	46	27	11	0	randomSolver	85,999	77,219	77	98	0	98	64,935	68,252	68	57	0	66	4976,17	77,181	1610
TFS-1.0-agents47.json	2086	1983	103	85	47	27	11	0	referenceSolver	92,76	87,796	87	99	0	100	51,389	47,284	47	54	0	62	105,347	49,856	1040
TFS-1.0-agents47.json	2086	1983	103	85	47	27	11	0	randomSolver	85,151	76,086	76	97	0	99	63,762	67,376	67	55	0	65	1924,676	77,804	1623
TFS-1.0-agents48.json	2086	1983	103	86	48	27	11	0	referenceSolver	92,669	88,005	88	99	0	98	50,758	47,012	47	53	0	62	63,805	51,151	1067
TFS-1.0-agents48.json	2086	1983	103	86	48	27	11	0	randomSolver	85,642	76,536	76	98	0	99	63,118	66,406	66	55	0	64	1829,535	78,284	1633
TFS-1.0-agents49.json	2086	1983	103	87	49	27	11	0	referenceSolver	91,919	86,695	86	99	0	99	50,771	46,996	46	53	0	63	73,721	52,205	1089
TFS-1.0-agents49.json	2086	1983	103	87	49	27	11	0	randomSolver	84,312	75,107	75	98	0	98	63,435	65,944	65	56	0	67	1728,013	79,291	1654
TFS-1.0-agents5.json	2086	1983	103	43	5	27	11	0	referenceSolver	97,201	74,2	74	99	0	100	55,151	33,605	33	55	0	62	24,882	6,855	143
TFS-1.0-agents5.json	2086	1983	103	43	5	27	11	0	randomSolver	93,442	61,209	61	98	0	97	59,561	55,833	55	57	0	66	356,847	11,361	237
TFS-1.0-agents50.json	2086	1983	103	88	50	27	11	0	referenceSolver	91,633	86,215	86	99	0	99	51,006	47,233	47	54	0	62	112,364	53,02	1106
TFS-1.0-agents50.json	2086	1983	103	88	50	27	11	0	randomSolver	84,371	74,903	74	98	0	99	62,95	64,917	64	56	0	67	3468,509	79,626	1661
TFS-1.0-agents51.json	2086	1983	103	89	51	27	11	0	referenceSolver	91,524	86,522	86	99	0	98	50,398	46,451	46	54	0	61	114,345	53,595	1118
TFS-1.0-agents51.json	2086	1983	103	89	51	27	11	0	randomSolver	83,182	73,535	73	97	0	99	62,353	64,257	64	57	0	63	2792,797	80,345	1676
TFS-1.0-agents52.json	2086	1983	103	90	52	27	11	0	referenceSolver	91,035	85,427	85	99	0	100	50,19	46,462	46	54	0	61	72,609	54,219	1131
TFS-1.0-agents52.json	2086	1983	103	90	52	27	11	0	randomSolver	82,399	72,575	72	98	0	98	62,557	63,862	63	57	0	67	1334,833	81,352	1697
TFS-1.0-agents53.json	2086	1983	103	91	53	27	11	0	referenceSolver	91,202	85,97	85	99	0	100	49,088	45,546	45	52	0	60	70,64	55,177	1151
TFS-1.0-agents53.json	2086	1983	103	91	53	27	11	0	randomSolver	82,577	72,852	72	98	0	98	61,82	63,325	63	55	0	67	3305,528	82,167	1714
TFS-1.0-agents54.json	2086	1983	103	92	54	27	11	0	referenceSolver	89,749	83,422	83	99	0	99	49,985	46,03	46	53	0	62	117,714	55,609	1160
TFS-1.0-agents54.json	2086	1983	103	92	54	27	11	0	randomSolver	82,115	72,309	72	98	0	98	61,729	62,5	62	56	0	68	3689,349	82,598	1723
TFS-1.0-agents55.json	2086	1983	103	93	55	27	11	0	referenceSolver	89,092	82,563	82	99	0	100	50,478	46,869	46	54	0	61	74,237	57,478	1199
TFS-1.0-agents55.json	2086	1983	103	93	55	27	11	0	randomSolver	81,905	71,973	71	98	0	99	61,171	62,083	62	56	0	65	2132,102	83,509	1742
TFS-1.0-agents56.json	2086	1983	103	94	56	27	11	0	referenceSolver	88,945	82,766	82	99	0	99	49,397	44,481	44	55	0	64	73,328	56,807	1185
TFS-1.0-agents56.json	2086	1983	103	94	56	27	11	0	randomSolver	81,481	71,347	71	98	0	99	60,329	61,049	61	55	0	66	3580,538	83,605	1744
TFS-1.0-agents57.json	2086	1983	103	95	57	27	11	0	referenceSolver	88,819	82,905	82	99	0	99	50,488	45,705	45	57	0	62	80,638	58,054	1211
TFS-1.0-agents57.json	2086	1983	103	95	57	27	11	0	randomSolver	80,675	70,42	70	98	0	99	60,246	60,453	60	57	0	64	3552,379	84,228	1757
TFS-1.0-agents58.json	2086	1983	103	96	58	27	11	0	referenceSolver	88,656	82,382	82	99	0	99	48,001	43,711	43	52	0	61	123,249	58,102	1212
TFS-1.0-agents58.json	2086	1983	103	96	58	27	11	0	randomSolver	80,616	70,808	70	99	0	98	60,976	60,381	60	58	0	69	3671,609	85,523	1784
TFS-1.0-agents59.json	2086	1983	103	97	59	27	11	0	referenceSolver	87,738	81,38	81	98	0	99	48,993	44,249	44	55	0	62	127,315	59,636	1244
TFS-1.0-agents59.json	2086	1983	103	97	59	27	11	0	randomSolver	78,553	67,914	67	98	0	98	59,611	59,322	59	56	0	68	5293,636	85,475	1783
TFS-1.0-agents6.json	2086	1983	103	44	6	27	11	0	referenceSolver	96,53	74,329	74	99	0	99	52,981	32,083	32	52	0	64	13,074	7,383	154
TFS-1.0-agents6.json	2086	1983	103	44	6	27	11	0	randomSolver	93,117	63,951	63	98	0	98	60,03	57,986	57	57	0	67	263	12,943	270
TFS-1.0-agents60.json	2086	1983	103	98	60	27	11	0	referenceSolver	87,787	81,406	81	99	0	99	48,742	44,323	44	54	0	61	82,093	59,779	1247
TFS-1.0-agents60.json	2086	1983	103	98	60	27	11	0	randomSolver	79,747	69,401	69	98	0	98	58,911	59,097	59	54	0	67	2339,565	86,529	1805
TFS-1.0-agents61.json	2086	1983	103	99	61	27	11	0	referenceSolver	87,487	80,929	80	99	0	99	48,112	43,188	43	54	0	63	80,147	59,348	1238
TFS-1.0-agents61.json	2086	1983	103	99	61	27	11	0	randomSolver	79,647	69,382	69	99	0	99	58,685	58,197	58	56	0	65	3472,483	86,625	1807
TFS-1.0-agents62.json	2086	1983	103	100	62	27	11	0	referenceSolver	86,6	79,641	79	99	0	100	47,603	43,274	43	53	0	60	136,437	60,738	1267
TFS-1.0-agents62.json	2086	1983	103	100	62	27	11	0	randomSolver	78,716	68,501	68	97	0	99	58,482	58,031	58	56	0	66	3419,485	87,728	1830
TFS-1.0-agents63.json	2086	1983	103	101	63	27	11	0	referenceSolver	86,43	79,422	79	99	0	99	47,566	42,807	42	54	0	61	86,588	60,882	1270
TFS-1.0-agents63.json	2086	1983	103	101	63	27	11	0	randomSolver	79,547	69,344	69	99	0	98	57,697	57,374	57	54	0	66	2596,757	88,111	1838
TFS-1.0-agents64.json	2086	1983	103	102	64	27	11	0	referenceSolver	86,422	79,95	79	99	0	99	48,191	43,074	43	55	0	65	94,184	62,272	1299
TFS-1.0-agents64.json	2086	1983	103	102	64	27	11	0	randomSolver	78,124	67,838	67	98	0	99	57,571	56,803	56	55	0	67	2202,895	88,591	1848
TFS-1.0-agents65.json	2086	1983	103	103	65	27	11	0	referenceSolver	85,203	78,029	78	99	0	98	46,39	41,761	41	52	0	62	104,884	61,505	1283
TFS-1.0-agents65.json	2086	1983	103	103	65	27	11	0	randomSolver	77,811	67,468	67	98	0	98	57,217	56,41	56	55	0	65	2267,166	89,31	1863
TFS-1.0-agents66.json	2086	1983	103	104	66	27	11	0	referenceSolver	85,652	78,999	78	99	0	99	46,737	41,512	41	55	0	62	159,792	62,8	1310
TFS-1.0-agents66.json	2086	1983	103	104	66	27	11	0	randomSolver	77,172	66,486	66	99	0	98	56,803	55,682	55	56	0	63	3378,218	89,501	1867
TFS-1.0-agents68.json	2086	1983	103	106	68	27	11	0	referenceSolver	85,294	78,471	78	99	0	99	45,538	40,919	40	51	0	63	93,257	63,71	1329
TFS-1.0-agents68.json	2086	1983	103	106	68	27	11	0	randomSolver	77,223	66,781	66	98	0	99	56,111	54,81	54	55	0	66	1727,206	90,7	1892
TFS-1.0-agents69.json	2086	1983	103	107	69	27	11	0	referenceSolver	84,919	77,732	77	99	0	99	45,613	40,571	40	53	0	62	110,624	63,663	1328
TFS-1.0-agents69.json	2086	1983	103	107	69	27	11	0	randomSolver	76,999	66,253	66	99	0	98	55,272	54,167	54	53	0	67	2239,386	90,94	1897
TFS-1.0-agents7.json	2086	1983	103	45	7	27	11	0	referenceSolver	95,214	71,558	71	99	0	99	53,328	31,926	31	54	0	63	14,575	8,054	168
TFS-1.0-agents7.json	2086	1983	103	45	7	27	11	0	randomSolver	93,351	68,145	68	98	0	98	60,148	58,929	58	57	0	66	171,664	14,43	301
TFS-1.0-agents70.json	2086	1983	103	108	70	27	11	0	referenceSolver	84,933	78,055	78	99	0	99	46,303	41,786	41	53	0	62	175,642	66,443	1386
TFS-1.0-agents70.json	2086	1983	103	108	70	27	11	0	randomSolver	75,66	65,162	65	98	0	99	56,037	54,167	54	57	0	65	5015,386	92,186	1923
TFS-1.0-agents8.json	2086	1983	103	46	8	27	11	0	referenceSolver	95,112	74,258	74	99	0	100	50,681	29,83	29	52	0	60	33,032	8,437	176
TFS-1.0-agents8.json	2086	1983	103	46	8	27	11	0	randomSolver	92,661	68,203	68	98	0	99	59,824	60,677	60	56	0	67	438,278	16,107	336
TFS-1.0-agents9.json	2086	1983	103	47	9	27	11	0	referenceSolver	95,018	76,043	76	99	0	99	51,253	29,453	29	54	0	60	25,379	9,06	189
TFS-1.0-agents9.json	2086	1983	103	47	9	27	11	0	randomSolver	92,425	70,842	70	98	0	98	60,715	62,731	62	57	0	66	824,55	17,929	374
MAD-0.7-agents496.json	5733	5542	191	588	521	54	19	19	referenceSolver	83,752	81,909	82,000	92,000	98,000	99,000	32,142	26,396	27,000	63,000	76,000	75,000	20135,639	90,424	5184
MAD-0.7-agents496.json	5733	5542	191	588	521	54	19	19	randomSolver	79,922	77,121	77,000	91,000	99,000	98,000	30,320	24,976	26,000	55,000	66,000	67,000	82279,421	100,000	5733
MAD-0.2-agents297.json	1775	1584	191	389	322	54	19	19	referenceSolver	91,625	89,659	90,000	96,000	97,000	96,000	33,456	19,592	23,000	68,000	77,000	78,000	2278,378	92,394	1640
MAD-0.2-agents297.json	1775	1584	191	389	322	54	19	19	randomSolver	91,759	88,723	89,000	97,000	99,000	100,000	31,661	18,590	22,000	56,000	66,000	65,000	14847,010	100,000	1775
MAD-0.5-agents223.json	4150	3959	191	315	248	54	19	19	referenceSolver	83,626	79,760	80,000	90,000	97,000	100,000	40,181	30,262	31,000	65,000	77,000	76,000	3356,176	70,602	2930
MAD-0.5-agents223.json	4150	3959	191	315	248	54	19	19	randomSolver	73,679	66,559	67,000	88,000	98,000	99,000	41,697	34,547	36,000	56,000	67,000	66,000	34583,322	99,952	4148
MAD-0.5-agents389.json	4150	3959	191	481	414	54	19	19	referenceSolver	84,990	82,623	83,000	94,000	97,000	100,000	33,171	25,621	27,000	68,000	77,000	74,000	6638,284	90,386	3751
MAD-0.5-agents389.json	4150	3959	191	481	414	54	19	19	randomSolver	82,773	79,612	80,000	92,000	100,000	98,000	30,245	23,301	24,000	55,000	65,000	67,000	53213,877	100,000	4150
MAD-0.9-agents360.json	7316	7125	191	452	385	54	19	19	referenceSolver	81,508	78,709	79,000	92,000	98,000	100,000	37,052	30,313	31,000	65,000	76,000	76,000	15294,985	62,534	4575
MAD-0.9-agents360.json	7316	7125	191	452	385	54	19	19	randomSolver	71,675	66,787	67,000	87,000	99,000	98,000	43,253	39,007	39,000	57,000	66,000	67,000	138586,699	98,879	7234
MAD-0.15-agents63.json	1379	1188	191	155	88	54	19	19	referenceSolver	88,325	80,929	82,000	93,000	97,000	96,000	49,550	28,227	32,000	62,000	77,000	78,000	141,617	75,344	1039
MAD-0.15-agents63.json	1379	1188	191	155	88	54	19	19	randomSolver	83,621	70,390	73,000	89,000	99,000	99,000	48,546	32,393	37,000	57,000	66,000	66,000	3114,844	99,710	1375
MAD-0.3-agents238.json	2567	2376	191	330	263	54	19	19	referenceSolver	85,939	82,451	83,000	94,000	98,000	99,000	35,664	24,521	27,000	65,000	76,000	75,000	1667,427	91,352	2345
MAD-0.3-agents238.json	2567	2376	191	330	263	54	19	19	randomSolver	84,539	79,824	80,000	94,000	98,000	100,000	33,365	23,010	25,000	55,000	67,000	65,000	15149,935	100,000	2567
MAD-0.1-agents177.json	984	793	191	269	202	54	19	19	referenceSolver	94,005	91,451	92,000	97,000	96,000	100,000	39,967	18,538	24,000	68,000	78,000	74,000	271,817	91,565	901
MAD-0.1-agents177.json	984	793	191	269	202	54	19	19	randomSolver	94,286	91,045	92,000	96,000	100,000	98,000	38,067	17,644	24,000	57,000	65,000	67,000	6653,671	100,000	984
MAD-0.8-agents265.json	6525	6334	191	357	290	54	19	19	referenceSolver	81,796	77,995	78,000	91,000	100,000	100,000	38,698	30,367	31,000	63,000	76,000	76,000	7690,422	54,023	3525
MAD-0.8-agents265.json	6525	6334	191	357	290	54	19	19	randomSolver	72,707	66,331	67,000	87,000	99,000	100,000	48,208	43,687	44,000	59,000	66,000	65,000	39037,639	93,609	6108
MAD-0.6-agents439.json	4942	4751	191	531	464	54	19	19	referenceSolver	83,727	81,598	82,000	92,000	97,000	100,000	32,575	26,099	27,000	67,000	77,000	76,000	10557,474	91,380	4516
MAD-0.6-agents439.json	4942	4751	191	531	464	54	19	19	randomSolver	80,767	77,658	78,000	91,000	100,000	98,000	30,553	24,519	25,000	56,000	65,000	67,000	52374,196	100,000	4942
MAD-0.4-agents326.json	3358	3167	191	418	351	54	19	19	referenceSolver	83,920	81,059	81,000	92,000	97,000	96,000	34,747	25,438	27,000	69,000	77,000	78,000	4387,843	89,428	3003
MAD-0.4-agents326.json	3358	3167	191	418	351	54	19	19	randomSolver	84,183	80,613	81,000	95,000	99,000	99,000	31,000	22,738	24,000	55,000	66,000	66,000	36903,553	100,000	3358
MAD-0.3-agents392.json	2567	2376	191	484	417	54	19	19	referenceSolver	90,009	88,143	88,000	96,000	100,000	97,000	30,921	20,661	22,000	68,000	76,000	77,000	3514,775	93,416	2398
MAD-0.3-agents392.json	2567	2376	191	484	417	54	19	19	randomSolver	90,141	87,792	88,000	96,000	98,000	97,000	28,995	19,183	21,000	56,000	67,000	68,000	42282,580	100,000	2567
MAD-0.8-agents320.json	6525	6334	191	412	345	54	19	19	referenceSolver	82,828	79,969	80,000	92,000	98,000	100,000	37,312	30,048	30,000	66,000	76,000	76,000	9910,312	63,709	4157
MAD-0.8-agents320.json	6525	6334	191	412	345	54	19	19	randomSolver	72,960	67,508	68,000	89,000	99,000	100,000	43,647	39,062	39,000	57,000	66,000	65,000	66759,601	99,264	6477
MAD-0.05-agents23.json	588	397	191	115	48	54	19	19	referenceSolver	93,027	82,445	86,000	93,000	98,000	100,000	58,830	25,242	36,000	64,000	76,000	76,000	20,808	80,952	476
MAD-0.05-agents23.json	588	397	191	115	48	54	19	19	randomSolver	90,571	72,552	79,000	92,000	98,000	100,000	53,524	26,873	37,000	56,000	67,000	65,000	581,581	100,000	588
MAD-0.8-agents71.json	6525	6334	191	163	96	54	19	19	referenceSolver	87,591	79,538	80,000	92,000	98,000	100,000	60,170	44,711	45,000	71,000	76,000	76,000	3015,914	23,939	1562
MAD-0.8-agents71.json	6525	6334	191	163	96	54	19	19	randomSolver	83,309	73,225	73,000	84,000	100,000	98,000	67,401	64,700	65,000	68,000	65,000	67,000	10384,882	47,264	3084
MAD-0.4-agents263.json	3358	3167	191	355	288	54	19	19	referenceSolver	84,042	80,666	81,000	93,000	97,000	100,000	36,279	26,707	28,000	64,000	77,000	76,000	2890,595	86,867	2917
MAD-0.4-agents263.json	3358	3167	191	355	288	54	19	19	randomSolver	80,554	75,525	76,000	92,000	100,000	98,000	34,370	25,882	28,000	55,000	65,000	67,000	51042,467	100,000	3358
MAD-0.1-agents198.json	984	793	191	290	223	54	19	19	referenceSolver	94,342	92,455	93,000	95,000	99,000	97,000	39,716	18,335	27,000	70,000	75,000	77,000	305,955	92,276	908
MAD-0.1-agents198.json	984	793	191	290	223	54	19	19	randomSolver	94,859	92,043	93,000	96,000	98,000	99,000	37,674	17,396	24,000	58,000	67,000	66,000	4682,050	100,000	984
MAD-0.1-agents462.json	984	793	191	554	487	54	19	19	referenceSolver	97,836	97,955	97,000	97,000	98,000	98,000	35,228	15,463	22,000	73,000	76,000	76,000	809,581	94,309	928
MAD-0.1-agents462.json	984	793	191	554	487	54	19	19	randomSolver	98,293	97,651	97,000	98,000	100,000	99,000	34,910	15,317	22,000	60,000	65,000	66,000	8724,111	100,000	984
MAD-0.45-agents7.json	3754	3563	191	99	32	54	19	19	referenceSolver	97,963	88,300	90,000	97,000	100,000	100,000	74,304	50,613	52,000	74,000	76,000	76,000	611,296	9,696	364
MAD-0.45-agents7.json	3754	3563	191	99	32	54	19	19	randomSolver	89,945	72,933	73,000	86,000	98,000	99,000	69,678	64,417	65,000	71,000	67,000	66,000	2260,101	30,581	1148
MAD-0.5-agents366.json	4150	3959	191	458	391	54	19	19	referenceSolver	83,995	81,384	81,000	93,000	98,000	100,000	33,770	26,106	27,000	66,000	76,000	76,000	6640,243	89,542	3716
MAD-0.5-agents366.json	4150	3959	191	458	391	54	19	19	randomSolver	81,184	77,614	78,000	92,000	100,000	98,000	31,539	24,499	26,000	56,000	65,000	67,000	39380,500	100,000	4150
MAD-1.0-agents280.json	8108	7917	191	372	305	54	19	19	referenceSolver	80,679	77,130	77,000	89,000	100,000	100,000	40,664	33,039	34,000	66,000	76,000	76,000	12648,318	50,555	4099
MAD-1.0-agents280.json	8108	7917	191	372	305	54	19	19	randomSolver	72,223	66,160	66,000	87,000	100,000	100,000	50,621	46,853	47,000	60,000	65,000	65,000	96429,601	85,200	6908
MAD-0.9-agents225.json	7316	7125	191	317	250	54	19	19	referenceSolver	83,056	79,178	79,000	91,000	98,000	97,000	44,723	35,754	36,000	68,000	76,000	77,000	9945,103	46,679	3415
MAD-0.9-agents225.json	7316	7125	191	317	250	54	19	19	randomSolver	72,508	65,635	66,000	85,000	99,000	99,000	52,409	47,998	48,000	62,000	66,000	66,000	36032,992	79,647	5827
MAD-0.7-agents479.json	5733	5542	191	571	504	54	19	19	referenceSolver	83,337	81,387	81,000	93,000	98,000	100,000	32,452	26,664	27,000	65,000	76,000	76,000	13934,698	90,319	5178
MAD-0.7-agents479.json	5733	5542	191	571	504	54	19	19	randomSolver	79,109	76,060	76,000	92,000	99,000	99,000	30,875	25,530	26,000	56,000	66,000	66,000	114684,107	100,000	5733
MAD-0.7-agents183.json	5733	5542	191	275	208	54	19	19	referenceSolver	81,251	76,319	76,000	89,000	100,000	99,000	44,483	34,582	34,000	64,000	76,000	75,000	4301,046	52,172	2991
MAD-0.7-agents183.json	5733	5542	191	275	208	54	19	19	randomSolver	73,974	65,682	66,000	84,000	100,000	99,000	52,511	47,372	48,000	60,000	65,000	66,000	39112,569	82,958	4756
MAD-0.2-agents278.json	1775	1584	191	370	303	54	19	19	referenceSolver	91,594	89,059	89,000	96,000	99,000	100,000	33,343	19,612	23,000	69,000	75,000	74,000	1315,306	92,056	1634
MAD-0.2-agents278.json	1775	1584	191	370	303	54	19	19	randomSolver	91,493	88,426	89,000	94,000	99,000	98,000	32,479	19,208	22,000	57,000	66,000	67,000	11234,178	100,000	1775
MAD-0.1-agents16.json	984	793	191	108	41	54	19	19	referenceSolver	90,661	75,559	79,000	91,000	99,000	97,000	64,364	34,089	41,000	68,000	75,000	77,000	45,085	54,675	538
MAD-0.1-agents16.json	984	793	191	108	41	54	19	19	randomSolver	86,831	62,774	68,000	85,000	100,000	99,000	59,639	43,472	47,000	59,000	65,000	66,000	1119,674	88,923	875
MAD-0.6-agents205.json	4942	4751	191	297	230	54	19	19	referenceSolver	81,956	77,354	78,000	90,000	99,000	100,000	43,200	33,368	34,000	68,000	75,000	76,000	4341,114	61,170	3023
MAD-0.6-agents205.json	4942	4751	191	297	230	54	19	19	randomSolver	73,093	65,311	66,000	88,000	99,000	98,000	48,231	42,470	43,000	58,000	66,000	67,000	60074,246	95,710	4730
MAD-0.8-agents459.json	6525	6334	191	551	484	54	19	19	referenceSolver	82,572	80,536	81,000	92,000	99,000	97,000	34,047	28,411	29,000	67,000	75,000	77,000	15200,889	83,356	5439
MAD-0.8-agents459.json	6525	6334	191	551	484	54	19	19	randomSolver	75,696	72,188	72,000	91,000	98,000	100,000	33,589	28,741	29,000	56,000	67,000	65,000	75847,859	100,000	6525
MAD-0.05-agents376.json	588	397	191	468	401	54	19	19	referenceSolver	98,382	98,885	98,000	97,000	97,000	97,000	44,469	15,031	28,000	73,000	77,000	77,000	247,124	90,986	535
MAD-0.05-agents376.json	588	397	191	468	401	54	19	19	randomSolver	98,453	97,841	98,000	98,000	99,000	98,000	43,332	15,367	26,000	61,000	66,000	67,000	3367,842	100,000	588
MAD-0.3-agents404.json	2567	2376	191	496	429	54	19	19	referenceSolver	89,553	87,440	87,000	95,000	100,000	97,000	30,684	20,476	22,000	69,000	74,000	77,000	3807,288	93,377	2397
MAD-0.3-agents404.json	2567	2376	191	496	429	54	19	19	randomSolver	90,391	87,949	88,000	96,000	100,000	100,000	28,907	19,110	21,000	57,000	65,000	65,000	64564,774	100,000	2567
MAD-0.25-agents45.json	2171	1980	191	137	70	54	19	19	referenceSolver	87,412	76,444	79,000	91,000	99,000	96,000	58,709	37,008	43,000	70,000	75,000	78,000	264,005	45,279	983
MAD-0.25-agents45.json	2171	1980	191	137	70	54	19	19	randomSolver	81,772	64,495	67,000	86,000	98,000	98,000	58,744	48,523	50,000	61,000	67,000	67,000	5940,553	76,462	1660
MAD-0.15-agents127.json	1379	1188	191	219	152	54	19	19	referenceSolver	88,472	82,905	84,000	95,000	100,000	99,000	42,388	23,807	29,000	68,000	76,000	75,000	391,353	88,687	1223
MAD-0.15-agents127.json	1379	1188	191	219	152	54	19	19	randomSolver	88,427	81,994	83,000	92,000	100,000	98,000	38,371	21,802	26,000	56,000	65,000	67,000	5754,395	100,000	1379
MAD-0.45-agents132.json	3754	3563	191	224	157	54	19	19	referenceSolver	82,781	76,278	77,000	92,000	100,000	99,000	47,812	35,626	38,000	69,000	76,000	75,000	1484,398	60,229	2261
MAD-0.45-agents132.json	3754	3563	191	224	157	54	19	19	randomSolver	75,993	65,644	67,000	87,000	98,000	100,000	51,417	44,273	45,000	58,000	67,000	65,000	21764,113	89,611	3364
MAD-0.35-agents426.json	2963	2772	191	518	451	54	19	19	referenceSolver	88,550	86,582	87,000	95,000	98,000	97,000	30,853	21,576	23,000	68,000	76,000	77,000	7540,014	92,575	2743
MAD-0.35-agents426.json	2963	2772	191	518	451	54	19	19	randomSolver	89,554	87,318	87,000	96,000	99,000	98,000	28,253	19,510	21,000	55,000	66,000	67,000	52400,435	100,000	2963
MAD-0.2-agents151.json	1775	1584	191	243	176	54	19	19	referenceSolver	87,178	82,280	83,000	97,000	100,000	98,000	39,835	24,497	29,000	68,000	76,000	76,000	703,704	89,127	1582
MAD-0.2-agents151.json	1775	1584	191	243	176	54	19	19	randomSolver	85,220	78,537	80,000	91,000	100,000	99,000	37,222	23,346	27,000	56,000	65,000	66,000	6425,646	100,000	1775
MAD-0.25-agents227.json	2171	1980	191	319	252	54	19	19	referenceSolver	86,711	83,053	83,000	93,000	97,000	98,000	37,389	24,496	26,000	64,000	77,000	76,000	1510,329	91,340	1983
MAD-0.25-agents227.json	2171	1980	191	319	252	54	19	19	randomSolver	87,067	82,754	83,000	94,000	98,000	97,000	33,290	21,620	24,000	55,000	67,000	68,000	15025,479	100,000	2171
MAD-1.0-agents453.json	8108	7917	191	545	478	54	19	19	referenceSolver	82,209	80,056	80,000	92,000	100,000	98,000	34,591	28,994	29,000	66,000	76,000	76,000	22675,142	67,834	5500
MAD-1.0-agents453.json	8108	7917	191	545	478	54	19	19	randomSolver	72,217	68,259	68,000	89,000	98,000	100,000	39,221	35,286	36,000	56,000	67,000	65,000	132832,912	100,000	8108
MAD-0.7-agents300.json	5733	5542	191	392	325	54	19	19	referenceSolver	81,917	78,843	79,000	91,000	96,000	100,000	37,667	29,989	31,000	65,000	78,000	76,000	7349,083	68,725	3940
MAD-0.7-agents300.json	5733	5542	191	392	325	54	19	19	randomSolver	72,655	66,951	67,000	89,000	99,000	99,000	41,959	36,636	37,000	57,000	66,000	66,000	80702,541	99,808	5722
MAD-0.25-agents362.json	2171	1980	191	454	387	54	19	19	referenceSolver	90,351	88,038	88,000	97,000	100,000	98,000	32,073	20,383	23,000	68,000	76,000	76,000	2585,299	93,551	2031
MAD-0.25-agents362.json	2171	1980	191	454	387	54	19	19	randomSolver	90,434	87,809	88,000	95,000	99,000	98,000	30,271	18,975	22,000	57,000	66,000	67,000	24862,274	100,000	2171
MAD-1.0-agents146.json	8108	7917	191	238	171	54	19	19	referenceSolver	81,787	75,909	76,000	88,000	98,000	98,000	50,031	38,815	39,000	68,000	76,000	76,000	7237,623	32,227	2613
MAD-1.0-agents146.json	8108	7917	191	238	171	54	19	19	randomSolver	76,262	67,680	68,000	84,000	99,000	99,000	60,647	56,982	57,000	65,000	66,000	66,000	44818,345	58,991	4783
MAD-0.2-agents444.json	1775	1584	191	536	469	54	19	19	referenceSolver	94,336	93,130	93,000	97,000	98,000	99,000	30,588	17,714	20,000	71,000	76,000	75,000	2287,754	94,028	1669
MAD-0.2-agents444.json	1775	1584	191	536	469	54	19	19	randomSolver	94,404	92,672	93,000	97,000	99,000	98,000	29,899	17,128	21,000	58,000	66,000	67,000	21831,324	100,000	1775
MAD-0.45-agents427.json	3754	3563	191	519	452	54	19	19	referenceSolver	84,863	82,441	83,000	95,000	98,000	97,000	32,593	24,548	27,000	71,000	76,000	77,000	8062,767	91,343	3429
MAD-0.45-agents427.json	3754	3563	191	519	452	54	19	19	randomSolver	85,642	83,001	83,000	94,000	100,000	98,000	28,475	21,133	22,000	55,000	65,000	67,000	54389,332	100,000	3754
MAD-0.7-agents245.json	5733	5542	191	337	270	54	19	19	referenceSolver	80,285	76,311	77,000	89,000	99,000	96,000	40,503	31,801	33,000	67,000	75,000	78,000	5607,281	60,579	3473
MAD-0.7-agents245.json	5733	5542	191	337	270	54	19	19	randomSolver	72,691	65,861	66,000	87,000	98,000	100,000	47,409	42,330	43,000	58,000	67,000	65,000	101849,220	95,761	5490
MAD-0.9-agents419.json	7316	7125	191	511	444	54	19	19	referenceSolver	82,589	80,357	80,000	93,000	98,000	97,000	35,694	29,714	31,000	67,000	76,000	77,000	17952,644	70,530	5160
MAD-0.9-agents419.json	7316	7125	191	511	444	54	19	19	randomSolver	71,524	67,118	67,000	89,000	100,000	100,000	38,758	34,363	35,000	56,000	65,000	65,000	165505,635	100,000	7316
MAD-0.4-agents58.json	3358	3167	191	150	83	54	19	19	referenceSolver	86,738	76,118	77,000	92,000	96,000	100,000	59,758	40,860	43,000	71,000	78,000	76,000	848,578	35,200	1182
MAD-0.4-agents58.json	3358	3167	191	150	83	54	19	19	randomSolver	81,085	66,557	68,000	86,000	99,000	98,000	60,354	52,556	54,000	64,000	66,000	67,000	12349,641	63,699	2139
MAD-0.35-agents133.json	2963	2772	191	225	158	54	19	19	referenceSolver	83,242	77,436	78,000	88,000	100,000	96,000	44,941	31,478	32,000	65,000	74,000	78,000	1007,076	68,883	2041
MAD-0.35-agents133.json	2963	2772	191	225	158	54	19	19	randomSolver	75,015	64,599	66,000	86,000	98,000	99,000	47,216	38,032	39,000	57,000	67,000	66,000	15461,543	98,650	2923
MAD-0.05-agents233.json	588	397	191	325	258	54	19	19	referenceSolver	98,295	98,189	98,000	98,000	98,000	98,000	45,044	15,334	24,000	74,000	76,000	76,000	146,923	90,816	534
MAD-0.05-agents233.json	588	397	191	325	258	54	19	19	randomSolver	97,975	96,881	97,000	98,000	98,000	99,000	43,681	15,563	27,000	60,000	67,000	66,000	2411,739	100,000	588
MAD-0.15-agents432.json	1379	1188	191	524	457	54	19	19	referenceSolver	96,535	95,770	95,000	97,000	100,000	98,000	31,751	16,405	19,000	72,000	74,000	76,000	1412,168	94,489	1303
MAD-0.15-agents432.json	1379	1188	191	524	457	54	19	19	randomSolver	96,490	95,510	95,000	98,000	98,000	97,000	31,573	16,183	21,000	58,000	67,000	68,000	19095,978	100,000	1379
MAD-0.6-agents340.json	4942	4751	191	432	365	54	19	19	referenceSolver	82,744	80,033	80,000	93,000	99,000	97,000	35,611	28,277	30,000	67,000	75,000	77,000	7077,265	81,849	4045
MAD-0.6-agents340.json	4942	4751	191	432	365	54	19	19	randomSolver	76,735	72,127	73,000	91,000	98,000	99,000	35,023	28,884	30,000	55,000	67,000	66,000	66126,520	100,000	4942
MAD-0.3-agents111.json	2567	2376	191	203	136	54	19	19	referenceSolver	83,978	76,972	78,000	91,000	96,000	100,000	46,789	31,259	33,000	66,000	78,000	76,000	687,431	64,823	1664
MAD-0.3-agents111.json	2567	2376	191	203	136	54	19	19	randomSolver	77,409	66,009	67,000	87,000	99,000	98,000	48,501	38,624	41,000	57,000	66,000	67,000	12616,536	99,143	2545
TFS-0.2-instance0.json	500	397	103	52	12	28	12	0	referenceSolver	93,439	78,443	78,000	99,000	0,000	99,000	51,866	43,574	43,000	51,000	0,000	62,000	5,435	67,000	335
TFS-0.2-instance0.json	500	397	103	52	12	28	12	0	randomSolver	91,060	69,977	69,000	98,000	0,000	98,000	57,298	54,514	54,000	54,000	0,000	66,000	206,184	83,400	417
MAD-0.05-agents399.json	588	397	191	491	424	54	19	19	referenceSolver	98,587	99,333	99,000	97,000	98,000	97,000	44,218	14,915	25,000	73,000	76,000	77,000	280,041	90,816	534
MAD-0.05-agents399.json	588	397	191	491	424	54	19	19	randomSolver	98,416	97,889	98,000	98,000	100,000	98,000	43,283	15,294	28,000	62,000	65,000	67,000	3294,270	100,000	588
MAD-0.7-agents75.json	5733	5542	191	167	100	54	19	19	referenceSolver	87,066	78,970	80,000	92,000	97,000	98,000	58,494	43,248	46,000	70,000	77,000	76,000	2299,073	27,089	1553
MAD-0.7-agents75.json	5733	5542	191	167	100	54	19	19	randomSolver	81,562	69,717	70,000	86,000	100,000	98,000	65,549	62,726	63,000	67,000	65,000	67,000	9747,604	53,166	3048
MAD-0.4-agents371.json	3358	3167	191	463	396	54	19	19	referenceSolver	85,280	82,474	83,000	95,000	100,000	97,000	33,747	24,695	26,000	68,000	76,000	77,000	5679,954	89,666	3011
MAD-0.4-agents371.json	3358	3167	191	463	396	54	19	19	randomSolver	84,988	81,744	82,000	94,000	100,000	99,000	29,741	21,630	23,000	55,000	65,000	66,000	32304,120	100,000	3358
MAD-0.8-agents398.json	6525	6334	191	490	423	54	19	19	referenceSolver	83,464	81,233	81,000	93,000	100,000	97,000	34,952	28,679	29,000	65,000	76,000	77,000	13106,450	74,207	4842
MAD-0.8-agents398.json	6525	6334	191	490	423	54	19	19	randomSolver	73,034	68,766	69,000	89,000	99,000	98,000	37,178	32,270	33,000	56,000	66,000	67,000	123196,194	100,000	6525
MAD-0.8-agents232.json	6525	6334	191	324	257	54	19	19	referenceSolver	81,955	78,003	78,000	90,000	98,000	99,000	41,265	32,263	33,000	67,000	76,000	75,000	6875,965	51,065	3332
MAD-0.8-agents232.json	6525	6334	191	324	257	54	19	19	randomSolver	72,831	65,985	66,000	87,000	99,000	98,000	50,514	45,829	46,000	60,000	66,000	67,000	93245,627	87,111	5684
MAD-0.6-agents56.json	4942	4751	191	148	81	54	19	19	referenceSolver	92,426	85,133	85,000	94,000	99,000	98,000	65,590	47,930	49,000	75,000	75,000	76,000	2066,167	22,622	1118
MAD-0.6-agents56.json	4942	4751	191	148	81	54	19	19	randomSolver	82,167	69,216	69,000	85,000	98,000	99,000	65,490	60,854	61,000	68,000	67,000	66,000	10149,185	50,344	2488
MAD-0.1-agents120.json	984	793	191	212	145	54	19	19	referenceSolver	91,812	87,383	88,000	96,000	97,000	98,000	43,745	21,163	28,000	70,000	77,000	76,000	177,780	90,041	886
MAD-0.1-agents120.json	984	793	191	212	145	54	19	19	randomSolver	91,933	86,646	88,000	96,000	99,000	98,000	40,016	19,236	26,000	56,000	66,000	67,000	4081,779	100,000	984
MAD-0.6-agents194.json	4942	4751	191	286	219	54	19	19	referenceSolver	82,808	78,294	79,000	89,000	98,000	97,000	43,998	33,659	35,000	66,000	76,000	77,000	4042,928	57,527	2843
MAD-0.6-agents194.json	4942	4751	191	286	219	54	19	19	randomSolver	74,147	66,360	67,000	86,000	100,000	99,000	49,252	43,516	44,000	59,000	65,000	66,000	21258,434	93,667	4629
MAD-0.15-agents34.json	1379	1188	191	126	59	54	19	19	referenceSolver	87,565	75,231	77,000	89,000	99,000	97,000	57,800	31,906	35,000	66,000	75,000	77,000	97,813	56,055	773
MAD-0.15-agents34.json	1379	1188	191	126	59	54	19	19	randomSolver	84,909	65,689	70,000	87,000	100,000	99,000	57,063	43,943	49,000	59,000	65,000	66,000	3741,056	90,065	1242
MAD-0.9-agents337.json	7316	7125	191	429	362	54	19	19	referenceSolver	81,988	79,215	79,000	90,000	97,000	100,000	38,111	31,064	31,000	64,000	77,000	76,000	14204,987	60,457	4423
MAD-0.9-agents337.json	7316	7125	191	429	362	54	19	19	randomSolver	71,769	66,550	67,000	88,000	99,000	99,000	45,212	41,073	41,000	59,000	66,000	66,000	80363,428	97,758	7152
MAD-0.45-agents309.json	3754	3563	191	401	334	54	19	19	referenceSolver	82,865	79,776	80,000	91,000	99,000	97,000	35,560	27,005	29,000	68,000	75,000	77,000	4489,322	89,212	3349
MAD-0.45-agents309.json	3754	3563	191	401	334	54	19	19	randomSolver	81,277	77,106	77,000	92,000	99,000	99,000	32,983	25,270	27,000	56,000	66,000	66,000	56308,659	100,000	3754
MAD-1.0-agents238.json	8108	7917	191	330	263	54	19	19	referenceSolver	82,146	78,331	78,000	91,000	100,000	98,000	43,717	35,335	36,000	68,000	76,000	76,000	11002,190	45,733	3708
MAD-1.0-agents238.json	8108	7917	191	330	263	54	19	19	randomSolver	72,223	65,497	66,000	84,000	99,000	99,000	53,201	49,149	49,000	62,000	66,000	66,000	38840,040	77,232	6262
MAD-0.5-agents274.json	4150	3959	191	366	299	54	19	19	referenceSolver	83,647	80,455	80,000	89,000	100,000	99,000	36,633	27,766	29,000	63,000	76,000	75,000	4031,641	78,386	3253
MAD-0.5-agents274.json	4150	3959	191	366	299	54	19	19	randomSolver	76,679	71,292	72,000	90,000	98,000	100,000	36,758	29,476	31,000	56,000	67,000	65,000	61259,435	100,000	4150
MAD-1.0-agents392.json	8108	7917	191	484	417	54	19	19	referenceSolver	81,822	79,332	79,000	91,000	99,000	98,000	36,444	30,304	31,000	67,000	75,000	76,000	18551,073	62,383	5058
MAD-1.0-agents392.json	8108	7917	191	484	417	54	19	19	randomSolver	71,508	66,835	67,000	89,000	99,000	98,000	43,630	39,822	40,000	57,000	66,000	67,000	124583,492	98,471	7984
MAD-0.25-agents159.json	2171	1980	191	251	184	54	19	19	referenceSolver	85,382	80,173	81,000	94,000	100,000	100,000	41,259	27,865	31,000	66,000	76,000	76,000	802,341	90,005	1954
MAD-0.25-agents159.json	2171	1980	191	251	184	54	19	19	randomSolver	82,978	76,067	77,000	92,000	100,000	98,000	37,825	25,793	29,000	56,000	65,000	67,000	9608,189	100,000	2171
MAD-0.5-agents94.json	4150	3959	191	186	119	54	19	19	referenceSolver	85,758	78,587	79,000	89,000	97,000	100,000	51,384	34,840	36,000	65,000	77,000	76,000	1589,771	37,470	1555
MAD-0.5-agents94.json	4150	3959	191	186	119	54	19	19	randomSolver	77,461	65,393	66,000	83,000	100,000	98,000	57,699	51,129	52,000	62,000	65,000	67,000	15897,235	72,145	2994
MAD-0.9-agents272.json	7316	7125	191	364	297	54	19	19	referenceSolver	81,297	77,628	78,000	91,000	98,000	98,000	40,967	32,969	33,000	65,000	76,000	76,000	11874,283	52,132	3814
MAD-0.9-agents272.json	7316	7125	191	364	297	54	19	19	randomSolver	71,685	65,466	66,000	86,000	98,000	98,000	49,530	45,350	46,000	58,000	67,000	67,000	101677,767	88,751	6493
MAD-0.3-agents18.json	2567	2376	191	110	43	54	19	19	referenceSolver	92,282	80,291	81,000	91,000	98,000	100,000	67,760	41,263	43,000	70,000	76,000	76,000	281,617	24,932	640
MAD-0.3-agents18.json	2567	2376	191	110	43	54	19	19	randomSolver	87,406	69,547	71,000	85,000	100,000	100,000	66,190	59,553	61,000	67,000	65,000	65,000	2537,793	51,422	1320
MAD-0.2-agents385.json	1775	1584	191	477	410	54	19	19	referenceSolver	93,725	92,108	92,000	98,000	98,000	100,000	31,378	18,222	22,000	67,000	76,000	76,000	1832,923	93,690	1663
MAD-0.2-agents385.json	1775	1584	191	477	410	54	19	19	randomSolver	93,278	91,141	91,000	96,000	98,000	98,000	30,576	17,661	21,000	58,000	67,000	67,000	20930,592	100,000	1775
MAD-0.35-agents308.json	2963	2772	191	400	333	54	19	19	referenceSolver	85,411	82,290	82,000	93,000	100,000	98,000	34,735	24,623	26,000	67,000	76,000	76,000	3433,721	89,875	2663
MAD-0.35-agents308.json	2963	2772	191	400	333	54	19	19	randomSolver	85,499	81,819	82,000	94,000	99,000	100,000	30,949	21,890	24,000	56,000	66,000	65,000	34387,322	100,000	2963
MAD-0.5-agents331.json	4150	3959	191	423	356	54	19	19	referenceSolver	84,359	81,782	82,000	93,000	96,000	98,000	35,590	27,642	29,000	67,000	78,000	76,000	5409,057	88,627	3678
MAD-0.5-agents331.json	4150	3959	191	423	356	54	19	19	randomSolver	79,322	74,944	75,000	92,000	100,000	100,000	32,972	25,880	27,000	56,000	65,000	65,000	46566,089	100,000	4150
MAD-0.1-agents435.json	984	793	191	527	460	54	19	19	referenceSolver	98,007	97,645	97,000	98,000	98,000	100,000	35,224	15,508	21,000	74,000	76,000	76,000	810,841	94,004	925
MAD-0.1-agents435.json	984	793	191	527	460	54	19	19	randomSolver	97,289	96,317	96,000	97,000	98,000	100,000	35,476	15,729	21,000	60,000	67,000	65,000	7726,396	100,000	984
MAD-0.6-agents481.json	4942	4751	191	573	506	54	19	19	referenceSolver	84,112	82,181	82,000	93,000	96,000	98,000	31,512	25,140	26,000	64,000	78,000	76,000	12495,309	91,663	4530
MAD-0.6-agents481.json	4942	4751	191	573	506	54	19	19	randomSolver	82,215	79,518	80,000	91,000	100,000	98,000	29,016	23,095	24,000	56,000	65,000	67,000	85712,495	100,000	4942
MAD-0.8-agents26.json	6525	6334	191	118	51	54	19	19	referenceSolver	95,237	87,480	88,000	95,000	97,000	100,000	71,633	52,969	54,000	74,000	77,000	76,000	2305,988	11,111	725
MAD-0.8-agents26.json	6525	6334	191	118	51	54	19	19	randomSolver	88,638	76,085	76,000	88,000	100,000	98,000	70,764	69,078	69,000	73,000	65,000	67,000	10630,660	28,230	1842
MAD-0.4-agents234.json	3358	3167	191	326	259	54	19	19	referenceSolver	84,055	80,511	81,000	93,000	97,000	98,000	37,978	27,980	30,000	66,000	77,000	76,000	2375,253	84,187	2827
MAD-0.4-agents234.json	3358	3167	191	326	259	54	19	19	randomSolver	79,047	73,283	74,000	90,000	98,000	98,000	36,549	27,962	30,000	56,000	67,000	67,000	41526,532	100,000	3358
MAD-0.3-agents280.json	2567	2376	191	372	305	54	19	19	referenceSolver	87,088	83,934	84,000	94,000	100,000	100,000	34,760	23,731	25,000	68,000	76,000	76,000	2353,694	91,274	2343
MAD-0.3-agents280.json	2567	2376	191	372	305	54	19	19	randomSolver	86,182	82,347	83,000	94,000	99,000	100,000	31,643	21,486	24,000	55,000	66,000	65,000	15677,397	100,000	2567
MAD-0.05-agents458.json	588	397	191	550	483	54	19	19	referenceSolver	98,732	99,592	99,000	97,000	100,000	97,000	43,942	14,871	27,000	73,000	74,000	77,000	333,851	91,327	537
MAD-0.05-agents458.json	588	397	191	550	483	54	19	19	randomSolver	98,627	97,960	98,000	98,000	100,000	98,000	43,037	15,156	27,000	61,000	65,000	67,000	4143,932	100,000	588
MAD-0.05-agents74.json	588	397	191	166	99	54	19	19	referenceSolver	95,508	92,151	93,000	96,000	99,000	98,000	50,101	18,575	32,000	69,000	75,000	76,000	46,089	86,905	511
MAD-0.05-agents74.json	588	397	191	166	99	54	19	19	randomSolver	95,231	89,588	91,000	96,000	98,000	98,000	45,731	17,668	28,000	56,000	67,000	67,000	1351,102	100,000	588
MAD-0.8-agents377.json	6525	6334	191	469	402	54	19	19	referenceSolver	82,246	79,782	80,000	92,000	100,000	96,000	36,060	29,570	30,000	67,000	76,000	78,000	12159,098	72,812	4751
MAD-0.8-agents377.json	6525	6334	191	469	402	54	19	19	randomSolver	72,605	68,123	68,000	88,000	100,000	98,000	38,690	33,785	34,000	57,000	65,000	67,000	92023,861	100,000	6525
MAD-0.15-agents259.json	1379	1188	191	351	284	54	19	19	referenceSolver	93,092	91,115	91,000	96,000	99,000	98,000	35,127	18,648	24,000	72,000	75,000	76,000	776,097	93,111	1284
MAD-0.15-agents259.json	1379	1188	191	351	284	54	19	19	randomSolver	94,012	91,553	92,000	96,000	99,000	100,000	33,269	17,520	22,000	58,000	66,000	65,000	9246,619	100,000	1379
MAD-1.0-agents404.json	8108	7917	191	496	429	54	19	19	referenceSolver	80,472	77,932	78,000	90,000	99,000	98,000	36,341	30,388	31,000	66,000	75,000	76,000	19529,113	64,862	5259
MAD-1.0-agents404.json	8108	7917	191	496	429	54	19	19	randomSolver	71,164	66,645	67,000	87,000	100,000	99,000	42,761	38,865	39,000	58,000	65,000	66,000	78513,426	99,013	8028
MAD-0.7-agents357.json	5733	5542	191	449	382	54	19	19	referenceSolver	82,350	79,747	80,000	91,000	100,000	98,000	36,189	29,377	30,000	65,000	74,000	76,000	9046,026	78,353	4492
MAD-0.7-agents357.json	5733	5542	191	449	382	54	19	19	randomSolver	73,727	69,206	70,000	88,000	98,000	99,000	37,182	31,608	33,000	58,000	67,000	66,000	145217,889	100,000	5733
MAD-0.2-agents106.json	1775	1584	191	198	131	54	19	19	referenceSolver	86,588	80,180	81,000	92,000	98,000	99,000	44,577	27,148	31,000	66,000	76,000	75,000	343,357	77,352	1373
MAD-0.2-agents106.json	1775	1584	191	198	131	54	19	19	randomSolver	82,733	72,889	75,000	90,000	100,000	98,000	42,646	28,681	32,000	55,000	65,000	67,000	8174,268	100,000	1775
MAD-0.25-agents270.json	2171	1980	191	362	295	54	19	19	referenceSolver	86,989	83,527	84,000	94,000	99,000	96,000	36,140	23,563	25,000	67,000	75,000	78,000	1922,147	92,446	2007
MAD-0.25-agents270.json	2171	1980	191	362	295	54	19	19	randomSolver	88,258	84,786	85,000	94,000	98,000	99,000	31,850	20,304	23,000	56,000	67,000	66,000	30979,215	100,000	2171
MAD-0.5-agents448.json	4150	3959	191	540	473	54	19	19	referenceSolver	85,219	83,168	83,000	93,000	97,000	98,000	31,232	23,898	25,000	69,000	77,000	76,000	9062,973	90,843	3770
MAD-0.5-agents448.json	4150	3959	191	540	473	54	19	19	randomSolver	84,487	81,849	82,000	93,000	98,000	98,000	28,857	22,006	23,000	55,000	67,000	67,000	102314,442	100,000	4150
MAD-0.45-agents165.json	3754	3563	191	257	190	54	19	19	referenceSolver	82,169	76,996	78,000	91,000	97,000	99,000	43,409	31,944	34,000	67,000	77,000	75,000	1846,385	66,276	2488
MAD-0.45-agents165.json	3754	3563	191	257	190	54	19	19	randomSolver	74,726	65,857	67,000	87,000	100,000	98,000	47,333	39,973	41,000	58,000	65,000	67,000	21524,679	98,162	3685
MAD-0.35-agents471.json	2963	2772	191	563	496	54	19	19	referenceSolver	89,908	88,280	88,000	96,000	98,000	97,000	29,712	20,610	23,000	71,000	76,000	77,000	5971,318	92,609	2744
MAD-0.35-agents471.json	2963	2772	191	563	496	54	19	19	randomSolver	90,196	88,212	88,000	96,000	98,000	99,000	27,566	18,945	21,000	57,000	67,000	66,000	52905,465	100,000	2963
MAD-0.15-agents170.json	1379	1188	191	262	195	54	19	19	referenceSolver	89,937	86,234	86,000	94,000	99,000	97,000	38,749	21,225	24,000	65,000	75,000	77,000	495,724	92,023	1269
MAD-0.15-agents170.json	1379	1188	191	262	195	54	19	19	randomSolver	91,136	86,716	87,000	95,000	99,000	99,000	35,511	19,389	23,000	55,000	66,000	66,000	5842,110	100,000	1379
MAD-0.25-agents12.json	2171	1980	191	104	37	54	19	19	referenceSolver	93,898	80,263	83,000	93,000	98,000	99,000	71,488	43,192	50,000	75,000	76,000	75,000	201,508	22,156	481
MAD-0.25-agents12.json	2171	1980	191	104	37	54	19	19	randomSolver	88,993	69,911	73,000	86,000	98,000	100,000	66,099	59,198	62,000	66,000	67,000	65,000	2554,264	51,267	1113
MAD-0.05-agents321.json	588	397	191	413	346	54	19	19	referenceSolver	98,770	99,741	99,000	96,000	100,000	98,000	43,769	14,689	27,000	74,000	74,000	76,000	214,920	91,327	537
MAD-0.05-agents321.json	588	397	191	413	346	54	19	19	randomSolver	98,379	97,354	97,000	98,000	99,000	100,000	43,481	15,548	28,000	61,000	66,000	65,000	2746,874	100,000	588
MAD-0.3-agents453.json	2567	2376	191	545	478	54	19	19	referenceSolver	90,954	89,196	89,000	96,000	100,000	100,000	29,544	19,638	22,000	69,000	74,000	76,000	4332,523	93,845	2409
MAD-0.3-agents453.json	2567	2376	191	545	478	54	19	19	randomSolver	90,732	88,526	89,000	95,000	100,000	100,000	28,296	18,647	21,000	58,000	65,000	65,000	27067,795	100,000	2567
MAD-0.9-agents52.json	7316	7125	191	144	77	54	19	19	referenceSolver	94,257	87,659	88,000	96,000	100,000	98,000	66,385	49,134	50,000	72,000	76,000	76,000	4702,159	13,218	967
MAD-0.9-agents52.json	7316	7125	191	144	77	54	19	19	randomSolver	86,731	76,492	76,000	88,000	99,000	99,000	70,484	69,511	70,000	72,000	66,000	66,000	23466,986	37,138	2717
MAD-0.6-agents252.json	4942	4751	191	344	277	54	19	19	referenceSolver	82,718	78,999	79,000	92,000	100,000	98,000	39,436	30,451	32,000	67,000	76,000	76,000	5307,120	66,269	3275
MAD-0.6-agents252.json	4942	4751	191	344	277	54	19	19	randomSolver	73,252	66,592	67,000	89,000	98,000	99,000	42,979	36,988	38,000	57,000	67,000	66,000	57160,110	99,636	4924
MAD-0.1-agents41.json	984	793	191	133	66	54	19	19	referenceSolver	88,690	78,007	81,000	92,000	98,000	100,000	54,399	29,074	36,000	64,000	76,000	76,000	62,281	80,589	793
MAD-0.1-agents41.json	984	793	191	133	66	54	19	19	randomSolver	85,716	69,047	73,000	89,000	100,000	98,000	50,727	30,728	35,000	56,000	65,000	67,000	2784,897	100,000	984
MAD-0.7-agents22.json	5733	5542	191	114	47	54	19	19	referenceSolver	94,739	84,997	85,000	93,000	97,000	100,000	72,075	51,559	52,000	74,000	77,000	76,000	1628,964	11,286	647
MAD-0.7-agents22.json	5733	5542	191	114	47	54	19	19	randomSolver	88,693	75,773	76,000	88,000	99,000	98,000	71,447	69,461	69,000	74,000	66,000	67,000	9834,492	29,862	1712
MAD-0.4-agents408.json	3358	3167	191	500	433	54	19	19	referenceSolver	86,141	83,914	84,000	92,000	97,000	98,000	32,307	23,504	25,000	67,000	77,000	76,000	6435,718	90,977	3055
MAD-0.4-agents408.json	3358	3167	191	500	433	54	19	19	randomSolver	86,128	83,410	84,000	93,000	99,000	98,000	29,177	21,065	23,000	57,000	66,000	67,000	35046,859	100,000	3358
MAD-0.3-agents146.json	2567	2376	191	238	171	54	19	19	referenceSolver	85,001	79,857	80,000	91,000	98,000	97,000	42,050	27,991	29,000	64,000	76,000	77,000	1226,397	72,419	1859
MAD-0.3-agents146.json	2567	2376	191	238	171	54	19	19	randomSolver	78,025	68,883	70,000	88,000	100,000	99,000	41,894	31,351	34,000	57,000	65,000	66,000	13082,177	100,000	2567
MAD-0.1-agents209.json	984	793	191	301	234	54	19	19	referenceSolver	94,799	92,664	93,000	98,000	99,000	96,000	38,880	17,749	23,000	69,000	75,000	78,000	327,623	92,073	906
MAD-0.1-agents209.json	984	793	191	301	234	54	19	19	randomSolver	95,874	93,337	94,000	97,000	99,000	100,000	36,880	16,869	23,000	57,000	66,000	65,000	6246,140	100,000	984
MAD-0.15-agents465.json	1379	1188	191	557	490	54	19	19	referenceSolver	96,177	95,120	95,000	97,000	99,000	100,000	31,875	16,504	20,000	71,000	75,000	76,000	1568,508	94,416	1302
MAD-0.15-agents465.json	1379	1188	191	557	490	54	19	19	randomSolver	96,812	95,752	96,000	97,000	98,000	99,000	31,234	15,962	20,000	59,000	67,000	66,000	23958,897	100,000	1379
MAD-0.6-agents317.json	4942	4751	191	409	342	54	19	19	referenceSolver	82,021	78,958	79,000	91,000	96,000	100,000	36,425	28,689	30,000	67,000	78,000	74,000	6655,628	77,459	3828
MAD-0.6-agents317.json	4942	4751	191	409	342	54	19	19	randomSolver	74,421	69,331	70,000	87,000	99,000	99,000	36,695	30,417	31,000	57,000	66,000	66,000	41001,242	100,000	4942
MAD-0.05-agents264.json	588	397	191	356	289	54	19	19	referenceSolver	97,932	98,513	98,000	97,000	97,000	96,000	44,996	15,229	26,000	72,000	77,000	78,000	173,469	90,816	534
MAD-0.05-agents264.json	588	397	191	356	289	54	19	19	randomSolver	98,507	97,856	98,000	98,000	98,000	99,000	43,233	15,229	28,000	59,000	67,000	66,000	2344,579	100,000	588
MAD-0.45-agents470.json	3754	3563	191	562	495	54	19	19	referenceSolver	86,837	84,914	85,000	94,000	97,000	97,000	31,106	23,258	24,000	65,000	77,000	77,000	9318,176	92,222	3462
MAD-0.45-agents470.json	3754	3563	191	562	495	54	19	19	randomSolver	86,773	84,321	84,000	94,000	100,000	99,000	27,974	20,725	22,000	56,000	65,000	66,000	38466,526	100,000	3754
MAD-0.7-agents212.json	5733	5542	191	304	237	54	19	19	referenceSolver	81,561	77,593	78,000	88,000	96,000	96,000	42,694	33,359	34,000	65,000	78,000	78,000	4945,363	56,707	3251
MAD-0.7-agents212.json	5733	5542	191	304	237	54	19	19	randomSolver	74,001	66,547	67,000	88,000	98,000	100,000	50,026	45,017	45,000	58,000	67,000	65,000	38721,626	89,412	5126
SPC-0.2-instance0.json	145	117	28	10	6	2	2	0	referenceSolver	89,372	80,870	80,000	100,000	0,000	100,000	54,167	27,500	27,000	87,000	0,000	87,000	1,086	64,828	94
SPC-0.2-instance0.json	145	117	28	10	6	2	2	0	randomSolver	82,719	70,917	70,000	100,000	0,000	100,000	57,911	37,703	37,000	87,000	0,000	87,000	23,014	92,414	134
MAD-0.35-agents164.json	2963	2772	191	256	189	54	19	19	referenceSolver	83,689	78,790	79,000	94,000	98,000	97,000	41,940	29,920	31,000	67,000	76,000	77,000	1273,839	76,983	2281
MAD-0.35-agents164.json	2963	2772	191	256	189	54	19	19	randomSolver	77,123	68,798	70,000	90,000	99,000	99,000	42,084	32,700	35,000	57,000	66,000	66,000	24065,153	100,000	2963
MAD-0.2-agents83.json	1775	1584	191	175	108	54	19	19	referenceSolver	86,389	78,604	80,000	93,000	97,000	100,000	47,602	28,420	32,000	64,000	77,000	76,000	276,118	68,563	1217
MAD-0.2-agents83.json	1775	1584	191	175	108	54	19	19	randomSolver	80,715	68,089	70,000	88,000	99,000	99,000	47,376	33,949	37,000	57,000	66,000	66,000	8875,639	99,944	1774
MAD-0.2-agents413.json	1775	1584	191	505	438	54	19	19	referenceSolver	93,340	91,927	92,000	97,000	96,000	100,000	31,462	18,258	21,000	72,000	78,000	76,000	2136,086	93,803	1665
MAD-0.2-agents413.json	1775	1584	191	505	438	54	19	19	randomSolver	94,328	92,669	93,000	97,000	98,000	98,000	30,045	17,251	21,000	57,000	67,000	67,000	21673,428	100,000	1775
MAD-1.0-agents111.json	8108	7917	191	203	136	54	19	19	referenceSolver	84,895	78,137	78,000	90,000	100,000	98,000	56,229	43,720	44,000	73,000	76,000	76,000	6365,411	26,801	2173
MAD-1.0-agents111.json	8108	7917	191	203	136	54	19	19	randomSolver	80,112	71,308	71,000	85,000	99,000	98,000	64,763	61,889	62,000	67,000	66,000	67,000	29523,752	51,246	4155
MAD-0.35-agents52.json	2963	2772	191	144	77	54	19	19	referenceSolver	87,111	77,712	79,000	90,000	97,000	98,000	58,235	39,785	42,000	69,000	77,000	76,000	432,998	41,681	1235
MAD-0.35-agents52.json	2963	2772	191	144	77	54	19	19	randomSolver	80,733	64,302	66,000	86,000	99,000	100,000	60,262	52,153	53,000	63,000	66,000	65,000	9007,097	66,689	1976
MAD-0.25-agents335.json	2171	1980	191	427	360	54	19	19	referenceSolver	89,151	86,855	87,000	94,000	97,000	97,000	33,251	21,170	23,000	68,000	77,000	77,000	2414,415	92,860	2016
MAD-0.25-agents335.json	2171	1980	191	427	360	54	19	19	randomSolver	90,398	87,733	88,000	95,000	100,000	98,000	30,196	18,896	21,000	57,000	65,000	67,000	26919,845	100,000	2171
MAD-1.0-agents384.json	8108	7917	191	476	409	54	19	19	referenceSolver	81,461	78,862	79,000	91,000	99,000	98,000	36,094	29,809	30,000	66,000	75,000	76,000	18212,193	60,064	4870
MAD-1.0-agents384.json	8108	7917	191	476	409	54	19	19	randomSolver	70,964	66,213	66,000	87,000	98,000	100,000	44,085	40,197	40,000	58,000	67,000	65,000	129546,169	97,866	7935
MAD-0.5-agents262.json	4150	3959	191	354	287	54	19	19	referenceSolver	84,052	80,783	81,000	92,000	99,000	98,000	37,764	28,540	30,000	69,000	75,000	76,000	4018,076	75,349	3127
MAD-0.5-agents262.json	4150	3959	191	354	287	54	19	19	randomSolver	76,206	70,549	71,000	89,000	99,000	98,000	37,714	30,466	32,000	56,000	66,000	67,000	93990,412	100,000	4150
MAD-0.15-agents22.json	1379	1188	191	114	47	54	19	19	referenceSolver	87,937	70,400	74,000	89,000	97,000	100,000	62,852	36,069	42,000	66,000	77,000	76,000	85,135	47,353	653
MAD-0.15-agents22.json	1379	1188	191	114	47	54	19	19	randomSolver	85,179	62,881	67,000	86,000	99,000	98,000	60,176	46,976	51,000	60,000	66,000	67,000	2172,341	78,825	1087
MAD-0.9-agents321.json	7316	7125	191	413	346	54	19	19	referenceSolver	81,229	78,089	78,000	91,000	99,000	99,000	38,917	31,773	32,000	66,000	75,000	75,000	13746,146	59,158	4328
MAD-0.9-agents321.json	7316	7125	191	413	346	54	19	19	randomSolver	72,050	66,541	67,000	88,000	100,000	99,000	46,418	42,282	43,000	59,000	65,000	66,000	149911,448	95,899	7016
MAD-0.6-agents182.json	4942	4751	191	274	207	54	19	19	referenceSolver	82,641	77,473	78,000	93,000	100,000	100,000	44,830	34,334	36,000	71,000	74,000	76,000	3867,874	55,747	2755
MAD-0.6-agents182.json	4942	4751	191	274	207	54	19	19	randomSolver	73,969	65,660	66,000	86,000	99,000	99,000	50,551	44,830	46,000	58,000	66,000	66,000	26145,314	90,915	4493
MAD-0.1-agents136.json	984	793	191	228	161	54	19	19	referenceSolver	92,654	89,078	90,000	95,000	100,000	97,000	42,087	19,817	26,000	69,000	76,000	77,000	206,226	90,752	893
MAD-0.1-agents136.json	984	793	191	228	161	54	19	19	randomSolver	94,044	89,931	91,000	96,000	99,000	98,000	39,192	18,843	26,000	56,000	66,000	67,000	3010,594	100,000	984
MAD-0.3-agents279.json	2567	2376	191	371	304	54	19	19	referenceSolver	87,099	84,215	84,000	95,000	99,000	98,000	34,071	23,204	25,000	66,000	75,000	76,000	2244,200	92,092	2364
MAD-0.3-agents279.json	2567	2376	191	371	304	54	19	19	randomSolver	86,561	82,743	83,000	94,000	98,000	99,000	31,673	21,469	23,000	54,000	67,000	66,000	15915,027	100,000	2567
MAD-0.6-agents478.json	4942	4751	191	570	503	54	19	19	referenceSolver	84,090	82,099	82,000	94,000	97,000	98,000	31,671	25,335	26,000	65,000	77,000	76,000	12648,870	92,129	4553
MAD-0.6-agents478.json	4942	4751	191	570	503	54	19	19	randomSolver	82,027	79,333	79,000	93,000	98,000	97,000	29,309	23,335	24,000	55,000	67,000	68,000	109297,311	100,000	4942
MAD-0.8-agents224.json	6525	6334	191	316	249	54	19	19	referenceSolver	82,433	78,631	79,000	91,000	98,000	98,000	42,029	32,874	33,000	69,000	76,000	76,000	6704,814	50,820	3316
MAD-0.8-agents224.json	6525	6334	191	316	249	54	19	19	randomSolver	73,380	66,292	67,000	87,000	98,000	99,000	51,109	46,538	47,000	60,000	67,000	66,000	45799,556	85,410	5573
MAD-0.6-agents40.json	4942	4751	191	132	65	54	19	19	referenceSolver	95,659	89,853	90,000	97,000	99,000	97,000	68,287	48,717	49,000	74,000	75,000	77,000	1988,807	16,087	795
MAD-0.6-agents40.json	4942	4751	191	132	65	54	19	19	randomSolver	85,862	73,472	74,000	86,000	99,000	100,000	67,966	64,823	65,000	70,000	66,000	65,000	7311,446	43,909	2170
MAD-0.15-agents8.json	1379	1188	191	100	33	54	19	19	referenceSolver	90,447	72,759	75,000	89,000	98,000	98,000	68,720	43,116	47,000	68,000	76,000	76,000	61,535	42,422	585
MAD-0.15-agents8.json	1379	1188	191	100	33	54	19	19	randomSolver	88,030	63,644	68,000	84,000	100,000	98,000	64,288	51,980	56,000	64,000	65,000	67,000	885,006	62,944	868
MAD-0.4-agents367.json	3358	3167	191	459	392	54	19	19	referenceSolver	85,784	83,215	83,000	94,000	100,000	97,000	33,559	24,475	26,000	67,000	76,000	77,000	5351,519	90,143	3027
MAD-0.4-agents367.json	3358	3167	191	459	392	54	19	19	randomSolver	85,375	82,451	83,000	92,000	98,000	98,000	29,889	21,691	23,000	56,000	67,000	67,000	52568,601	100,000	3358
MAD-0.05-agents62.json	588	397	191	154	87	54	19	19	referenceSolver	94,640	89,110	91,000	97,000	96,000	99,000	53,179	20,689	36,000	69,000	78,000	75,000	42,006	84,864	499
MAD-0.05-agents62.json	588	397	191	154	87	54	19	19	randomSolver	93,704	85,076	88,000	96,000	99,000	98,000	48,472	20,304	33,000	57,000	66,000	67,000	897,267	100,000	588
MAD-0.8-agents361.json	6525	6334	191	453	386	54	19	19	referenceSolver	83,039	80,607	81,000	91,000	97,000	98,000	36,643	30,037	31,000	64,000	77,000	76,000	11276,176	71,218	4647
MAD-0.8-agents361.json	6525	6334	191	453	386	54	19	19	randomSolver	71,975	67,127	67,000	87,000	98,000	99,000	40,003	35,134	36,000	58,000	67,000	66,000	63234,046	99,985	6524
MAD-0.4-agents388.json	3358	3167	191	480	413	54	19	19	referenceSolver	86,283	83,839	84,000	95,000	100,000	97,000	32,469	23,598	25,000	68,000	76,000	77,000	5578,414	90,054	3024
MAD-0.4-agents388.json	3358	3167	191	480	413	54	19	19	randomSolver	86,257	83,602	84,000	93,000	98,000	100,000	29,047	20,969	22,000	55,000	67,000	65,000	35111,480	100,000	3358
MAD-0.3-agents296.json	2567	2376	191	388	321	54	19	19	referenceSolver	86,861	84,000	84,000	93,000	97,000	97,000	34,093	23,239	25,000	65,000	77,000	77,000	2273,117	92,715	2380
MAD-0.3-agents296.json	2567	2376	191	388	321	54	19	19	randomSolver	86,990	83,442	84,000	95,000	98,000	98,000	31,332	21,184	23,000	55,000	67,000	67,000	33021,355	100,000	2567
MAD-0.4-agents222.json	3358	3167	191	314	247	54	19	19	referenceSolver	83,454	79,709	80,000	92,000	98,000	97,000	39,474	29,260	30,000	69,000	76,000	77,000	2305,964	83,234	2795
MAD-0.4-agents222.json	3358	3167	191	314	247	54	19	19	randomSolver	78,488	72,359	73,000	91,000	99,000	99,000	37,279	28,685	30,000	55,000	66,000	66,000	32956,079	100,000	3358
MAD-0.8-agents30.json	6525	6334	191	122	55	54	19	19	referenceSolver	94,702	87,497	87,000	95,000	99,000	98,000	69,048	52,103	51,000	72,000	75,000	76,000	2324,765	13,057	852
MAD-0.8-agents30.json	6525	6334	191	122	55	54	19	19	randomSolver	88,191	76,172	76,000	88,000	99,000	98,000	71,006	69,439	69,000	73,000	66,000	67,000	10553,365	30,559	1994
MAD-0.6-agents497.json	4942	4751	191	589	522	54	19	19	referenceSolver	85,242	83,374	83,000	94,000	99,000	99,000	30,965	24,751	25,000	64,000	75,000	75,000	12561,339	92,533	4573
MAD-0.6-agents497.json	4942	4751	191	589	522	54	19	19	randomSolver	82,585	80,041	80,000	91,000	99,000	98,000	28,664	22,740	24,000	55,000	66,000	67,000	84694,448	100,000	4942
MAD-0.1-agents423.json	984	793	191	515	448	54	19	19	referenceSolver	98,163	97,945	97,000	98,000	100,000	97,000	35,192	15,504	22,000	72,000	76,000	77,000	710,797	94,004	925
MAD-0.1-agents423.json	984	793	191	515	448	54	19	19	randomSolver	98,009	97,222	97,000	99,000	99,000	98,000	35,162	15,624	21,000	60,000	66,000	67,000	8100,403	100,000	984
MAD-0.5-agents327.json	4150	3959	191	419	352	54	19	19	referenceSolver	84,400	81,642	82,000	94,000	100,000	100,000	35,074	27,158	29,000	69,000	76,000	76,000	4740,660	87,807	3644
MAD-0.5-agents327.json	4150	3959	191	419	352	54	19	19	randomSolver	79,615	75,520	76,000	91,000	98,000	98,000	33,081	25,907	27,000	55,000	67,000	67,000	42688,325	100,000	4150
MAD-0.2-agents393.json	1775	1584	191	485	418	54	19	19	referenceSolver	93,335	91,864	92,000	97,000	100,000	98,000	31,624	18,379	22,000	73,000	76,000	76,000	1796,569	93,577	1661
MAD-0.2-agents393.json	1775	1584	191	485	418	54	19	19	randomSolver	94,094	92,052	92,000	98,000	99,000	99,000	30,442	17,575	21,000	58,000	66,000	66,000	28559,094	100,000	1775
MAD-0.7-agents438.json	5733	5542	191	530	463	54	19	19	referenceSolver	83,304	81,216	81,000	93,000	100,000	97,000	33,838	27,773	29,000	66,000	76,000	77,000	11065,377	87,284	5004
MAD-0.7-agents438.json	5733	5542	191	530	463	54	19	19	randomSolver	77,592	74,099	74,000	90,000	99,000	100,000	32,509	27,101	28,000	56,000	66,000	65,000	134923,783	100,000	5733
MAD-0.9-agents264.json	7316	7125	191	356	289	54	19	19	referenceSolver	80,861	77,137	77,000	91,000	98,000	97,000	41,966	33,802	35,000	67,000	76,000	77,000	10499,564	51,886	3796
MAD-0.9-agents264.json	7316	7125	191	356	289	54	19	19	randomSolver	71,673	65,077	65,000	87,000	99,000	100,000	49,891	45,793	46,000	59,000	66,000	65,000	41753,209	87,151	6376
MAD-0.2-agents239.json	1775	1584	191	331	264	54	19	19	referenceSolver	90,238	87,597	88,000	95,000	100,000	98,000	35,194	20,865	25,000	68,000	76,000	76,000	1007,766	91,155	1618
MAD-0.2-agents239.json	1775	1584	191	331	264	54	19	19	randomSolver	90,080	86,498	87,000	94,000	99,000	98,000	32,846	19,476	23,000	56,000	66,000	67,000	8794,843	100,000	1775
MAD-0.5-agents82.json	4150	3959	191	174	107	54	19	19	referenceSolver	85,966	78,073	79,000	90,000	97,000	97,000	53,501	36,070	38,000	67,000	77,000	77,000	1321,633	34,096	1415
MAD-0.5-agents82.json	4150	3959	191	174	107	54	19	19	randomSolver	79,174	66,415	68,000	86,000	99,000	100,000	59,506	53,570	55,000	63,000	66,000	65,000	8599,651	67,422	2798
MAD-0.8-agents418.json	6525	6334	191	510	443	54	19	19	referenceSolver	82,404	80,159	80,000	92,000	96,000	99,000	34,649	28,547	29,000	67,000	78,000	75,000	12937,110	76,582	4997
MAD-0.8-agents418.json	6525	6334	191	510	443	54	19	19	randomSolver	74,228	70,173	70,000	89,000	100,000	100,000	35,893	31,017	32,000	57,000	65,000	65,000	73163,818	100,000	6525
MAD-0.6-agents244.json	4942	4751	191	336	269	54	19	19	referenceSolver	82,804	79,066	79,000	92,000	97,000	100,000	40,445	31,468	32,000	67,000	77,000	74,000	4782,615	66,835	3303
MAD-0.6-agents244.json	4942	4751	191	336	269	54	19	19	randomSolver	73,264	66,563	67,000	88,000	99,000	99,000	43,837	37,852	39,000	58,000	66,000	66,000	43420,220	99,433	4914
MAD-0.1-agents57.json	984	793	191	149	82	54	19	19	referenceSolver	89,938	81,727	84,000	94,000	98,000	99,000	50,786	26,273	33,000	68,000	76,000	75,000	78,250	82,622	813
MAD-0.1-agents57.json	984	793	191	149	82	54	19	19	randomSolver	87,038	74,417	78,000	91,000	99,000	99,000	46,472	25,823	33,000	57,000	66,000	66,000	3092,984	100,000	984
MAD-0.9-agents44.json	7316	7125	191	136	69	54	19	19	referenceSolver	94,187	87,125	87,000	96,000	96,000	97,000	69,622	49,487	49,000	75,000	78,000	77,000	4487,358	10,716	784
MAD-0.9-agents44.json	7316	7125	191	136	69	54	19	19	randomSolver	86,882	76,423	76,000	88,000	98,000	98,000	71,045	69,545	69,000	73,000	67,000	67,000	13894,856	33,707	2466
MAD-0.3-agents445.json	2567	2376	191	537	470	54	19	19	referenceSolver	91,365	89,858	90,000	95,000	100,000	99,000	29,221	19,325	22,000	69,000	76,000	75,000	3887,804	93,416	2398
MAD-0.3-agents445.json	2567	2376	191	537	470	54	19	19	randomSolver	91,003	88,903	89,000	95,000	99,000	99,000	28,428	18,727	21,000	56,000	66,000	66,000	47451,428	100,000	2567
MAD-0.05-agents337.json	588	397	191	429	362	54	19	19	referenceSolver	98,505	98,870	98,000	97,000	100,000	97,000	44,301	14,992	25,000	73,000	76,000	77,000	200,164	91,327	537
MAD-0.05-agents337.json	588	397	191	429	362	54	19	19	randomSolver	98,451	97,266	97,000	98,000	100,000	98,000	43,580	15,706	27,000	61,000	65,000	67,000	2770,508	100,000	588
MAD-0.15-agents166.json	1379	1188	191	258	191	54	19	19	referenceSolver	89,424	85,148	86,000	95,000	98,000	97,000	40,306	22,458	28,000	66,000	76,000	77,000	423,370	91,298	1259
MAD-0.15-agents166.json	1379	1188	191	258	191	54	19	19	randomSolver	89,483	84,371	85,000	94,000	99,000	98,000	36,722	20,269	25,000	55,000	66,000	67,000	5406,810	100,000	1379
MAD-0.35-agents467.json	2963	2772	191	559	492	54	19	19	referenceSolver	90,143	88,414	88,000	95,000	99,000	100,000	29,573	20,462	22,000	69,000	75,000	76,000	5466,543	91,293	2705
MAD-0.35-agents467.json	2963	2772	191	559	492	54	19	19	randomSolver	90,400	88,386	88,000	96,000	100,000	100,000	27,369	18,785	21,000	55,000	65,000	65,000	66055,104	100,000	2963
MAD-0.45-agents173.json	3754	3563	191	265	198	54	19	19	referenceSolver	82,062	77,288	77,000	89,000	98,000	96,000	43,794	32,906	33,000	66,000	76,000	78,000	1924,062	71,444	2682
MAD-0.45-agents173.json	3754	3563	191	265	198	54	19	19	randomSolver	74,362	65,749	67,000	87,000	98,000	98,000	46,475	39,028	40,000	58,000	67,000	67,000	18645,705	99,281	3727
MAD-0.25-agents266.json	2171	1980	191	358	291	54	19	19	referenceSolver	87,142	83,655	84,000	95,000	97,000	100,000	36,146	23,609	27,000	67,000	77,000	76,000	1817,405	92,768	2014
MAD-0.25-agents266.json	2171	1980	191	358	291	54	19	19	randomSolver	88,455	84,874	85,000	94,000	99,000	97,000	32,017	20,505	23,000	55,000	66,000	68,000	13874,504	100,000	2171
MAD-0.45-agents489.json	3754	3563	191	581	514	54	19	19	referenceSolver	87,079	85,164	85,000	94,000	99,000	99,000	30,954	23,144	24,000	69,000	75,000	75,000	9000,820	92,648	3478
MAD-0.45-agents489.json	3754	3563	191	581	514	54	19	19	randomSolver	88,005	85,921	86,000	95,000	99,000	98,000	27,481	20,274	22,000	55,000	66,000	67,000	89919,966	100,000	3754
MAD-0.2-agents110.json	1775	1584	191	202	135	54	19	19	referenceSolver	87,786	82,156	83,000	94,000	100,000	97,000	43,412	26,154	30,000	64,000	76,000	77,000	327,172	77,803	1381
MAD-0.2-agents110.json	1775	1584	191	202	135	54	19	19	randomSolver	82,842	73,186	75,000	92,000	100,000	98,000	42,127	28,231	32,000	55,000	65,000	67,000	8417,633	100,000	1775
MAD-1.0-agents412.json	8108	7917	191	504	437	54	19	19	referenceSolver	81,693	79,459	79,000	91,000	98,000	97,000	35,957	30,053	30,000	67,000	76,000	77,000	18292,623	65,565	5316
MAD-1.0-agents412.json	8108	7917	191	504	437	54	19	19	randomSolver	71,064	66,577	67,000	88,000	100,000	100,000	42,191	38,315	39,000	57,000	65,000	65,000	158520,045	99,494	8067
MAD-0.7-agents341.json	5733	5542	191	433	366	54	19	19	referenceSolver	82,363	79,783	80,000	92,000	97,000	97,000	36,364	29,377	30,000	65,000	77,000	77,000	7761,150	76,138	4365
MAD-0.7-agents341.json	5733	5542	191	433	366	54	19	19	randomSolver	73,545	68,570	69,000	90,000	99,000	98,000	38,187	32,755	34,000	57,000	66,000	67,000	63215,492	100,000	5733
TFS-0.15-instance0.json	401	298	103	48	8	28	12	0	referenceSolver	94,462	75,641	75,000	99,000	0,000	99,000	52,976	43,485	43,000	53,000	0,000	60,000	3,189	62,843	252
TFS-0.15-instance0.json	401	298	103	48	8	28	12	0	randomSolver	93,380	72,112	72,000	98,000	0,000	99,000	58,625	59,896	59,000	56,000	0,000	61,000	126,729	83,042	333
MAD-0.25-agents323.json	2171	1980	191	415	348	54	19	19	referenceSolver	89,486	87,193	87,000	96,000	96,000	97,000	33,613	21,499	25,000	68,000	78,000	77,000	2123,017	93,045	2020
MAD-0.25-agents323.json	2171	1980	191	415	348	54	19	19	randomSolver	89,759	86,675	87,000	94,000	100,000	98,000	30,559	19,289	22,000	56,000	65,000	67,000	15827,348	100,000	2171
MAD-1.0-agents107.json	8108	7917	191	199	132	54	19	19	referenceSolver	85,772	78,724	79,000	93,000	99,000	100,000	56,976	44,699	47,000	74,000	75,000	76,000	5870,283	25,950	2104
MAD-1.0-agents107.json	8108	7917	191	199	132	54	19	19	randomSolver	80,838	71,979	72,000	86,000	98,000	98,000	65,324	62,861	63,000	67,000	67,000	67,000	31726,560	50,086	4061
MAD-0.35-agents44.json	2963	2772	191	136	69	54	19	19	referenceSolver	87,009	75,707	77,000	89,000	100,000	98,000	59,633	39,606	42,000	68,000	76,000	76,000	427,438	36,652	1086
MAD-0.35-agents44.json	2963	2772	191	136	69	54	19	19	randomSolver	82,438	65,281	67,000	85,000	100,000	99,000	62,059	55,077	56,000	64,000	65,000	66,000	3672,218	62,740	1859
MAD-0.2-agents405.json	1775	1584	191	497	430	54	19	19	referenceSolver	93,706	91,996	92,000	98,000	100,000	100,000	31,176	18,075	21,000	71,000	76,000	76,000	1796,811	93,859	1666
MAD-0.2-agents405.json	1775	1584	191	497	430	54	19	19	randomSolver	94,115	92,342	92,000	96,000	100,000	99,000	30,258	17,397	21,000	57,000	65,000	66,000	15397,297	100,000	1775
MAD-0.2-agents95.json	1775	1584	191	187	120	54	19	19	referenceSolver	86,077	79,165	80,000	92,000	99,000	96,000	46,079	28,083	32,000	65,000	75,000	78,000	285,272	75,042	1332
MAD-0.2-agents95.json	1775	1584	191	187	120	54	19	19	randomSolver	79,977	68,125	70,000	89,000	100,000	98,000	45,079	31,225	34,000	56,000	65,000	67,000	6683,852	100,000	1775
MAD-0.35-agents488.json	2963	2772	191	580	513	54	19	19	referenceSolver	90,269	88,765	89,000	96,000	98,000	97,000	29,327	20,331	23,000	71,000	76,000	77,000	5690,498	92,609	2744
MAD-0.35-agents488.json	2963	2772	191	580	513	54	19	19	randomSolver	90,917	89,028	89,000	96,000	98,000	99,000	27,297	18,738	21,000	56,000	67,000	66,000	45060,852	100,000	2963
MAD-0.35-agents172.json	2963	2772	191	264	197	54	19	19	referenceSolver	83,632	78,980	79,000	90,000	98,000	98,000	41,540	29,810	32,000	65,000	76,000	76,000	1314,460	80,459	2384
MAD-0.35-agents172.json	2963	2772	191	264	197	54	19	19	randomSolver	77,246	69,307	70,000	90,000	99,000	100,000	40,853	31,312	33,000	56,000	66,000	65,000	14206,329	100,000	2963
MAD-0.4-agents19.json	3358	3167	191	111	44	54	19	19	referenceSolver	95,174	86,621	88,000	96,000	98,000	97,000	71,267	48,601	52,000	75,000	76,000	77,000	615,931	17,421	585
MAD-0.4-agents19.json	3358	3167	191	111	44	54	19	19	randomSolver	87,149	69,314	70,000	85,000	100,000	98,000	67,575	62,507	63,000	69,000	65,000	67,000	3656,138	41,959	1409
MAD-0.9-agents458.json	7316	7125	191	550	483	54	19	19	referenceSolver	83,061	81,131	81,000	95,000	100,000	96,000	34,103	28,432	29,000	67,000	76,000	78,000	20938,714	74,440	5446
MAD-0.9-agents458.json	7316	7125	191	550	483	54	19	19	randomSolver	72,862	69,046	69,000	89,000	98,000	100,000	36,347	31,908	32,000	57,000	67,000	65,000	74857,408	100,000	7316
MAD-0.45-agents466.json	3754	3563	191	558	491	54	19	19	referenceSolver	86,550	84,416	84,000	96,000	99,000	99,000	31,755	23,843	26,000	69,000	75,000	75,000	9306,290	91,849	3448
MAD-0.45-agents466.json	3754	3563	191	558	491	54	19	19	randomSolver	86,853	84,629	85,000	94,000	98,000	98,000	27,670	20,396	22,000	55,000	67,000	67,000	40294,796	100,000	3754
MAD-0.7-agents204.json	5733	5542	191	296	229	54	19	19	referenceSolver	81,766	77,436	78,000	91,000	97,000	97,000	43,388	33,873	35,000	67,000	77,000	77,000	5131,004	54,788	3141
MAD-0.7-agents204.json	5733	5542	191	296	229	54	19	19	randomSolver	73,827	66,036	67,000	88,000	99,000	99,000	50,807	45,766	46,000	59,000	66,000	66,000	75705,753	87,773	5032
MAD-0.25-agents289.json	2171	1980	191	381	314	54	19	19	referenceSolver	88,513	85,674	86,000	96,000	96,000	99,000	34,867	22,497	26,000	71,000	78,000	75,000	2051,856	92,262	2003
MAD-0.25-agents289.json	2171	1980	191	381	314	54	19	19	randomSolver	89,726	86,639	87,000	95,000	98,000	98,000	31,183	19,819	23,000	56,000	67,000	67,000	30535,912	100,000	2171
MAD-0.3-agents500.json	2567	2376	191	592	525	54	19	19	referenceSolver	91,702	90,324	90,000	95,000	97,000	99,000	28,709	18,975	21,000	70,000	77,000	75,000	5014,190	94,390	2423
MAD-0.3-agents500.json	2567	2376	191	592	525	54	19	19	randomSolver	91,999	90,304	90,000	95,000	100,000	98,000	27,732	18,123	20,000	56,000	65,000	67,000	61811,509	100,000	2567
MAD-0.05-agents272.json	588	397	191	364	297	54	19	19	referenceSolver	98,079	97,955	97,000	96,000	99,000	99,000	45,057	15,456	26,000	74,000	75,000	75,000	189,444	90,816	534
MAD-0.05-agents272.json	588	397	191	364	297	54	19	19	randomSolver	98,119	96,535	97,000	97,000	100,000	99,000	43,731	15,812	27,000	59,000	65,000	66,000	2706,606	100,000	588
MAD-0.15-agents189.json	1379	1188	191	281	214	54	19	19	referenceSolver	90,746	86,909	87,000	95,000	100,000	100,000	38,278	20,982	25,000	66,000	76,000	74,000	552,026	92,531	1276
MAD-0.15-agents189.json	1379	1188	191	281	214	54	19	19	randomSolver	91,972	88,147	89,000	96,000	98,000	99,000	34,959	18,926	23,000	55,000	67,000	66,000	5770,593	100,000	1379
MAD-0.15-agents473.json	1379	1188	191	565	498	54	19	19	referenceSolver	96,536	96,010	96,000	97,000	100,000	96,000	31,462	16,219	22,000	71,000	76,000	78,000	1606,394	94,779	1307
MAD-0.15-agents473.json	1379	1188	191	565	498	54	19	19	randomSolver	97,058	95,976	96,000	97,000	99,000	100,000	31,156	15,939	21,000	59,000	66,000	65,000	30292,750	100,000	1379
MAD-0.6-agents301.json	4942	4751	191	393	326	54	19	19	referenceSolver	82,369	79,206	79,000	91,000	97,000	100,000	37,158	29,202	30,000	65,000	77,000	76,000	6551,602	75,496	3731
MAD-0.6-agents301.json	4942	4751	191	393	326	54	19	19	randomSolver	74,558	69,234	70,000	89,000	100,000	99,000	38,057	31,797	33,000	57,000	65,000	66,000	35720,157	100,000	4942
MAD-0.3-agents150.json	2567	2376	191	242	175	54	19	19	referenceSolver	85,030	79,861	80,000	91,000	100,000	98,000	41,887	27,989	30,000	66,000	76,000	76,000	1032,093	73,783	1894
MAD-0.3-agents150.json	2567	2376	191	242	175	54	19	19	randomSolver	78,555	69,768	71,000	90,000	100,000	99,000	41,324	30,782	33,000	55,000	65,000	66,000	29610,028	100,000	2567
MAD-0.7-agents34.json	5733	5542	191	126	59	54	19	19	referenceSolver	93,705	84,785	85,000	94,000	100,000	99,000	68,530	49,962	50,000	75,000	74,000	75,000	2104,585	15,140	868
MAD-0.7-agents34.json	5733	5542	191	126	59	54	19	19	randomSolver	87,706	75,822	76,000	87,000	98,000	100,000	70,938	69,636	70,000	73,000	67,000	65,000	10553,880	36,525	2094
MAD-0.3-agents384.json	2567	2376	191	476	409	54	19	19	referenceSolver	89,740	87,652	88,000	95,000	100,000	100,000	30,875	20,640	23,000	66,000	76,000	76,000	3592,070	93,066	2389
MAD-0.3-agents384.json	2567	2376	191	476	409	54	19	19	randomSolver	89,840	87,494	88,000	96,000	98,000	99,000	29,096	19,248	21,000	55,000	67,000	66,000	47079,480	100,000	2567
MAD-0.4-agents330.json	3358	3167	191	422	355	54	19	19	referenceSolver	85,103	82,290	83,000	96,000	100,000	97,000	34,611	25,418	28,000	70,000	76,000	77,000	4597,571	89,279	2998
MAD-0.4-agents330.json	3358	3167	191	422	355	54	19	19	randomSolver	84,244	80,714	81,000	94,000	99,000	99,000	31,061	22,778	24,000	56,000	66,000	66,000	26861,185	100,000	3358
MAD-0.6-agents17.json	4942	4751	191	109	42	54	19	19	referenceSolver	99,297	98,331	98,000	99,000	98,000	100,000	72,814	24,950	33,000	74,000	76,000	76,000	1961,449	4,148	205
MAD-0.6-agents17.json	4942	4751	191	109	42	54	19	19	randomSolver	89,531	75,624	75,000	87,000	100,000	99,000	70,232	67,543	67,000	72,000	65,000	66,000	8580,987	31,364	1550
MAD-0.8-agents273.json	6525	6334	191	365	298	54	19	19	referenceSolver	81,724	78,351	78,000	90,000	98,000	99,000	39,295	31,285	32,000	65,000	76,000	75,000	8648,031	58,130	3793
MAD-0.8-agents273.json	6525	6334	191	365	298	54	19	19	randomSolver	72,500	66,551	67,000	85,000	99,000	98,000	47,515	42,843	43,000	59,000	66,000	67,000	98340,816	94,483	6165
MAD-0.8-agents88.json	6525	6334	191	180	113	54	19	19	referenceSolver	84,708	76,911	78,000	91,000	98,000	96,000	56,180	40,932	44,000	72,000	76,000	78,000	3292,401	26,100	1703
MAD-0.8-agents88.json	6525	6334	191	180	113	54	19	19	randomSolver	81,103	70,396	71,000	87,000	99,000	100,000	64,541	61,469	62,000	67,000	66,000	65,000	17005,849	51,969	3391
MAD-0.1-agents161.json	984	793	191	253	186	54	19	19	referenceSolver	92,740	89,911	90,000	96,000	96,000	97,000	41,058	19,235	25,000	71,000	78,000	77,000	257,774	91,768	903
MAD-0.1-agents161.json	984	793	191	253	186	54	19	19	randomSolver	94,916	92,130	93,000	97,000	98,000	99,000	37,771	17,601	24,000	56,000	67,000	66,000	6080,739	100,000	984
MAD-1.0-agents279.json	8108	7917	191	371	304	54	19	19	referenceSolver	81,906	78,535	79,000	93,000	98,000	97,000	41,047	33,623	35,000	67,000	76,000	77,000	13011,162	50,777	4117
MAD-1.0-agents279.json	8108	7917	191	371	304	54	19	19	randomSolver	72,123	66,079	66,000	86,000	100,000	100,000	50,655	46,825	47,000	60,000	65,000	65,000	71430,122	84,645	6863
MAD-0.45-agents348.json	3754	3563	191	440	373	54	19	19	referenceSolver	84,156	81,344	82,000	91,000	100,000	100,000	34,569	26,212	28,000	68,000	76,000	76,000	5779,864	90,384	3393
MAD-0.45-agents348.json	3754	3563	191	440	373	54	19	19	randomSolver	83,005	79,670	80,000	92,000	99,000	100,000	30,969	23,353	25,000	56,000	66,000	65,000	33787,913	100,000	3754
MAD-0.9-agents376.json	7316	7125	191	468	401	54	19	19	referenceSolver	81,892	79,170	79,000	91,000	100,000	100,000	36,469	29,985	31,000	65,000	76,000	74,000	16187,321	64,461	4716
MAD-0.9-agents376.json	7316	7125	191	468	401	54	19	19	randomSolver	71,690	67,070	67,000	88,000	98,000	98,000	42,094	37,747	38,000	57,000	67,000	67,000	181039,503	99,645	7290
MAD-0.15-agents75.json	1379	1188	191	167	100	54	19	19	referenceSolver	86,760	78,658	80,000	93,000	98,000	98,000	48,295	27,572	32,000	65,000	76,000	76,000	177,976	78,608	1084
MAD-0.15-agents75.json	1379	1188	191	167	100	54	19	19	randomSolver	83,264	70,426	73,000	90,000	100,000	99,000	45,489	29,091	33,000	56,000	65,000	66,000	3503,419	100,000	1379
MAD-0.5-agents235.json	4150	3959	191	327	260	54	19	19	referenceSolver	84,562	80,827	81,000	92,000	100,000	100,000	38,864	28,993	30,000	66,000	76,000	76,000	3615,692	69,349	2878
MAD-0.5-agents235.json	4150	3959	191	327	260	54	19	19	randomSolver	74,822	68,383	69,000	89,000	99,000	99,000	40,360	33,137	34,000	56,000	66,000	66,000	37753,829	99,976	4149
MAD-0.2-agents281.json	1775	1584	191	373	306	54	19	19	referenceSolver	91,083	88,886	89,000	95,000	98,000	98,000	34,214	20,079	23,000	72,000	76,000	76,000	1344,582	91,155	1618
MAD-0.2-agents281.json	1775	1584	191	373	306	54	19	19	randomSolver	91,986	89,090	89,000	96,000	100,000	99,000	31,625	18,491	22,000	56,000	65,000	66,000	16844,793	100,000	1775
MAD-0.7-agents480.json	5733	5542	191	572	505	54	19	19	referenceSolver	82,683	80,707	81,000	93,000	98,000	97,000	32,811	27,033	28,000	68,000	76,000	77,000	14484,590	90,773	5204
MAD-0.7-agents480.json	5733	5542	191	572	505	54	19	19	randomSolver	78,917	75,861	76,000	90,000	100,000	100,000	30,716	25,366	26,000	56,000	65,000	65,000	66306,938	100,000	5733
MAD-0.7-agents195.json	5733	5542	191	287	220	54	19	19	referenceSolver	82,063	77,391	78,000	91,000	100,000	98,000	44,033	34,306	36,000	68,000	76,000	76,000	4661,163	53,061	3042
MAD-0.7-agents195.json	5733	5542	191	287	220	54	19	19	randomSolver	73,549	65,913	66,000	85,000	99,000	99,000	51,325	46,064	46,000	59,000	66,000	66,000	27584,133	85,871	4923
MAD-0.25-agents118.json	2171	1980	191	210	143	54	19	19	referenceSolver	85,453	79,865	80,000	91,000	97,000	96,000	44,545	28,727	31,000	64,000	77,000	78,000	598,573	74,896	1626
MAD-0.25-agents118.json	2171	1980	191	210	143	54	19	19	randomSolver	80,005	70,040	72,000	91,000	97,000	100,000	43,572	31,748	35,000	56,000	68,000	65,000	18386,948	100,000	2171
MAD-0.3-agents59.json	2567	2376	191	151	84	54	19	19	referenceSolver	87,350	78,247	79,000	92,000	97,000	100,000	55,143	34,624	35,000	65,000	77,000	76,000	482,160	43,787	1124
MAD-0.3-agents59.json	2567	2376	191	151	84	54	19	19	randomSolver	80,809	65,575	67,000	85,000	99,000	99,000	57,833	48,777	50,000	61,000	66,000	66,000	6004,551	78,574	2017
MAD-0.9-agents233.json	7316	7125	191	325	258	54	19	19	referenceSolver	82,454	78,496	79,000	91,000	99,000	97,000	43,754	34,886	36,000	68,000	75,000	77,000	10596,663	46,856	3428
MAD-0.9-agents233.json	7316	7125	191	325	258	54	19	19	randomSolver	72,683	65,829	66,000	86,000	100,000	98,000	52,018	47,713	48,000	61,000	65,000	67,000	94520,567	81,383	5954
MAD-1.0-agents296.json	8108	7917	191	388	321	54	19	19	referenceSolver	80,667	77,288	77,000	89,000	100,000	98,000	40,847	33,591	34,000	68,000	76,000	76,000	14275,669	53,441	4333
MAD-1.0-agents296.json	8108	7917	191	388	321	54	19	19	randomSolver	72,426	66,692	67,000	87,000	99,000	98,000	49,691	45,928	46,000	59,000	66,000	67,000	115007,307	87,346	7082
MAD-0.9-agents399.json	7316	7125	191	491	424	54	19	19	referenceSolver	81,566	79,038	79,000	91,000	98,000	99,000	35,704	29,450	29,000	64,000	76,000	75,000	17659,910	67,031	4904
MAD-0.9-agents399.json	7316	7125	191	491	424	54	19	19	randomSolver	71,681	67,240	67,000	89,000	98,000	99,000	40,198	35,819	36,000	56,000	67,000	66,000	86535,035	99,945	7312
MAD-0.5-agents370.json	4150	3959	191	462	395	54	19	19	referenceSolver	84,027	81,467	81,000	92,000	99,000	100,000	33,515	25,868	27,000	65,000	75,000	76,000	6480,861	89,904	3731
MAD-0.5-agents370.json	4150	3959	191	462	395	54	19	19	randomSolver	81,792	78,268	79,000	91,000	99,000	100,000	31,210	24,202	25,000	56,000	66,000	65,000	40287,864	100,000	4150
MAD-0.35-agents349.json	2963	2772	191	441	374	54	19	19	referenceSolver	86,979	84,295	84,000	94,000	99,000	100,000	33,275	23,521	25,000	67,000	75,000	76,000	4188,378	91,090	2699
MAD-0.35-agents349.json	2963	2772	191	441	374	54	19	19	randomSolver	86,608	83,373	84,000	94,000	100,000	100,000	29,941	20,984	23,000	55,000	65,000	65,000	28020,854	100,000	2963
MAD-0.1-agents474.json	984	793	191	566	499	54	19	19	referenceSolver	98,234	98,461	98,000	97,000	98,000	96,000	34,864	15,190	23,000	74,000	76,000	78,000	892,893	94,411	929
MAD-0.1-agents474.json	984	793	191	566	499	54	19	19	randomSolver	97,784	96,761	97,000	97,000	100,000	99,000	35,219	15,565	22,000	60,000	65,000	66,000	12821,840	100,000	984
MAD-0.4-agents275.json	3358	3167	191	367	300	54	19	19	referenceSolver	84,481	81,338	82,000	93,000	98,000	98,000	35,917	26,474	28,000	66,000	76,000	76,000	3108,766	87,999	2955
MAD-0.4-agents275.json	3358	3167	191	367	300	54	19	19	randomSolver	81,228	76,706	77,000	92,000	99,000	98,000	33,518	25,032	26,000	56,000	66,000	67,000	34958,096	100,000	3358
MAD-0.8-agents67.json	6525	6334	191	159	92	54	19	19	referenceSolver	88,795	81,435	81,000	92,000	99,000	98,000	61,061	45,540	45,000	73,000	75,000	76,000	3122,603	23,295	1520
MAD-0.8-agents67.json	6525	6334	191	159	92	54	19	19	randomSolver	83,489	72,798	73,000	86,000	98,000	99,000	67,825	65,242	65,000	69,000	67,000	66,000	14558,912	45,808	2989
MAD-0.05-agents419.json	588	397	191	511	444	54	19	19	referenceSolver	99,089	99,318	99,000	98,000	100,000	99,000	44,153	14,807	26,000	74,000	76,000	75,000	305,307	90,816	534
MAD-0.05-agents419.json	588	397	191	511	444	54	19	19	randomSolver	98,610	97,993	98,000	98,000	99,000	99,000	43,283	15,276	27,000	60,000	66,000	66,000	3527,780	100,000	588
MAD-0.15-agents218.json	1379	1188	191	310	243	54	19	19	referenceSolver	92,263	89,337	90,000	96,000	100,000	100,000	36,464	19,675	25,000	70,000	76,000	74,000	628,465	92,603	1277
MAD-0.15-agents218.json	1379	1188	191	310	243	54	19	19	randomSolver	92,563	89,483	90,000	95,000	99,000	97,000	34,235	18,255	22,000	57,000	66,000	68,000	11489,588	100,000	1379
MAD-0.8-agents336.json	6525	6334	191	428	361	54	19	19	referenceSolver	83,250	80,621	81,000	94,000	97,000	99,000	37,159	30,087	31,000	68,000	77,000	75,000	10836,856	66,084	4312
MAD-0.8-agents336.json	6525	6334	191	428	361	54	19	19	randomSolver	73,002	67,914	68,000	89,000	99,000	99,000	42,155	37,454	38,000	56,000	66,000	66,000	88042,794	99,770	6510
MAD-0.05-agents35.json	588	397	191	127	60	54	19	19	referenceSolver	93,462	84,382	88,000	95,000	100,000	98,000	56,655	22,823	40,000	66,000	76,000	76,000	31,690	80,442	473
MAD-0.05-agents35.json	588	397	191	127	60	54	19	19	randomSolver	92,855	81,838	86,000	94,000	98,000	99,000	50,535	22,752	36,000	56,000	67,000	66,000	1063,672	100,000	588
MAD-0.45-agents48.json	3754	3563	191	140	73	54	19	19	referenceSolver	88,418	78,052	78,000	90,000	100,000	100,000	61,765	43,877	44,000	71,000	76,000	74,000	904,082	31,939	1199
MAD-0.45-agents48.json	3754	3563	191	140	73	54	19	19	randomSolver	83,470	69,361	70,000	85,000	99,000	99,000	63,518	57,488	59,000	65,000	66,000	66,000	8388,653	55,781	2094
MAD-1.0-agents445.json	8108	7917	191	537	470	54	19	19	referenceSolver	81,618	79,441	79,000	90,000	100,000	97,000	35,227	29,540	30,000	68,000	76,000	77,000	22405,388	67,933	5508
MAD-1.0-agents445.json	8108	7917	191	537	470	54	19	19	randomSolver	71,062	67,049	67,000	87,000	97,000	99,000	39,865	35,855	36,000	57,000	68,000	66,000	306008,061	99,975	8106
MAD-0.7-agents316.json	5733	5542	191	408	341	54	19	19	referenceSolver	82,005	79,019	79,000	92,000	100,000	97,000	37,066	29,685	31,000	66,000	74,000	77,000	7911,317	71,272	4086
MAD-0.7-agents316.json	5733	5542	191	408	341	54	19	19	randomSolver	73,646	68,460	69,000	90,000	98,000	98,000	40,467	35,022	36,000	57,000	67,000	67,000	56045,590	99,983	5732
MAD-0.25-agents231.json	2171	1980	191	323	256	54	19	19	referenceSolver	86,189	82,147	83,000	95,000	98,000	99,000	37,566	24,838	28,000	67,000	76,000	75,000	1558,114	92,354	2005
MAD-0.25-agents231.json	2171	1980	191	323	256	54	19	19	randomSolver	86,754	82,174	83,000	93,000	100,000	98,000	33,509	21,816	24,000	56,000	65,000	67,000	17354,258	100,000	2171
MAD-0.2-agents147.json	1775	1584	191	239	172	54	19	19	referenceSolver	87,107	82,400	83,000	93,000	97,000	97,000	40,198	24,456	28,000	64,000	77,000	77,000	558,893	86,423	1534
MAD-0.2-agents147.json	1775	1584	191	239	172	54	19	19	randomSolver	84,075	76,376	78,000	92,000	99,000	99,000	38,411	24,465	28,000	57,000	66,000	66,000	11109,009	100,000	1775
MAD-0.35-agents430.json	2963	2772	191	522	455	54	19	19	referenceSolver	89,121	87,254	87,000	94,000	97,000	100,000	30,852	21,557	24,000	67,000	77,000	74,000	5359,458	92,170	2731
MAD-0.35-agents430.json	2963	2772	191	522	455	54	19	19	randomSolver	88,875	86,395	86,000	96,000	100,000	99,000	28,264	19,539	21,000	56,000	65,000	66,000	32441,431	100,000	2963
MAD-0.45-agents124.json	3754	3563	191	216	149	54	19	19	referenceSolver	83,784	77,332	78,000	91,000	98,000	99,000	49,037	36,246	38,000	68,000	76,000	75,000	1579,281	56,739	2130
MAD-0.45-agents124.json	3754	3563	191	216	149	54	19	19	randomSolver	75,675	65,259	66,000	84,000	98,000	99,000	52,460	45,018	46,000	60,000	67,000	66,000	32383,707	87,347	3279
MAD-0.5-agents409.json	4150	3959	191	501	434	54	19	19	referenceSolver	85,465	83,286	83,000	95,000	98,000	97,000	32,543	25,050	26,000	69,000	76,000	77,000	8049,579	90,361	3750
MAD-0.5-agents409.json	4150	3959	191	501	434	54	19	19	randomSolver	83,437	80,569	81,000	92,000	98,000	98,000	29,794	22,841	24,000	55,000	67,000	67,000	55993,666	100,000	4150
MAD-0.25-agents53.json	2171	1980	191	145	78	54	19	19	referenceSolver	87,958	78,557	81,000	91,000	97,000	98,000	57,009	35,123	42,000	71,000	77,000	76,000	307,658	46,661	1013
MAD-0.25-agents53.json	2171	1980	191	145	78	54	19	19	randomSolver	81,067	64,386	67,000	87,000	99,000	98,000	57,104	47,078	49,000	60,000	66,000	67,000	8800,611	81,575	1771
MAD-0.15-agents131.json	1379	1188	191	223	156	54	19	19	referenceSolver	88,989	83,883	85,000	92,000	99,000	99,000	42,159	23,811	27,000	66,000	75,000	75,000	370,700	90,283	1245
MAD-0.15-agents131.json	1379	1188	191	223	156	54	19	19	randomSolver	88,584	82,116	83,000	92,000	100,000	100,000	38,792	22,233	27,000	56,000	65,000	65,000	5414,097	100,000	1379
MAD-0.3-agents412.json	2567	2376	191	504	437	54	19	19	referenceSolver	90,840	89,198	89,000	95,000	100,000	97,000	30,193	20,065	21,000	69,000	76,000	77,000	3928,038	93,416	2398
MAD-0.3-agents412.json	2567	2376	191	504	437	54	19	19	randomSolver	90,100	87,698	88,000	96,000	98,000	99,000	28,758	18,985	21,000	56,000	67,000	66,000	54012,833	100,000	2567
MAD-0.05-agents360.json	588	397	191	452	385	54	19	19	referenceSolver	98,724	98,704	98,000	98,000	100,000	97,000	44,406	15,031	23,000	72,000	76,000	77,000	265,065	90,816	534
MAD-0.05-agents360.json	588	397	191	452	385	54	19	19	randomSolver	98,671	97,843	98,000	99,000	99,000	99,000	43,184	15,269	28,000	60,000	66,000	66,000	2997,732	100,000	588
MAD-0.6-agents213.json	4942	4751	191	305	238	54	19	19	referenceSolver	81,796	77,394	78,000	91,000	98,000	98,000	42,302	32,522	33,000	68,000	76,000	76,000	4569,920	61,068	3018
MAD-0.6-agents213.json	4942	4751	191	305	238	54	19	19	randomSolver	73,546	66,372	67,000	86,000	99,000	99,000	47,585	41,686	42,000	58,000	66,000	66,000	59790,909	97,531	4820
MAD-0.9-agents13.json	7316	7125	191	105	38	54	19	19	referenceSolver	99,381	100,000	100,000	99,000	99,000	99,000	72,530	14,583	38,000	73,000	75,000	75,000	3174,108	2,269	166
MAD-0.9-agents13.json	7316	7125	191	105	38	54	19	19	randomSolver	88,804	71,942	72,000	86,000	100,000	99,000	69,189	63,871	64,000	71,000	65,000	66,000	3825,306	18,248	1335
MAD-0.4-agents449.json	3358	3167	191	541	474	54	19	19	referenceSolver	87,740	85,891	86,000	94,000	97,000	98,000	30,845	22,231	23,000	67,000	77,000	76,000	7983,386	91,215	3063
MAD-0.4-agents449.json	3358	3167	191	541	474	54	19	19	randomSolver	88,578	86,352	86,000	95,000	99,000	99,000	27,644	19,779	21,000	56,000	66,000	66,000	33526,402	100,000	3358
MAD-0.7-agents63.json	5733	5542	191	155	88	54	19	19	referenceSolver	90,318	82,827	83,000	93,000	97,000	100,000	62,324	46,396	48,000	72,000	77,000	76,000	2491,764	23,879	1369
MAD-0.7-agents63.json	5733	5542	191	155	88	54	19	19	randomSolver	83,575	72,373	72,000	85,000	99,000	100,000	67,804	65,227	65,000	70,000	66,000	65,000	13352,086	49,887	2860
MAD-0.1-agents248.json	984	793	191	340	273	54	19	19	referenceSolver	95,886	94,720	95,000	97,000	97,000	99,000	37,883	17,023	22,000	71,000	77,000	75,000	418,166	92,581	911
MAD-0.1-agents248.json	984	793	191	340	273	54	19	19	randomSolver	96,341	93,842	94,000	98,000	100,000	100,000	36,542	16,700	23,000	57,000	65,000	65,000	5086,389	100,000	984
MAD-0.3-agents107.json	2567	2376	191	199	132	54	19	19	referenceSolver	84,016	76,463	77,000	90,000	100,000	100,000	46,707	31,100	32,000	64,000	74,000	76,000	706,226	63,420	1628
MAD-0.3-agents107.json	2567	2376	191	199	132	54	19	19	randomSolver	78,055	66,952	68,000	87,000	98,000	99,000	49,322	39,364	41,000	58,000	67,000	66,000	10583,947	98,052	2517
MAD-1.0-agents49.json	8108	7917	191	141	74	54	19	19	referenceSolver	94,442	88,983	89,000	97,000	96,000	100,000	67,878	52,857	52,000	74,000	78,000	76,000	5357,583	13,986	1134
MAD-1.0-agents49.json	8108	7917	191	141	74	54	19	19	randomSolver	86,253	75,920	76,000	87,000	99,000	99,000	70,484	68,948	69,000	73,000	66,000	66,000	10936,917	32,437	2630
MAD-0.15-agents424.json	1379	1188	191	516	449	54	19	19	referenceSolver	96,418	95,635	95,000	99,000	98,000	96,000	31,761	16,427	20,000	70,000	76,000	78,000	1439,927	94,489	1303
MAD-0.15-agents424.json	1379	1188	191	516	449	54	19	19	randomSolver	95,827	94,311	94,000	97,000	100,000	98,000	32,001	16,544	21,000	59,000	65,000	67,000	15354,069	100,000	1379
MAD-0.6-agents356.json	4942	4751	191	448	381	54	19	19	referenceSolver	81,889	79,192	79,000	92,000	97,000	98,000	35,068	27,825	29,000	69,000	77,000	76,000	8960,947	83,428	4123
MAD-0.6-agents356.json	4942	4751	191	448	381	54	19	19	randomSolver	76,972	72,757	73,000	89,000	99,000	99,000	34,071	27,864	29,000	56,000	66,000	66,000	112382,798	100,000	4942
MAD-0.05-agents225.json	588	397	191	317	250	54	19	19	referenceSolver	97,521	97,934	97,000	96,000	97,000	97,000	45,296	15,467	29,000	72,000	77,000	77,000	152,421	91,156	536
MAD-0.05-agents225.json	588	397	191	317	250	54	19	19	randomSolver	98,130	97,115	97,000	97,000	100,000	98,000	43,681	15,540	27,000	60,000	65,000	67,000	2087,096	100,000	588
MAD-0.35-agents125.json	2963	2772	191	217	150	54	19	19	referenceSolver	84,432	78,571	79,000	90,000	98,000	100,000	44,910	30,831	34,000	65,000	76,000	76,000	876,231	64,090	1899
MAD-0.35-agents125.json	2963	2772	191	217	150	54	19	19	randomSolver	76,767	66,738	68,000	86,000	99,000	98,000	48,763	39,723	41,000	58,000	66,000	67,000	17322,445	97,503	2889
MAD-0.45-agents431.json	3754	3563	191	523	456	54	19	19	referenceSolver	85,845	83,517	84,000	93,000	100,000	99,000	32,188	24,196	26,000	68,000	74,000	75,000	8372,197	91,449	3433
MAD-0.45-agents431.json	3754	3563	191	523	456	54	19	19	randomSolver	85,547	82,784	83,000	94,000	99,000	100,000	28,601	21,279	23,000	55,000	66,000	65,000	47890,192	100,000	3754
MAD-1.0-agents500.json	8108	7917	191	592	525	54	19	19	referenceSolver	82,460	80,507	80,000	93,000	99,000	98,000	34,033	28,887	30,000	67,000	75,000	76,000	25883,209	74,050	6004
MAD-1.0-agents500.json	8108	7917	191	592	525	54	19	19	randomSolver	72,533	69,029	69,000	88,000	98,000	99,000	36,479	32,442	33,000	57,000	67,000	66,000	214441,294	100,000	8108
MAD-0.7-agents253.json	5733	5542	191	345	278	54	19	19	referenceSolver	80,967	77,263	77,000	89,000	99,000	96,000	40,086	31,654	32,000	65,000	75,000	78,000	6317,739	62,707	3595
MAD-0.7-agents253.json	5733	5542	191	345	278	54	19	19	randomSolver	72,600	65,987	67,000	87,000	98,000	98,000	46,672	41,510	42,000	58,000	67,000	67,000	36368,939	96,546	5535
MAD-0.2-agents452.json	1775	1584	191	544	477	54	19	19	referenceSolver	94,406	93,292	93,000	96,000	99,000	99,000	30,764	17,791	21,000	72,000	75,000	75,000	2353,993	94,141	1671
MAD-0.2-agents452.json	1775	1584	191	544	477	54	19	19	randomSolver	93,878	92,107	92,000	96,000	98,000	98,000	29,882	17,127	20,000	58,000	67,000	67,000	21795,525	100,000	1775
MAD-0.35-agents6.json	2963	2772	191	98	31	54	19	19	referenceSolver	95,465	85,940	86,000	93,000	100,000	97,000	74,568	51,518	50,000	75,000	76,000	77,000	295,361	18,832	558
MAD-0.35-agents6.json	2963	2772	191	98	31	54	19	19	randomSolver	89,833	71,536	72,000	86,000	98,000	98,000	69,874	64,573	65,000	71,000	67,000	67,000	2023,212	36,382	1078
MAD-0.35-agents13.json	2963	2772	191	105	38	54	19	19	referenceSolver	93,625	83,795	85,000	91,000	97,000	98,000	72,053	49,647	52,000	73,000	77,000	76,000	303,936	23,017	682
MAD-0.35-agents13.json	2963	2772	191	105	38	54	19	19	randomSolver	88,215	70,054	71,000	86,000	98,000	98,000	69,043	63,745	65,000	71,000	67,000	67,000	6373,616	42,761	1267
MAD-1.0-agents150.json	8108	7917	191	242	175	54	19	19	referenceSolver	82,329	76,486	76,000	90,000	100,000	98,000	50,172	39,128	39,000	70,000	76,000	76,000	8380,322	32,622	2645
MAD-1.0-agents150.json	8108	7917	191	242	175	54	19	19	randomSolver	75,525	66,802	67,000	86,000	98,000	99,000	60,080	56,520	57,000	64,000	67,000	66,000	52268,631	59,423	4818
MAD-0.25-agents374.json	2171	1980	191	466	399	54	19	19	referenceSolver	90,878	88,732	89,000	97,000	99,000	98,000	31,608	20,035	23,000	69,000	75,000	76,000	2924,259	93,459	2029
MAD-0.25-agents374.json	2171	1980	191	466	399	54	19	19	randomSolver	91,658	89,355	90,000	96,000	99,000	98,000	29,611	18,496	21,000	56,000	66,000	67,000	21033,352	100,000	2171
MAD-0.25-agents163.json	2171	1980	191	255	188	54	19	19	referenceSolver	84,824	79,859	81,000	93,000	99,000	97,000	41,564	28,082	31,000	71,000	75,000	77,000	914,799	90,696	1969
MAD-0.25-agents163.json	2171	1980	191	255	188	54	19	19	randomSolver	81,863	74,528	76,000	92,000	98,000	100,000	37,825	25,798	29,000	55,000	67,000	65,000	18991,100	100,000	2171
MAD-0.35-agents298.json	2963	2772	191	390	323	54	19	19	referenceSolver	84,545	81,232	81,000	92,000	98,000	98,000	35,149	24,966	27,000	64,000	76,000	76,000	3409,285	89,369	2648
MAD-0.35-agents298.json	2963	2772	191	390	323	54	19	19	randomSolver	84,989	81,211	82,000	93,000	99,000	99,000	31,255	22,156	24,000	55,000	66,000	66,000	20209,985	100,000	2963
MAD-0.2-agents215.json	1775	1584	191	307	240	54	19	19	referenceSolver	89,785	86,450	87,000	93,000	100,000	99,000	36,855	22,190	24,000	65,000	76,000	75,000	972,914	90,986	1615
MAD-0.2-agents215.json	1775	1584	191	307	240	54	19	19	randomSolver	89,057	84,529	85,000	95,000	99,000	100,000	33,997	20,569	23,000	56,000	66,000	65,000	10450,974	100,000	1775
MAD-0.25-agents499.json	2171	1980	191	591	524	54	19	19	referenceSolver	93,076	91,831	92,000	96,000	98,000	98,000	29,488	18,432	21,000	71,000	76,000	76,000	3984,969	94,427	2050
MAD-0.25-agents499.json	2171	1980	191	591	524	54	19	19	randomSolver	93,099	91,251	91,000	96,000	99,000	98,000	28,479	17,588	21,000	57,000	66,000	67,000	24439,713	100,000	2171
MAD-0.3-agents22.json	2567	2376	191	114	47	54	19	19	referenceSolver	92,644	81,463	84,000	93,000	99,000	96,000	67,997	43,195	50,000	72,000	75,000	78,000	337,350	25,516	655
MAD-0.3-agents22.json	2567	2376	191	114	47	54	19	19	randomSolver	85,763	67,026	69,000	84,000	99,000	99,000	65,570	58,560	60,000	67,000	66,000	66,000	3475,364	54,772	1406
MAD-0.45-agents276.json	3754	3563	191	368	301	54	19	19	referenceSolver	82,603	79,197	79,000	91,000	100,000	98,000	36,496	27,629	28,000	68,000	74,000	76,000	3815,638	86,308	3240
MAD-0.45-agents276.json	3754	3563	191	368	301	54	19	19	randomSolver	79,850	75,219	76,000	91,000	98,000	98,000	35,043	27,151	28,000	56,000	67,000	67,000	41737,328	100,000	3754
MAD-1.0-agents347.json	8108	7917	191	439	372	54	19	19	referenceSolver	81,141	78,354	78,000	90,000	98,000	98,000	37,952	31,335	31,000	66,000	76,000	76,000	17137,693	58,226	4721
MAD-1.0-agents347.json	8108	7917	191	439	372	54	19	19	randomSolver	71,990	67,036	67,000	88,000	98,000	99,000	46,748	42,973	43,000	57,000	67,000	66,000	101789,426	95,067	7708
MAD-0.7-agents414.json	5733	5542	191	506	439	54	19	19	referenceSolver	83,431	81,267	81,000	89,000	100,000	100,000	34,166	28,013	29,000	66,000	76,000	76,000	11156,696	86,098	4936
MAD-0.7-agents414.json	5733	5542	191	506	439	54	19	19	randomSolver	76,000	72,126	72,000	91,000	100,000	98,000	33,561	28,150	29,000	56,000	65,000	67,000	146382,776	100,000	5733
MAD-0.9-agents248.json	7316	7125	191	340	273	54	19	19	referenceSolver	81,461	77,465	78,000	90,000	98,000	100,000	42,823	34,367	35,000	69,000	76,000	76,000	13023,842	49,631	3631
MAD-0.9-agents248.json	7316	7125	191	340	273	54	19	19	randomSolver	72,957	66,598	67,000	86,000	98,000	99,000	51,024	46,787	47,000	60,000	67,000	66,000	43421,475	84,554	6186
MAD-0.35-agents332.json	2963	2772	191	424	357	54	19	19	referenceSolver	86,563	83,921	84,000	94,000	97,000	99,000	33,874	23,956	26,000	68,000	77,000	75,000	4061,086	90,685	2687
MAD-0.35-agents332.json	2963	2772	191	424	357	54	19	19	randomSolver	86,282	83,031	83,000	94,000	99,000	99,000	30,115	21,117	23,000	56,000	66,000	66,000	41233,739	100,000	2963
MAD-0.6-agents83.json	4942	4751	191	175	108	54	19	19	referenceSolver	85,998	77,974	78,000	91,000	96,000	97,000	58,569	42,982	45,000	69,000	78,000	77,000	2477,411	32,113	1587
MAD-0.6-agents83.json	4942	4751	191	175	108	54	19	19	randomSolver	79,517	67,404	68,000	85,000	100,000	100,000	61,170	55,975	57,000	65,000	65,000	65,000	24879,474	60,745	3002
MAD-0.6-agents141.json	4942	4751	191	233	166	54	19	19	referenceSolver	82,946	76,798	77,000	89,000	97,000	100,000	49,148	36,932	38,000	70,000	77,000	76,000	3354,395	46,843	2315
MAD-0.6-agents141.json	4942	4751	191	233	166	54	19	19	randomSolver	74,811	65,142	66,000	85,000	98,000	99,000	54,513	48,792	49,000	61,000	67,000	66,000	17354,329	79,826	3945
MAD-0.05-agents462.json	588	397	191	554	487	54	19	19	referenceSolver	99,259	99,718	99,000	97,000	100,000	100,000	43,959	14,720	27,000	74,000	76,000	76,000	344,940	91,327	537
MAD-0.05-agents462.json	588	397	191	554	487	54	19	19	randomSolver	98,602	98,300	98,000	98,000	98,000	98,000	43,086	15,226	26,000	60,000	67,000	67,000	3840,853	100,000	588
MAD-0.3-agents310.json	2567	2376	191	402	335	54	19	19	referenceSolver	87,083	84,206	84,000	96,000	98,000	99,000	33,524	22,824	25,000	68,000	76,000	75,000	2834,155	92,832	2383
MAD-0.3-agents310.json	2567	2376	191	402	335	54	19	19	randomSolver	87,563	84,292	85,000	93,000	99,000	100,000	31,027	20,903	23,000	57,000	66,000	65,000	29636,896	100,000	2567
MAD-0.15-agents263.json	1379	1188	191	355	288	54	19	19	referenceSolver	93,078	90,980	91,000	96,000	100,000	97,000	35,133	18,644	24,000	70,000	76,000	77,000	860,197	93,328	1287
MAD-0.15-agents263.json	1379	1188	191	355	288	54	19	19	randomSolver	93,979	91,517	92,000	96,000	99,000	99,000	33,359	17,583	22,000	57,000	66,000	66,000	11048,711	100,000	1379
MAD-0.05-agents198.json	588	397	191	290	223	54	19	19	referenceSolver	97,106	97,759	97,000	95,000	97,000	97,000	46,029	15,836	29,000	74,000	77,000	77,000	128,399	90,476	532
MAD-0.05-agents198.json	588	397	191	290	223	54	19	19	randomSolver	97,781	96,233	96,000	97,000	99,000	99,000	44,188	16,067	28,000	59,000	66,000	66,000	2665,446	100,000	588
MAD-0.05-agents177.json	588	397	191	269	202	54	19	19	referenceSolver	97,293	96,289	96,000	97,000	98,000	100,000	46,662	16,192	27,000	74,000	76,000	76,000	114,356	89,286	525
MAD-0.05-agents177.json	588	397	191	269	202	54	19	19	randomSolver	97,242	95,333	96,000	97,000	98,000	98,000	44,395	16,225	28,000	58,000	67,000	67,000	2152,591	100,000	588
MAD-0.15-agents326.json	1379	1188	191	418	351	54	19	19	referenceSolver	94,804	93,795	94,000	95,000	99,000	97,000	33,514	17,517	23,000	71,000	75,000	77,000	1067,343	93,909	1295
MAD-0.15-agents326.json	1379	1188	191	418	351	54	19	19	randomSolver	95,121	93,090	93,000	96,000	99,000	99,000	32,484	16,974	21,000	58,000	66,000	66,000	13726,006	100,000	1379
MAD-0.6-agents454.json	4942	4751	191	546	479	54	19	19	referenceSolver	83,392	81,307	81,000	93,000	97,000	97,000	32,380	25,938	27,000	69,000	77,000	77,000	12327,310	92,250	4559
MAD-0.6-agents454.json	4942	4751	191	546	479	54	19	19	randomSolver	82,044	79,249	79,000	92,000	99,000	98,000	29,721	23,731	25,000	55,000	66,000	67,000	95513,167	100,000	4942
MAD-0.8-agents208.json	6525	6334	191	300	233	54	19	19	referenceSolver	82,244	78,267	78,000	90,000	98,000	96,000	42,733	33,177	34,000	68,000	76,000	78,000	6459,989	48,475	3163
MAD-0.8-agents208.json	6525	6334	191	300	233	54	19	19	randomSolver	73,202	65,982	66,000	86,000	98,000	99,000	52,493	47,763	48,000	62,000	67,000	66,000	39950,722	82,774	5401
MAD-0.3-agents255.json	2567	2376	191	347	280	54	19	19	referenceSolver	86,216	82,918	83,000	94,000	99,000	97,000	35,202	24,085	27,000	66,000	75,000	77,000	2014,349	91,235	2342
MAD-0.3-agents255.json	2567	2376	191	347	280	54	19	19	randomSolver	85,454	81,377	82,000	93,000	99,000	98,000	33,035	22,621	25,000	56,000	66,000	67,000	39105,700	100,000	2567
MAD-1.0-agents202.json	8108	7917	191	294	227	54	19	19	referenceSolver	81,464	76,842	77,000	90,000	97,000	100,000	46,082	36,854	39,000	69,000	77,000	76,000	9616,181	40,701	3300
MAD-1.0-agents202.json	8108	7917	191	294	227	54	19	19	randomSolver	73,391	65,910	66,000	85,000	99,000	100,000	55,657	51,861	52,000	61,000	66,000	65,000	45205,905	70,548	5720
MAD-0.45-agents333.json	3754	3563	191	425	358	54	19	19	referenceSolver	83,649	80,780	81,000	92,000	97,000	100,000	34,822	26,280	27,000	66,000	77,000	74,000	5661,370	88,918	3338
MAD-0.45-agents333.json	3754	3563	191	425	358	54	19	19	randomSolver	83,019	79,520	80,000	92,000	99,000	98,000	31,620	23,957	25,000	55,000	66,000	67,000	73880,580	100,000	3754
MAD-0.25-agents9.json	2171	1980	191	101	34	54	19	19	referenceSolver	93,483	79,945	81,000	91,000	98,000	97,000	72,676	43,783	46,000	72,000	76,000	77,000	204,392	22,202	482
MAD-0.25-agents9.json	2171	1980	191	101	34	54	19	19	randomSolver	88,361	68,782	71,000	85,000	99,000	97,000	67,046	59,215	61,000	68,000	66,000	68,000	1336,471	48,733	1058
MAD-0.2-agents350.json	1775	1584	191	442	375	54	19	19	referenceSolver	92,710	91,202	91,000	96,000	97,000	99,000	32,165	18,641	22,000	70,000	77,000	75,000	1750,790	92,845	1648
MAD-0.2-agents350.json	1775	1584	191	442	375	54	19	19	randomSolver	92,547	90,033	90,000	97,000	97,000	99,000	31,268	18,211	21,000	56,000	68,000	66,000	13431,167	100,000	1775
MAD-0.35-agents277.json	2963	2772	191	369	302	54	19	19	referenceSolver	84,456	80,975	81,000	93,000	100,000	97,000	35,907	25,428	27,000	66,000	76,000	77,000	3042,614	87,479	2592
MAD-0.35-agents277.json	2963	2772	191	369	302	54	19	19	randomSolver	84,110	79,939	80,000	94,000	99,000	100,000	32,183	22,978	25,000	55,000	66,000	65,000	21177,342	100,000	2963
MAD-0.5-agents41.json	4150	3959	191	133	66	54	19	19	referenceSolver	89,891	79,050	79,000	91,000	100,000	96,000	65,494	44,319	45,000	73,000	76,000	78,000	1273,066	22,313	926
MAD-0.5-agents41.json	4150	3959	191	133	66	54	19	19	randomSolver	84,898	71,346	72,000	85,000	99,000	99,000	66,163	61,468	62,000	67,000	66,000	66,000	8109,631	49,759	2065
MAD-0.7-agents101.json	5733	5542	191	193	126	54	19	19	referenceSolver	84,490	77,383	78,000	90,000	99,000	97,000	53,510	39,889	42,000	67,000	75,000	77,000	2723,749	34,031	1951
MAD-0.7-agents101.json	5733	5542	191	193	126	54	19	19	randomSolver	77,874	66,514	67,000	86,000	99,000	100,000	61,053	56,743	57,000	65,000	66,000	65,000	19169,710	60,597	3474
MAD-0.45-agents299.json	3754	3563	191	391	324	54	19	19	referenceSolver	82,613	79,476	80,000	91,000	97,000	97,000	35,565	26,827	28,000	67,000	77,000	77,000	4518,087	86,947	3264
MAD-0.45-agents299.json	3754	3563	191	391	324	54	19	19	randomSolver	81,071	76,945	77,000	92,000	98,000	97,000	33,455	25,624	27,000	56,000	67,000	68,000	55294,002	100,000	3754
MAD-0.25-agents476.json	2171	1980	191	568	501	54	19	19	referenceSolver	92,710	91,193	91,000	98,000	99,000	98,000	30,027	18,830	21,000	70,000	75,000	76,000	3790,266	94,242	2046
MAD-0.25-agents476.json	2171	1980	191	568	501	54	19	19	randomSolver	93,748	92,258	92,000	97,000	98,000	98,000	28,242	17,343	20,000	57,000	67,000	67,000	35700,590	100,000	2171
MAD-0.7-agents18.json	5733	5542	191	110	43	54	19	19	referenceSolver	94,733	83,656	84,000	94,000	98,000	98,000	71,829	52,099	53,000	73,000	76,000	76,000	984,270	10,012	574
MAD-0.7-agents18.json	5733	5542	191	110	43	54	19	19	randomSolver	89,208	74,694	75,000	87,000	99,000	100,000	70,859	68,285	68,000	73,000	66,000	65,000	2172,486	26,949	1545
MAD-0.3-agents486.json	2567	2376	191	578	511	54	19	19	referenceSolver	91,620	90,071	90,000	96,000	99,000	99,000	28,906	19,168	21,000	72,000	75,000	75,000	2862,643	94,196	2418
MAD-0.3-agents486.json	2567	2376	191	578	511	54	19	19	randomSolver	91,511	89,759	90,000	96,000	98,000	98,000	28,093	18,352	21,000	58,000	67,000	67,000	23075,124	100,000	2567
MAD-0.8-agents121.json	6525	6334	191	213	146	54	19	19	referenceSolver	84,125	78,011	78,000	91,000	98,000	100,000	50,280	37,397	38,000	70,000	76,000	74,000	2323,806	33,349	2176
MAD-0.8-agents121.json	6525	6334	191	213	146	54	19	19	randomSolver	76,768	66,698	67,000	85,000	100,000	100,000	59,725	55,247	56,000	64,000	65,000	65,000	21292,549	60,582	3953
MAD-0.4-agents432.json	3358	3167	191	524	457	54	19	19	referenceSolver	87,001	84,724	85,000	97,000	97,000	100,000	31,475	22,868	25,000	69,000	77,000	76,000	4180,157	91,275	3065
MAD-0.4-agents432.json	3358	3167	191	524	457	54	19	19	randomSolver	87,197	84,699	85,000	94,000	98,000	98,000	28,426	20,438	22,000	57,000	67,000	67,000	43868,084	100,000	3358
MAD-0.1-agents94.json	984	793	191	186	119	54	19	19	referenceSolver	90,947	85,097	86,000	95,000	100,000	97,000	46,276	22,738	29,000	69,000	76,000	77,000	89,750	88,313	869
MAD-0.1-agents94.json	984	793	191	186	119	54	19	19	randomSolver	90,621	82,771	85,000	95,000	100,000	99,000	41,812	21,211	27,000	56,000	65,000	66,000	1366,037	100,000	984
MAD-1.0-agents32.json	8108	7917	191	124	57	54	19	19	referenceSolver	96,123	89,138	89,000	98,000	98,000	100,000	71,323	53,157	54,000	75,000	76,000	76,000	2701,670	8,744	709
MAD-1.0-agents32.json	8108	7917	191	124	57	54	19	19	randomSolver	88,089	76,214	76,000	89,000	100,000	99,000	70,283	67,941	68,000	74,000	65,000	66,000	7404,732	25,148	2039
MAD-0.6-agents287.json	4942	4751	191	379	312	54	19	19	referenceSolver	82,643	79,499	80,000	94,000	97,000	97,000	37,906	29,605	31,000	68,000	77,000	77,000	5442,059	72,562	3586
MAD-0.6-agents287.json	4942	4751	191	379	312	54	19	19	randomSolver	73,564	67,718	68,000	89,000	98,000	100,000	39,279	33,069	34,000	56,000	67,000	65,000	39031,678	100,000	4942
MAD-0.9-agents87.json	7316	7125	191	179	112	54	19	19	referenceSolver	90,899	85,307	85,000	94,000	100,000	97,000	61,600	47,325	47,000	75,000	76,000	77,000	4152,104	22,704	1661
MAD-0.9-agents87.json	7316	7125	191	179	112	54	19	19	randomSolver	81,900	71,995	72,000	87,000	99,000	99,000	66,631	64,274	64,000	69,000	66,000	66,000	17161,800	48,756	3567
MAD-0.1-agents233.json	984	793	191	325	258	54	19	19	referenceSolver	95,708	93,976	94,000	97,000	99,000	100,000	38,501	17,480	22,000	73,000	75,000	76,000	255,864	92,683	912
MAD-0.1-agents233.json	984	793	191	325	258	54	19	19	randomSolver	96,420	94,648	95,000	98,000	98,000	99,000	36,330	16,417	23,000	57,000	67,000	66,000	3540,387	100,000	984
MAD-0.1-agents399.json	984	793	191	491	424	54	19	19	referenceSolver	97,644	97,149	97,000	97,000	100,000	100,000	35,677	15,709	20,000	72,000	76,000	76,000	514,960	93,801	923
MAD-0.1-agents399.json	984	793	191	491	424	54	19	19	randomSolver	97,139	95,476	96,000	98,000	99,000	100,000	35,620	15,965	22,000	59,000	66,000	65,000	4722,819	100,000	984
MAD-0.4-agents35.json	3358	3167	191	127	60	54	19	19	referenceSolver	88,743	76,682	77,000	90,000	99,000	97,000	64,757	42,997	44,000	73,000	75,000	77,000	436,172	26,861	902
MAD-0.4-agents35.json	3358	3167	191	127	60	54	19	19	randomSolver	84,450	67,936	70,000	86,000	98,000	99,000	64,990	58,853	61,000	66,000	67,000	66,000	4898,049	51,697	1736
MAD-0.9-agents474.json	7316	7125	191	566	499	54	19	19	referenceSolver	82,084	79,999	80,000	91,000	99,000	100,000	33,981	28,428	29,000	66,000	75,000	76,000	14573,394	76,025	5562
MAD-0.9-agents474.json	7316	7125	191	566	499	54	19	19	randomSolver	73,190	69,678	70,000	88,000	98,000	98,000	35,401	30,897	31,000	58,000	67,000	67,000	67115,605	100,000	7316
MAD-0.5-agents167.json	4150	3959	191	259	192	54	19	19	referenceSolver	83,232	77,954	78,000	91,000	100,000	97,000	43,447	31,316	32,000	67,000	76,000	77,000	1970,330	55,253	2293
MAD-0.5-agents167.json	4150	3959	191	259	192	54	19	19	randomSolver	75,075	66,610	67,000	86,000	98,000	99,000	49,143	42,455	43,000	59,000	67,000	66,000	22071,818	95,494	3963
MAD-0.7-agents228.json	5733	5542	191	320	253	54	19	19	referenceSolver	81,279	77,264	78,000	90,000	96,000	100,000	41,222	32,214	33,000	65,000	78,000	76,000	4287,847	58,259	3340
MAD-0.7-agents228.json	5733	5542	191	320	253	54	19	19	randomSolver	73,349	66,388	67,000	86,000	99,000	98,000	48,844	43,717	44,000	58,000	66,000	67,000	30433,825	92,831	5322
MAD-0.2-agents429.json	1775	1584	191	521	454	54	19	19	referenceSolver	94,236	93,218	93,000	96,000	100,000	97,000	30,469	17,529	21,000	72,000	76,000	77,000	1732,366	93,859	1666
MAD-0.2-agents429.json	1775	1584	191	521	454	54	19	19	randomSolver	94,794	93,127	93,000	96,000	98,000	99,000	29,899	17,160	21,000	59,000	67,000	66,000	15384,733	100,000	1775
MAD-0.35-agents68.json	2963	2772	191	160	93	54	19	19	referenceSolver	84,649	75,351	77,000	88,000	98,000	100,000	54,491	37,141	40,000	66,000	76,000	76,000	354,654	48,093	1425
MAD-0.35-agents68.json	2963	2772	191	160	93	54	19	19	randomSolver	79,127	64,153	66,000	85,000	98,000	100,000	57,841	49,578	51,000	62,000	67,000	65,000	6483,585	75,194	2228
SPC-0.05-instance0.json	58	30	28	6	2	2	2	0	referenceSolver	94,946	84,060	84,000	100,000	0,000	100,000	67,581	24,679	24,000	87,000	0,000	87,000	0,374	86,207	50
SPC-0.05-instance0.json	58	30	28	6	2	2	2	0	randomSolver	93,856	81,568	81,000	100,000	0,000	100,000	68,056	29,167	29,000	87,000	0,000	87,000	2,874	96,552	56
MAD-0.7-agents382.json	5733	5542	191	474	407	54	19	19	referenceSolver	83,758	81,428	81,000	93,000	100,000	100,000	34,846	28,355	28,000	65,000	76,000	76,000	8366,506	80,987	4643
MAD-0.7-agents382.json	5733	5542	191	474	407	54	19	19	randomSolver	74,693	70,440	71,000	89,000	98,000	98,000	35,423	29,917	31,000	56,000	67,000	67,000	46057,192	100,000	5733
MAD-0.45-agents33.json	3754	3563	191	125	58	54	19	19	referenceSolver	91,909	82,053	83,000	93,000	100,000	98,000	67,426	47,850	50,000	75,000	76,000	76,000	738,191	24,667	926
MAD-0.45-agents33.json	3754	3563	191	125	58	54	19	19	randomSolver	85,304	70,629	71,000	85,000	98,000	99,000	66,268	60,448	60,000	68,000	67,000	66,000	4653,798	48,588	1824
MAD-0.35-agents87.json	2963	2772	191	179	112	54	19	19	referenceSolver	84,164	76,331	78,000	89,000	97,000	100,000	49,648	32,938	38,000	67,000	77,000	76,000	734,200	51,536	1527
MAD-0.35-agents87.json	2963	2772	191	179	112	54	19	19	randomSolver	78,923	65,980	68,000	87,000	99,000	99,000	54,461	46,054	48,000	60,000	66,000	66,000	7614,582	84,070	2491
MAD-0.5-agents188.json	4150	3959	191	280	213	54	19	19	referenceSolver	83,189	78,671	79,000	89,000	97,000	97,000	41,052	29,395	31,000	65,000	77,000	77,000	3250,545	57,735	2396
MAD-0.5-agents188.json	4150	3959	191	280	213	54	19	19	randomSolver	74,549	66,599	67,000	87,000	99,000	99,000	46,353	39,467	40,000	57,000	66,000	66,000	28057,337	98,241	4077
MAD-0.9-agents161.json	7316	7125	191	253	186	54	19	19	referenceSolver	83,332	77,886	78,000	90,000	98,000	98,000	49,032	37,941	39,000	68,000	76,000	76,000	8092,590	35,429	2592
MAD-0.9-agents161.json	7316	7125	191	253	186	54	19	19	randomSolver	74,297	65,663	66,000	84,000	98,000	99,000	57,643	53,470	54,000	63,000	67,000	66,000	35946,302	66,238	4846
MAD-0.5-agents472.json	4150	3959	191	564	497	54	19	19	referenceSolver	85,675	83,531	83,000	93,000	100,000	100,000	31,066	23,851	24,000	67,000	74,000	74,000	10541,104	91,687	3805
MAD-0.5-agents472.json	4150	3959	191	564	497	54	19	19	randomSolver	86,157	83,794	84,000	94,000	100,000	99,000	27,951	21,252	22,000	56,000	65,000	66,000	50662,004	100,000	4150
MAD-0.2-agents56.json	1775	1584	191	148	81	54	19	19	referenceSolver	86,431	75,689	78,000	91,000	97,000	100,000	53,253	31,152	34,000	67,000	77,000	76,000	159,814	55,493	985
MAD-0.2-agents56.json	1775	1584	191	148	81	54	19	19	randomSolver	81,841	65,587	68,000	87,000	100,000	100,000	54,044	42,255	45,000	59,000	65,000	65,000	4424,841	93,859	1666
MAD-0.1-agents376.json	984	793	191	468	401	54	19	19	referenceSolver	97,792	97,054	97,000	98,000	100,000	100,000	35,899	15,913	22,000	73,000	76,000	76,000	665,519	93,699	922
MAD-0.1-agents376.json	984	793	191	468	401	54	19	19	randomSolver	97,481	96,465	96,000	98,000	99,000	99,000	35,591	15,892	22,000	60,000	66,000	66,000	10562,455	100,000	984
MAD-0.25-agents28.json	2171	1980	191	120	53	54	19	19	referenceSolver	89,707	76,017	77,000	91,000	100,000	97,000	63,478	38,299	41,000	69,000	74,000	77,000	276,288	33,211	721
MAD-0.25-agents28.json	2171	1980	191	120	53	54	19	19	randomSolver	85,214	66,180	69,000	86,000	99,000	99,000	62,298	53,693	56,000	63,000	66,000	66,000	2562,168	64,993	1411
MAD-1.0-agents3.json	8108	7917	191	95	28	54	19	19	referenceSolver	98,810	100,000	100,000	99,000	98,000	97,000	74,485	14,583	31,000	73,000	76,000	77,000	2934,123	1,924	156
MAD-1.0-agents3.json	8108	7917	191	95	28	54	19	19	randomSolver	90,370	73,373	74,000	86,000	100,000	98,000	69,293	63,157	64,000	70,000	65,000	67,000	6109,103	12,741	1033
MAD-0.3-agents469.json	2567	2376	191	561	494	54	19	19	referenceSolver	91,457	89,949	90,000	96,000	97,000	100,000	29,055	19,257	21,000	67,000	77,000	76,000	4656,898	94,312	2421
MAD-0.3-agents469.json	2567	2376	191	561	494	54	19	19	randomSolver	91,950	90,145	90,000	96,000	99,000	100,000	27,767	18,169	20,000	57,000	66,000	65,000	22559,366	100,000	2567
MAD-0.9-agents68.json	7316	7125	191	160	93	54	19	19	referenceSolver	93,455	87,929	88,000	95,000	97,000	99,000	65,024	49,207	50,000	76,000	77,000	75,000	5916,042	17,127	1253
MAD-0.9-agents68.json	7316	7125	191	160	93	54	19	19	randomSolver	84,207	74,261	74,000	87,000	99,000	99,000	68,719	66,721	67,000	71,000	66,000	66,000	11457,577	42,756	3128
MAD-0.3-agents193.json	2567	2376	191	285	218	54	19	19	referenceSolver	85,265	81,097	82,000	93,000	98,000	100,000	38,513	26,780	29,000	64,000	76,000	74,000	1072,763	88,313	2267
MAD-0.3-agents193.json	2567	2376	191	285	218	54	19	19	randomSolver	81,549	75,187	76,000	91,000	98,000	99,000	36,557	25,991	28,000	56,000	67,000	66,000	11815,590	100,000	2567
MAD-0.8-agents434.json	6525	6334	191	526	459	54	19	19	referenceSolver	83,498	81,417	81,000	91,000	100,000	100,000	33,938	28,002	28,000	64,000	76,000	77,000	17679,215	78,789	5141
MAD-0.8-agents434.json	6525	6334	191	526	459	54	19	19	randomSolver	74,197	70,201	70,000	89,000	100,000	99,000	35,045	30,184	31,000	56,000	65,000	66,000	143425,447	100,000	6525
MAD-0.4-agents127.json	3358	3167	191	219	152	54	19	19	referenceSolver	83,705	77,645	78,000	90,000	98,000	98,000	46,263	32,269	33,000	65,000	76,000	76,000	1529,510	57,892	1944
MAD-0.4-agents127.json	3358	3167	191	219	152	54	19	19	randomSolver	77,296	67,272	68,000	86,000	100,000	99,000	50,906	43,284	45,000	59,000	65,000	66,000	20498,482	94,253	3165
MAD-0.6-agents268.json	4942	4751	191	360	293	54	19	19	referenceSolver	82,854	79,481	80,000	91,000	98,000	98,000	38,799	30,351	32,000	64,000	76,000	76,000	6531,797	70,983	3508
MAD-0.6-agents268.json	4942	4751	191	360	293	54	19	19	randomSolver	73,174	66,877	67,000	88,000	99,000	99,000	41,045	34,945	36,000	57,000	66,000	66,000	53029,060	99,838	4934
MAD-0.15-agents234.json	1379	1188	191	326	259	54	19	19	referenceSolver	92,390	89,670	90,000	95,000	99,000	99,000	36,328	19,592	24,000	67,000	75,000	75,000	701,963	93,038	1283
MAD-0.15-agents234.json	1379	1188	191	326	259	54	19	19	randomSolver	93,973	91,277	92,000	96,000	99,000	100,000	33,585	17,850	22,000	56,000	66,000	65,000	6669,519	100,000	1379
MAD-0.05-agents19.json	588	397	191	111	44	54	19	19	referenceSolver	92,453	80,445	86,000	93,000	99,000	96,000	60,365	25,058	42,000	65,000	75,000	78,000	17,841	73,639	433
MAD-0.05-agents19.json	588	397	191	111	44	54	19	19	randomSolver	91,040	73,601	79,000	91,000	99,000	100,000	54,289	27,924	39,000	57,000	66,000	65,000	760,049	100,000	588
MAD-0.05-agents435.json	588	397	191	527	460	54	19	19	referenceSolver	98,955	99,156	99,000	98,000	99,000	100,000	43,993	14,954	25,000	72,000	75,000	76,000	324,391	90,816	534
MAD-0.05-agents435.json	588	397	191	527	460	54	19	19	randomSolver	98,575	98,461	98,000	97,000	100,000	98,000	43,184	15,096	26,000	61,000	65,000	67,000	3822,997	100,000	588
MAD-0.3-agents347.json	2567	2376	191	439	372	54	19	19	referenceSolver	88,441	86,157	86,000	94,000	96,000	99,000	31,942	21,468	23,000	68,000	78,000	75,000	3309,195	92,949	2386
MAD-0.3-agents347.json	2567	2376	191	439	372	54	19	19	randomSolver	88,991	86,113	86,000	96,000	99,000	100,000	29,903	19,963	22,000	56,000	66,000	65,000	20544,124	100,000	2567
MAD-0.4-agents259.json	3358	3167	191	351	284	54	19	19	referenceSolver	83,240	79,726	80,000	91,000	97,000	98,000	36,873	27,315	29,000	65,000	77,000	76,000	3292,252	87,701	2945
MAD-0.4-agents259.json	3358	3167	191	351	284	54	19	19	randomSolver	80,376	75,336	76,000	90,000	99,000	99,000	34,797	26,238	28,000	56,000	66,000	66,000	49847,685	100,000	3358
MAD-0.6-agents116.json	4942	4751	191	208	141	54	19	19	referenceSolver	83,519	76,457	76,000	91,000	100,000	98,000	51,732	38,831	39,000	67,000	76,000	76,000	2990,061	42,250	2088
MAD-0.6-agents116.json	4942	4751	191	208	141	54	19	19	randomSolver	76,359	65,812	67,000	86,000	98,000	98,000	57,381	51,733	52,000	62,000	67,000	67,000	21552,682	72,117	3564
MAD-0.1-agents458.json	984	793	191	550	483	54	19	19	referenceSolver	97,641	97,429	97,000	97,000	100,000	97,000	35,457	15,625	21,000	73,000	76,000	77,000	991,694	94,106	926
MAD-0.1-agents458.json	984	793	191	550	483	54	19	19	randomSolver	97,938	97,026	97,000	98,000	100,000	99,000	35,247	15,624	23,000	61,000	65,000	66,000	8952,652	100,000	984
MAD-0.35-agents365.json	2963	2772	191	457	390	54	19	19	referenceSolver	86,416	83,933	84,000	93,000	98,000	97,000	33,154	23,341	25,000	67,000	76,000	77,000	5044,669	90,753	2689
MAD-0.35-agents365.json	2963	2772	191	457	390	54	19	19	randomSolver	87,044	84,103	84,000	94,000	99,000	99,000	29,456	20,566	22,000	56,000	66,000	66,000	31087,841	100,000	2963
MAD-1.0-agents310.json	8108	7917	191	402	335	54	19	19	referenceSolver	80,811	77,532	78,000	90,000	100,000	100,000	39,398	32,224	34,000	66,000	76,000	76,000	15101,388	53,478	4336
MAD-1.0-agents310.json	8108	7917	191	402	335	54	19	19	randomSolver	72,300	66,892	67,000	87,000	99,000	99,000	49,052	45,244	46,000	59,000	66,000	66,000	150978,840	90,343	7325
MAD-0.45-agents221.json	3754	3563	191	313	246	54	19	19	referenceSolver	82,268	78,269	78,000	91,000	99,000	97,000	39,233	29,382	30,000	66,000	75,000	77,000	3006,724	78,103	2932
MAD-0.45-agents221.json	3754	3563	191	313	246	54	19	19	randomSolver	77,131	70,376	71,000	92,000	99,000	100,000	39,648	31,941	33,000	55,000	66,000	65,000	32685,608	100,000	3754
MAD-0.3-agents75.json	2567	2376	191	167	100	54	19	19	referenceSolver	86,471	78,282	79,000	91,000	97,000	100,000	52,069	33,870	37,000	66,000	77,000	76,000	592,182	51,734	1328
MAD-0.3-agents75.json	2567	2376	191	167	100	54	19	19	randomSolver	79,313	64,962	67,000	85,000	100,000	99,000	55,167	46,215	47,000	60,000	65,000	66,000	6711,132	87,651	2250
MAD-0.7-agents443.json	5733	5542	191	535	468	54	19	19	referenceSolver	83,083	80,946	81,000	92,000	100,000	99,000	33,513	27,648	28,000	66,000	76,000	75,000	14463,379	89,534	5133
MAD-0.7-agents443.json	5733	5542	191	535	468	54	19	19	randomSolver	78,127	74,791	75,000	90,000	98,000	99,000	32,249	26,841	27,000	56,000	67,000	66,000	136330,215	100,000	5733
MAD-0.25-agents134.json	2171	1980	191	226	159	54	19	19	referenceSolver	85,037	79,299	81,000	93,000	97,000	100,000	44,340	29,759	35,000	69,000	77,000	76,000	558,248	83,280	1808
MAD-0.25-agents134.json	2171	1980	191	226	159	54	19	19	randomSolver	80,012	70,894	72,000	91,000	98,000	98,000	41,220	29,217	32,000	56,000	67,000	67,000	6784,162	100,000	2171
MAD-0.2-agents242.json	1775	1584	191	334	267	54	19	19	referenceSolver	90,171	87,280	88,000	95,000	98,000	99,000	35,279	21,023	24,000	66,000	76,000	75,000	871,398	91,493	1624
MAD-0.2-agents242.json	1775	1584	191	334	267	54	19	19	randomSolver	89,449	85,544	86,000	93,000	99,000	99,000	33,563	20,109	24,000	58,000	66,000	66,000	22110,089	100,000	1775
MAD-0.25-agents421.json	2171	1980	191	513	446	54	19	19	referenceSolver	92,000	90,553	91,000	95,000	98,000	98,000	30,471	19,059	22,000	71,000	76,000	76,000	2769,196	94,058	2042
MAD-0.25-agents421.json	2171	1980	191	513	446	54	19	19	randomSolver	92,145	89,978	90,000	96,000	99,000	100,000	29,285	18,223	21,000	57,000	66,000	65,000	21416,458	100,000	2171
MAD-0.35-agents220.json	2963	2772	191	312	245	54	19	19	referenceSolver	83,898	79,766	80,000	92,000	100,000	100,000	37,740	26,983	29,000	66,000	74,000	76,000	1769,773	85,656	2538
MAD-0.35-agents220.json	2963	2772	191	312	245	54	19	19	randomSolver	80,718	75,034	76,000	92,000	98,000	100,000	35,888	26,429	29,000	56,000	67,000	65,000	17685,031	100,000	2963
MAD-0.5-agents16.json	4150	3959	191	108	41	54	19	19	referenceSolver	94,288	81,376	81,000	93,000	99,000	97,000	70,987	48,362	47,000	71,000	75,000	77,000	774,568	11,952	496
MAD-0.5-agents16.json	4150	3959	191	108	41	54	19	19	randomSolver	89,008	74,181	74,000	88,000	98,000	99,000	69,825	66,008	67,000	72,000	67,000	66,000	2392,983	34,916	1449
MAD-0.5-agents219.json	4150	3959	191	311	244	54	19	19	referenceSolver	83,603	79,570	80,000	91,000	98,000	99,000	39,025	28,548	30,000	66,000	76,000	75,000	2761,320	64,482	2676
MAD-0.5-agents219.json	4150	3959	191	311	244	54	19	19	randomSolver	74,449	67,564	68,000	89,000	99,000	97,000	42,242	35,098	36,000	57,000	66,000	68,000	21472,169	99,831	4143
MAD-0.7-agents156.json	5733	5542	191	248	181	54	19	19	referenceSolver	83,322	78,114	78,000	90,000	98,000	100,000	48,084	37,295	39,000	70,000	76,000	76,000	3468,800	47,166	2704
MAD-0.7-agents156.json	5733	5542	191	248	181	54	19	19	randomSolver	74,077	64,922	65,000	84,000	100,000	99,000	55,033	49,825	50,000	63,000	65,000	66,000	30059,331	76,749	4400
MAD-0.2-agents307.json	1775	1584	191	399	332	54	19	19	referenceSolver	92,563	90,444	90,000	96,000	100,000	100,000	33,072	19,320	22,000	69,000	76,000	76,000	1382,862	92,113	1635
MAD-0.2-agents307.json	1775	1584	191	399	332	54	19	19	randomSolver	91,889	88,889	89,000	96,000	99,000	100,000	31,643	18,550	22,000	56,000	66,000	65,000	9427,794	100,000	1775
MAD-0.45-agents364.json	3754	3563	191	456	389	54	19	19	referenceSolver	84,308	81,601	82,000	93,000	100,000	97,000	33,450	25,237	27,000	67,000	74,000	77,000	5513,469	90,357	3392
MAD-0.45-agents364.json	3754	3563	191	456	389	54	19	19	randomSolver	82,928	79,618	80,000	92,000	98,000	98,000	30,553	22,961	24,000	56,000	67,000	67,000	43691,793	100,000	3754
MAD-1.0-agents255.json	8108	7917	191	347	280	54	19	19	referenceSolver	81,275	77,457	78,000	89,000	100,000	99,000	42,862	34,896	36,000	68,000	76,000	75,000	10287,108	48,101	3900
MAD-1.0-agents255.json	8108	7917	191	347	280	54	19	19	randomSolver	72,956	66,673	67,000	86,000	99,000	99,000	52,137	48,316	49,000	60,000	66,000	66,000	62971,945	80,821	6553
MAD-0.15-agents59.json	1379	1188	191	151	84	54	19	19	referenceSolver	88,548	80,427	82,000	90,000	97,000	100,000	50,918	28,087	33,000	64,000	77,000	76,000	121,630	68,963	951
MAD-0.15-agents59.json	1379	1188	191	151	84	54	19	19	randomSolver	82,728	67,125	71,000	89,000	100,000	99,000	49,769	34,165	39,000	57,000	65,000	66,000	3759,313	99,420	1371
MAD-0.3-agents202.json	2567	2376	191	294	227	54	19	19	referenceSolver	85,296	81,448	82,000	92,000	97,000	100,000	37,972	26,243	28,000	65,000	77,000	76,000	1121,076	89,170	2289
MAD-0.3-agents202.json	2567	2376	191	294	227	54	19	19	randomSolver	82,092	76,014	77,000	92,000	98,000	99,000	36,103	25,595	28,000	55,000	67,000	66,000	10161,173	100,000	2567
MAD-0.15-agents371.json	1379	1188	191	463	396	54	19	19	referenceSolver	95,207	94,001	94,000	97,000	99,000	100,000	32,836	17,130	21,000	71,000	75,000	76,000	1203,147	93,981	1296
MAD-0.15-agents371.json	1379	1188	191	463	396	54	19	19	randomSolver	95,625	94,090	94,000	97,000	98,000	99,000	32,125	16,655	21,000	58,000	67,000	66,000	14556,279	100,000	1379
MAD-0.6-agents403.json	4942	4751	191	495	428	54	19	19	referenceSolver	83,911	81,638	81,000	93,000	98,000	100,000	33,595	26,930	27,000	66,000	76,000	76,000	8816,271	89,033	4400
MAD-0.6-agents403.json	4942	4751	191	495	428	54	19	19	randomSolver	78,938	75,356	76,000	91,000	99,000	99,000	31,798	25,710	26,000	55,000	66,000	66,000	46686,004	100,000	4942
MAD-0.05-agents120.json	588	397	191	212	145	54	19	19	referenceSolver	96,370	95,014	95,000	96,000	96,000	98,000	48,157	17,153	30,000	71,000	78,000	76,000	61,001	88,265	519
MAD-0.05-agents120.json	588	397	191	212	145	54	19	19	randomSolver	96,543	93,589	94,000	96,000	100,000	99,000	45,080	16,876	27,000	58,000	65,000	66,000	1275,673	100,000	588
MAD-0.25-agents358.json	2171	1980	191	450	383	54	19	19	referenceSolver	90,140	87,963	88,000	96,000	100,000	97,000	32,443	20,636	24,000	72,000	76,000	77,000	2290,241	93,275	2025
MAD-0.25-agents358.json	2171	1980	191	450	383	54	19	19	randomSolver	91,071	88,528	89,000	96,000	100,000	98,000	29,901	18,706	21,000	57,000	65,000	67,000	25272,450	100,000	2171
MAD-1.0-agents486.json	8108	7917	191	578	511	54	19	19	referenceSolver	82,317	80,364	80,000	91,000	98,000	100,000	34,375	29,201	29,000	65,000	76,000	76,000	21719,658	74,531	6043
MAD-1.0-agents486.json	8108	7917	191	578	511	54	19	19	randomSolver	71,324	67,437	68,000	90,000	100,000	99,000	37,281	33,285	34,000	57,000	65,000	66,000	125860,642	100,000	8108
MAD-0.9-agents423.json	7316	7125	191	515	448	54	19	19	referenceSolver	81,928	79,596	80,000	91,000	100,000	98,000	35,464	29,505	30,000	66,000	76,000	76,000	16745,399	71,022	5196
MAD-0.9-agents423.json	7316	7125	191	515	448	54	19	19	randomSolver	71,833	67,697	68,000	86,000	98,000	99,000	38,401	33,935	34,000	58,000	67,000	66,000	123419,259	99,986	7315
MAD-0.5-agents130.json	4150	3959	191	222	155	54	19	19	referenceSolver	84,458	78,945	79,000	89,000	96,000	96,000	46,969	33,053	33,000	65,000	78,000	78,000	1984,219	47,373	1966
MAD-0.5-agents130.json	4150	3959	191	222	155	54	19	19	randomSolver	75,484	65,160	66,000	87,000	98,000	99,000	53,402	46,715	48,000	60,000	67,000	66,000	17152,212	84,578	3510
MAD-0.4-agents62.json	3358	3167	191	154	87	54	19	19	referenceSolver	86,565	77,154	78,000	90,000	97,000	98,000	56,256	36,870	39,000	68,000	77,000	76,000	704,096	35,676	1198
MAD-0.4-agents62.json	3358	3167	191	154	87	54	19	19	randomSolver	81,338	67,189	69,000	85,000	100,000	99,000	59,510	52,022	53,000	62,000	65,000	66,000	13956,781	65,694	2206
MAD-0.35-agents109.json	2963	2772	191	201	134	54	19	19	referenceSolver	83,817	77,106	78,000	90,000	99,000	98,000	46,561	31,683	34,000	66,000	75,000	76,000	689,840	59,568	1765
MAD-0.35-agents109.json	2963	2772	191	201	134	54	19	19	randomSolver	76,229	64,673	66,000	87,000	99,000	97,000	51,223	42,445	44,000	59,000	66,000	68,000	15703,506	93,048	2757
MAD-0.2-agents184.json	1775	1584	191	276	209	54	19	19	referenceSolver	88,491	84,680	85,000	94,000	100,000	98,000	37,644	22,754	28,000	68,000	76,000	76,000	634,295	90,028	1598
MAD-0.2-agents184.json	1775	1584	191	276	209	54	19	19	randomSolver	87,361	82,070	83,000	93,000	99,000	99,000	35,594	21,887	25,000	57,000	66,000	66,000	11367,164	100,000	1775
MAD-0.25-agents90.json	2171	1980	191	182	115	54	19	19	referenceSolver	85,860	77,729	79,000	92,000	100,000	100,000	49,727	32,526	36,000	66,000	76,000	76,000	430,920	65,822	1429
MAD-0.25-agents90.json	2171	1980	191	182	115	54	19	19	randomSolver	78,639	66,317	68,000	87,000	98,000	98,000	49,755	38,351	41,000	59,000	67,000	67,000	6796,313	98,802	2145
MAD-0.05-agents209.json	588	397	191	301	234	54	19	19	referenceSolver	97,768	97,807	98,000	97,000	97,000	97,000	45,744	15,653	24,000	71,000	77,000	77,000	126,351	90,306	531
MAD-0.05-agents209.json	588	397	191	301	234	54	19	19	randomSolver	96,716	93,255	94,000	98,000	99,000	100,000	44,499	16,451	28,000	60,000	66,000	65,000	3651,713	100,000	588
MAD-0.05-agents7.json	588	397	191	99	32	54	19	19	referenceSolver	93,107	76,342	82,000	90,000	100,000	100,000	65,589	29,358	38,000	65,000	76,000	76,000	15,443	65,306	384
MAD-0.05-agents7.json	588	397	191	99	32	54	19	19	randomSolver	90,449	62,253	74,000	89,000	98,000	99,000	59,312	37,150	49,000	57,000	67,000	66,000	563,202	94,388	555
MAD-0.15-agents408.json	1379	1188	191	500	433	54	19	19	referenceSolver	95,832	95,094	95,000	97,000	97,000	97,000	32,286	16,764	20,000	74,000	77,000	77,000	1322,243	94,779	1307
MAD-0.15-agents408.json	1379	1188	191	500	433	54	19	19	randomSolver	96,331	95,114	95,000	97,000	99,000	99,000	31,492	16,184	19,000	58,000	66,000	66,000	17029,266	100,000	1379
MAD-1.0-agents65.json	8108	7917	191	157	90	54	19	19	referenceSolver	93,192	87,771	88,000	96,000	100,000	98,000	64,767	51,131	52,000	75,000	74,000	76,000	5025,306	18,069	1465
MAD-1.0-agents65.json	8108	7917	191	157	90	54	19	19	randomSolver	85,112	75,773	76,000	87,000	98,000	99,000	69,451	67,790	68,000	70,000	67,000	66,000	17454,885	38,160	3094
MAD-0.1-agents264.json	984	793	191	356	289	54	19	19	referenceSolver	96,078	94,618	95,000	97,000	100,000	98,000	37,899	17,212	24,000	71,000	76,000	76,000	419,786	92,988	915
MAD-0.1-agents264.json	984	793	191	356	289	54	19	19	randomSolver	96,172	94,343	94,000	97,000	99,000	99,000	36,360	16,412	22,000	58,000	66,000	66,000	5099,740	100,000	984
MAD-0.8-agents176.json	6525	6334	191	268	201	54	19	19	referenceSolver	83,692	79,130	80,000	91,000	97,000	98,000	45,752	35,289	37,000	69,000	77,000	76,000	4911,531	42,943	2802
MAD-0.8-agents176.json	6525	6334	191	268	201	54	19	19	randomSolver	73,662	65,250	66,000	85,000	98,000	98,000	54,685	50,032	50,000	61,000	67,000	67,000	37213,434	74,697	4874
MAD-0.4-agents465.json	3358	3167	191	557	490	54	19	19	referenceSolver	87,486	85,562	85,000	94,000	96,000	97,000	30,537	22,040	23,000	65,000	78,000	77,000	6816,927	91,364	3068
MAD-0.4-agents465.json	3358	3167	191	557	490	54	19	19	randomSolver	88,516	86,251	86,000	95,000	100,000	98,000	27,624	19,794	21,000	56,000	65,000	67,000	46380,892	100,000	3358
MAD-0.8-agents463.json	6525	6334	191	555	488	54	19	19	referenceSolver	83,398	81,551	81,000	93,000	97,000	97,000	33,720	28,012	29,000	66,000	77,000	77,000	14526,482	82,467	5381
MAD-0.8-agents463.json	6525	6334	191	555	488	54	19	19	randomSolver	75,274	71,769	72,000	90,000	100,000	98,000	33,436	28,570	29,000	55,000	65,000	67,000	146681,951	100,000	6525
MAD-0.4-agents170.json	3358	3167	191	262	195	54	19	19	referenceSolver	83,754	78,715	79,000	92,000	100,000	97,000	42,632	30,829	33,000	65,000	74,000	77,000	1691,445	69,684	2340
MAD-0.4-agents170.json	3358	3167	191	262	195	54	19	19	randomSolver	76,563	67,998	69,000	91,000	100,000	99,000	44,105	35,959	38,000	56,000	65,000	66,000	29044,759	99,702	3348
MAD-0.8-agents199.json	6525	6334	191	291	224	54	19	19	referenceSolver	82,627	78,239	78,000	91,000	100,000	98,000	44,505	34,816	36,000	70,000	76,000	76,000	5812,449	47,571	3104
MAD-0.8-agents199.json	6525	6334	191	291	224	54	19	19	randomSolver	73,202	65,741	66,000	85,000	98,000	99,000	53,003	48,214	48,000	61,000	67,000	66,000	55967,825	80,368	5244
MAD-0.6-agents395.json	4942	4751	191	487	420	54	19	19	referenceSolver	82,755	80,268	80,000	95,000	98,000	99,000	33,996	27,318	29,000	67,000	76,000	75,000	8324,131	89,114	4404
MAD-0.6-agents395.json	4942	4751	191	487	420	54	19	19	randomSolver	78,830	75,277	75,000	89,000	99,000	98,000	32,242	26,088	27,000	56,000	66,000	67,000	50072,110	100,000	4942
MAD-0.1-agents321.json	984	793	191	413	346	54	19	19	referenceSolver	96,015	95,369	95,000	96,000	96,000	98,000	37,124	16,508	22,000	74,000	78,000	76,000	469,406	93,394	919
MAD-0.1-agents321.json	984	793	191	413	346	54	19	19	randomSolver	96,907	95,482	95,000	97,000	100,000	98,000	35,971	16,198	23,000	59,000	65,000	67,000	6288,335	100,000	984
MAD-0.45-agents108.json	3754	3563	191	200	133	54	19	19	referenceSolver	83,306	76,845	77,000	87,000	97,000	97,000	50,284	36,776	37,000	65,000	77,000	77,000	1148,282	54,289	2038
MAD-0.45-agents108.json	3754	3563	191	200	133	54	19	19	randomSolver	77,214	65,439	67,000	87,000	100,000	99,000	54,392	47,368	48,000	60,000	65,000	66,000	10851,554	81,060	3043
MAD-0.9-agents136.json	7316	7125	191	228	161	54	19	19	referenceSolver	84,051	77,940	78,000	88,000	100,000	97,000	51,077	38,416	39,000	65,000	76,000	77,000	6427,792	30,454	2228
MAD-0.9-agents136.json	7316	7125	191	228	161	54	19	19	randomSolver	76,271	66,940	67,000	85,000	99,000	99,000	60,076	56,299	57,000	64,000	66,000	66,000	21243,205	60,416	4420
MAD-0.5-agents425.json	4150	3959	191	517	450	54	19	19	referenceSolver	85,628	83,468	83,000	93,000	98,000	99,000	32,108	24,675	26,000	64,000	76,000	75,000	8105,373	90,988	3776
MAD-0.5-agents425.json	4150	3959	191	517	450	54	19	19	randomSolver	84,534	81,795	82,000	94,000	98,000	100,000	29,147	22,311	23,000	55,000	67,000	65,000	37927,604	100,000	4150
MAD-0.2-agents491.json	1775	1584	191	583	516	54	19	19	referenceSolver	94,310	93,196	93,000	96,000	100,000	98,000	30,078	17,312	20,000	73,000	76,000	76,000	2406,007	94,535	1678
MAD-0.2-agents491.json	1775	1584	191	583	516	54	19	19	randomSolver	94,722	93,090	93,000	97,000	100,000	98,000	29,690	16,978	21,000	58,000	65,000	67,000	24687,898	100,000	1775
MAD-0.7-agents290.json	5733	5542	191	382	315	54	19	19	referenceSolver	81,198	77,863	78,000	90,000	97,000	99,000	38,437	30,590	31,000	64,000	77,000	75,000	6528,220	67,295	3858
MAD-0.7-agents290.json	5733	5542	191	382	315	54	19	19	randomSolver	71,862	65,946	66,000	87,000	99,000	98,000	43,177	37,834	39,000	58,000	66,000	67,000	42519,239	99,564	5708
MAD-1.0-agents469.json	8108	7917	191	561	494	54	19	19	referenceSolver	81,780	79,671	80,000	89,000	100,000	99,000	34,847	29,438	30,000	67,000	76,000	75,000	21037,937	71,411	5790
MAD-1.0-agents469.json	8108	7917	191	561	494	54	19	19	randomSolver	71,581	67,831	68,000	87,000	98,000	100,000	38,217	34,155	34,000	57,000	67,000	65,000	104433,525	100,000	8108
MAD-0.45-agents64.json	3754	3563	191	156	89	54	19	19	referenceSolver	85,576	75,627	77,000	90,000	97,000	100,000	58,072	41,171	45,000	70,000	77,000	74,000	870,661	37,027	1390
MAD-0.45-agents64.json	3754	3563	191	156	89	54	19	19	randomSolver	80,260	66,206	67,000	85,000	99,000	100,000	60,609	53,997	54,000	64,000	66,000	65,000	5191,808	63,586	2387
MAD-1.0-agents193.json	8108	7917	191	285	218	54	19	19	referenceSolver	81,991	77,246	78,000	91,000	98,000	98,000	46,425	36,842	39,000	71,000	76,000	76,000	8851,189	38,530	3124
MAD-1.0-agents193.json	8108	7917	191	285	218	54	19	19	randomSolver	73,598	65,738	66,000	86,000	100,000	99,000	56,070	52,265	53,000	63,000	65,000	66,000	33578,463	68,278	5536
MAD-0.2-agents254.json	1775	1584	191	346	279	54	19	19	referenceSolver	90,417	87,791	88,000	93,000	100,000	99,000	34,789	20,606	25,000	67,000	76,000	75,000	1124,127	91,887	1631
MAD-0.2-agents254.json	1775	1584	191	346	279	54	19	19	randomSolver	91,210	87,944	88,000	96,000	99,000	98,000	32,233	18,975	23,000	57,000	66,000	67,000	14319,205	100,000	1775
MAD-0.25-agents122.json	2171	1980	191	214	147	54	19	19	referenceSolver	85,656	79,979	81,000	92,000	96,000	100,000	44,929	29,416	32,000	67,000	78,000	76,000	636,630	77,246	1677
MAD-0.25-agents122.json	2171	1980	191	214	147	54	19	19	randomSolver	78,300	68,082	70,000	89,000	98,000	98,000	43,294	31,197	34,000	57,000	67,000	67,000	6886,198	100,000	2171
MAD-0.9-agents209.json	7316	7125	191	301	234	54	19	19	referenceSolver	82,999	78,724	79,000	90,000	100,000	96,000	46,245	36,756	38,000	69,000	76,000	78,000	9594,061	43,822	3206
MAD-0.9-agents209.json	7316	7125	191	301	234	54	19	19	randomSolver	72,994	65,538	66,000	86,000	98,000	99,000	53,829	49,580	50,000	61,000	67,000	66,000	43758,798	76,736	5614
MAD-1.0-agents306.json	8108	7917	191	398	331	54	19	19	referenceSolver	80,808	77,592	78,000	91,000	98,000	97,000	39,532	32,338	33,000	66,000	76,000	77,000	14349,162	53,120	4307
MAD-1.0-agents306.json	8108	7917	191	398	331	54	19	19	randomSolver	71,443	65,748	66,000	87,000	98,000	99,000	49,097	45,321	46,000	59,000	67,000	66,000	46535,759	89,110	7225
MAD-0.45-agents237.json	3754	3563	191	329	262	54	19	19	referenceSolver	81,805	77,966	78,000	91,000	99,000	97,000	38,450	29,215	31,000	65,000	75,000	77,000	2114,232	83,671	3141
MAD-0.45-agents237.json	3754	3563	191	329	262	54	19	19	randomSolver	76,483	70,174	71,000	90,000	99,000	98,000	38,174	30,293	32,000	56,000	66,000	67,000	25477,669	100,000	3754
MAD-0.3-agents63.json	2567	2376	191	155	88	54	19	19	referenceSolver	86,663	76,806	79,000	93,000	97,000	98,000	55,108	34,918	41,000	69,000	77,000	76,000	374,928	43,202	1109
MAD-0.3-agents63.json	2567	2376	191	155	88	54	19	19	randomSolver	79,329	63,703	65,000	84,000	99,000	99,000	57,068	47,895	49,000	61,000	66,000	66,000	6567,858	80,951	2078
MAD-0.7-agents455.json	5733	5542	191	547	480	54	19	19	referenceSolver	82,933	80,847	81,000	94,000	100,000	97,000	33,540	27,702	29,000	68,000	76,000	77,000	9412,065	90,302	5177
MAD-0.7-agents455.json	5733	5542	191	547	480	54	19	19	randomSolver	78,319	75,119	75,000	89,000	99,000	98,000	31,796	26,388	27,000	56,000	66,000	67,000	81430,319	100,000	5733
MAD-0.35-agents373.json	2963	2772	191	465	398	54	19	19	referenceSolver	87,622	85,253	85,000	94,000	98,000	100,000	32,521	22,803	25,000	67,000	76,000	74,000	3400,751	90,246	2674
MAD-0.35-agents373.json	2963	2772	191	465	398	54	19	19	randomSolver	86,791	84,001	84,000	92,000	98,000	99,000	29,301	20,373	22,000	56,000	67,000	66,000	31465,170	100,000	2963
MAD-0.15-agents388.json	1379	1188	191	480	413	54	19	19	referenceSolver	96,102	95,099	95,000	97,000	98,000	100,000	32,349	16,813	20,000	72,000	76,000	76,000	940,063	94,271	1300
MAD-0.15-agents388.json	1379	1188	191	480	413	54	19	19	randomSolver	95,535	93,657	94,000	97,000	100,000	99,000	31,980	16,591	21,000	58,000	65,000	66,000	7263,460	100,000	1379
MAD-0.6-agents100.json	4942	4751	191	192	125	54	19	19	referenceSolver	84,985	77,168	78,000	91,000	98,000	98,000	54,931	40,300	43,000	70,000	76,000	76,000	1799,810	35,552	1757
MAD-0.6-agents100.json	4942	4751	191	192	125	54	19	19	randomSolver	78,830	68,161	69,000	87,000	99,000	100,000	59,020	53,596	54,000	64,000	66,000	65,000	8695,881	66,734	3298
MAD-0.3-agents351.json	2567	2376	191	443	376	54	19	19	referenceSolver	88,571	86,198	86,000	95,000	97,000	100,000	32,175	21,658	24,000	66,000	77,000	76,000	2408,174	92,949	2386
MAD-0.3-agents351.json	2567	2376	191	443	376	54	19	19	randomSolver	88,605	85,593	86,000	95,000	98,000	99,000	29,943	20,022	22,000	56,000	67,000	66,000	15910,673	100,000	2567
MAD-0.05-agents423.json	588	397	191	515	448	54	19	19	referenceSolver	99,179	99,687	99,000	98,000	100,000	97,000	43,819	14,807	24,000	72,000	76,000	77,000	221,375	90,816	534
MAD-0.05-agents423.json	588	397	191	515	448	54	19	19	randomSolver	98,792	98,612	98,000	98,000	99,000	99,000	43,135	15,128	26,000	61,000	66,000	66,000	2940,397	100,000	588
MAD-0.15-agents222.json	1379	1188	191	314	247	54	19	19	referenceSolver	91,822	89,122	89,000	95,000	99,000	96,000	36,846	19,856	24,000	71,000	75,000	78,000	447,979	92,313	1273
MAD-0.15-agents222.json	1379	1188	191	314	247	54	19	19	randomSolver	92,900	89,747	90,000	95,000	100,000	98,000	34,377	18,396	23,000	57,000	65,000	67,000	5752,427	100,000	1379
MAD-0.05-agents136.json	588	397	191	228	161	54	19	19	referenceSolver	96,408	94,437	95,000	97,000	100,000	98,000	47,688	16,808	27,000	72,000	76,000	76,000	58,815	89,116	524
MAD-0.05-agents136.json	588	397	191	228	161	54	19	19	randomSolver	97,232	94,569	95,000	98,000	99,000	98,000	44,656	16,554	29,000	59,000	66,000	67,000	1179,259	100,000	588
MAD-0.8-agents249.json	6525	6334	191	341	274	54	19	19	referenceSolver	81,384	77,686	78,000	90,000	97,000	100,000	39,648	30,874	31,000	67,000	77,000	76,000	5999,835	52,736	3441
MAD-0.8-agents249.json	6525	6334	191	341	274	54	19	19	randomSolver	73,325	66,998	67,000	86,000	100,000	98,000	49,346	44,687	45,000	60,000	65,000	67,000	88366,810	90,697	5918
MAD-0.15-agents367.json	1379	1188	191	459	392	54	19	19	referenceSolver	95,075	93,673	94,000	97,000	99,000	100,000	32,963	17,179	22,000	72,000	75,000	76,000	815,398	93,691	1292
MAD-0.15-agents367.json	1379	1188	191	459	392	54	19	19	randomSolver	95,480	93,774	94,000	96,000	100,000	98,000	32,188	16,726	21,000	59,000	65,000	67,000	7794,532	100,000	1379
MAD-0.6-agents415.json	4942	4751	191	507	440	54	19	19	referenceSolver	84,070	81,891	82,000	91,000	100,000	100,000	33,133	26,458	27,000	65,000	76,000	76,000	6896,343	89,518	4424
MAD-0.6-agents415.json	4942	4751	191	507	440	54	19	19	randomSolver	80,014	76,644	77,000	91,000	98,000	100,000	31,433	25,341	27,000	56,000	67,000	65,000	36635,207	100,000	4942
MAD-0.3-agents214.json	2567	2376	191	306	239	54	19	19	referenceSolver	85,658	81,814	82,000	95,000	98,000	100,000	37,322	25,770	28,000	66,000	76,000	76,000	1086,108	89,326	2293
MAD-0.3-agents214.json	2567	2376	191	306	239	54	19	19	randomSolver	82,984	77,724	78,000	91,000	100,000	98,000	35,080	24,545	27,000	56,000	65,000	67,000	10761,267	100,000	2567
MAD-0.45-agents372.json	3754	3563	191	464	397	54	19	19	referenceSolver	84,332	81,717	82,000	93,000	100,000	96,000	33,904	25,619	27,000	66,000	76,000	78,000	4633,186	90,437	3395
MAD-0.45-agents372.json	3754	3563	191	464	397	54	19	19	randomSolver	83,781	80,471	81,000	94,000	100,000	99,000	30,731	23,183	25,000	55,000	65,000	66,000	35165,689	100,000	3754
MAD-1.0-agents243.json	8108	7917	191	335	268	54	19	19	referenceSolver	80,701	76,831	77,000	89,000	97,000	98,000	43,139	34,846	35,000	67,000	77,000	76,000	8137,736	46,275	3752
MAD-1.0-agents243.json	8108	7917	191	335	268	54	19	19	randomSolver	72,991	66,567	67,000	85,000	99,000	98,000	52,908	48,944	49,000	61,000	66,000	67,000	44447,564	78,503	6365
MAD-0.2-agents311.json	1775	1584	191	403	336	54	19	19	referenceSolver	92,830	90,919	91,000	97,000	98,000	100,000	32,455	18,941	21,000	70,000	76,000	76,000	877,825	92,563	1643
MAD-0.2-agents311.json	1775	1584	191	403	336	54	19	19	randomSolver	92,331	89,938	90,000	95,000	100,000	96,000	31,232	18,143	21,000	57,000	65,000	69,000	9149,413	100,000	1775
MAD-0.7-agents140.json	5733	5542	191	232	165	54	19	19	referenceSolver	83,691	78,106	79,000	89,000	98,000	98,000	49,709	38,182	41,000	70,000	76,000	76,000	1974,821	43,189	2476
MAD-0.7-agents140.json	5733	5542	191	232	165	54	19	19	randomSolver	74,531	64,582	65,000	84,000	99,000	100,000	56,712	51,606	52,000	62,000	66,000	65,000	21455,715	72,161	4137
MAD-0.35-agents236.json	2963	2772	191	328	261	54	19	19	referenceSolver	84,058	80,425	81,000	92,000	97,000	98,000	37,174	26,610	29,000	68,000	77,000	76,000	1245,542	88,120	2611
MAD-0.35-agents236.json	2963	2772	191	328	261	54	19	19	randomSolver	81,502	76,355	77,000	90,000	100,000	100,000	34,639	25,208	27,000	57,000	65,000	65,000	19061,725	100,000	2963
MAD-0.25-agents437.json	2171	1980	191	529	462	54	19	19	referenceSolver	92,453	90,928	91,000	97,000	100,000	99,000	30,118	18,836	21,000	70,000	76,000	75,000	1948,777	93,736	2035
MAD-0.25-agents437.json	2171	1980	191	529	462	54	19	19	randomSolver	92,120	89,997	90,000	96,000	100,000	98,000	29,006	18,012	21,000	58,000	65,000	67,000	12831,228	100,000	2171
MAD-0.8-agents160.json	6525	6334	191	252	185	54	19	19	referenceSolver	84,190	79,309	79,000	91,000	100,000	100,000	46,920	35,998	37,000	67,000	76,000	76,000	2962,609	41,103	2682
MAD-0.8-agents160.json	6525	6334	191	252	185	54	19	19	randomSolver	74,651	66,003	66,000	86,000	98,000	98,000	56,113	51,379	52,000	63,000	67,000	67,000	31785,102	70,743	4616
MAD-0.4-agents473.json	3358	3167	191	565	498	54	19	19	referenceSolver	87,982	86,005	86,000	92,000	100,000	100,000	30,612	22,080	24,000	68,000	76,000	76,000	5024,709	90,858	3051
MAD-0.4-agents473.json	3358	3167	191	565	498	54	19	19	randomSolver	88,731	86,564	87,000	95,000	98,000	98,000	27,460	19,622	21,000	56,000	67,000	67,000	31086,228	100,000	3358
MAD-0.7-agents59.json	5733	5542	191	151	84	54	19	19	referenceSolver	89,705	82,291	83,000	95,000	97,000	97,000	63,009	46,299	47,000	74,000	77,000	77,000	1314,878	23,356	1339
MAD-0.7-agents59.json	5733	5542	191	151	84	54	19	19	randomSolver	84,618	73,588	74,000	86,000	99,000	98,000	68,727	66,852	67,000	69,000	66,000	67,000	8996,019	48,334	2771
MAD-0.1-agents272.json	984	793	191	364	297	54	19	19	referenceSolver	95,609	94,244	94,000	98,000	97,000	97,000	37,595	16,986	23,000	72,000	77,000	77,000	273,667	93,089	916
MAD-0.1-agents272.json	984	793	191	364	297	54	19	19	randomSolver	96,382	94,408	95,000	97,000	98,000	99,000	36,360	16,452	22,000	59,000	67,000	66,000	4198,186	100,000	984
MAD-1.0-agents73.json	8108	7917	191	165	98	54	19	19	referenceSolver	92,372	87,354	87,000	96,000	99,000	96,000	64,126	51,005	52,000	74,000	75,000	78,000	3273,748	19,808	1606
MAD-1.0-agents73.json	8108	7917	191	165	98	54	19	19	randomSolver	84,314	74,578	75,000	87,000	99,000	100,000	68,407	66,801	67,000	71,000	66,000	65,000	7486,472	40,331	3270
MAD-0.4-agents189.json	3358	3167	191	281	214	54	19	19	referenceSolver	83,293	78,665	79,000	92,000	99,000	97,000	41,228	30,217	32,000	66,000	75,000	77,000	1099,561	75,700	2542
MAD-0.4-agents189.json	3358	3167	191	281	214	54	19	19	randomSolver	76,782	69,086	70,000	89,000	99,000	100,000	41,284	32,829	34,000	56,000	66,000	65,000	14987,262	100,000	3358
MAD-0.25-agents86.json	2171	1980	191	178	111	54	19	19	referenceSolver	85,510	77,577	79,000	93,000	98,000	97,000	48,750	30,668	34,000	68,000	76,000	77,000	269,750	61,124	1327
MAD-0.25-agents86.json	2171	1980	191	178	111	54	19	19	randomSolver	79,776	66,840	69,000	88,000	98,000	98,000	50,773	40,090	43,000	58,000	67,000	67,000	6949,127	98,065	2129
MAD-0.2-agents192.json	1775	1584	191	284	217	54	19	19	referenceSolver	88,805	85,112	86,000	95,000	98,000	100,000	37,775	22,852	27,000	67,000	76,000	76,000	469,700	89,521	1589
MAD-0.2-agents192.json	1775	1584	191	284	217	54	19	19	randomSolver	88,113	83,314	84,000	93,000	99,000	99,000	35,097	21,442	24,000	57,000	66,000	66,000	4730,143	100,000	1775
MAD-0.7-agents269.json	5733	5542	191	361	294	54	19	19	referenceSolver	82,044	78,569	79,000	93,000	98,000	98,000	38,955	30,801	32,000	66,000	76,000	76,000	3914,610	63,858	3661
MAD-0.7-agents269.json	5733	5542	191	361	294	54	19	19	randomSolver	73,083	66,898	67,000	87,000	99,000	100,000	45,176	39,975	41,000	59,000	66,000	65,000	39638,587	98,430	5643
MAD-0.9-agents435.json	7316	7125	191	527	460	54	19	19	referenceSolver	81,347	78,989	79,000	92,000	98,000	100,000	35,305	29,506	30,000	67,000	76,000	76,000	12429,273	73,059	5345
MAD-0.9-agents435.json	7316	7125	191	527	460	54	19	19	randomSolver	72,096	68,020	68,000	88,000	100,000	98,000	37,716	33,299	34,000	57,000	65,000	67,000	103660,332	100,000	7316
MAD-0.5-agents126.json	4150	3959	191	218	151	54	19	19	referenceSolver	84,747	78,586	79,000	91,000	98,000	100,000	47,643	33,490	36,000	69,000	76,000	76,000	1129,557	46,193	1917
MAD-0.5-agents126.json	4150	3959	191	218	151	54	19	19	randomSolver	75,691	65,062	66,000	86,000	99,000	99,000	54,165	47,843	49,000	60,000	66,000	66,000	9413,856	84,675	3514
MAD-0.4-agents74.json	3358	3167	191	166	99	54	19	19	referenceSolver	86,774	77,990	79,000	92,000	99,000	100,000	54,860	37,628	41,000	69,000	75,000	74,000	526,280	40,977	1376
MAD-0.4-agents74.json	3358	3167	191	166	99	54	19	19	randomSolver	79,079	65,294	67,000	84,000	99,000	99,000	57,793	50,038	51,000	61,000	66,000	66,000	5073,242	71,501	2401
MAD-0.2-agents468.json	1775	1584	191	560	493	54	19	19	referenceSolver	95,238	94,290	94,000	97,000	100,000	97,000	29,884	17,177	20,000	70,000	76,000	77,000	1404,008	94,535	1678
MAD-0.2-agents468.json	1775	1584	191	560	493	54	19	19	randomSolver	94,157	92,329	92,000	97,000	99,000	99,000	29,882	17,109	21,000	58,000	66,000	66,000	13953,426	100,000	1775
MAD-0.35-agents29.json	2963	2772	191	121	54	54	19	19	referenceSolver	89,722	77,552	79,000	90,000	98,000	100,000	66,041	45,602	48,000	70,000	76,000	76,000	221,994	31,083	921
MAD-0.35-agents29.json	2963	2772	191	121	54	54	19	19	randomSolver	86,038	69,402	71,000	86,000	100,000	100,000	65,804	60,569	62,000	67,000	65,000	65,000	3102,062	54,877	1626
MAD-1.0-agents490.json	8108	7917	191	582	515	54	19	19	referenceSolver	82,790	80,923	81,000	90,000	100,000	98,000	33,953	28,688	29,000	64,000	74,000	76,000	14539,319	73,014	5920
MAD-1.0-agents490.json	8108	7917	191	582	515	54	19	19	randomSolver	72,285	68,693	69,000	88,000	98,000	99,000	36,926	32,883	33,000	56,000	67,000	66,000	70008,806	100,000	8108
MAD-1.0-agents185.json	8108	7917	191	277	210	54	19	19	referenceSolver	82,807	78,142	78,000	90,000	100,000	99,000	46,757	37,064	37,000	67,000	76,000	75,000	5267,857	38,271	3103
MAD-1.0-agents185.json	8108	7917	191	277	210	54	19	19	randomSolver	73,695	66,041	66,000	83,000	99,000	97,000	56,925	52,785	53,000	64,000	66,000	68,000	44616,743	66,626	5402
MAD-0.45-agents72.json	3754	3563	191	164	97	54	19	19	referenceSolver	86,201	77,075	79,000	92,000	100,000	97,000	56,497	39,788	43,000	69,000	76,000	77,000	628,073	37,853	1421
MAD-0.45-agents72.json	3754	3563	191	164	97	54	19	19	randomSolver	80,070	66,567	68,000	86,000	99,000	99,000	59,197	52,224	53,000	64,000	66,000	66,000	4237,957	66,303	2489
MAD-0.7-agents286.json	5733	5542	191	378	311	54	19	19	referenceSolver	81,625	78,298	78,000	90,000	98,000	100,000	37,940	29,965	30,000	63,000	76,000	76,000	4153,019	65,777	3771
MAD-0.7-agents286.json	5733	5542	191	378	311	54	19	19	randomSolver	72,499	66,732	67,000	87,000	99,000	97,000	43,356	38,027	39,000	58,000	66,000	68,000	29942,335	99,285	5692
MAD-0.2-agents17.json	1775	1584	191	109	42	54	19	19	referenceSolver	91,662	77,903	81,000	91,000	98,000	100,000	67,426	40,642	47,000	72,000	76,000	76,000	73,857	34,592	614
MAD-0.2-agents17.json	1775	1584	191	109	42	54	19	19	randomSolver	87,205	66,568	70,000	85,000	98,000	100,000	64,020	55,253	58,000	64,000	67,000	65,000	1679,639	64,056	1137
MAD-0.2-agents487.json	1775	1584	191	579	512	54	19	19	referenceSolver	94,871	94,015	94,000	96,000	97,000	98,000	29,890	17,224	21,000	72,000	77,000	76,000	1476,548	94,592	1679
MAD-0.2-agents487.json	1775	1584	191	579	512	54	19	19	randomSolver	95,373	93,825	94,000	97,000	100,000	100,000	29,266	16,694	20,000	59,000	65,000	65,000	11225,688	100,000	1775
MAD-0.9-agents120.json	7316	7125	191	212	145	54	19	19	referenceSolver	84,396	77,739	78,000	91,000	98,000	97,000	53,462	39,920	41,000	72,000	76,000	77,000	3744,558	27,624	2021
MAD-0.9-agents120.json	7316	7125	191	212	145	54	19	19	randomSolver	77,501	68,214	69,000	85,000	96,000	99,000	62,442	59,026	59,000	65,000	69,000	66,000	14568,596	57,067	4175
MAD-0.5-agents433.json	4150	3959	191	525	458	54	19	19	referenceSolver	85,298	83,073	83,000	94,000	98,000	100,000	31,933	24,582	25,000	64,000	76,000	76,000	6083,281	91,446	3795
MAD-0.5-agents433.json	4150	3959	191	525	458	54	19	19	randomSolver	83,987	81,144	81,000	94,000	98,000	99,000	29,062	22,230	23,000	55,000	67,000	66,000	35722,791	100,000	4150
MAD-0.1-agents337.json	984	793	191	429	362	54	19	19	referenceSolver	96,696	95,919	96,000	97,000	98,000	98,000	36,750	16,403	22,000	72,000	76,000	76,000	343,973	93,496	920
MAD-0.1-agents337.json	984	793	191	429	362	54	19	19	randomSolver	97,204	95,470	96,000	97,000	100,000	100,000	35,707	16,060	23,000	58,000	65,000	65,000	4156,775	100,000	984
MAD-0.6-agents383.json	4942	4751	191	475	408	54	19	19	referenceSolver	83,052	80,686	81,000	92,000	100,000	97,000	34,498	27,536	29,000	66,000	76,000	77,000	5059,727	87,394	4319
MAD-0.6-agents383.json	4942	4751	191	475	408	54	19	19	randomSolver	78,828	75,043	75,000	91,000	100,000	100,000	32,531	26,398	27,000	56,000	65,000	65,000	27307,130	100,000	4942
MAD-0.25-agents69.json	2171	1980	191	161	94	54	19	19	referenceSolver	86,009	76,591	79,000	91,000	99,000	98,000	53,911	34,888	39,000	68,000	75,000	76,000	217,435	56,748	1232
MAD-0.25-agents69.json	2171	1980	191	161	94	54	19	19	randomSolver	79,245	64,267	67,000	86,000	98,000	98,000	54,151	43,640	46,000	59,000	67,000	67,000	4609,570	90,972	1975
MAD-0.3-agents428.json	2567	2376	191	520	453	54	19	19	referenceSolver	89,682	87,850	88,000	94,000	98,000	100,000	30,235	20,091	22,000	70,000	76,000	76,000	2380,652	93,416	2398
MAD-0.3-agents428.json	2567	2376	191	520	453	54	19	19	randomSolver	90,726	88,302	88,000	96,000	99,000	100,000	28,440	18,784	21,000	56,000	66,000	65,000	34462,179	100,000	2567
MAD-0.6-agents229.json	4942	4751	191	321	254	54	19	19	referenceSolver	82,158	78,051	78,000	93,000	99,000	98,000	40,910	31,439	32,000	69,000	75,000	76,000	2966,692	62,930	3110
MAD-0.6-agents229.json	4942	4751	191	321	254	54	19	19	randomSolver	73,151	66,020	67,000	88,000	99,000	100,000	45,740	39,928	41,000	58,000	66,000	65,000	21900,188	98,806	4883
MAD-0.8-agents475.json	6525	6334	191	567	500	54	19	19	referenceSolver	82,844	81,006	81,000	93,000	96,000	97,000	33,110	27,579	28,000	65,000	78,000	77,000	9859,685	84,628	5522
MAD-0.8-agents475.json	6525	6334	191	567	500	54	19	19	randomSolver	76,149	72,803	73,000	89,000	100,000	98,000	32,950	28,098	29,000	55,000	65,000	67,000	108200,016	100,000	6525
MAD-0.4-agents166.json	3358	3167	191	258	191	54	19	19	referenceSolver	84,373	79,596	80,000	92,000	98,000	100,000	42,723	30,719	32,000	64,000	76,000	76,000	1299,494	69,357	2329
MAD-0.4-agents166.json	3358	3167	191	258	191	54	19	19	randomSolver	75,944	67,161	68,000	88,000	100,000	99,000	44,679	36,449	38,000	57,000	65,000	66,000	12848,279	99,494	3341
MAD-0.9-agents29.json	7316	7125	191	121	54	54	19	19	referenceSolver	98,190	96,416	96,000	99,000	97,000	97,000	71,837	34,470	38,000	74,000	77,000	77,000	3489,009	3,964	290
MAD-0.9-agents29.json	7316	7125	191	121	54	54	19	19	randomSolver	88,384	76,171	76,000	87,000	99,000	100,000	70,580	68,323	68,000	73,000	66,000	65,000	13202,415	26,654	1950
MAD-0.05-agents58.json	588	397	191	150	83	54	19	19	referenceSolver	94,582	89,591	91,000	96,000	97,000	98,000	53,103	20,070	35,000	68,000	77,000	76,000	29,103	82,823	487
MAD-0.05-agents58.json	588	397	191	150	83	54	19	19	randomSolver	94,342	86,908	90,000	96,000	99,000	96,000	47,681	19,556	32,000	56,000	66,000	69,000	1150,096	100,000	588
MAD-0.15-agents275.json	1379	1188	191	367	300	54	19	19	referenceSolver	93,249	91,058	91,000	97,000	98,000	98,000	35,071	18,688	23,000	68,000	76,000	76,000	674,494	93,401	1288
MAD-0.15-agents275.json	1379	1188	191	367	300	54	19	19	randomSolver	93,949	91,686	92,000	95,000	98,000	98,000	33,202	17,420	22,000	57,000	67,000	67,000	6639,413	100,000	1379
MAD-0.3-agents306.json	2567	2376	191	398	331	54	19	19	referenceSolver	87,191	84,416	85,000	95,000	97,000	97,000	33,704	22,966	26,000	68,000	77,000	77,000	2088,214	93,105	2390
MAD-0.3-agents306.json	2567	2376	191	398	331	54	19	19	randomSolver	87,973	84,670	85,000	95,000	99,000	99,000	30,475	20,466	23,000	55,000	66,000	66,000	13092,787	100,000	2567
MAD-0.05-agents474.json	588	397	191	566	499	54	19	19	referenceSolver	98,750	99,378	99,000	98,000	97,000	97,000	43,926	14,839	26,000	71,000	77,000	77,000	261,371	90,816	534
MAD-0.05-agents474.json	588	397	191	566	499	54	19	19	randomSolver	98,685	97,879	98,000	99,000	99,000	99,000	42,940	15,149	27,000	60,000	66,000	66,000	3593,391	100,000	588
MAD-0.8-agents6.json	6525	6334	191	98	31	54	19	19	referenceSolver	99,575	98,340	98,000	99,000	100,000	100,000	73,177	27,696	38,000	72,000	76,000	74,000	1590,000	2,866	187
MAD-0.8-agents6.json	6525	6334	191	98	31	54	19	19	randomSolver	89,929	73,188	73,000	86,000	98,000	99,000	70,052	65,152	65,000	72,000	67,000	66,000	7578,590	17,487	1141
MAD-0.6-agents157.json	4942	4751	191	249	182	54	19	19	referenceSolver	82,369	76,687	77,000	90,000	97,000	99,000	46,916	35,292	36,000	65,000	77,000	75,000	2622,554	49,696	2456
MAD-0.6-agents157.json	4942	4751	191	249	182	54	19	19	randomSolver	75,241	66,028	67,000	86,000	99,000	99,000	53,050	47,599	48,000	60,000	66,000	66,000	14786,513	84,844	4193
MAD-0.4-agents218.json	3358	3167	191	310	243	54	19	19	referenceSolver	83,354	79,313	80,000	92,000	98,000	98,000	39,028	28,711	31,000	66,000	76,000	76,000	1794,426	81,328	2731
MAD-0.4-agents218.json	3358	3167	191	310	243	54	19	19	randomSolver	78,117	71,827	73,000	91,000	98,000	99,000	38,206	29,520	31,000	57,000	67,000	66,000	13323,694	100,000	3358
MAD-0.6-agents95.json	4942	4751	191	187	120	54	19	19	referenceSolver	85,764	78,196	79,000	90,000	98,000	98,000	56,262	41,337	43,000	73,000	76,000	76,000	2117,195	34,682	1714
MAD-0.6-agents95.json	4942	4751	191	187	120	54	19	19	randomSolver	77,617	66,193	67,000	85,000	98,000	99,000	59,854	54,149	54,000	64,000	67,000	66,000	18581,036	65,257	3225
MAD-0.1-agents419.json	984	793	191	511	444	54	19	19	referenceSolver	97,908	97,590	97,000	97,000	99,000	98,000	35,453	15,694	21,000	74,000	75,000	76,000	682,637	94,309	928
MAD-0.1-agents419.json	984	793	191	511	444	54	19	19	randomSolver	97,457	96,352	96,000	97,000	98,000	99,000	35,505	15,729	22,000	59,000	67,000	66,000	5719,399	100,000	984
MAD-0.35-agents324.json	2963	2772	191	416	349	54	19	19	referenceSolver	86,148	83,248	83,000	93,000	98,000	98,000	34,308	24,419	26,000	68,000	76,000	76,000	2951,074	90,719	2688
MAD-0.35-agents324.json	2963	2772	191	416	349	54	19	19	randomSolver	86,361	83,137	83,000	93,000	99,000	100,000	30,753	21,712	23,000	56,000	66,000	65,000	17626,166	100,000	2963
MAD-0.3-agents34.json	2567	2376	191	126	59	54	19	19	referenceSolver	90,559	78,914	80,000	93,000	99,000	100,000	62,496	39,072	42,000	72,000	75,000	76,000	316,664	31,593	811
MAD-0.3-agents34.json	2567	2376	191	126	59	54	19	19	randomSolver	83,629	65,428	68,000	85,000	99,000	100,000	62,612	54,582	56,000	64,000	66,000	65,000	2460,509	62,291	1599
MAD-0.45-agents260.json	3754	3563	191	352	285	54	19	19	referenceSolver	82,973	79,674	80,000	92,000	96,000	99,000	36,840	27,766	29,000	67,000	78,000	75,000	2686,979	84,097	3157
MAD-0.45-agents260.json	3754	3563	191	352	285	54	19	19	randomSolver	78,240	72,710	73,000	92,000	100,000	99,000	35,834	28,025	29,000	54,000	65,000	66,000	38619,790	100,000	3754
MAD-1.0-agents351.json	8108	7917	191	443	376	54	19	19	referenceSolver	80,268	77,289	78,000	90,000	100,000	97,000	38,298	31,664	33,000	68,000	76,000	77,000	13188,842	58,263	4724
MAD-1.0-agents351.json	8108	7917	191	443	376	54	19	19	randomSolver	71,323	66,400	67,000	86,000	99,000	98,000	46,387	42,519	43,000	58,000	66,000	67,000	175205,722	95,338	7730
MAD-0.7-agents402.json	5733	5542	191	494	427	54	19	19	referenceSolver	83,284	81,025	81,000	93,000	98,000	100,000	34,607	28,347	29,000	65,000	76,000	76,000	8727,656	84,197	4827
MAD-0.7-agents402.json	5733	5542	191	494	427	54	19	19	randomSolver	75,631	71,580	72,000	90,000	100,000	98,000	34,242	28,797	30,000	55,000	65,000	67,000	87917,160	100,000	5733
MAD-0.2-agents203.json	1775	1584	191	295	228	54	19	19	referenceSolver	88,401	84,613	85,000	95,000	99,000	99,000	37,545	22,688	26,000	67,000	75,000	75,000	764,144	89,972	1597
MAD-0.2-agents203.json	1775	1584	191	295	228	54	19	19	randomSolver	88,882	84,249	85,000	95,000	99,000	99,000	34,398	20,871	24,000	57,000	66,000	66,000	12182,277	100,000	1775
MAD-0.25-agents175.json	2171	1980	191	267	200	54	19	19	referenceSolver	84,744	79,957	81,000	92,000	97,000	98,000	40,928	27,359	31,000	68,000	77,000	76,000	767,239	89,037	1933
MAD-0.25-agents175.json	2171	1980	191	267	200	54	19	19	randomSolver	83,430	77,021	78,000	93,000	99,000	99,000	36,733	24,757	28,000	56,000	66,000	66,000	7308,369	100,000	2171
MAD-0.25-agents460.json	2171	1980	191	552	485	54	19	19	referenceSolver	92,395	90,873	91,000	96,000	97,000	100,000	30,319	19,050	22,000	71,000	77,000	74,000	2864,002	94,242	2046
MAD-0.25-agents460.json	2171	1980	191	552	485	54	19	19	randomSolver	92,921	91,165	91,000	96,000	100,000	99,000	28,626	17,691	20,000	57,000	65,000	66,000	22692,473	100,000	2171
MAD-0.7-agents117.json	5733	5542	191	209	142	54	19	19	referenceSolver	83,983	77,480	78,000	91,000	100,000	98,000	51,305	38,499	39,000	69,000	76,000	76,000	2588,242	37,851	2170
MAD-0.7-agents117.json	5733	5542	191	209	142	54	19	19	randomSolver	76,331	65,811	66,000	84,000	99,000	99,000	58,881	53,938	55,000	63,000	66,000	66,000	16813,553	64,940	3723
MAD-0.5-agents258.json	4150	3959	191	350	283	54	19	19	referenceSolver	83,801	80,304	81,000	93,000	98,000	99,000	38,400	29,165	31,000	70,000	76,000	75,000	3377,669	75,373	3128
MAD-0.5-agents258.json	4150	3959	191	350	283	54	19	19	randomSolver	75,560	69,603	70,000	89,000	100,000	100,000	37,905	30,682	32,000	57,000	65,000	65,000	30477,952	100,000	4150
MAD-0.5-agents57.json	4150	3959	191	149	82	54	19	19	referenceSolver	86,406	75,458	76,000	92,000	100,000	97,000	58,502	38,468	39,000	70,000	76,000	77,000	1137,079	26,867	1115
MAD-0.5-agents57.json	4150	3959	191	149	82	54	19	19	randomSolver	81,916	68,323	69,000	84,000	99,000	99,000	63,301	57,655	58,000	65,000	66,000	66,000	11669,237	57,229	2375
MAD-0.35-agents261.json	2963	2772	191	353	286	54	19	19	referenceSolver	85,136	81,591	82,000	93,000	100,000	100,000	36,100	25,716	28,000	65,000	76,000	76,000	2089,178	88,154	2612
MAD-0.35-agents261.json	2963	2772	191	353	286	54	19	19	randomSolver	83,248	78,873	79,000	92,000	98,000	100,000	32,942	23,617	25,000	55,000	67,000	65,000	21099,879	100,000	2963
MAD-0.2-agents346.json	1775	1584	191	438	371	54	19	19	referenceSolver	92,830	91,140	91,000	96,000	98,000	99,000	32,216	18,783	22,000	69,000	76,000	75,000	1449,387	93,183	1654
MAD-0.2-agents346.json	1775	1584	191	438	371	54	19	19	randomSolver	92,621	90,109	90,000	96,000	99,000	98,000	30,918	17,919	21,000	57,000	66,000	67,000	11666,978	100,000	1775
MAD-0.15-agents18.json	1379	1188	191	110	43	54	19	19	referenceSolver	87,648	69,882	73,000	88,000	100,000	96,000	65,103	37,752	42,000	69,000	76,000	78,000	62,741	46,773	645
MAD-0.15-agents18.json	1379	1188	191	110	43	54	19	19	randomSolver	85,637	61,911	66,000	85,000	99,000	100,000	60,997	47,630	50,000	61,000	66,000	65,000	932,078	73,387	1012
MAD-1.0-agents214.json	8108	7917	191	306	239	54	19	19	referenceSolver	81,622	77,357	77,000	89,000	97,000	100,000	45,631	36,775	36,000	68,000	77,000	76,000	8668,989	43,167	3500
MAD-1.0-agents214.json	8108	7917	191	306	239	54	19	19	randomSolver	72,763	65,405	66,000	87,000	100,000	98,000	54,722	50,879	51,000	61,000	65,000	67,000	34945,992	72,620	5888
MAD-0.45-agents325.json	3754	3563	191	417	350	54	19	19	referenceSolver	83,388	80,443	81,000	94,000	98,000	100,000	35,053	26,592	29,000	66,000	76,000	76,000	4055,559	90,011	3379
MAD-0.45-agents325.json	3754	3563	191	417	350	54	19	19	randomSolver	81,675	77,778	78,000	93,000	98,000	99,000	31,968	24,319	25,000	54,000	67,000	66,000	26868,426	100,000	3754
MAD-0.3-agents243.json	2567	2376	191	335	268	54	19	19	referenceSolver	85,673	82,351	83,000	94,000	98,000	97,000	35,657	24,468	26,000	68,000	76,000	77,000	1565,590	91,624	2352
MAD-0.3-agents243.json	2567	2376	191	335	268	54	19	19	randomSolver	84,421	79,835	80,000	93,000	98,000	98,000	33,415	22,974	25,000	56,000	67,000	67,000	23686,260	100,000	2567
MAD-0.15-agents330.json	1379	1188	191	422	355	54	19	19	referenceSolver	94,524	93,183	93,000	96,000	99,000	97,000	33,744	17,718	22,000	73,000	75,000	77,000	879,007	93,691	1292
MAD-0.15-agents330.json	1379	1188	191	422	355	54	19	19	randomSolver	94,907	92,859	93,000	96,000	100,000	98,000	32,548	16,971	21,000	58,000	65,000	67,000	9444,329	100,000	1379
MAD-0.6-agents442.json	4942	4751	191	534	467	54	19	19	referenceSolver	84,152	82,081	82,000	93,000	98,000	98,000	32,519	26,010	27,000	66,000	76,000	76,000	9296,829	90,530	4474
MAD-0.6-agents442.json	4942	4751	191	534	467	54	19	19	randomSolver	80,416	77,339	77,000	92,000	98,000	98,000	30,398	24,351	25,000	55,000	67,000	67,000	52292,973	100,000	4942
MAD-0.05-agents161.json	588	397	191	253	186	54	19	19	referenceSolver	97,377	96,649	97,000	97,000	100,000	98,000	46,665	16,198	28,000	71,000	76,000	76,000	81,803	89,286	525
MAD-0.05-agents161.json	588	397	191	253	186	54	19	19	randomSolver	97,273	95,284	95,000	97,000	98,000	99,000	44,188	15,927	27,000	59,000	67,000	66,000	1562,645	100,000	588
MAD-0.7-agents394.json	5733	5542	191	486	419	54	19	19	referenceSolver	83,057	80,729	81,000	93,000	98,000	99,000	34,779	28,510	29,000	67,000	76,000	75,000	8478,890	83,848	4807
MAD-0.7-agents394.json	5733	5542	191	486	419	54	19	19	randomSolver	76,025	71,983	72,000	91,000	98,000	98,000	34,630	29,176	30,000	56,000	67,000	67,000	47049,188	100,000	5733
MAD-0.25-agents319.json	2171	1980	191	411	344	54	19	19	referenceSolver	89,447	86,794	87,000	96,000	100,000	98,000	33,493	21,482	25,000	69,000	76,000	76,000	1945,658	92,860	2016
MAD-0.25-agents319.json	2171	1980	191	411	344	54	19	19	randomSolver	89,612	86,131	87,000	97,000	100,000	100,000	31,199	19,887	23,000	56,000	65,000	65,000	13362,708	100,000	2171
MAD-0.9-agents198.json	7316	7125	191	290	223	54	19	19	referenceSolver	82,958	78,663	79,000	90,000	100,000	96,000	46,159	36,422	37,000	68,000	76,000	78,000	7303,923	42,742	3127
MAD-0.9-agents198.json	7316	7125	191	290	223	54	19	19	randomSolver	73,027	65,322	66,000	84,000	99,000	100,000	54,583	50,316	51,000	62,000	66,000	65,000	35069,515	74,590	5457
MAD-0.35-agents148.json	2963	2772	191	240	173	54	19	19	referenceSolver	82,896	77,465	78,000	91,000	98,000	98,000	43,772	31,311	32,000	63,000	76,000	76,000	945,607	75,262	2230
MAD-0.35-agents148.json	2963	2772	191	240	173	54	19	19	randomSolver	76,598	67,431	69,000	89,000	99,000	98,000	44,769	35,557	37,000	57,000	66,000	67,000	10011,946	99,764	2956
MAD-0.4-agents23.json	3358	3167	191	115	48	54	19	19	referenceSolver	93,744	83,911	84,000	93,000	98,000	100,000	70,213	47,081	46,000	75,000	76,000	76,000	529,135	20,697	695
MAD-0.4-agents23.json	3358	3167	191	115	48	54	19	19	randomSolver	86,788	69,964	71,000	85,000	100,000	98,000	67,117	61,504	62,000	68,000	65,000	67,000	2094,304	44,521	1495
MAD-0.9-agents462.json	7316	7125	191	554	487	54	19	19	referenceSolver	82,894	80,811	81,000	92,000	100,000	99,000	34,395	28,787	29,000	66,000	76,000	75,000	17379,618	74,973	5485
MAD-0.9-agents462.json	7316	7125	191	554	487	54	19	19	randomSolver	73,460	69,723	70,000	91,000	99,000	98,000	35,953	31,514	32,000	57,000	66,000	67,000	63665,126	100,000	7316
MAD-0.5-agents171.json	4150	3959	191	263	196	54	19	19	referenceSolver	83,783	78,900	79,000	90,000	100,000	97,000	42,353	30,314	31,000	66,000	76,000	77,000	2217,443	55,639	2309
MAD-0.5-agents171.json	4150	3959	191	263	196	54	19	19	randomSolver	74,822	66,033	67,000	88,000	100,000	99,000	48,481	41,908	43,000	57,000	65,000	66,000	24248,160	95,518	3964
MAD-0.05-agents248.json	588	397	191	340	273	54	19	19	referenceSolver	98,124	97,998	98,000	99,000	97,000	96,000	44,861	15,398	26,000	72,000	77,000	78,000	137,038	90,816	534
MAD-0.05-agents248.json	588	397	191	340	273	54	19	19	randomSolver	98,507	97,206	97,000	99,000	98,000	99,000	43,431	15,639	27,000	59,000	67,000	66,000	2001,740	100,000	588
MAD-0.7-agents2.json	5733	5542	191	94	27	54	19	19	referenceSolver	98,806	100,000	100,000	99,000	98,000	97,000	75,121	14,583	32,000	74,000	76,000	77,000	1163,967	2,704	155
MAD-0.7-agents2.json	5733	5542	191	94	27	54	19	19	randomSolver	91,434	73,126	73,000	87,000	99,000	100,000	70,273	66,555	67,000	72,000	66,000	65,000	3893,727	17,443	1000
MAD-0.15-agents449.json	1379	1188	191	541	474	54	19	19	referenceSolver	96,507	95,991	96,000	96,000	98,000	99,000	31,772	16,409	22,000	74,000	76,000	75,000	1276,173	94,561	1304
MAD-0.15-agents449.json	1379	1188	191	541	474	54	19	19	randomSolver	96,268	94,809	95,000	98,000	100,000	98,000	31,613	16,289	20,000	58,000	65,000	67,000	14765,237	100,000	1379
MAD-0.9-agents91.json	7316	7125	191	183	116	54	19	19	referenceSolver	89,820	84,118	84,000	93,000	98,000	97,000	60,376	46,117	45,000	73,000	76,000	77,000	5033,959	23,360	1709
MAD-0.9-agents91.json	7316	7125	191	183	116	54	19	19	randomSolver	81,521	71,893	72,000	86,000	100,000	98,000	66,096	63,529	64,000	69,000	65,000	67,000	20733,788	49,918	3652
MAD-0.1-agents225.json	984	793	191	317	250	54	19	19	referenceSolver	95,795	94,255	94,000	98,000	97,000	97,000	38,203	17,341	22,000	71,000	77,000	77,000	347,338	92,988	915
MAD-0.1-agents225.json	984	793	191	317	250	54	19	19	randomSolver	94,940	91,783	92,000	96,000	100,000	100,000	37,194	17,195	24,000	59,000	65,000	65,000	3817,826	100,000	984
MAD-0.1-agents82.json	984	793	191	174	107	54	19	19	referenceSolver	89,843	82,565	84,000	94,000	99,000	99,000	47,604	24,057	29,000	64,000	75,000	75,000	102,462	87,907	865
MAD-0.1-agents82.json	984	793	191	174	107	54	19	19	randomSolver	89,685	81,081	83,000	95,000	99,000	98,000	43,258	22,457	29,000	55,000	66,000	67,000	2179,770	100,000	984
MAD-1.0-agents24.json	8108	7917	191	116	49	54	19	19	referenceSolver	97,296	91,106	91,000	97,000	97,000	100,000	72,264	51,528	53,000	74,000	77,000	74,000	3548,403	6,130	497
MAD-1.0-agents24.json	8108	7917	191	116	49	54	19	19	randomSolver	88,547	76,167	76,000	88,000	99,000	98,000	70,196	67,531	68,000	73,000	66,000	67,000	15419,169	21,707	1760
MAD-0.6-agents291.json	4942	4751	191	383	316	54	19	19	referenceSolver	82,114	78,954	79,000	92,000	98,000	97,000	37,351	29,255	30,000	66,000	76,000	77,000	5356,267	74,444	3679
MAD-0.6-agents291.json	4942	4751	191	383	316	54	19	19	randomSolver	73,673	67,988	68,000	88,000	100,000	98,000	38,829	32,627	33,000	56,000	65,000	67,000	54954,009	100,000	4942
MAD-0.8-agents137.json	6525	6334	191	229	162	54	19	19	referenceSolver	83,171	77,287	78,000	90,000	100,000	98,000	48,429	36,375	39,000	68,000	76,000	76,000	3419,913	36,230	2364
MAD-0.8-agents137.json	6525	6334	191	229	162	54	19	19	randomSolver	75,109	65,567	66,000	84,000	98,000	98,000	58,037	53,263	54,000	63,000	67,000	67,000	18156,375	64,490	4208
MAD-0.4-agents424.json	3358	3167	191	516	449	54	19	19	referenceSolver	86,874	84,547	85,000	97,000	97,000	100,000	31,897	23,173	25,000	69,000	77,000	76,000	5868,130	90,679	3045
MAD-0.4-agents424.json	3358	3167	191	516	449	54	19	19	randomSolver	87,345	84,957	85,000	92,000	99,000	98,000	28,508	20,499	22,000	57,000	66,000	67,000	53936,587	100,000	3358
MAD-0.3-agents490.json	2567	2376	191	582	515	54	19	19	referenceSolver	91,470	90,153	90,000	97,000	97,000	97,000	28,982	19,177	22,000	70,000	77,000	77,000	4066,628	94,507	2426
MAD-0.3-agents490.json	2567	2376	191	582	515	54	19	19	randomSolver	91,517	89,659	90,000	95,000	100,000	100,000	27,894	18,275	20,000	58,000	65,000	65,000	24959,827	100,000	2567
MAD-0.8-agents422.json	6525	6334	191	514	447	54	19	19	referenceSolver	82,553	80,420	80,000	91,000	98,000	97,000	34,613	28,553	29,000	65,000	76,000	77,000	11542,390	77,701	5070
MAD-0.8-agents422.json	6525	6334	191	514	447	54	19	19	randomSolver	74,278	70,360	71,000	89,000	99,000	100,000	35,667	30,762	31,000	57,000	66,000	65,000	81830,923	100,000	6525
MAD-0.4-agents131.json	3358	3167	191	223	156	54	19	19	referenceSolver	83,992	77,980	79,000	90,000	96,000	100,000	46,108	32,368	35,000	66,000	78,000	76,000	1140,656	58,725	1972
MAD-0.4-agents131.json	3358	3167	191	223	156	54	19	19	randomSolver	76,773	66,674	68,000	87,000	99,000	100,000	50,196	42,402	43,000	58,000	66,000	65,000	8273,642	94,669	3179
MAD-0.3-agents185.json	2567	2376	191	277	210	54	19	19	referenceSolver	85,973	81,973	82,000	93,000	98,000	98,000	38,751	26,319	28,000	65,000	76,000	76,000	1121,942	82,781	2125
MAD-0.3-agents185.json	2567	2376	191	277	210	54	19	19	randomSolver	80,007	73,010	74,000	90,000	99,000	99,000	37,627	27,032	29,000	56,000	66,000	66,000	12859,122	100,000	2567
MAD-0.1-agents360.json	984	793	191	452	385	54	19	19	referenceSolver	97,199	96,828	97,000	97,000	97,000	99,000	36,123	15,916	21,000	72,000	77,000	75,000	520,490	93,394	919
MAD-0.1-agents360.json	984	793	191	452	385	54	19	19	randomSolver	96,798	95,308	95,000	97,000	98,000	99,000	35,883	16,126	22,000	58,000	67,000	66,000	5264,645	100,000	984
MAD-0.2-agents40.json	1775	1584	191	132	65	54	19	19	referenceSolver	86,987	74,468	76,000	91,000	98,000	99,000	58,111	34,816	36,000	67,000	76,000	75,000	147,965	50,141	890
MAD-0.2-agents40.json	1775	1584	191	132	65	54	19	19	randomSolver	82,714	64,210	68,000	87,000	99,000	98,000	58,209	47,239	50,000	59,000	66,000	67,000	2263,104	83,549	1483
MAD-0.9-agents177.json	7316	7125	191	269	202	54	19	19	referenceSolver	83,836	79,099	80,000	89,000	98,000	98,000	48,495	38,016	40,000	69,000	76,000	76,000	6807,860	38,669	2829
MAD-0.9-agents177.json	7316	7125	191	269	202	54	19	19	randomSolver	74,216	66,202	66,000	85,000	99,000	98,000	56,476	52,166	52,000	63,000	66,000	67,000	40793,838	70,120	5130
MAD-0.5-agents464.json	4150	3959	191	556	489	54	19	19	referenceSolver	86,159	84,260	84,000	94,000	97,000	98,000	31,616	24,270	25,000	69,000	77,000	76,000	8790,001	91,566	3800
MAD-0.5-agents464.json	4150	3959	191	556	489	54	19	19	randomSolver	85,400	82,962	83,000	94,000	100,000	99,000	28,232	21,483	23,000	56,000	65,000	66,000	37386,456	100,000	4150
MAD-0.45-agents149.json	3754	3563	191	241	174	54	19	19	referenceSolver	82,324	76,466	77,000	92,000	98,000	100,000	45,617	33,537	36,000	68,000	76,000	76,000	1489,216	62,307	2339
MAD-0.45-agents149.json	3754	3563	191	241	174	54	19	19	randomSolver	75,524	65,897	67,000	87,000	99,000	99,000	49,541	42,355	44,000	59,000	66,000	66,000	22056,399	94,513	3548
MAD-1.0-agents428.json	8108	7917	191	520	453	54	19	19	referenceSolver	81,565	79,309	79,000	94,000	99,000	96,000	35,228	29,405	30,000	67,000	75,000	78,000	17700,604	65,688	5326
MAD-1.0-agents428.json	8108	7917	191	520	453	54	19	19	randomSolver	71,610	67,515	68,000	87,000	100,000	98,000	41,093	37,122	37,000	58,000	65,000	67,000	95607,305	99,877	8098
MAD-0.35-agents91.json	2963	2772	191	183	116	54	19	19	referenceSolver	84,210	76,747	77,000	89,000	100,000	97,000	49,612	33,247	34,000	68,000	76,000	77,000	628,027	53,696	1591
MAD-0.35-agents91.json	2963	2772	191	183	116	54	19	19	randomSolver	77,487	64,497	66,000	86,000	99,000	98,000	53,838	45,031	47,000	60,000	66,000	67,000	8627,396	85,353	2529
MAD-0.45-agents25.json	3754	3563	191	117	50	54	19	19	referenceSolver	94,263	85,210	85,000	93,000	100,000	100,000	69,207	48,331	49,000	74,000	76,000	76,000	625,822	20,698	777
MAD-0.45-agents25.json	3754	3563	191	117	50	54	19	19	randomSolver	87,118	71,514	73,000	86,000	99,000	99,000	67,456	62,821	64,000	68,000	66,000	66,000	5776,774	42,754	1605
MAD-0.45-agents52.json	3754	3563	191	144	77	54	19	19	referenceSolver	87,591	77,336	79,000	91,000	98,000	98,000	60,692	41,495	46,000	73,000	76,000	76,000	740,804	30,474	1144
MAD-0.45-agents52.json	3754	3563	191	144	77	54	19	19	randomSolver	82,320	67,980	69,000	85,000	99,000	97,000	63,059	57,077	58,000	65,000	66,000	68,000	5040,559	57,672	2165
MAD-0.25-agents381.json	2171	1980	191	473	406	54	19	19	referenceSolver	90,611	88,546	89,000	96,000	97,000	100,000	31,595	19,983	23,000	69,000	77,000	76,000	2316,858	93,413	2028
MAD-0.25-agents381.json	2171	1980	191	473	406	54	19	19	randomSolver	90,824	88,384	89,000	94,000	99,000	99,000	29,770	18,586	21,000	57,000	66,000	66,000	23940,270	100,000	2171
SPC-0.5-instance0.json	318	290	28	22	18	2	2	0	referenceSolver	87,094	83,684	83,000	100,000	0,000	100,000	41,791	29,717	29,000	87,000	0,000	87,000	2,345	76,730	244
SPC-0.5-instance0.json	318	290	28	22	18	2	2	0	randomSolver	76,950	71,616	71,000	100,000	0,000	100,000	42,184	31,698	31,000	87,000	0,000	87,000	167,496	91,509	291
MAD-0.2-agents37.json	1775	1584	191	129	62	54	19	19	referenceSolver	88,788	76,349	78,000	92,000	100,000	99,000	58,563	34,066	37,000	67,000	76,000	75,000	165,374	44,901	797
MAD-0.2-agents37.json	1775	1584	191	129	62	54	19	19	randomSolver	84,220	66,287	69,000	87,000	100,000	100,000	58,702	47,954	52,000	60,000	65,000	65,000	2982,021	80,732	1433
MAD-0.9-agents100.json	7316	7125	191	192	125	54	19	19	referenceSolver	87,410	80,861	81,000	92,000	100,000	97,000	57,897	43,721	44,000	73,000	76,000	77,000	5164,186	25,055	1833
MAD-0.9-agents100.json	7316	7125	191	192	125	54	19	19	randomSolver	80,473	71,109	71,000	85,000	98,000	100,000	64,809	61,822	62,000	68,000	67,000	65,000	14786,594	51,914	3798
MAD-0.5-agents413.json	4150	3959	191	505	438	54	19	19	referenceSolver	84,871	82,661	83,000	94,000	97,000	100,000	32,400	24,915	26,000	67,000	77,000	76,000	7074,938	90,506	3756
MAD-0.5-agents413.json	4150	3959	191	505	438	54	19	19	randomSolver	83,768	80,899	81,000	92,000	100,000	98,000	29,540	22,635	24,000	55,000	65,000	67,000	61243,090	100,000	4150
MAD-0.1-agents317.json	984	793	191	409	342	54	19	19	referenceSolver	96,477	95,622	95,000	97,000	99,000	98,000	36,680	16,407	23,000	72,000	75,000	76,000	460,602	93,496	920
MAD-0.1-agents317.json	984	793	191	409	342	54	19	19	randomSolver	96,955	95,261	95,000	98,000	99,000	100,000	35,912	16,131	22,000	59,000	66,000	65,000	5355,036	100,000	984
MAD-0.25-agents49.json	2171	1980	191	141	74	54	19	19	referenceSolver	86,605	75,823	77,000	92,000	96,000	97,000	57,712	35,201	38,000	70,000	78,000	77,000	315,263	44,910	975
MAD-0.25-agents49.json	2171	1980	191	141	74	54	19	19	randomSolver	82,335	65,449	68,000	88,000	99,000	100,000	57,861	48,189	51,000	61,000	66,000	65,000	5783,063	79,641	1729
MAD-0.3-agents408.json	2567	2376	191	500	433	54	19	19	referenceSolver	89,676	87,880	88,000	95,000	97,000	96,000	30,550	20,332	21,000	65,000	77,000	78,000	3366,467	93,300	2395
MAD-0.3-agents408.json	2567	2376	191	500	433	54	19	19	randomSolver	90,277	88,176	88,000	95,000	98,000	98,000	28,832	18,985	21,000	58,000	67,000	67,000	25287,682	100,000	2567
MAD-0.7-agents96.json	5733	5542	191	188	121	54	19	19	referenceSolver	83,846	76,206	77,000	89,000	98,000	97,000	53,913	39,126	41,000	70,000	76,000	77,000	2481,696	31,362	1798
MAD-0.7-agents96.json	5733	5542	191	188	121	54	19	19	randomSolver	77,854	66,261	67,000	84,000	99,000	99,000	61,980	57,743	58,000	65,000	66,000	66,000	18465,993	59,236	3396
MAD-0.6-agents209.json	4942	4751	191	301	234	54	19	19	referenceSolver	81,866	77,510	78,000	90,000	100,000	97,000	42,788	33,043	34,000	65,000	76,000	77,000	3844,015	62,282	3078
MAD-0.6-agents209.json	4942	4751	191	301	234	54	19	19	randomSolver	73,777	66,466	67,000	86,000	100,000	98,000	47,802	41,960	43,000	58,000	65,000	67,000	26316,450	96,236	4756
MAD-0.8-agents455.json	6525	6334	191	547	480	54	19	19	referenceSolver	83,086	81,109	81,000	94,000	98,000	98,000	34,219	28,648	29,000	67,000	76,000	76,000	13707,987	84,475	5512
MAD-0.8-agents455.json	6525	6334	191	547	480	54	19	19	randomSolver	75,089	71,507	72,000	89,000	99,000	98,000	33,900	29,017	30,000	56,000	66,000	67,000	141272,389	100,000	6525
MAD-0.4-agents146.json	3358	3167	191	238	171	54	19	19	referenceSolver	84,641	79,410	80,000	92,000	100,000	97,000	44,823	31,683	33,000	69,000	76,000	77,000	1370,785	62,656	2104
MAD-0.4-agents146.json	3358	3167	191	238	171	54	19	19	randomSolver	76,258	66,902	68,000	87,000	99,000	99,000	47,992	39,977	42,000	59,000	66,000	66,000	17223,116	97,886	3287
MAD-0.8-agents140.json	6525	6334	191	232	165	54	19	19	referenceSolver	84,175	78,613	79,000	92,000	97,000	100,000	49,074	37,347	39,000	69,000	77,000	76,000	4025,241	37,088	2420
MAD-0.8-agents140.json	6525	6334	191	232	165	54	19	19	randomSolver	75,037	65,690	66,000	84,000	98,000	98,000	57,982	53,195	53,000	63,000	67,000	67,000	26680,047	65,655	4284
MAD-0.4-agents453.json	3358	3167	191	545	478	54	19	19	referenceSolver	87,179	84,894	85,000	95,000	98,000	100,000	31,526	22,921	25,000	67,000	76,000	76,000	6773,539	91,036	3057
MAD-0.4-agents453.json	3358	3167	191	545	478	54	19	19	randomSolver	87,787	85,462	86,000	94,000	98,000	98,000	27,910	19,987	22,000	56,000	67,000	67,000	36474,372	100,000	3358
MAD-0.05-agents395.json	588	397	191	487	420	54	19	19	referenceSolver	98,481	99,409	98,000	97,000	98,000	97,000	44,336	14,845	26,000	75,000	76,000	77,000	293,732	90,816	534
MAD-0.05-agents395.json	588	397	191	487	420	54	19	19	randomSolver	98,007	96,924	97,000	98,000	99,000	98,000	43,530	15,539	27,000	60,000	66,000	67,000	2926,141	100,000	588
MAD-0.7-agents79.json	5733	5542	191	171	104	54	19	19	referenceSolver	85,956	78,054	79,000	90,000	98,000	98,000	57,770	42,652	45,000	72,000	76,000	76,000	2065,922	29,077	1667
MAD-0.7-agents79.json	5733	5542	191	171	104	54	19	19	randomSolver	80,052	68,704	69,000	84,000	98,000	98,000	65,146	61,344	62,000	67,000	67,000	67,000	11797,244	54,736	3138
MAD-0.1-agents252.json	984	793	191	344	277	54	19	19	referenceSolver	95,563	93,796	94,000	97,000	100,000	98,000	38,340	17,485	22,000	73,000	76,000	76,000	358,967	93,089	916
MAD-0.1-agents252.json	984	793	191	344	277	54	19	19	randomSolver	96,381	94,651	95,000	97,000	98,000	99,000	36,542	16,516	23,000	59,000	67,000	66,000	4195,549	100,000	984
MAD-1.0-agents53.json	8108	7917	191	145	78	54	19	19	referenceSolver	94,159	88,466	88,000	94,000	100,000	98,000	67,885	52,794	52,000	75,000	76,000	76,000	4548,488	15,109	1225
MAD-1.0-agents53.json	8108	7917	191	145	78	54	19	19	randomSolver	86,381	76,604	76,000	87,000	100,000	98,000	70,534	69,253	69,000	72,000	65,000	67,000	8349,355	34,139	2768
MAD-0.7-agents249.json	5733	5542	191	341	274	54	19	19	referenceSolver	81,183	77,418	78,000	91,000	98,000	97,000	40,370	31,915	33,000	67,000	76,000	77,000	5280,049	62,376	3576
MAD-0.7-agents249.json	5733	5542	191	341	274	54	19	19	randomSolver	73,379	66,862	67,000	88,000	99,000	99,000	46,998	41,840	42,000	58,000	66,000	66,000	34279,993	95,849	5495
MAD-0.4-agents54.json	3358	3167	191	146	79	54	19	19	referenceSolver	87,001	76,183	78,000	91,000	100,000	97,000	58,997	38,934	42,000	69,000	76,000	77,000	734,858	32,877	1104
MAD-0.4-agents54.json	3358	3167	191	146	79	54	19	19	randomSolver	80,984	65,586	67,000	85,000	98,000	98,000	61,142	53,468	55,000	64,000	67,000	67,000	5375,140	61,435	2063
MAD-0.9-agents415.json	7316	7125	191	507	440	54	19	19	referenceSolver	81,934	79,626	79,000	91,000	100,000	97,000	35,561	29,477	29,000	65,000	74,000	77,000	16226,279	69,697	5099
MAD-0.9-agents415.json	7316	7125	191	507	440	54	19	19	randomSolver	72,281	68,084	68,000	88,000	99,000	98,000	39,182	34,780	35,000	57,000	66,000	67,000	158880,085	100,000	7316
MAD-0.5-agents106.json	4150	3959	191	198	131	54	19	19	referenceSolver	86,007	79,497	80,000	90,000	98,000	100,000	51,056	36,178	37,000	70,000	76,000	76,000	1667,400	43,060	1787
MAD-0.5-agents106.json	4150	3959	191	198	131	54	19	19	randomSolver	77,106	65,708	67,000	85,000	99,000	100,000	55,946	49,439	50,000	61,000	66,000	65,000	8324,154	76,096	3158
MAD-0.2-agents448.json	1775	1584	191	540	473	54	19	19	referenceSolver	94,577	93,384	93,000	96,000	99,000	98,000	30,383	17,522	19,000	72,000	75,000	76,000	2231,676	94,028	1669
MAD-0.2-agents448.json	1775	1584	191	540	473	54	19	19	randomSolver	94,498	92,899	93,000	97,000	99,000	98,000	29,802	17,051	20,000	59,000	66,000	67,000	29059,002	100,000	1775
MAD-0.05-agents116.json	588	397	191	208	141	54	19	19	referenceSolver	96,664	95,551	96,000	96,000	99,000	98,000	47,796	16,793	28,000	69,000	75,000	76,000	61,904	87,585	515
MAD-0.05-agents116.json	588	397	191	208	141	54	19	19	randomSolver	96,597	93,342	94,000	97,000	98,000	98,000	45,349	17,176	28,000	57,000	67,000	67,000	1186,255	100,000	588
MAD-0.1-agents481.json	984	793	191	573	506	54	19	19	referenceSolver	98,071	97,786	97,000	98,000	99,000	98,000	35,101	15,461	19,000	73,000	75,000	76,000	865,588	94,512	930
MAD-0.1-agents481.json	984	793	191	573	506	54	19	19	randomSolver	97,872	97,004	97,000	98,000	100,000	99,000	35,304	15,716	23,000	61,000	65,000	66,000	13726,244	100,000	984
MAD-0.8-agents269.json	6525	6334	191	361	294	54	19	19	referenceSolver	81,606	78,014	78,000	91,000	98,000	100,000	39,548	31,358	33,000	67,000	76,000	76,000	7365,402	56,567	3691
MAD-0.8-agents269.json	6525	6334	191	361	294	54	19	19	randomSolver	73,519	67,667	68,000	87,000	98,000	98,000	47,837	43,219	44,000	59,000	67,000	67,000	49773,440	93,900	6127
MAD-0.15-agents347.json	1379	1188	191	439	372	54	19	19	referenceSolver	94,542	93,180	93,000	97,000	100,000	96,000	33,621	17,612	22,000	73,000	76,000	78,000	763,122	93,909	1295
MAD-0.15-agents347.json	1379	1188	191	439	372	54	19	19	randomSolver	95,311	93,300	93,000	97,000	100,000	100,000	32,420	16,881	21,000	58,000	65,000	65,000	8247,096	100,000	1379
MAD-0.6-agents435.json	4942	4751	191	527	460	54	19	19	referenceSolver	83,417	81,141	81,000	92,000	100,000	100,000	32,889	26,409	27,000	64,000	76,000	74,000	7807,606	91,380	4516
MAD-0.6-agents435.json	4942	4751	191	527	460	54	19	19	randomSolver	79,995	76,678	77,000	91,000	99,000	99,000	31,001	24,923	26,000	56,000	66,000	66,000	44524,471	100,000	4942
MAD-0.8-agents92.json	6525	6334	191	184	117	54	19	19	referenceSolver	83,964	75,914	77,000	92,000	98,000	97,000	54,825	40,306	42,000	72,000	76,000	77,000	2444,169	27,479	1793
MAD-0.8-agents92.json	6525	6334	191	184	117	54	19	19	randomSolver	79,762	69,545	70,000	85,000	96,000	98,000	64,331	60,633	61,000	67,000	69,000	67,000	13390,569	53,425	3486
MAD-0.4-agents280.json	3358	3167	191	372	305	54	19	19	referenceSolver	84,387	81,079	81,000	92,000	100,000	99,000	36,284	26,780	28,000	68,000	74,000	75,000	2439,364	87,850	2950
MAD-0.4-agents280.json	3358	3167	191	372	305	54	19	19	randomSolver	81,502	76,976	77,000	92,000	98,000	99,000	33,532	25,073	27,000	56,000	67,000	66,000	40701,039	100,000	3358
MAD-0.3-agents234.json	2567	2376	191	326	259	54	19	19	referenceSolver	86,651	83,305	84,000	94,000	100,000	98,000	35,969	24,649	27,000	66,000	74,000	76,000	1182,069	89,988	2310
MAD-0.3-agents234.json	2567	2376	191	326	259	54	19	19	randomSolver	83,722	78,708	79,000	93,000	98,000	100,000	33,906	23,509	26,000	56,000	67,000	65,000	13928,365	100,000	2567
MAD-0.45-agents352.json	3754	3563	191	444	377	54	19	19	referenceSolver	84,602	82,248	82,000	93,000	97,000	96,000	33,956	25,573	27,000	67,000	77,000	78,000	4332,849	90,517	3398
MAD-0.45-agents352.json	3754	3563	191	444	377	54	19	19	randomSolver	83,093	79,561	80,000	93,000	100,000	99,000	30,912	23,350	25,000	56,000	65,000	66,000	35278,205	100,000	3754
MAD-1.0-agents263.json	8108	7917	191	355	288	54	19	19	referenceSolver	82,010	78,377	79,000	90,000	100,000	99,000	41,508	33,659	35,000	67,000	76,000	75,000	8669,006	48,002	3892
MAD-1.0-agents263.json	8108	7917	191	355	288	54	19	19	randomSolver	72,747	66,417	67,000	86,000	99,000	100,000	51,675	47,946	48,000	59,000	66,000	65,000	46873,110	82,190	6664
MAD-0.2-agents331.json	1775	1584	191	423	356	54	19	19	referenceSolver	92,592	90,756	91,000	98,000	97,000	100,000	32,184	18,729	21,000	70,000	77,000	76,000	1175,292	92,676	1645
MAD-0.2-agents331.json	1775	1584	191	423	356	54	19	19	randomSolver	91,846	89,138	89,000	96,000	98,000	99,000	31,589	18,452	22,000	58,000	67,000	66,000	15061,194	100,000	1775
MAD-0.5-agents385.json	4150	3959	191	477	410	54	19	19	referenceSolver	84,728	82,504	82,000	92,000	97,000	98,000	32,949	25,246	26,000	65,000	77,000	76,000	4986,793	88,771	3684
MAD-0.5-agents385.json	4150	3959	191	477	410	54	19	19	randomSolver	82,167	78,862	79,000	92,000	98,000	100,000	30,480	23,504	24,000	55,000	67,000	65,000	43495,893	100,000	4150
MAD-0.7-agents160.json	5733	5542	191	252	185	54	19	19	referenceSolver	82,236	77,160	78,000	90,000	96,000	97,000	47,353	36,604	38,000	68,000	78,000	77,000	2781,964	47,846	2743
MAD-0.7-agents160.json	5733	5542	191	252	185	54	19	19	randomSolver	74,173	65,300	66,000	85,000	97,000	98,000	54,396	49,078	50,000	61,000	68,000	67,000	12933,864	76,522	4387
MAD-0.5-agents20.json	4150	3959	191	112	45	54	19	19	referenceSolver	94,145	81,300	83,000	94,000	96,000	100,000	71,822	47,765	52,000	74,000	78,000	76,000	693,227	12,578	522
MAD-0.5-agents20.json	4150	3959	191	112	45	54	19	19	randomSolver	88,460	74,677	75,000	87,000	99,000	97,000	69,680	65,813	66,000	71,000	66,000	68,000	4719,318	37,904	1573
MAD-0.35-agents216.json	2963	2772	191	308	241	54	19	19	referenceSolver	84,382	80,544	81,000	92,000	98,000	99,000	37,705	26,803	29,000	67,000	76,000	75,000	1180,620	84,711	2510
MAD-0.35-agents216.json	2963	2772	191	308	241	54	19	19	randomSolver	80,321	74,556	75,000	91,000	98,000	98,000	36,066	26,537	28,000	56,000	67,000	67,000	27995,846	100,000	2963
MAD-0.25-agents417.json	2171	1980	191	509	442	54	19	19	referenceSolver	91,164	89,534	90,000	97,000	97,000	96,000	31,006	19,535	23,000	73,000	77,000	78,000	2772,774	94,104	2043
MAD-0.25-agents417.json	2171	1980	191	509	442	54	19	19	randomSolver	92,529	90,555	91,000	96,000	98,000	99,000	28,842	17,857	20,000	56,000	67,000	66,000	22778,571	100,000	2171
MAD-0.2-agents274.json	1775	1584	191	366	299	54	19	19	referenceSolver	92,261	90,066	90,000	95,000	99,000	99,000	33,236	19,462	22,000	68,000	75,000	75,000	1155,720	92,056	1634
MAD-0.2-agents274.json	1775	1584	191	366	299	54	19	19	randomSolver	91,058	87,861	88,000	95,000	99,000	98,000	32,233	18,969	23,000	57,000	66,000	67,000	13732,392	100,000	1775
MAD-0.25-agents102.json	2171	1980	191	194	127	54	19	19	referenceSolver	85,884	78,698	80,000	90,000	99,000	100,000	46,696	29,670	33,000	65,000	75,000	76,000	495,461	66,375	1441
MAD-0.25-agents102.json	2171	1980	191	194	127	54	19	19	randomSolver	80,178	69,343	71,000	88,000	100,000	99,000	46,766	35,294	38,000	57,000	65,000	66,000	10135,885	99,770	2166
MAD-0.9-agents229.json	7316	7125	191	321	254	54	19	19	referenceSolver	82,376	78,419	78,000	91,000	98,000	97,000	44,188	35,277	35,000	68,000	76,000	77,000	9466,416	46,856	3428
MAD-0.9-agents229.json	7316	7125	191	321	254	54	19	19	randomSolver	72,801	65,922	66,000	87,000	99,000	99,000	52,443	48,239	48,000	61,000	66,000	66,000	76450,078	81,055	5930
MAD-0.3-agents43.json	2567	2376	191	135	68	54	19	19	referenceSolver	88,540	77,807	79,000	92,000	96,000	99,000	60,443	38,532	40,000	69,000	78,000	75,000	377,616	36,813	945
MAD-0.3-agents43.json	2567	2376	191	135	68	54	19	19	randomSolver	81,494	63,855	66,000	84,000	99,000	99,000	60,581	51,850	53,000	62,000	66,000	66,000	2778,659	67,939	1744
MAD-1.0-agents326.json	8108	7917	191	418	351	54	19	19	referenceSolver	80,943	77,988	78,000	89,000	98,000	98,000	39,007	32,002	33,000	68,000	76,000	76,000	13588,136	55,155	4472
MAD-1.0-agents326.json	8108	7917	191	418	351	54	19	19	randomSolver	72,047	66,816	67,000	86,000	98,000	99,000	47,878	44,067	44,000	59,000	67,000	66,000	53632,913	92,082	7466
MAD-0.45-agents217.json	3754	3563	191	309	242	54	19	19	referenceSolver	82,503	78,382	79,000	92,000	100,000	100,000	39,846	30,118	32,000	64,000	76,000	76,000	2360,250	79,808	2996
MAD-0.45-agents217.json	3754	3563	191	309	242	54	19	19	randomSolver	75,839	68,819	70,000	90,000	98,000	99,000	40,236	32,485	34,000	56,000	67,000	66,000	15571,711	100,000	3754
MAD-0.7-agents475.json	5733	5542	191	567	500	54	19	19	referenceSolver	82,845	80,879	81,000	92,000	97,000	100,000	32,722	26,977	28,000	67,000	77,000	76,000	12809,277	91,401	5240
MAD-0.7-agents475.json	5733	5542	191	567	500	54	19	19	randomSolver	79,161	76,082	76,000	93,000	98,000	99,000	30,716	25,390	26,000	55,000	67,000	66,000	88854,240	100,000	5733
MAD-0.15-agents80.json	1379	1188	191	172	105	54	19	19	referenceSolver	87,855	80,801	82,000	89,000	100,000	98,000	46,890	26,753	30,000	63,000	74,000	76,000	149,550	81,436	1123
MAD-0.15-agents80.json	1379	1188	191	172	105	54	19	19	randomSolver	83,821	72,322	74,000	90,000	99,000	98,000	43,994	27,407	32,000	55,000	66,000	67,000	2588,513	100,000	1379
MAD-0.9-agents383.json	7316	7125	191	475	408	54	19	19	referenceSolver	82,565	80,294	80,000	90,000	96,000	97,000	36,584	30,155	30,000	65,000	78,000	77,000	14728,940	66,512	4866
MAD-0.9-agents383.json	7316	7125	191	475	408	54	19	19	randomSolver	71,476	66,876	67,000	88,000	98,000	99,000	41,436	37,096	37,000	56,000	67,000	66,000	58006,384	99,781	7300
MAD-0.35-agents353.json	2963	2772	191	445	378	54	19	19	referenceSolver	86,728	84,137	84,000	95,000	97,000	98,000	33,639	23,810	26,000	69,000	77,000	76,000	3843,392	90,820	2691
MAD-0.35-agents353.json	2963	2772	191	445	378	54	19	19	randomSolver	87,335	84,450	85,000	93,000	99,000	100,000	29,818	20,861	23,000	56,000	66,000	65,000	21380,110	100,000	2963
MAD-0.8-agents286.json	6525	6334	191	378	311	54	19	19	referenceSolver	81,400	78,118	78,000	89,000	97,000	99,000	38,069	30,046	31,000	68,000	77,000	75,000	7891,222	57,655	3762
MAD-0.8-agents286.json	6525	6334	191	378	311	54	19	19	randomSolver	72,730	66,932	67,000	88,000	99,000	98,000	46,357	41,681	42,000	58,000	66,000	67,000	82210,896	95,969	6262
MAD-0.1-agents194.json	984	793	191	286	219	54	19	19	referenceSolver	93,551	90,924	91,000	95,000	98,000	98,000	39,905	18,509	25,000	70,000	76,000	76,000	288,122	92,276	908
MAD-0.1-agents194.json	984	793	191	286	219	54	19	19	randomSolver	94,397	90,922	92,000	97,000	98,000	99,000	37,902	17,732	24,000	57,000	67,000	66,000	6795,860	100,000	984
MAD-0.6-agents120.json	4942	4751	191	212	145	54	19	19	referenceSolver	84,067	77,480	78,000	90,000	97,000	96,000	51,643	38,147	38,000	68,000	77,000	78,000	2561,945	40,652	2009
MAD-0.6-agents120.json	4942	4751	191	212	145	54	19	19	randomSolver	76,461	66,411	67,000	86,000	98,000	98,000	56,706	50,749	51,000	62,000	67,000	67,000	15198,821	73,007	3608
MAD-0.3-agents371.json	2567	2376	191	463	396	54	19	19	referenceSolver	89,655	87,634	88,000	96,000	97,000	100,000	31,439	21,094	24,000	69,000	77,000	76,000	3214,915	93,027	2388
MAD-0.3-agents371.json	2567	2376	191	463	396	54	19	19	randomSolver	89,037	86,461	87,000	95,000	98,000	98,000	29,638	19,677	22,000	57,000	67,000	67,000	26586,360	100,000	2567
MAD-0.05-agents403.json	588	397	191	495	428	54	19	19	referenceSolver	98,639	99,529	99,000	97,000	97,000	97,000	44,336	14,807	25,000	75,000	77,000	77,000	255,752	90,816	534
MAD-0.05-agents403.json	588	397	191	495	428	54	19	19	randomSolver	98,364	97,575	97,000	98,000	98,000	99,000	43,481	15,532	27,000	60,000	67,000	66,000	3179,592	100,000	588
MAD-0.15-agents202.json	1379	1188	191	294	227	54	19	19	referenceSolver	90,337	86,688	87,000	95,000	100,000	98,000	38,185	20,800	26,000	70,000	76,000	76,000	515,810	91,951	1268
MAD-0.15-agents202.json	1379	1188	191	294	227	54	19	19	randomSolver	91,989	88,284	89,000	95,000	98,000	99,000	34,666	18,670	23,000	56,000	67,000	66,000	5718,823	100,000	1379
TFS-0.5-instance0.json	1095	992	103	67	27	28	12	0	referenceSolver	90,478	79,198	79,000	99,000	0,000	100,000	51,020	44,513	44,000	54,000	0,000	61,000	22,509	55,982	613
TFS-0.5-instance0.json	1095	992	103	67	27	28	12	0	randomSolver	86,719	72,556	72,000	98,000	0,000	99,000	60,830	61,960	61,000	57,000	0,000	65,000	851,377	82,740	906
MAD-0.8-agents402.json	6525	6334	191	494	427	54	19	19	referenceSolver	82,964	80,960	81,000	91,000	96,000	97,000	35,129	28,768	30,000	67,000	78,000	77,000	12188,321	74,805	4881
MAD-0.8-agents402.json	6525	6334	191	494	427	54	19	19	randomSolver	73,229	69,020	69,000	88,000	99,000	98,000	36,935	32,017	32,000	57,000	66,000	67,000	59270,317	100,000	6525
MAD-0.4-agents111.json	3358	3167	191	203	136	54	19	19	referenceSolver	83,984	77,164	78,000	90,000	97,000	97,000	49,380	34,206	36,000	69,000	77,000	77,000	1109,153	52,233	1754
MAD-0.4-agents111.json	3358	3167	191	203	136	54	19	19	randomSolver	77,812	66,933	68,000	86,000	99,000	99,000	52,777	44,950	46,000	59,000	66,000	66,000	17456,956	87,850	2950
MAD-0.05-agents287.json	588	397	191	379	312	54	19	19	referenceSolver	98,685	98,684	98,000	98,000	100,000	98,000	44,689	15,064	23,000	73,000	76,000	76,000	163,360	90,816	534
MAD-0.05-agents287.json	588	397	191	379	312	54	19	19	randomSolver	98,579	97,123	97,000	98,000	100,000	100,000	43,233	15,474	27,000	60,000	65,000	65,000	3307,785	100,000	588
MAD-0.1-agents340.json	984	793	191	432	365	54	19	19	referenceSolver	96,208	95,562	95,000	97,000	97,000	96,000	36,889	16,503	23,000	73,000	77,000	78,000	509,868	94,309	928
MAD-0.1-agents340.json	984	793	191	432	365	54	19	19	randomSolver	96,236	94,249	95,000	98,000	98,000	98,000	36,420	16,446	23,000	59,000	67,000	67,000	5299,260	100,000	984
MAD-0.15-agents486.json	1379	1188	191	578	511	54	19	19	referenceSolver	96,960	96,368	96,000	97,000	98,000	100,000	31,387	16,218	20,000	73,000	76,000	76,000	1399,817	95,214	1313
MAD-0.15-agents486.json	1379	1188	191	578	511	54	19	19	randomSolver	96,737	95,631	96,000	98,000	99,000	98,000	31,373	16,098	20,000	58,000	66,000	67,000	18771,441	100,000	1379
MAD-0.2-agents60.json	1775	1584	191	152	85	54	19	19	referenceSolver	86,436	76,518	79,000	93,000	98,000	98,000	52,241	30,715	36,000	70,000	76,000	76,000	219,645	57,803	1026
MAD-0.2-agents60.json	1775	1584	191	152	85	54	19	19	randomSolver	81,644	66,560	69,000	87,000	100,000	99,000	53,433	41,051	44,000	58,000	65,000	66,000	3458,541	94,704	1681
MAD-0.9-agents157.json	7316	7125	191	249	182	54	19	19	referenceSolver	84,036	78,689	79,000	93,000	98,000	100,000	49,174	37,688	37,000	72,000	76,000	76,000	7463,145	34,390	2516
MAD-0.9-agents157.json	7316	7125	191	249	182	54	19	19	randomSolver	75,376	67,038	67,000	85,000	99,000	98,000	58,008	53,799	54,000	64,000	66,000	67,000	35790,393	65,323	4779
MAD-0.5-agents444.json	4150	3959	191	536	469	54	19	19	referenceSolver	84,429	82,237	82,000	92,000	97,000	98,000	31,817	24,469	26,000	66,000	77,000	76,000	8127,995	91,783	3809
MAD-0.5-agents444.json	4150	3959	191	536	469	54	19	19	randomSolver	84,066	81,358	81,000	93,000	98,000	98,000	28,866	22,030	23,000	55,000	67,000	67,000	63164,221	100,000	4150
MAD-0.45-agents169.json	3754	3563	191	261	194	54	19	19	referenceSolver	81,891	76,809	77,000	88,000	98,000	100,000	44,126	33,363	33,000	67,000	76,000	76,000	1936,915	72,296	2714
MAD-0.45-agents169.json	3754	3563	191	261	194	54	19	19	randomSolver	75,395	66,716	68,000	89,000	98,000	99,000	46,836	39,518	41,000	58,000	67,000	66,000	18982,284	98,322	3691
MAD-0.45-agents493.json	3754	3563	191	585	518	54	19	19	referenceSolver	87,156	85,170	85,000	95,000	100,000	100,000	30,318	22,590	23,000	67,000	76,000	76,000	8902,123	92,088	3457
MAD-0.45-agents493.json	3754	3563	191	585	518	54	19	19	randomSolver	87,816	85,778	86,000	95,000	98,000	100,000	27,276	20,077	22,000	56,000	67,000	65,000	75960,890	100,000	3754
MAD-0.35-agents187.json	2963	2772	191	279	212	54	19	19	referenceSolver	82,755	78,159	79,000	93,000	98,000	97,000	39,998	28,657	31,000	65,000	76,000	77,000	1341,794	82,383	2441
MAD-0.35-agents187.json	2963	2772	191	279	212	54	19	19	randomSolver	78,214	71,212	72,000	88,000	99,000	98,000	38,990	29,340	31,000	56,000	66,000	67,000	13558,030	100,000	2963
MAD-1.0-agents408.json	8108	7917	191	500	433	54	19	19	referenceSolver	82,008	79,687	80,000	91,000	97,000	100,000	35,692	29,691	30,000	64,000	77,000	76,000	18045,970	63,740	5168
MAD-1.0-agents408.json	8108	7917	191	500	433	54	19	19	randomSolver	71,252	66,714	67,000	87,000	100,000	100,000	42,412	38,545	39,000	57,000	65,000	65,000	147701,047	99,272	8049
MAD-0.25-agents339.json	2171	1980	191	431	364	54	19	19	referenceSolver	89,569	87,285	87,000	96,000	97,000	98,000	32,937	20,957	24,000	69,000	77,000	76,000	2249,621	92,999	2019
MAD-0.25-agents339.json	2171	1980	191	431	364	54	19	19	randomSolver	90,687	88,104	88,000	95,000	98,000	98,000	30,226	18,957	21,000	57,000	67,000	67,000	13453,484	100,000	2171
MAD-0.45-agents186.json	3754	3563	191	278	211	54	19	19	referenceSolver	81,585	76,775	77,000	89,000	98,000	100,000	42,381	31,947	33,000	64,000	76,000	76,000	1959,870	74,507	2797
MAD-0.45-agents186.json	3754	3563	191	278	211	54	19	19	randomSolver	75,612	67,910	69,000	88,000	98,000	100,000	44,212	36,595	38,000	56,000	67,000	65,000	27523,923	99,707	3743
MAD-0.35-agents492.json	2963	2772	191	584	517	54	19	19	referenceSolver	90,540	89,045	89,000	96,000	97,000	97,000	29,047	20,130	21,000	65,000	77,000	77,000	5951,874	93,216	2762
MAD-0.35-agents492.json	2963	2772	191	584	517	54	19	19	randomSolver	90,779	88,935	89,000	95,000	99,000	99,000	27,215	18,650	20,000	57,000	66,000	66,000	27933,867	100,000	2963
MAD-0.35-agents168.json	2963	2772	191	260	193	54	19	19	referenceSolver	84,138	79,356	80,000	93,000	99,000	97,000	40,925	28,991	31,000	64,000	75,000	77,000	1203,430	76,645	2271
MAD-0.35-agents168.json	2963	2772	191	260	193	54	19	19	randomSolver	77,198	68,986	70,000	89,000	99,000	100,000	41,770	32,352	34,000	57,000	66,000	65,000	23186,157	100,000	2963
MAD-0.25-agents293.json	2171	1980	191	385	318	54	19	19	referenceSolver	88,102	84,946	85,000	96,000	98,000	98,000	35,075	22,757	27,000	71,000	76,000	76,000	2000,911	92,446	2007
MAD-0.25-agents293.json	2171	1980	191	385	318	54	19	19	randomSolver	89,518	86,178	86,000	95,000	100,000	100,000	30,977	19,666	23,000	57,000	65,000	65,000	13749,851	100,000	2171
MAD-0.9-agents442.json	7316	7125	191	534	467	54	19	19	referenceSolver	82,237	80,056	80,000	92,000	99,000	97,000	34,614	28,811	29,000	66,000	75,000	77,000	18046,913	72,321	5291
MAD-0.9-agents442.json	7316	7125	191	534	467	54	19	19	randomSolver	72,464	68,509	69,000	88,000	99,000	98,000	37,140	32,701	33,000	56,000	66,000	67,000	90295,561	100,000	7316
MAD-0.5-agents151.json	4150	3959	191	243	176	54	19	19	referenceSolver	84,056	78,645	79,000	93,000	97,000	97,000	44,827	32,014	34,000	65,000	77,000	77,000	2127,625	51,373	2132
MAD-0.5-agents151.json	4150	3959	191	243	176	54	19	19	randomSolver	75,356	66,065	67,000	85,000	99,000	100,000	50,977	44,364	45,000	59,000	66,000	65,000	13907,569	91,349	3791
MAD-0.05-agents268.json	588	397	191	360	293	54	19	19	referenceSolver	98,273	98,400	98,000	96,000	100,000	98,000	44,885	15,375	27,000	73,000	76,000	76,000	171,064	90,816	534
MAD-0.05-agents268.json	588	397	191	360	293	54	19	19	randomSolver	98,564	97,276	97,000	99,000	100,000	99,000	43,332	15,589	26,000	59,000	65,000	66,000	2869,859	100,000	588
MAD-0.15-agents193.json	1379	1188	191	285	218	54	19	19	referenceSolver	90,914	87,413	88,000	95,000	100,000	97,000	38,164	20,826	25,000	66,000	76,000	77,000	486,418	92,386	1274
MAD-0.15-agents193.json	1379	1188	191	285	218	54	19	19	randomSolver	91,307	86,921	88,000	96,000	99,000	98,000	35,485	19,369	24,000	56,000	66,000	67,000	5462,756	100,000	1379
MAD-0.15-agents469.json	1379	1188	191	561	494	54	19	19	referenceSolver	96,737	96,353	96,000	96,000	97,000	100,000	31,833	16,435	21,000	72,000	77,000	76,000	1673,985	94,706	1306
MAD-0.15-agents469.json	1379	1188	191	561	494	54	19	19	randomSolver	96,226	95,041	95,000	98,000	98,000	98,000	31,492	16,184	21,000	59,000	67,000	67,000	12495,611	100,000	1379
MAD-0.1-agents205.json	984	793	191	297	230	54	19	19	referenceSolver	94,093	91,747	92,000	96,000	100,000	96,000	39,247	18,026	22,000	71,000	76,000	78,000	292,885	92,480	910
MAD-0.1-agents205.json	984	793	191	297	230	54	19	19	randomSolver	95,895	93,257	94,000	97,000	100,000	99,000	36,880	16,880	22,000	57,000	65,000	66,000	7787,177	100,000	984
MAD-0.8-agents117.json	6525	6334	191	209	142	54	19	19	referenceSolver	83,511	76,895	78,000	91,000	97,000	97,000	51,109	37,896	40,000	69,000	77,000	77,000	3753,888	31,648	2065
MAD-0.8-agents117.json	6525	6334	191	209	142	54	19	19	randomSolver	76,117	65,677	66,000	84,000	98,000	99,000	60,090	55,521	56,000	65,000	67,000	66,000	19337,324	59,096	3856
MAD-0.4-agents404.json	3358	3167	191	496	429	54	19	19	referenceSolver	86,608	84,236	84,000	93,000	100,000	97,000	32,543	23,696	25,000	66,000	76,000	77,000	6114,349	90,441	3037
MAD-0.4-agents404.json	3358	3167	191	496	429	54	19	19	randomSolver	86,308	83,468	84,000	95,000	100,000	100,000	28,823	20,802	23,000	55,000	65,000	65,000	35884,485	100,000	3358
MAD-0.9-agents291.json	7316	7125	191	383	316	54	19	19	referenceSolver	81,314	77,768	78,000	90,000	100,000	99,000	40,078	32,366	33,000	67,000	76,000	75,000	13163,121	54,401	3980
MAD-0.9-agents291.json	7316	7125	191	383	316	54	19	19	randomSolver	71,990	66,469	67,000	86,000	98,000	98,000	48,341	43,995	44,000	59,000	67,000	67,000	63170,405	91,908	6724
MAD-0.25-agents440.json	2171	1980	191	532	465	54	19	19	referenceSolver	92,356	91,106	91,000	95,000	98,000	96,000	30,206	18,884	22,000	71,000	76,000	78,000	4219,997	93,966	2040
MAD-0.25-agents440.json	2171	1980	191	532	465	54	19	19	randomSolver	93,244	91,526	92,000	97,000	98,000	99,000	28,653	17,705	20,000	56,000	67,000	66,000	47761,862	100,000	2171
MAD-0.7-agents137.json	5733	5542	191	229	162	54	19	19	referenceSolver	83,790	78,373	78,000	89,000	98,000	97,000	49,341	37,596	38,000	66,000	76,000	77,000	3835,648	42,735	2450
MAD-0.7-agents137.json	5733	5542	191	229	162	54	19	19	randomSolver	75,245	65,291	66,000	84,000	99,000	100,000	56,839	51,922	52,000	62,000	66,000	65,000	39431,354	70,923	4066
MAD-0.5-agents278.json	4150	3959	191	370	303	54	19	19	referenceSolver	83,933	80,644	81,000	94,000	97,000	100,000	36,951	28,057	30,000	65,000	77,000	76,000	4773,778	77,446	3214
MAD-0.5-agents278.json	4150	3959	191	370	303	54	19	19	randomSolver	77,151	71,944	72,000	90,000	99,000	98,000	36,299	29,082	30,000	56,000	66,000	67,000	83541,902	100,000	4150
MAD-0.5-agents77.json	4150	3959	191	169	102	54	19	19	referenceSolver	85,907	77,200	78,000	92,000	98,000	97,000	55,173	37,487	40,000	71,000	76,000	77,000	1681,561	33,084	1373
MAD-0.5-agents77.json	4150	3959	191	169	102	54	19	19	randomSolver	78,886	65,929	67,000	84,000	100,000	99,000	59,995	53,611	54,000	64,000	65,000	66,000	7618,583	65,373	2713
MAD-0.35-agents241.json	2963	2772	191	333	266	54	19	19	referenceSolver	83,708	79,825	80,000	93,000	100,000	98,000	37,071	26,532	28,000	66,000	76,000	76,000	2734,200	87,884	2604
MAD-0.35-agents241.json	2963	2772	191	333	266	54	19	19	randomSolver	82,050	77,272	78,000	90,000	98,000	98,000	34,393	24,977	27,000	56,000	67,000	67,000	17570,766	100,000	2963
MAD-0.2-agents366.json	1775	1584	191	458	391	54	19	19	referenceSolver	92,807	91,066	91,000	97,000	98,000	97,000	32,061	18,703	21,000	69,000	76,000	77,000	2306,975	93,465	1659
MAD-0.2-agents366.json	1775	1584	191	458	391	54	19	19	randomSolver	93,473	91,398	92,000	96,000	100,000	97,000	30,408	17,521	21,000	56,000	65,000	68,000	26745,407	100,000	1775
MAD-0.15-agents38.json	1379	1188	191	130	63	54	19	19	referenceSolver	87,510	75,158	78,000	90,000	97,000	98,000	56,761	30,533	39,000	65,000	77,000	76,000	114,734	54,532	752
MAD-0.15-agents38.json	1379	1188	191	130	63	54	19	19	randomSolver	83,742	65,406	69,000	87,000	98,000	100,000	55,786	41,694	45,000	58,000	67,000	65,000	2069,767	92,386	1274
MAD-1.0-agents234.json	8108	7917	191	326	259	54	19	19	referenceSolver	81,975	78,297	78,000	90,000	97,000	98,000	43,549	35,216	36,000	64,000	77,000	76,000	12361,647	45,770	3711
MAD-1.0-agents234.json	8108	7917	191	326	259	54	19	19	randomSolver	73,083	66,436	67,000	85,000	100,000	98,000	53,371	49,497	50,000	61,000	65,000	67,000	62511,398	76,542	6206
MAD-0.45-agents305.json	3754	3563	191	397	330	54	19	19	referenceSolver	83,089	79,991	80,000	91,000	100,000	97,000	35,790	27,159	29,000	67,000	76,000	77,000	4729,102	88,492	3322
MAD-0.45-agents305.json	3754	3563	191	397	330	54	19	19	randomSolver	80,906	76,392	77,000	93,000	100,000	100,000	33,152	25,487	27,000	55,000	65,000	65,000	42525,588	100,000	3754
MAD-0.6-agents198.json	4942	4751	191	290	223	54	19	19	referenceSolver	81,674	77,032	77,000	92,000	96,000	97,000	43,687	33,375	35,000	67,000	78,000	77,000	5098,220	57,871	2860
MAD-0.6-agents198.json	4942	4751	191	290	223	54	19	19	randomSolver	73,702	66,027	67,000	86,000	99,000	98,000	49,032	43,150	44,000	59,000	66,000	67,000	26998,037	94,516	4671
MAD-0.3-agents263.json	2567	2376	191	355	288	54	19	19	referenceSolver	86,273	83,106	83,000	94,000	99,000	97,000	34,365	23,452	26,000	63,000	75,000	77,000	2312,959	92,131	2365
MAD-0.3-agents263.json	2567	2376	191	355	288	54	19	19	randomSolver	85,045	80,741	81,000	93,000	98,000	99,000	32,776	22,466	25,000	55,000	67,000	66,000	19568,335	100,000	2567
MAD-0.15-agents310.json	1379	1188	191	402	335	54	19	19	referenceSolver	94,529	92,821	93,000	97,000	100,000	100,000	33,767	17,669	20,000	70,000	76,000	76,000	1271,445	93,183	1285
MAD-0.15-agents310.json	1379	1188	191	402	335	54	19	19	randomSolver	94,886	93,017	93,000	95,000	98,000	100,000	32,741	17,082	22,000	57,000	67,000	65,000	9689,605	100,000	1379
MAD-0.6-agents462.json	4942	4751	191	554	487	54	19	19	referenceSolver	84,921	82,997	83,000	94,000	98,000	100,000	31,625	25,210	26,000	68,000	76,000	76,000	13970,054	91,157	4505
MAD-0.6-agents462.json	4942	4751	191	554	487	54	19	19	randomSolver	82,616	79,867	80,000	92,000	100,000	98,000	29,591	23,642	24,000	55,000	65,000	67,000	97497,126	100,000	4942
MAD-0.8-agents394.json	6525	6334	191	486	419	54	19	19	referenceSolver	83,454	81,149	81,000	91,000	100,000	99,000	35,072	28,700	30,000	67,000	76,000	75,000	14084,597	73,057	4767
MAD-0.8-agents394.json	6525	6334	191	486	419	54	19	19	randomSolver	73,485	69,150	69,000	90,000	98,000	100,000	37,525	32,623	33,000	57,000	67,000	65,000	100964,656	100,000	6525
MAD-0.05-agents97.json	588	397	191	189	122	54	19	19	referenceSolver	94,655	91,387	92,000	97,000	96,000	97,000	50,578	18,778	31,000	70,000	78,000	77,000	71,689	87,585	515
MAD-0.05-agents97.json	588	397	191	189	122	54	19	19	randomSolver	95,810	90,818	93,000	97,000	99,000	99,000	45,896	17,805	29,000	58,000	66,000	66,000	1728,155	100,000	588
MAD-0.05-agents141.json	588	397	191	233	166	54	19	19	referenceSolver	95,931	93,948	94,000	95,000	99,000	100,000	48,098	17,194	31,000	74,000	75,000	76,000	109,678	89,286	525
MAD-0.05-agents141.json	588	397	191	233	166	54	19	19	randomSolver	96,662	93,294	94,000	97,000	98,000	99,000	45,133	17,087	27,000	59,000	67,000	66,000	1805,432	100,000	588
MAD-0.05-agents78.json	588	397	191	170	103	54	19	19	referenceSolver	95,210	90,655	92,000	97,000	98,000	99,000	50,588	19,096	31,000	68,000	76,000	75,000	56,180	86,735	510
MAD-0.05-agents78.json	588	397	191	170	103	54	19	19	randomSolver	96,410	91,968	93,000	97,000	99,000	99,000	45,952	17,895	31,000	57,000	66,000	66,000	1143,982	100,000	588
MAD-0.15-agents255.json	1379	1188	191	347	280	54	19	19	referenceSolver	92,988	91,052	91,000	95,000	100,000	97,000	35,387	18,759	23,000	71,000	76,000	77,000	1034,540	92,966	1282
MAD-0.15-agents255.json	1379	1188	191	347	280	54	19	19	randomSolver	94,166	91,813	92,000	96,000	98,000	100,000	33,314	17,473	22,000	58,000	67,000	65,000	13924,587	100,000	1379
MAD-0.4-agents392.json	3358	3167	191	484	417	54	19	19	referenceSolver	86,501	84,173	84,000	95,000	98,000	98,000	32,274	23,459	25,000	67,000	76,000	76,000	7435,952	90,560	3041
MAD-0.4-agents392.json	3358	3167	191	484	417	54	19	19	randomSolver	86,414	83,729	84,000	95,000	98,000	98,000	29,242	21,134	23,000	55,000	67,000	67,000	41948,016	100,000	3358
MAD-0.3-agents326.json	2567	2376	191	418	351	54	19	19	referenceSolver	88,022	85,420	86,000	95,000	98,000	98,000	32,936	22,311	24,000	65,000	76,000	76,000	3406,927	92,676	2379
MAD-0.3-agents326.json	2567	2376	191	418	351	54	19	19	randomSolver	88,653	85,669	86,000	95,000	98,000	100,000	30,489	20,455	23,000	56,000	67,000	65,000	18374,263	100,000	2567
MAD-0.05-agents454.json	588	397	191	546	479	54	19	19	referenceSolver	98,860	99,585	99,000	98,000	98,000	97,000	43,868	14,769	23,000	73,000	76,000	77,000	351,847	90,816	534
MAD-0.05-agents454.json	588	397	191	546	479	54	19	19	randomSolver	98,500	97,990	98,000	98,000	98,000	99,000	43,135	15,254	27,000	61,000	67,000	66,000	4142,684	100,000	588
MAD-0.6-agents177.json	4942	4751	191	269	202	54	19	19	referenceSolver	81,784	76,351	76,000	90,000	99,000	100,000	44,778	33,855	34,000	68,000	75,000	76,000	4531,814	53,440	2641
MAD-0.6-agents177.json	4942	4751	191	269	202	54	19	19	randomSolver	73,414	64,950	65,000	85,000	100,000	98,000	50,794	44,845	45,000	61,000	65,000	67,000	42968,487	89,458	4421
MAD-0.4-agents238.json	3358	3167	191	330	263	54	19	19	referenceSolver	82,656	78,687	79,000	94,000	98,000	98,000	38,251	28,370	30,000	66,000	76,000	76,000	2946,256	85,319	2865
MAD-0.4-agents238.json	3358	3167	191	330	263	54	19	19	randomSolver	79,617	74,222	75,000	90,000	98,000	98,000	36,012	27,375	29,000	56,000	67,000	67,000	29904,390	100,000	3358
MAD-0.1-agents439.json	984	793	191	531	464	54	19	19	referenceSolver	97,676	97,269	97,000	97,000	98,000	100,000	35,687	15,716	22,000	74,000	76,000	76,000	974,884	93,902	924
MAD-0.1-agents439.json	984	793	191	531	464	54	19	19	randomSolver	97,372	96,158	96,000	97,000	99,000	100,000	35,476	15,810	22,000	60,000	66,000	65,000	10334,903	100,000	984
MAD-0.2-agents389.json	1775	1584	191	481	414	54	19	19	referenceSolver	93,375	91,983	92,000	97,000	96,000	97,000	31,304	18,106	22,000	68,000	78,000	77,000	2115,817	93,746	1664
MAD-0.2-agents389.json	1775	1584	191	481	414	54	19	19	randomSolver	93,501	91,268	91,000	97,000	100,000	99,000	30,325	17,530	21,000	57,000	65,000	66,000	23820,781	100,000	1775
MAD-0.35-agents304.json	2963	2772	191	396	329	54	19	19	referenceSolver	85,732	82,678	83,000	93,000	100,000	100,000	33,979	24,025	26,000	66,000	76,000	76,000	3827,595	89,808	2661
MAD-0.35-agents304.json	2963	2772	191	396	329	54	19	19	randomSolver	84,994	81,264	82,000	94,000	98,000	99,000	31,148	22,041	24,000	55,000	67,000	66,000	23712,891	100,000	2963
MAD-0.45-agents240.json	3754	3563	191	332	265	54	19	19	referenceSolver	82,595	79,043	79,000	93,000	96,000	98,000	37,873	28,562	30,000	66,000	78,000	76,000	3362,877	82,952	3114
MAD-0.45-agents240.json	3754	3563	191	332	265	54	19	19	randomSolver	77,432	71,451	72,000	90,000	100,000	98,000	37,814	29,974	32,000	56,000	65,000	67,000	25310,510	100,000	3754
MAD-1.0-agents371.json	8108	7917	191	463	396	54	19	19	referenceSolver	81,314	78,678	78,000	88,000	99,000	99,000	36,631	30,266	30,000	63,000	75,000	75,000	19431,290	60,015	4866
MAD-1.0-agents371.json	8108	7917	191	463	396	54	19	19	randomSolver	71,341	66,653	67,000	87,000	99,000	99,000	45,039	41,169	41,000	57,000	66,000	66,000	64975,111	97,188	7880
MAD-0.3-agents14.json	2567	2376	191	106	39	54	19	19	referenceSolver	94,842	84,553	85,000	94,000	98,000	99,000	71,197	45,408	44,000	74,000	76,000	75,000	344,029	21,309	547
MAD-0.3-agents14.json	2567	2376	191	106	39	54	19	19	randomSolver	88,074	69,429	71,000	85,000	100,000	98,000	67,532	61,835	63,000	68,000	65,000	67,000	2749,314	48,812	1253
MAD-0.7-agents422.json	5733	5542	191	514	447	54	19	19	referenceSolver	83,522	81,486	81,000	92,000	98,000	98,000	34,027	27,966	29,000	65,000	76,000	76,000	12310,117	87,476	5015
MAD-0.7-agents422.json	5733	5542	191	514	447	54	19	19	randomSolver	77,131	73,399	74,000	91,000	100,000	99,000	33,226	27,824	29,000	56,000	65,000	66,000	88221,033	100,000	5733
MAD-0.5-agents98.json	4150	3959	191	190	123	54	19	19	referenceSolver	85,477	78,271	79,000	91,000	98,000	96,000	51,783	35,870	39,000	69,000	76,000	78,000	1824,794	38,771	1609
MAD-0.5-agents98.json	4150	3959	191	190	123	54	19	19	randomSolver	77,383	65,764	67,000	86,000	98,000	99,000	57,241	50,749	51,000	62,000	67,000	66,000	11574,143	73,855	3065
MAD-0.2-agents223.json	1775	1584	191	315	248	54	19	19	referenceSolver	90,162	87,004	87,000	95,000	100,000	98,000	35,538	21,193	24,000	64,000	76,000	76,000	935,759	91,042	1616
MAD-0.2-agents223.json	1775	1584	191	315	248	54	19	19	randomSolver	89,448	85,744	86,000	92,000	98,000	100,000	33,502	19,957	23,000	57,000	67,000	65,000	17898,321	100,000	1775
MAD-0.25-agents155.json	2171	1980	191	247	180	54	19	19	referenceSolver	86,203	81,765	82,000	94,000	97,000	97,000	41,167	27,521	31,000	66,000	77,000	77,000	897,104	88,531	1922
MAD-0.25-agents155.json	2171	1980	191	247	180	54	19	19	randomSolver	82,013	74,545	76,000	92,000	100,000	99,000	38,444	26,368	29,000	56,000	65,000	66,000	17107,350	100,000	2171
MAD-0.5-agents297.json	4150	3959	191	389	322	54	19	19	referenceSolver	84,112	81,120	81,000	93,000	98,000	100,000	36,007	27,559	28,000	66,000	76,000	76,000	5376,807	82,024	3404
MAD-0.5-agents297.json	4150	3959	191	389	322	54	19	19	randomSolver	78,212	73,399	74,000	90,000	100,000	99,000	34,904	27,707	29,000	56,000	65,000	66,000	29730,408	100,000	4150
MAD-0.45-agents13.json	3754	3563	191	105	38	54	19	19	referenceSolver	96,123	86,330	87,000	96,000	98,000	98,000	73,794	50,040	51,000	76,000	76,000	76,000	796,751	12,413	466
MAD-0.45-agents13.json	3754	3563	191	105	38	54	19	19	randomSolver	88,808	72,304	73,000	86,000	98,000	99,000	69,239	64,434	65,000	70,000	67,000	66,000	2342,035	35,109	1318
MAD-0.35-agents191.json	2963	2772	191	283	216	54	19	19	referenceSolver	84,034	79,781	80,000	93,000	99,000	100,000	39,108	27,804	30,000	66,000	75,000	76,000	1431,263	81,775	2423
MAD-0.35-agents191.json	2963	2772	191	283	216	54	19	19	randomSolver	78,096	70,967	72,000	90,000	100,000	98,000	38,291	28,761	31,000	55,000	65,000	67,000	18008,951	100,000	2963
MAD-0.45-agents485.json	3754	3563	191	577	510	54	19	19	referenceSolver	86,959	85,063	85,000	95,000	98,000	99,000	30,620	22,877	24,000	68,000	76,000	75,000	10214,292	92,328	3466
MAD-0.45-agents485.json	3754	3563	191	577	510	54	19	19	randomSolver	87,109	84,900	85,000	93,000	100,000	99,000	27,743	20,470	22,000	56,000	65,000	66,000	56678,060	100,000	3754
MAD-0.9-agents141.json	7316	7125	191	233	166	54	19	19	referenceSolver	82,958	76,718	77,000	88,000	100,000	98,000	50,303	37,975	39,000	69,000	76,000	76,000	7211,033	31,711	2320
MAD-0.9-agents141.json	7316	7125	191	233	166	54	19	19	randomSolver	75,954	67,104	67,000	86,000	98,000	98,000	59,698	55,595	56,000	65,000	67,000	67,000	27928,253	61,618	4508
MAD-0.5-agents452.json	4150	3959	191	544	477	54	19	19	referenceSolver	85,562	83,519	83,000	92,000	98,000	98,000	31,868	24,497	26,000	69,000	76,000	76,000	9921,251	91,663	3804
MAD-0.5-agents452.json	4150	3959	191	544	477	54	19	19	randomSolver	84,898	82,348	82,000	92,000	99,000	100,000	28,682	21,880	23,000	56,000	66,000	65,000	41849,175	100,000	4150
MAD-0.2-agents76.json	1775	1584	191	168	101	54	19	19	referenceSolver	85,977	77,754	79,000	93,000	100,000	97,000	48,986	29,112	33,000	66,000	76,000	77,000	228,965	66,366	1178
MAD-0.2-agents76.json	1775	1584	191	168	101	54	19	19	randomSolver	80,918	66,818	70,000	89,000	99,000	99,000	49,755	36,949	41,000	58,000	66,000	66,000	6563,363	99,099	1759
MAD-0.15-agents490.json	1379	1188	191	582	515	54	19	19	referenceSolver	97,007	96,645	96,000	98,000	97,000	97,000	31,346	16,114	20,000	70,000	77,000	77,000	1676,087	94,779	1307
MAD-0.15-agents490.json	1379	1188	191	582	515	54	19	19	randomSolver	96,550	95,199	95,000	97,000	99,000	99,000	31,613	16,283	20,000	60,000	66,000	66,000	15669,665	100,000	1379
MAD-0.1-agents356.json	984	793	191	448	381	54	19	19	referenceSolver	96,725	96,269	96,000	97,000	96,000	98,000	36,067	16,039	21,000	71,000	78,000	76,000	632,346	94,106	926
MAD-0.1-agents356.json	984	793	191	448	381	54	19	19	randomSolver	96,797	95,448	95,000	97,000	98,000	100,000	36,090	16,161	23,000	60,000	67,000	65,000	7047,047	100,000	984
MAD-0.05-agents291.json	588	397	191	383	316	54	19	19	referenceSolver	98,433	98,813	98,000	98,000	98,000	97,000	44,395	15,070	22,000	72,000	76,000	77,000	247,773	90,816	534
MAD-0.05-agents291.json	588	397	191	383	316	54	19	19	randomSolver	98,171	96,806	97,000	98,000	99,000	99,000	43,731	15,706	27,000	60,000	66,000	66,000	4336,692	100,000	588
MAD-0.3-agents449.json	2567	2376	191	541	474	54	19	19	referenceSolver	90,602	89,072	89,000	95,000	96,000	98,000	29,514	19,557	21,000	67,000	78,000	76,000	4825,188	93,494	2400
MAD-0.3-agents449.json	2567	2376	191	541	474	54	19	19	randomSolver	91,980	90,244	90,000	96,000	99,000	98,000	27,848	18,225	20,000	57,000	66,000	67,000	31057,561	100,000	2567
MAD-0.9-agents48.json	7316	7125	191	140	73	54	19	19	referenceSolver	94,624	87,662	88,000	97,000	98,000	97,000	68,195	48,999	51,000	74,000	76,000	77,000	5006,232	11,140	815
MAD-0.9-agents48.json	7316	7125	191	140	73	54	19	19	randomSolver	86,321	76,331	76,000	87,000	98,000	98,000	70,722	69,101	69,000	73,000	67,000	67,000	10869,922	35,539	2600
MAD-0.8-agents414.json	6525	6334	191	506	439	54	19	19	referenceSolver	82,554	80,395	80,000	93,000	96,000	98,000	34,851	28,724	29,000	63,000	78,000	76,000	14174,935	76,981	5023
MAD-0.8-agents414.json	6525	6334	191	506	439	54	19	19	randomSolver	73,727	69,644	70,000	89,000	100,000	96,000	36,279	31,363	32,000	56,000	65,000	69,000	167593,211	100,000	6525
MAD-0.4-agents107.json	3358	3167	191	199	132	54	19	19	referenceSolver	84,454	77,407	78,000	90,000	99,000	97,000	49,654	34,857	36,000	68,000	75,000	77,000	1172,595	52,710	1770
MAD-0.4-agents107.json	3358	3167	191	199	132	54	19	19	randomSolver	77,606	66,204	67,000	86,000	100,000	100,000	53,432	45,924	47,000	60,000	65,000	65,000	11805,695	86,986	2921
MAD-0.6-agents248.json	4942	4751	191	340	273	54	19	19	referenceSolver	81,700	78,088	78,000	92,000	97,000	97,000	39,866	30,981	32,000	68,000	77,000	77,000	5211,049	68,434	3382
MAD-0.6-agents248.json	4942	4751	191	340	273	54	19	19	randomSolver	73,745	67,146	68,000	88,000	100,000	99,000	43,371	37,347	38,000	57,000	65,000	66,000	26214,711	99,555	4920
MAD-0.7-agents38.json	5733	5542	191	130	63	54	19	19	referenceSolver	92,590	84,573	85,000	93,000	98,000	97,000	68,044	49,821	50,000	74,000	76,000	77,000	2145,904	17,129	982
MAD-0.7-agents38.json	5733	5542	191	130	63	54	19	19	randomSolver	86,656	74,879	75,000	87,000	98,000	97,000	70,697	68,779	69,000	72,000	67,000	68,000	5859,425	38,165	2188
MAD-0.8-agents101.json	6525	6334	191	193	126	54	19	19	referenceSolver	83,104	75,718	76,000	87,000	98,000	98,000	53,174	38,919	39,000	68,000	76,000	76,000	3664,839	29,379	1917
MAD-0.8-agents101.json	6525	6334	191	193	126	54	19	19	randomSolver	78,653	68,529	69,000	84,000	98,000	100,000	62,593	58,469	59,000	66,000	67,000	65,000	18046,723	55,387	3614
MAD-0.4-agents412.json	3358	3167	191	504	437	54	19	19	referenceSolver	85,897	83,450	84,000	95,000	97,000	98,000	32,478	23,656	26,000	66,000	77,000	76,000	5313,886	90,679	3045
MAD-0.4-agents412.json	3358	3167	191	504	437	54	19	19	randomSolver	87,187	84,488	85,000	93,000	99,000	100,000	28,717	20,730	22,000	56,000	66,000	65,000	59063,877	100,000	3358
MAD-1.0-agents12.json	8108	7917	191	104	37	54	19	19	referenceSolver	99,174	100,000	100,000	99,000	99,000	98,000	71,275	14,583	14,000	70,000	75,000	76,000	3886,091	1,973	160
MAD-1.0-agents12.json	8108	7917	191	104	37	54	19	19	randomSolver	89,574	74,523	75,000	87,000	99,000	98,000	69,581	65,254	66,000	71,000	66,000	67,000	9654,882	16,478	1336
MAD-0.1-agents213.json	984	793	191	305	238	54	19	19	referenceSolver	94,529	92,679	93,000	97,000	97,000	97,000	38,946	17,733	25,000	72,000	77,000	77,000	342,949	92,276	908
MAD-0.1-agents213.json	984	793	191	305	238	54	19	19	randomSolver	95,034	92,434	93,000	96,000	98,000	99,000	37,480	17,204	24,000	57,000	67,000	66,000	4410,292	100,000	984
MAD-0.15-agents185.json	1379	1188	191	277	210	54	19	19	referenceSolver	90,447	86,884	88,000	94,000	97,000	97,000	38,636	21,032	27,000	67,000	77,000	77,000	551,295	91,371	1260
MAD-0.15-agents185.json	1379	1188	191	277	210	54	19	19	randomSolver	91,986	88,054	89,000	95,000	100,000	100,000	35,233	19,098	23,000	56,000	65,000	65,000	6169,662	100,000	1379
MAD-0.9-agents454.json	7316	7125	191	546	479	54	19	19	referenceSolver	83,085	80,964	81,000	95,000	98,000	100,000	34,179	28,476	29,000	64,000	76,000	76,000	22270,638	72,786	5325
MAD-0.9-agents454.json	7316	7125	191	546	479	54	19	19	randomSolver	72,875	68,974	69,000	91,000	100,000	99,000	36,405	31,998	33,000	56,000	65,000	66,000	119982,147	100,000	7316
MAD-0.5-agents147.json	4150	3959	191	239	172	54	19	19	referenceSolver	84,112	78,848	80,000	91,000	97,000	97,000	45,476	32,211	34,000	69,000	77,000	77,000	2320,615	50,554	2098
MAD-0.5-agents147.json	4150	3959	191	239	172	54	19	19	randomSolver	75,217	65,673	67,000	86,000	98,000	98,000	51,342	44,733	46,000	59,000	67,000	67,000	15293,389	89,639	3720
MAD-0.4-agents15.json	3358	3167	191	107	40	54	19	19	referenceSolver	96,010	87,571	87,000	96,000	97,000	100,000	72,773	49,272	48,000	76,000	77,000	76,000	439,738	16,051	539
MAD-0.4-agents15.json	3358	3167	191	107	40	54	19	19	randomSolver	88,511	71,286	72,000	86,000	98,000	100,000	68,944	64,298	65,000	70,000	67,000	65,000	2611,104	39,756	1335
MAD-0.25-agents285.json	2171	1980	191	377	310	54	19	19	referenceSolver	88,566	85,548	86,000	95,000	99,000	100,000	34,770	22,511	25,000	68,000	75,000	76,000	1538,065	92,676	2012
MAD-0.25-agents285.json	2171	1980	191	377	310	54	19	19	randomSolver	88,550	85,055	85,000	94,000	99,000	99,000	31,327	19,935	22,000	56,000	66,000	66,000	21932,354	100,000	2171
MAD-0.7-agents208.json	5733	5542	191	300	233	54	19	19	referenceSolver	80,711	76,272	76,000	89,000	97,000	100,000	42,917	33,496	34,000	65,000	77,000	76,000	3839,937	56,166	3220
MAD-0.7-agents208.json	5733	5542	191	300	233	54	19	19	randomSolver	73,888	66,471	67,000	86,000	99,000	98,000	50,603	45,528	46,000	58,000	66,000	67,000	25601,441	89,028	5104
MAD-0.2-agents409.json	1775	1584	191	501	434	54	19	19	referenceSolver	93,706	92,421	92,000	95,000	99,000	100,000	31,213	18,084	22,000	71,000	75,000	76,000	1179,911	93,972	1668
MAD-0.2-agents409.json	1775	1584	191	501	434	54	19	19	randomSolver	94,200	92,429	92,000	97,000	98,000	99,000	29,818	17,086	20,000	57,000	67,000	66,000	9942,902	100,000	1775
MAD-0.35-agents484.json	2963	2772	191	576	509	54	19	19	referenceSolver	90,233	88,751	89,000	94,000	98,000	98,000	29,353	20,333	22,000	69,000	76,000	76,000	3587,117	92,541	2742
MAD-0.35-agents484.json	2963	2772	191	576	509	54	19	19	randomSolver	90,478	88,578	89,000	94,000	100,000	99,000	27,246	18,673	20,000	58,000	65,000	66,000	33117,060	100,000	2963
MAD-0.2-agents99.json	1775	1584	191	191	124	54	19	19	referenceSolver	87,322	80,776	82,000	94,000	98,000	98,000	45,282	27,450	32,000	66,000	76,000	76,000	206,543	73,972	1313
MAD-0.2-agents99.json	1775	1584	191	191	124	54	19	19	randomSolver	81,332	70,465	72,000	88,000	100,000	99,000	43,934	30,010	34,000	57,000	65,000	66,000	2666,022	100,000	1775
MAD-0.45-agents190.json	3754	3563	191	282	215	54	19	19	referenceSolver	82,099	77,384	78,000	92,000	100,000	97,000	41,745	31,353	34,000	67,000	76,000	77,000	1276,416	73,601	2763
MAD-0.45-agents190.json	3754	3563	191	282	215	54	19	19	randomSolver	75,049	67,380	68,000	87,000	99,000	98,000	43,851	36,083	38,000	58,000	66,000	67,000	16556,714	99,920	3751
MAD-0.35-agents48.json	2963	2772	191	140	73	54	19	19	referenceSolver	86,368	74,703	77,000	90,000	99,000	98,000	59,637	39,846	46,000	69,000	75,000	76,000	264,759	37,226	1103
MAD-0.35-agents48.json	2963	2772	191	140	73	54	19	19	randomSolver	80,706	64,476	66,000	84,000	97,000	99,000	61,357	52,832	54,000	64,000	68,000	66,000	5469,147	64,630	1915
MAD-0.15-agents4.json	1379	1188	191	96	29	54	19	19	referenceSolver	93,518	78,750	82,000	91,000	97,000	97,000	74,098	49,516	56,000	73,000	77,000	77,000	37,591	35,243	486
MAD-0.15-agents4.json	1379	1188	191	96	29	54	19	19	randomSolver	88,977	64,304	68,000	84,000	99,000	99,000	65,454	53,422	57,000	65,000	66,000	66,000	1126,685	58,666	809
MAD-0.05-agents157.json	588	397	191	249	182	54	19	19	referenceSolver	96,491	95,528	95,000	96,000	97,000	98,000	47,357	16,691	28,000	73,000	77,000	76,000	60,171	89,626	527
MAD-0.05-agents157.json	588	397	191	249	182	54	19	19	randomSolver	97,269	95,388	95,000	96,000	100,000	100,000	44,137	15,995	28,000	58,000	65,000	65,000	1246,721	100,000	588
MAD-0.8-agents382.json	6525	6334	191	474	407	54	19	19	referenceSolver	83,434	81,210	81,000	91,000	98,000	97,000	35,849	29,476	30,000	62,000	76,000	77,000	7104,278	73,992	4828
MAD-0.8-agents382.json	6525	6334	191	474	407	54	19	19	randomSolver	72,650	68,189	68,000	88,000	100,000	99,000	38,286	33,374	34,000	57,000	65,000	66,000	73847,776	100,000	6525
MAD-0.05-agents81.json	588	397	191	173	106	54	19	19	referenceSolver	94,224	89,593	91,000	96,000	97,000	98,000	51,432	19,420	31,000	70,000	77,000	76,000	34,059	86,905	511
MAD-0.05-agents81.json	588	397	191	173	106	54	19	19	randomSolver	95,530	90,307	92,000	96,000	99,000	99,000	46,344	18,167	31,000	57,000	66,000	66,000	791,223	100,000	588
MAD-0.15-agents306.json	1379	1188	191	398	331	54	19	19	referenceSolver	94,729	93,358	93,000	97,000	100,000	96,000	33,959	17,829	22,000	69,000	76,000	78,000	575,885	93,401	1288
MAD-0.15-agents306.json	1379	1188	191	398	331	54	19	19	randomSolver	94,753	92,355	93,000	97,000	100,000	100,000	32,698	17,151	22,000	57,000	65,000	65,000	5170,742	100,000	1379
MAD-0.6-agents474.json	4942	4751	191	566	499	54	19	19	referenceSolver	84,273	82,378	82,000	92,000	98,000	97,000	31,815	25,393	26,000	65,000	76,000	77,000	7409,715	91,663	4530
MAD-0.6-agents474.json	4942	4751	191	566	499	54	19	19	randomSolver	82,603	79,873	80,000	93,000	99,000	99,000	29,377	23,443	24,000	56,000	66,000	66,000	57623,042	100,000	4942
MAD-0.8-agents228.json	6525	6334	191	320	253	54	19	19	referenceSolver	81,437	77,249	77,000	89,000	99,000	98,000	41,369	32,304	33,000	65,000	75,000	76,000	4222,559	50,330	3284
MAD-0.8-agents228.json	6525	6334	191	320	253	54	19	19	randomSolver	72,968	65,932	66,000	86,000	99,000	100,000	51,024	46,460	47,000	59,000	66,000	65,000	40361,905	86,927	5672
MAD-0.3-agents275.json	2567	2376	191	367	300	54	19	19	referenceSolver	86,627	83,484	84,000	94,000	99,000	98,000	34,183	23,338	26,000	66,000	75,000	76,000	1264,558	91,975	2361
MAD-0.3-agents275.json	2567	2376	191	367	300	54	19	19	randomSolver	85,668	81,476	82,000	93,000	100,000	99,000	32,038	21,865	24,000	55,000	65,000	66,000	10966,082	100,000	2567
MAD-1.0-agents222.json	8108	7917	191	314	247	54	19	19	referenceSolver	81,700	77,600	78,000	92,000	98,000	97,000	44,682	36,158	36,000	67,000	76,000	77,000	6235,971	44,203	3584
MAD-1.0-agents222.json	8108	7917	191	314	247	54	19	19	randomSolver	73,312	66,216	67,000	86,000	99,000	100,000	54,096	50,227	50,000	62,000	66,000	65,000	23500,485	74,124	6010
MAD-0.45-agents313.json	3754	3563	191	405	338	54	19	19	referenceSolver	83,294	80,326	80,000	91,000	98,000	97,000	35,530	26,788	27,000	68,000	76,000	77,000	2884,710	87,507	3285
MAD-0.45-agents313.json	3754	3563	191	405	338	54	19	19	randomSolver	80,678	76,388	77,000	91,000	99,000	99,000	33,009	25,289	26,000	56,000	66,000	66,000	24420,125	100,000	3754
MAD-0.2-agents370.json	1775	1584	191	462	395	54	19	19	referenceSolver	93,120	91,835	92,000	95,000	98,000	97,000	31,823	18,480	22,000	71,000	76,000	77,000	1208,841	93,521	1660
MAD-0.2-agents370.json	1775	1584	191	462	395	54	19	19	randomSolver	93,157	90,917	91,000	96,000	100,000	97,000	30,661	17,747	21,000	56,000	65,000	68,000	17332,987	100,000	1775
MAD-0.35-agents257.json	2963	2772	191	349	282	54	19	19	referenceSolver	85,238	82,034	82,000	92,000	97,000	100,000	35,445	24,990	26,000	67,000	77,000	76,000	1652,076	87,546	2594
MAD-0.35-agents257.json	2963	2772	191	349	282	54	19	19	randomSolver	82,691	78,064	79,000	92,000	98,000	98,000	33,551	24,198	26,000	56,000	67,000	67,000	11270,654	100,000	2963
MAD-0.5-agents61.json	4150	3959	191	153	86	54	19	19	referenceSolver	85,442	74,607	75,000	89,000	100,000	98,000	56,844	37,505	39,000	68,000	76,000	76,000	816,297	28,506	1183
MAD-0.5-agents61.json	4150	3959	191	153	86	54	19	19	randomSolver	81,525	68,154	69,000	85,000	99,000	98,000	62,683	56,925	58,000	65,000	66,000	67,000	12068,804	58,410	2424
MAD-0.7-agents121.json	5733	5542	191	213	146	54	19	19	referenceSolver	83,230	77,065	77,000	88,000	97,000	97,000	50,704	37,721	39,000	67,000	77,000	77,000	2119,081	38,043	2181
MAD-0.7-agents121.json	5733	5542	191	213	146	54	19	19	randomSolver	76,432	66,404	67,000	85,000	97,000	100,000	58,767	53,668	54,000	63,000	68,000	65,000	12813,534	66,527	3814
MAD-0.25-agents456.json	2171	1980	191	548	481	54	19	19	referenceSolver	92,453	90,900	91,000	96,000	98,000	100,000	30,287	19,007	22,000	70,000	76,000	76,000	2286,261	94,334	2048
MAD-0.25-agents456.json	2171	1980	191	548	481	54	19	19	randomSolver	92,514	90,528	91,000	96,000	99,000	98,000	28,951	17,944	21,000	58,000	66,000	67,000	22646,596	100,000	2171
MAD-1.0-agents388.json	8108	7917	191	480	413	54	19	19	referenceSolver	81,943	79,491	79,000	90,000	100,000	98,000	36,117	29,825	30,000	66,000	76,000	76,000	10992,575	60,779	4928
MAD-1.0-agents388.json	8108	7917	191	480	413	54	19	19	randomSolver	71,035	66,496	67,000	87,000	98,000	99,000	43,937	40,014	40,000	59,000	67,000	66,000	49748,908	98,458	7983
MAD-0.9-agents287.json	7316	7125	191	379	312	54	19	19	referenceSolver	81,891	78,400	79,000	92,000	100,000	98,000	40,399	32,666	33,000	68,000	76,000	76,000	7311,408	53,964	3948
MAD-0.9-agents287.json	7316	7125	191	379	312	54	19	19	randomSolver	71,877	66,042	66,000	87,000	99,000	98,000	48,517	44,257	45,000	58,000	66,000	67,000	36506,713	91,033	6660
MAD-0.5-agents281.json	4150	3959	191	373	306	54	19	19	referenceSolver	84,254	81,252	81,000	93,000	98,000	100,000	36,560	27,855	29,000	67,000	76,000	76,000	2567,308	80,096	3324
MAD-0.5-agents281.json	4150	3959	191	373	306	54	19	19	randomSolver	77,252	71,970	72,000	90,000	99,000	100,000	36,211	28,997	30,000	56,000	66,000	65,000	42114,196	100,000	4150
MAD-0.25-agents143.json	2171	1980	191	235	168	54	19	19	referenceSolver	85,432	80,120	81,000	95,000	97,000	100,000	43,036	29,181	33,000	68,000	77,000	76,000	587,179	87,195	1893
MAD-0.25-agents143.json	2171	1980	191	235	168	54	19	19	randomSolver	81,469	73,663	75,000	91,000	99,000	99,000	40,031	27,901	30,000	56,000	66,000	66,000	5642,448	100,000	2171
MAD-0.2-agents235.json	1775	1584	191	327	260	54	19	19	referenceSolver	90,023	87,042	87,000	96,000	98,000	97,000	35,783	21,276	25,000	69,000	76,000	77,000	774,950	90,761	1611
MAD-0.2-agents235.json	1775	1584	191	327	260	54	19	19	randomSolver	89,760	85,849	86,000	95,000	98,000	98,000	33,003	19,673	23,000	55,000	67,000	67,000	15574,233	100,000	1775
MAD-0.45-agents256.json	3754	3563	191	348	281	54	19	19	referenceSolver	82,931	79,611	80,000	92,000	96,000	99,000	37,504	28,389	30,000	64,000	78,000	75,000	2455,895	85,029	3192
MAD-0.45-agents256.json	3754	3563	191	348	281	54	19	19	randomSolver	78,001	72,507	73,000	90,000	99,000	100,000	36,518	28,624	30,000	57,000	66,000	65,000	28570,767	100,000	3754
MAD-1.0-agents367.json	8108	7917	191	459	392	54	19	19	referenceSolver	80,611	77,876	78,000	89,000	100,000	97,000	37,390	30,974	31,000	66,000	76,000	77,000	13644,642	60,360	4894
MAD-1.0-agents367.json	8108	7917	191	459	392	54	19	19	randomSolver	71,662	66,854	67,000	88,000	100,000	99,000	45,292	41,480	42,000	57,000	65,000	66,000	88591,749	96,682	7839
MAD-0.7-agents434.json	5733	5542	191	526	459	54	19	19	referenceSolver	83,230	81,139	81,000	93,000	97,000	100,000	33,905	27,928	29,000	66,000	77,000	76,000	9640,005	88,470	5072
MAD-0.7-agents434.json	5733	5542	191	526	459	54	19	19	randomSolver	77,667	74,112	74,000	92,000	100,000	99,000	32,481	27,095	28,000	56,000	65,000	66,000	57844,663	100,000	5733
MAD-0.9-agents268.json	7316	7125	191	360	293	54	19	19	referenceSolver	81,670	78,154	78,000	91,000	97,000	96,000	41,439	33,226	34,000	68,000	77,000	78,000	9538,663	51,148	3742
MAD-0.9-agents268.json	7316	7125	191	360	293	54	19	19	randomSolver	72,571	66,301	67,000	87,000	100,000	99,000	49,657	45,549	46,000	60,000	65,000	66,000	31601,233	88,067	6443
MAD-0.35-agents312.json	2963	2772	191	404	337	54	19	19	referenceSolver	85,897	83,164	83,000	90,000	99,000	98,000	34,153	24,152	25,000	67,000	75,000	76,000	2945,614	90,550	2683
MAD-0.35-agents312.json	2963	2772	191	404	337	54	19	19	randomSolver	84,852	81,136	81,000	93,000	98,000	99,000	31,215	22,109	24,000	56,000	67,000	66,000	36503,990	100,000	2963
MAD-0.6-agents161.json	4942	4751	191	253	186	54	19	19	referenceSolver	82,564	77,204	77,000	91,000	96,000	99,000	47,017	35,565	37,000	69,000	78,000	75,000	3056,376	51,275	2534
MAD-0.6-agents161.json	4942	4751	191	253	186	54	19	19	randomSolver	75,090	66,424	67,000	85,000	100,000	100,000	52,459	46,596	47,000	60,000	65,000	65,000	27149,776	85,633	4232
MAD-0.05-agents442.json	588	397	191	534	467	54	19	19	referenceSolver	98,623	99,554	98,000	97,000	99,000	96,000	43,984	14,726	21,000	74,000	75,000	78,000	259,910	90,816	534
MAD-0.05-agents442.json	588	397	191	534	467	54	19	19	randomSolver	98,595	97,634	98,000	98,000	99,000	100,000	43,184	15,375	28,000	60,000	66,000	65,000	3038,123	100,000	588
MAD-0.3-agents330.json	2567	2376	191	422	355	54	19	19	referenceSolver	87,437	84,739	85,000	93,000	99,000	100,000	32,967	22,361	24,000	68,000	75,000	76,000	2485,167	93,027	2388
MAD-0.3-agents330.json	2567	2376	191	422	355	54	19	19	randomSolver	88,300	85,427	86,000	94,000	98,000	99,000	30,078	20,075	22,000	56,000	67,000	66,000	22888,473	100,000	2567
MAD-0.4-agents384.json	3358	3167	191	476	409	54	19	19	referenceSolver	85,412	82,770	83,000	94,000	98,000	100,000	33,275	24,235	26,000	70,000	76,000	76,000	4997,620	90,322	3033
MAD-0.4-agents384.json	3358	3167	191	476	409	54	19	19	randomSolver	86,069	83,108	83,000	93,000	99,000	100,000	29,407	21,323	23,000	56,000	66,000	65,000	29968,023	100,000	3358
MAD-0.15-agents243.json	1379	1188	191	335	268	54	19	19	referenceSolver	92,911	90,332	90,000	97,000	99,000	100,000	35,791	19,162	22,000	70,000	75,000	76,000	657,827	93,183	1285
MAD-0.15-agents243.json	1379	1188	191	335	268	54	19	19	randomSolver	93,007	90,068	90,000	97,000	98,000	98,000	33,837	17,955	22,000	57,000	67,000	67,000	7071,718	100,000	1379
MAD-0.8-agents443.json	6525	6334	191	535	468	54	19	19	referenceSolver	83,250	81,196	81,000	92,000	98,000	99,000	33,760	27,914	29,000	63,000	76,000	75,000	12015,861	79,126	5163
MAD-0.8-agents443.json	6525	6334	191	535	468	54	19	19	randomSolver	74,889	71,178	71,000	89,000	98,000	100,000	34,472	29,584	30,000	56,000	67,000	65,000	70309,318	100,000	6525
MAD-0.4-agents150.json	3358	3167	191	242	175	54	19	19	referenceSolver	85,209	79,972	81,000	92,000	99,000	100,000	43,260	30,458	33,000	65,000	75,000	76,000	1360,079	62,269	2091
MAD-0.4-agents150.json	3358	3167	191	242	175	54	19	19	randomSolver	75,344	66,214	67,000	86,000	98,000	97,000	47,522	39,240	40,000	59,000	67,000	68,000	22504,295	98,273	3300
MAD-0.7-agents80.json	5733	5542	191	172	105	54	19	19	referenceSolver	86,546	78,462	79,000	91,000	97,000	100,000	57,242	42,293	44,000	70,000	77,000	76,000	2341,367	28,414	1629
MAD-0.7-agents80.json	5733	5542	191	172	105	54	19	19	randomSolver	80,695	69,228	70,000	85,000	98,000	100,000	64,486	60,861	61,000	67,000	67,000	65,000	12532,628	54,544	3127
MAD-0.4-agents500.json	3358	3167	191	592	525	54	19	19	referenceSolver	88,320	86,528	86,000	96,000	97,000	96,000	29,684	21,301	23,000	67,000	77,000	78,000	7028,130	90,828	3050
MAD-0.4-agents500.json	3358	3167	191	592	525	54	19	19	randomSolver	89,469	87,527	87,000	95,000	100,000	99,000	26,969	19,183	21,000	57,000	65,000	66,000	48100,256	100,000	3358
MAD-0.1-agents301.json	984	793	191	393	326	54	19	19	referenceSolver	96,744	96,561	96,000	96,000	98,000	97,000	36,698	16,373	22,000	74,000	76,000	77,000	466,977	94,004	925
MAD-0.1-agents301.json	984	793	191	393	326	54	19	19	randomSolver	96,775	95,374	95,000	98,000	99,000	98,000	36,031	16,156	22,000	59,000	66,000	67,000	6095,908	100,000	984
MAD-0.45-agents128.json	3754	3563	191	220	153	54	19	19	referenceSolver	83,656	77,274	78,000	92,000	100,000	99,000	47,282	34,241	36,000	68,000	76,000	75,000	1242,718	55,940	2100
MAD-0.45-agents128.json	3754	3563	191	220	153	54	19	19	randomSolver	76,666	66,514	68,000	86,000	100,000	98,000	51,823	44,566	46,000	59,000	65,000	67,000	9862,770	88,359	3317
MAD-0.9-agents116.json	7316	7125	191	208	141	54	19	19	referenceSolver	84,734	77,781	78,000	90,000	97,000	99,000	54,509	41,227	42,000	70,000	77,000	75,000	5322,957	27,474	2010
MAD-0.9-agents116.json	7316	7125	191	208	141	54	19	19	randomSolver	78,447	68,876	69,000	85,000	99,000	98,000	62,932	59,716	60,000	66,000	66,000	67,000	18221,357	56,069	4102
MAD-0.5-agents405.json	4150	3959	191	497	430	54	19	19	referenceSolver	84,649	82,334	82,000	94,000	97,000	99,000	32,977	25,500	26,000	65,000	77,000	75,000	6766,866	91,108	3781
MAD-0.5-agents405.json	4150	3959	191	497	430	54	19	19	randomSolver	83,533	80,524	81,000	94,000	98,000	99,000	29,983	23,081	24,000	55,000	67,000	66,000	90651,670	100,000	4150
MAD-0.2-agents21.json	1775	1584	191	113	46	54	19	19	referenceSolver	90,378	77,164	79,000	91,000	100,000	97,000	63,802	36,853	39,000	68,000	76,000	77,000	115,359	37,521	666
MAD-0.2-agents21.json	1775	1584	191	113	46	54	19	19	randomSolver	85,785	64,976	69,000	85,000	98,000	98,000	63,047	52,974	56,000	63,000	67,000	67,000	3439,947	66,761	1185
MAD-0.25-agents397.json	2171	1980	191	489	422	54	19	19	referenceSolver	91,178	89,372	89,000	96,000	98,000	97,000	31,245	19,749	22,000	71,000	76,000	77,000	2622,562	93,874	2038
MAD-0.25-agents397.json	2171	1980	191	489	422	54	19	19	randomSolver	92,131	89,912	90,000	96,000	100,000	100,000	29,270	18,212	21,000	57,000	65,000	65,000	22551,753	100,000	2171
MAD-1.0-agents449.json	8108	7917	191	541	474	54	19	19	referenceSolver	81,797	79,645	79,000	90,000	98,000	100,000	35,130	29,563	30,000	66,000	76,000	76,000	18544,675	69,512	5636
MAD-1.0-agents449.json	8108	7917	191	541	474	54	19	19	randomSolver	71,016	67,016	67,000	86,000	99,000	98,000	39,491	35,463	36,000	57,000	66,000	67,000	72801,291	99,975	8106
MAD-0.45-agents44.json	3754	3563	191	136	69	54	19	19	referenceSolver	88,221	77,754	79,000	90,000	97,000	98,000	63,225	43,456	47,000	71,000	77,000	76,000	691,560	28,556	1072
MAD-0.45-agents44.json	3754	3563	191	136	69	54	19	19	randomSolver	84,001	69,606	71,000	86,000	99,000	98,000	64,127	58,302	59,000	66,000	66,000	67,000	3737,472	53,836	2021
MAD-0.25-agents378.json	2171	1980	191	470	403	54	19	19	referenceSolver	90,843	88,904	89,000	97,000	100,000	97,000	31,583	19,958	22,000	71,000	76,000	77,000	2419,924	93,643	2033
MAD-0.25-agents378.json	2171	1980	191	470	403	54	19	19	randomSolver	91,777	89,405	90,000	96,000	99,000	100,000	29,454	18,363	21,000	57,000	66,000	65,000	23775,043	100,000	2171
MAD-0.4-agents42.json	3358	3167	191	134	67	54	19	19	referenceSolver	88,309	76,243	77,000	90,000	100,000	98,000	62,739	41,172	43,000	70,000	76,000	76,000	650,901	28,261	949
MAD-0.4-agents42.json	3358	3167	191	134	67	54	19	19	randomSolver	83,403	67,573	69,000	84,000	99,000	99,000	63,194	56,515	59,000	64,000	66,000	66,000	4828,472	55,241	1855
MAD-0.9-agents403.json	7316	7125	191	495	428	54	19	19	referenceSolver	82,733	80,396	80,000	93,000	100,000	97,000	35,872	29,704	31,000	66,000	76,000	77,000	14616,067	68,343	5000
MAD-0.9-agents403.json	7316	7125	191	495	428	54	19	19	randomSolver	71,690	67,181	67,000	88,000	99,000	100,000	39,931	35,605	36,000	57,000	66,000	65,000	103286,937	99,904	7309
MAD-0.5-agents110.json	4150	3959	191	202	135	54	19	19	referenceSolver	85,366	78,354	79,000	92,000	100,000	98,000	49,730	34,637	37,000	72,000	76,000	76,000	1583,113	41,422	1719
MAD-0.5-agents110.json	4150	3959	191	202	135	54	19	19	randomSolver	77,389	66,287	67,000	85,000	100,000	98,000	55,473	49,142	50,000	60,000	65,000	67,000	8035,462	77,614	3221
MAD-0.35-agents129.json	2963	2772	191	221	154	54	19	19	referenceSolver	83,702	77,885	79,000	90,000	97,000	98,000	44,737	31,056	34,000	67,000	77,000	76,000	740,720	66,385	1967
MAD-0.35-agents129.json	2963	2772	191	221	154	54	19	19	randomSolver	76,655	66,093	67,000	85,000	99,000	100,000	47,883	39,019	41,000	58,000	66,000	65,000	19597,966	97,671	2894
MAD-0.05-agents229.json	588	397	191	321	254	54	19	19	referenceSolver	98,033	98,449	98,000	97,000	98,000	98,000	44,698	15,349	27,000	71,000	76,000	76,000	122,766	91,327	537
MAD-0.05-agents229.json	588	397	191	321	254	54	19	19	randomSolver	98,412	97,229	97,000	98,000	100,000	99,000	43,530	15,547	27,000	60,000	65,000	66,000	1862,690	100,000	588
MAD-0.15-agents428.json	1379	1188	191	520	453	54	19	19	referenceSolver	95,518	94,203	94,000	98,000	98,000	100,000	32,241	16,771	20,000	72,000	76,000	76,000	1161,396	94,489	1303
MAD-0.15-agents428.json	1379	1188	191	520	453	54	19	19	randomSolver	95,927	94,310	94,000	98,000	98,000	99,000	31,816	16,478	21,000	58,000	67,000	66,000	17486,739	100,000	1379
MAD-1.0-agents45.json	8108	7917	191	137	70	54	19	19	referenceSolver	94,331	88,784	89,000	96,000	96,000	98,000	69,064	53,000	53,000	76,000	78,000	76,000	4055,192	12,975	1052
MAD-1.0-agents45.json	8108	7917	191	137	70	54	19	19	randomSolver	87,414	77,250	77,000	87,000	100,000	100,000	70,413	69,636	70,000	72,000	65,000	65,000	12201,973	31,031	2516
MAD-0.1-agents244.json	984	793	191	336	269	54	19	19	referenceSolver	95,580	93,845	94,000	98,000	99,000	98,000	38,364	17,452	22,000	71,000	75,000	76,000	342,954	92,175	907
MAD-0.1-agents244.json	984	793	191	336	269	54	19	19	randomSolver	95,333	92,704	93,000	97,000	98,000	100,000	37,099	17,047	24,000	59,000	67,000	65,000	6152,889	100,000	984
MAD-0.05-agents383.json	588	397	191	475	408	54	19	19	referenceSolver	98,950	99,308	99,000	98,000	97,000	100,000	44,345	15,122	27,000	73,000	77,000	76,000	222,230	90,816	534
MAD-0.05-agents383.json	588	397	191	475	408	54	19	19	randomSolver	98,603	98,126	98,000	98,000	98,000	100,000	43,135	15,182	27,000	60,000	67,000	65,000	2624,158	100,000	588
MAD-0.8-agents156.json	6525	6334	191	248	181	54	19	19	referenceSolver	83,490	78,166	79,000	90,000	98,000	100,000	47,781	36,677	39,000	69,000	76,000	76,000	3972,862	39,908	2604
MAD-0.8-agents156.json	6525	6334	191	248	181	54	19	19	randomSolver	74,326	65,440	66,000	84,000	99,000	99,000	56,534	51,769	52,000	63,000	66,000	66,000	17652,536	69,808	4555
MAD-0.4-agents445.json	3358	3167	191	537	470	54	19	19	referenceSolver	87,349	85,330	85,000	95,000	98,000	97,000	31,511	22,779	25,000	68,000	76,000	77,000	6252,220	90,351	3034
MAD-0.4-agents445.json	3358	3167	191	537	470	54	19	19	randomSolver	88,119	85,893	86,000	96,000	97,000	98,000	27,801	19,890	22,000	56,000	68,000	67,000	47571,936	100,000	3358
MAD-0.25-agents401.json	2171	1980	191	493	426	54	19	19	referenceSolver	91,353	89,654	90,000	96,000	99,000	96,000	31,190	19,646	23,000	71,000	75,000	78,000	2697,411	93,690	2034
MAD-0.25-agents401.json	2171	1980	191	493	426	54	19	19	randomSolver	91,849	89,652	90,000	94,000	99,000	99,000	29,173	18,128	21,000	58,000	66,000	66,000	20128,586	100,000	2171
MAD-0.35-agents200.json	2963	2772	191	292	225	54	19	19	referenceSolver	83,591	79,265	80,000	92,000	100,000	98,000	39,366	28,359	31,000	66,000	76,000	76,000	1423,509	85,353	2529
MAD-0.35-agents200.json	2963	2772	191	292	225	54	19	19	randomSolver	79,281	72,931	74,000	89,000	98,000	97,000	37,617	28,076	30,000	55,000	67,000	68,000	13887,559	100,000	2963
MAD-0.5-agents36.json	4150	3959	191	128	61	54	19	19	referenceSolver	90,480	78,806	79,000	92,000	98,000	98,000	65,455	44,419	43,000	71,000	76,000	76,000	1077,817	20,458	849
MAD-0.5-agents36.json	4150	3959	191	128	61	54	19	19	randomSolver	86,129	72,697	73,000	86,000	99,000	100,000	66,927	62,764	63,000	69,000	66,000	65,000	3974,103	46,916	1947
MAD-0.5-agents239.json	4150	3959	191	331	264	54	19	19	referenceSolver	83,345	79,667	80,000	90,000	100,000	98,000	39,068	29,470	30,000	62,000	76,000	76,000	3155,469	72,916	3026
MAD-0.5-agents239.json	4150	3959	191	331	264	54	19	19	randomSolver	75,242	68,713	70,000	90,000	98,000	99,000	39,977	32,848	34,000	56,000	67,000	66,000	42769,622	100,000	4150
MAD-0.7-agents176.json	5733	5542	191	268	201	54	19	19	referenceSolver	82,199	77,394	78,000	90,000	98,000	97,000	46,182	35,942	38,000	69,000	76,000	77,000	3530,135	50,637	2903
MAD-0.7-agents176.json	5733	5542	191	268	201	54	19	19	randomSolver	73,989	65,653	66,000	86,000	99,000	99,000	52,957	47,606	48,000	59,000	66,000	66,000	24525,916	80,987	4643
MAD-0.5-agents393.json	4150	3959	191	485	418	54	19	19	referenceSolver	85,096	82,671	83,000	94,000	100,000	100,000	33,090	25,621	27,000	68,000	76,000	74,000	6350,954	91,253	3787
MAD-0.5-agents393.json	4150	3959	191	485	418	54	19	19	randomSolver	82,654	79,438	80,000	93,000	99,000	99,000	30,532	23,578	25,000	56,000	66,000	66,000	32011,379	100,000	4150
MAD-0.2-agents327.json	1775	1584	191	419	352	54	19	19	referenceSolver	92,337	90,223	90,000	96,000	98,000	100,000	32,600	19,170	23,000	68,000	76,000	76,000	1391,189	93,239	1655
MAD-0.2-agents327.json	1775	1584	191	419	352	54	19	19	randomSolver	92,209	89,723	90,000	96,000	98,000	98,000	31,535	18,415	22,000	57,000	67,000	67,000	17950,452	100,000	1775
MAD-0.45-agents344.json	3754	3563	191	436	369	54	19	19	referenceSolver	84,474	81,757	82,000	94,000	99,000	97,000	34,101	25,698	27,000	67,000	75,000	77,000	5148,303	88,918	3338
MAD-0.45-agents344.json	3754	3563	191	436	369	54	19	19	randomSolver	82,580	78,948	79,000	93,000	99,000	98,000	31,326	23,696	25,000	56,000	66,000	67,000	46896,156	100,000	3754
MAD-1.0-agents275.json	8108	7917	191	367	300	54	19	19	referenceSolver	81,049	77,610	77,000	90,000	100,000	98,000	40,785	33,059	33,000	68,000	76,000	76,000	11184,576	50,012	4055
MAD-1.0-agents275.json	8108	7917	191	367	300	54	19	19	randomSolver	71,660	65,604	66,000	85,000	98,000	98,000	50,974	47,067	47,000	60,000	67,000	67,000	60292,463	84,336	6838
MAD-0.15-agents79.json	1379	1188	191	171	104	54	19	19	referenceSolver	86,504	78,424	80,000	94,000	98,000	97,000	48,581	28,739	34,000	67,000	76,000	77,000	167,927	83,684	1154
MAD-0.15-agents79.json	1379	1188	191	171	104	54	19	19	randomSolver	84,130	72,965	76,000	91,000	98,000	99,000	44,830	28,165	33,000	57,000	67,000	66,000	4716,224	100,000	1379
MAD-0.3-agents222.json	2567	2376	191	314	247	54	19	19	referenceSolver	85,211	81,515	82,000	92,000	98,000	100,000	36,410	25,044	26,000	65,000	76,000	76,000	1440,003	90,651	2327
MAD-0.3-agents222.json	2567	2376	191	314	247	54	19	19	randomSolver	82,980	77,586	78,000	93,000	98,000	98,000	35,080	24,561	27,000	56,000	67,000	67,000	19385,621	100,000	2567
MAD-0.4-agents296.json	3358	3167	191	388	321	54	19	19	referenceSolver	83,777	80,580	81,000	93,000	99,000	98,000	35,717	26,335	28,000	69,000	75,000	76,000	3349,578	88,297	2965
MAD-0.4-agents296.json	3358	3167	191	388	321	54	19	19	randomSolver	82,157	77,975	78,000	93,000	100,000	98,000	32,557	24,168	26,000	55,000	65,000	67,000	25206,049	100,000	3358
MAD-0.8-agents84.json	6525	6334	191	176	109	54	19	19	referenceSolver	85,029	76,707	77,000	90,000	100,000	99,000	56,069	41,296	43,000	70,000	74,000	75,000	2886,040	26,513	1730
MAD-0.8-agents84.json	6525	6334	191	176	109	54	19	19	randomSolver	81,573	71,426	71,000	85,000	99,000	99,000	65,326	61,827	62,000	68,000	66,000	66,000	16046,780	51,218	3342
MAD-0.15-agents351.json	1379	1188	191	443	376	54	19	19	referenceSolver	94,758	93,698	94,000	96,000	99,000	96,000	33,271	17,336	21,000	71,000	75,000	78,000	985,864	93,909	1295
MAD-0.15-agents351.json	1379	1188	191	443	376	54	19	19	randomSolver	95,442	93,959	94,000	96,000	100,000	98,000	32,293	16,734	21,000	59,000	65,000	67,000	9990,823	100,000	1379
MAD-0.6-agents423.json	4942	4751	191	515	448	54	19	19	referenceSolver	83,591	81,436	81,000	92,000	97,000	100,000	33,231	26,600	27,000	66,000	77,000	76,000	9417,183	90,227	4459
MAD-0.6-agents423.json	4942	4751	191	515	448	54	19	19	randomSolver	80,340	77,181	77,000	91,000	98,000	99,000	30,850	24,781	26,000	56,000	67,000	66,000	70438,688	100,000	4942
MAD-0.1-agents497.json	984	793	191	589	522	54	19	19	referenceSolver	98,133	98,400	98,000	97,000	97,000	97,000	35,033	15,338	23,000	73,000	77,000	77,000	882,908	94,512	930
MAD-0.1-agents497.json	984	793	191	589	522	54	19	19	randomSolver	97,952	97,014	97,000	98,000	100,000	99,000	35,162	15,619	21,000	60,000	65,000	66,000	7555,554	100,000	984
MAD-0.05-agents100.json	588	397	191	192	125	54	19	19	referenceSolver	95,316	92,571	93,000	96,000	98,000	97,000	49,642	18,047	29,000	71,000	76,000	77,000	53,423	87,415	514
MAD-0.05-agents100.json	588	397	191	192	125	54	19	19	randomSolver	96,001	91,020	93,000	96,000	99,000	99,000	46,063	18,045	29,000	58,000	66,000	66,000	1668,375	100,000	588
MAD-0.3-agents388.json	2567	2376	191	480	413	54	19	19	referenceSolver	89,933	88,013	88,000	95,000	99,000	98,000	30,633	20,475	23,000	69,000	75,000	76,000	3190,154	93,222	2393
MAD-0.3-agents388.json	2567	2376	191	480	413	54	19	19	randomSolver	89,829	87,279	87,000	96,000	99,000	99,000	28,895	19,120	21,000	56,000	66,000	66,000	34242,959	100,000	2567
MAD-0.15-agents214.json	1379	1188	191	306	239	54	19	19	referenceSolver	92,342	89,976	90,000	95,000	97,000	97,000	36,766	19,691	23,000	67,000	77,000	77,000	580,518	92,023	1269
MAD-0.15-agents214.json	1379	1188	191	306	239	54	19	19	randomSolver	92,609	89,378	90,000	95,000	98,000	99,000	34,425	18,454	22,000	56,000	67,000	66,000	8980,498	100,000	1379
MAD-0.05-agents39.json	588	397	191	131	64	54	19	19	referenceSolver	94,327	87,030	90,000	96,000	97,000	100,000	55,324	22,011	35,000	67,000	77,000	76,000	25,589	82,483	485
MAD-0.05-agents39.json	588	397	191	131	64	54	19	19	randomSolver	92,591	81,306	85,000	94,000	98,000	99,000	50,069	22,123	35,000	56,000	67,000	66,000	631,995	100,000	588
MAD-0.05-agents415.json	588	397	191	507	440	54	19	19	referenceSolver	98,180	98,949	98,000	97,000	98,000	96,000	44,469	15,038	28,000	73,000	76,000	78,000	298,606	91,327	537
MAD-0.05-agents415.json	588	397	191	507	440	54	19	19	randomSolver	98,717	97,793	98,000	98,000	100,000	99,000	43,135	15,240	26,000	61,000	65,000	66,000	3058,273	100,000	588
MAD-0.3-agents367.json	2567	2376	191	459	392	54	19	19	referenceSolver	88,721	86,476	86,000	95,000	97,000	98,000	31,824	21,414	23,000	67,000	77,000	76,000	3182,505	93,455	2399
MAD-0.3-agents367.json	2567	2376	191	459	392	54	19	19	randomSolver	89,179	86,469	87,000	95,000	98,000	99,000	29,429	19,565	22,000	56,000	67,000	66,000	29503,388	100,000	2567
MAD-0.4-agents279.json	3358	3167	191	371	304	54	19	19	referenceSolver	83,962	80,779	81,000	93,000	99,000	97,000	35,772	26,283	28,000	68,000	75,000	77,000	2910,473	87,731	2946
MAD-0.4-agents279.json	3358	3167	191	371	304	54	19	19	randomSolver	82,245	77,917	78,000	91,000	98,000	99,000	33,191	24,753	26,000	56,000	67,000	66,000	31898,676	100,000	3358
MAD-0.6-agents136.json	4942	4751	191	228	161	54	19	19	referenceSolver	84,435	78,289	79,000	92,000	99,000	100,000	49,726	37,387	39,000	70,000	75,000	76,000	2831,593	45,386	2243
MAD-0.6-agents136.json	4942	4751	191	228	161	54	19	19	randomSolver	75,425	65,577	66,000	86,000	98,000	99,000	55,001	49,329	50,000	60,000	67,000	66,000	17758,232	78,308	3870
MAD-0.1-agents182.json	984	793	191	274	207	54	19	19	referenceSolver	94,610	92,502	93,000	97,000	97,000	100,000	39,389	18,049	24,000	71,000	77,000	76,000	264,375	91,667	902
MAD-0.1-agents182.json	984	793	191	274	207	54	19	19	randomSolver	95,057	92,540	93,000	97,000	98,000	98,000	37,480	17,220	24,000	58,000	67,000	67,000	5216,715	100,000	984
MAD-0.1-agents478.json	984	793	191	570	503	54	19	19	referenceSolver	98,267	98,365	98,000	97,000	98,000	98,000	34,895	15,307	21,000	74,000	76,000	76,000	824,527	94,411	929
MAD-0.1-agents478.json	984	793	191	570	503	54	19	19	randomSolver	97,561	96,690	97,000	97,000	98,000	98,000	35,333	15,636	21,000	61,000	67,000	67,000	7538,890	100,000	984
MAD-0.8-agents290.json	6525	6334	191	382	315	54	19	19	referenceSolver	82,358	79,106	79,000	92,000	98,000	99,000	37,380	29,442	30,000	66,000	76,000	75,000	8207,456	57,011	3720
MAD-0.8-agents290.json	6525	6334	191	382	315	54	19	19	randomSolver	72,467	66,683	67,000	88,000	99,000	98,000	46,258	41,580	42,000	59,000	66,000	67,000	33993,495	96,552	6300
MAD-0.35-agents345.json	2963	2772	191	437	370	54	19	19	referenceSolver	86,846	84,370	84,000	92,000	98,000	96,000	33,590	23,703	25,000	66,000	76,000	78,000	3745,198	91,023	2697
MAD-0.35-agents345.json	2963	2772	191	437	370	54	19	19	randomSolver	87,231	84,254	84,000	94,000	99,000	98,000	29,757	20,818	22,000	55,000	66,000	67,000	28982,737	100,000	2963
MAD-0.15-agents96.json	1379	1188	191	188	121	54	19	19	referenceSolver	88,612	82,417	83,000	92,000	98,000	100,000	45,021	25,813	31,000	65,000	76,000	76,000	192,426	86,294	1190
MAD-0.15-agents96.json	1379	1188	191	188	121	54	19	19	randomSolver	86,575	78,027	80,000	92,000	100,000	99,000	41,523	24,841	30,000	55,000	65,000	66,000	3645,483	100,000	1379
MAD-0.9-agents395.json	7316	7125	191	487	420	54	19	19	referenceSolver	81,539	78,974	79,000	93,000	99,000	97,000	36,352	30,055	31,000	70,000	75,000	77,000	15417,608	67,086	4908
MAD-0.9-agents395.json	7316	7125	191	487	420	54	19	19	randomSolver	71,320	66,854	67,000	87,000	98,000	97,000	40,550	36,158	37,000	57,000	67,000	68,000	96564,974	99,904	7309
MAD-0.3-agents55.json	2567	2376	191	147	80	54	19	19	referenceSolver	87,038	77,038	78,000	90,000	99,000	100,000	55,561	34,678	35,000	65,000	75,000	76,000	383,452	42,384	1088
MAD-0.3-agents55.json	2567	2376	191	147	80	54	19	19	randomSolver	80,053	63,831	66,000	85,000	99,000	98,000	58,639	49,755	51,000	61,000	66,000	67,000	7530,721	76,276	1958
MAD-1.0-agents330.json	8108	7917	191	422	355	54	19	19	referenceSolver	81,087	78,127	78,000	92,000	99,000	100,000	38,279	31,444	32,000	67,000	75,000	76,000	14118,722	56,191	4556
MAD-1.0-agents330.json	8108	7917	191	422	355	54	19	19	randomSolver	71,917	66,746	67,000	86,000	98,000	100,000	47,635	43,769	44,000	59,000	67,000	65,000	129701,798	92,686	7515
MAD-0.45-agents201.json	3754	3563	191	293	226	54	19	19	referenceSolver	81,947	77,411	78,000	91,000	96,000	100,000	41,252	31,112	33,000	66,000	78,000	76,000	2234,726	75,892	2849
MAD-0.45-agents201.json	3754	3563	191	293	226	54	19	19	randomSolver	75,633	68,092	69,000	89,000	100,000	99,000	42,341	34,682	36,000	57,000	65,000	66,000	22101,523	100,000	3754
MAD-0.7-agents463.json	5733	5542	191	555	488	54	19	19	referenceSolver	82,847	80,786	81,000	92,000	98,000	100,000	33,169	27,358	28,000	65,000	76,000	76,000	12248,161	90,529	5190
MAD-0.7-agents463.json	5733	5542	191	555	488	54	19	19	randomSolver	78,428	75,241	75,000	90,000	99,000	99,000	31,591	26,216	27,000	56,000	66,000	66,000	51475,800	100,000	5733
MAD-0.25-agents114.json	2171	1980	191	206	139	54	19	19	referenceSolver	86,192	79,930	81,000	91,000	100,000	99,000	46,126	30,522	35,000	66,000	76,000	75,000	511,524	75,265	1634
MAD-0.25-agents114.json	2171	1980	191	206	139	54	19	19	randomSolver	80,448	70,333	72,000	92,000	100,000	99,000	44,266	32,525	35,000	55,000	65,000	66,000	12333,031	100,000	2171
MAD-0.7-agents199.json	5733	5542	191	291	224	54	19	19	referenceSolver	82,219	77,997	78,000	91,000	97,000	96,000	42,741	32,789	33,000	64,000	77,000	78,000	4335,313	51,997	2981
MAD-0.7-agents199.json	5733	5542	191	291	224	54	19	19	randomSolver	74,086	66,466	67,000	85,000	99,000	100,000	51,036	45,883	46,000	60,000	66,000	65,000	34101,895	86,517	4960
MAD-0.2-agents262.json	1775	1584	191	354	287	54	19	19	referenceSolver	91,186	88,943	89,000	94,000	99,000	97,000	33,956	19,968	23,000	67,000	75,000	77,000	1120,537	91,775	1629
MAD-0.2-agents262.json	1775	1584	191	354	287	54	19	19	randomSolver	91,106	88,026	88,000	95,000	99,000	98,000	32,479	19,198	23,000	57,000	66,000	67,000	21461,918	100,000	1775
MAD-0.25-agents303.json	2171	1980	191	395	328	54	19	19	referenceSolver	89,180	86,477	87,000	95,000	99,000	98,000	34,123	21,979	25,000	69,000	75,000	76,000	2049,409	92,906	2017
MAD-0.25-agents303.json	2171	1980	191	395	328	54	19	19	randomSolver	89,363	86,021	86,000	95,000	100,000	99,000	31,104	19,743	22,000	57,000	65,000	66,000	28190,536	100,000	2171
MAD-1.0-agents127.json	8108	7917	191	219	152	54	19	19	referenceSolver	83,044	76,452	77,000	90,000	100,000	97,000	52,359	40,375	41,000	71,000	74,000	77,000	6285,654	28,712	2328
MAD-1.0-agents127.json	8108	7917	191	219	152	54	19	19	randomSolver	78,321	69,634	70,000	85,000	100,000	98,000	62,479	59,002	59,000	67,000	65,000	67,000	20394,712	54,563	4424
MAD-0.35-agents64.json	2963	2772	191	156	89	54	19	19	referenceSolver	85,494	75,841	78,000	94,000	97,000	98,000	55,207	37,121	42,000	71,000	77,000	76,000	512,164	43,604	1292
MAD-0.35-agents64.json	2963	2772	191	156	89	54	19	19	randomSolver	79,202	63,809	65,000	85,000	100,000	100,000	57,990	49,396	50,000	62,000	65,000	65,000	5587,454	73,135	2167
MAD-0.5-agents491.json	4150	3959	191	583	516	54	19	19	referenceSolver	86,311	84,357	84,000	93,000	98,000	100,000	30,725	23,567	25,000	66,000	76,000	74,000	10055,575	92,193	3826
MAD-0.5-agents491.json	4150	3959	191	583	516	54	19	19	randomSolver	86,180	83,904	84,000	94,000	99,000	100,000	27,702	20,982	22,000	57,000	66,000	65,000	40420,454	100,000	4150
MAD-0.9-agents182.json	7316	7125	191	274	207	54	19	19	referenceSolver	83,671	79,157	79,000	91,000	98,000	96,000	47,788	37,548	39,000	66,000	76,000	78,000	7348,959	39,735	2907
MAD-0.9-agents182.json	7316	7125	191	274	207	54	19	19	randomSolver	74,067	66,140	67,000	86,000	99,000	98,000	55,987	51,854	52,000	62,000	66,000	67,000	54573,900	71,022	5196
MAD-0.2-agents425.json	1775	1584	191	517	450	54	19	19	referenceSolver	93,827	92,588	92,000	96,000	97,000	98,000	30,681	17,726	22,000	67,000	77,000	76,000	1977,539	94,028	1669
MAD-0.2-agents425.json	1775	1584	191	517	450	54	19	19	randomSolver	94,266	92,515	93,000	96,000	98,000	99,000	29,866	17,078	20,000	58,000	67,000	66,000	25833,912	100,000	1775
MAD-0.35-agents152.json	2963	2772	191	244	177	54	19	19	referenceSolver	82,727	77,374	78,000	90,000	98,000	100,000	43,060	30,754	33,000	65,000	76,000	76,000	1063,530	76,409	2264
MAD-0.35-agents152.json	2963	2772	191	244	177	54	19	19	randomSolver	76,650	67,443	69,000	89,000	99,000	100,000	44,112	34,836	37,000	57,000	66,000	65,000	15821,491	99,933	2961
MAD-0.9-agents478.json	7316	7125	191	570	503	54	19	19	referenceSolver	83,160	81,268	81,000	91,000	100,000	98,000	33,755	28,231	28,000	64,000	76,000	76,000	19328,855	76,176	5573
MAD-0.9-agents478.json	7316	7125	191	570	503	54	19	19	randomSolver	73,169	69,579	70,000	88,000	100,000	99,000	35,209	30,767	31,000	57,000	65,000	66,000	92773,994	100,000	7316
MAD-0.4-agents39.json	3358	3167	191	131	64	54	19	19	referenceSolver	90,105	77,905	79,000	91,000	100,000	100,000	63,885	42,567	44,000	71,000	74,000	76,000	665,462	26,295	883
MAD-0.4-agents39.json	3358	3167	191	131	64	54	19	19	randomSolver	83,583	66,611	68,000	85,000	100,000	99,000	63,597	57,332	59,000	65,000	65,000	66,000	3668,353	53,395	1793
MAD-0.45-agents446.json	3754	3563	191	538	471	54	19	19	referenceSolver	86,011	83,729	84,000	94,000	98,000	100,000	32,149	24,059	25,000	68,000	76,000	76,000	7898,205	90,250	3388
MAD-0.45-agents446.json	3754	3563	191	538	471	54	19	19	randomSolver	86,875	84,411	84,000	95,000	100,000	100,000	28,236	20,958	22,000	55,000	65,000	65,000	46941,336	100,000	3754
MAD-0.7-agents224.json	5733	5542	191	316	249	54	19	19	referenceSolver	81,026	76,760	77,000	89,000	99,000	99,000	41,824	32,745	34,000	65,000	75,000	75,000	4658,257	57,631	3304
MAD-0.7-agents224.json	5733	5542	191	316	249	54	19	19	randomSolver	72,675	65,519	66,000	86,000	98,000	100,000	49,129	43,984	44,000	59,000	67,000	65,000	25499,152	92,220	5287
MAD-0.05-agents252.json	588	397	191	344	277	54	19	19	referenceSolver	99,017	99,252	99,000	98,000	100,000	98,000	44,068	14,883	27,000	71,000	76,000	76,000	145,004	90,986	535
MAD-0.05-agents252.json	588	397	191	344	277	54	19	19	randomSolver	98,345	97,641	97,000	98,000	99,000	99,000	43,381	15,367	27,000	59,000	66,000	66,000	3932,522	100,000	588
MAD-0.15-agents453.json	1379	1188	191	545	478	54	19	19	referenceSolver	96,152	95,415	95,000	97,000	99,000	97,000	31,818	16,484	22,000	73,000	75,000	77,000	1352,218	94,561	1304
MAD-0.15-agents453.json	1379	1188	191	545	478	54	19	19	randomSolver	96,765	95,731	96,000	97,000	99,000	100,000	31,472	16,138	20,000	59,000	66,000	65,000	14968,267	100,000	1379
MAD-0.6-agents321.json	4942	4751	191	413	346	54	19	19	referenceSolver	81,826	78,833	79,000	91,000	100,000	98,000	36,082	28,361	29,000	66,000	76,000	76,000	6510,997	78,106	3860
MAD-0.6-agents321.json	4942	4751	191	413	346	54	19	19	randomSolver	75,575	70,827	71,000	88,000	98,000	100,000	36,523	30,221	31,000	56,000	67,000	65,000	52040,768	100,000	4942
MAD-0.1-agents395.json	984	793	191	487	420	54	19	19	referenceSolver	97,271	96,731	97,000	97,000	99,000	100,000	36,034	15,986	22,000	73,000	75,000	76,000	685,924	94,004	925
MAD-0.1-agents395.json	984	793	191	487	420	54	19	19	randomSolver	97,297	96,140	96,000	98,000	98,000	100,000	35,824	15,984	23,000	60,000	67,000	65,000	7614,149	100,000	984
MAD-0.3-agents170.json	2567	2376	191	262	195	54	19	19	referenceSolver	84,628	80,110	80,000	91,000	97,000	97,000	40,104	27,467	29,000	63,000	77,000	77,000	936,145	82,119	2108
MAD-0.3-agents170.json	2567	2376	191	262	195	54	19	19	randomSolver	79,449	71,721	73,000	91,000	99,000	98,000	39,101	28,496	31,000	56,000	66,000	67,000	14323,410	100,000	2567
MAD-0.1-agents98.json	984	793	191	190	123	54	19	19	referenceSolver	91,597	86,596	88,000	97,000	96,000	98,000	45,279	22,198	31,000	64,000	78,000	76,000	122,944	88,923	875
MAD-0.1-agents98.json	984	793	191	190	123	54	19	19	randomSolver	91,808	85,993	87,000	94,000	99,000	98,000	40,572	19,843	26,000	56,000	66,000	67,000	2236,359	100,000	984
MAD-0.7-agents14.json	5733	5542	191	106	39	54	19	19	referenceSolver	96,812	87,708	88,000	96,000	97,000	100,000	73,990	53,991	52,000	75,000	77,000	76,000	1670,251	8,303	476
MAD-0.7-agents14.json	5733	5542	191	106	39	54	19	19	randomSolver	89,665	74,696	75,000	88,000	99,000	98,000	70,885	68,156	68,000	74,000	66,000	67,000	3641,971	24,577	1409
MAD-0.8-agents438.json	6525	6334	191	530	463	54	19	19	referenceSolver	83,254	81,143	81,000	93,000	99,000	98,000	34,278	28,467	29,000	62,000	75,000	76,000	13837,016	79,954	5217
MAD-0.8-agents438.json	6525	6334	191	530	463	54	19	19	randomSolver	74,521	70,632	71,000	90,000	100,000	100,000	34,713	29,855	30,000	56,000	65,000	65,000	75191,946	100,000	6525
MAD-0.1-agents77.json	984	793	191	169	102	54	19	19	referenceSolver	89,643	81,875	84,000	95,000	98,000	99,000	48,841	25,098	33,000	68,000	76,000	75,000	108,410	87,602	862
MAD-0.1-agents77.json	984	793	191	169	102	54	19	19	randomSolver	89,214	80,262	82,000	92,000	100,000	98,000	43,344	22,556	28,000	56,000	65,000	67,000	2145,021	100,000	984
MAD-0.6-agents264.json	4942	4751	191	356	289	54	19	19	referenceSolver	82,184	78,649	79,000	92,000	98,000	97,000	39,314	30,783	32,000	67,000	76,000	77,000	5045,117	70,842	3501
MAD-0.6-agents264.json	4942	4751	191	356	289	54	19	19	randomSolver	72,795	66,435	67,000	89,000	98,000	100,000	41,627	35,483	36,000	57,000	67,000	65,000	41658,643	99,696	4927
MAD-0.9-agents64.json	7316	7125	191	156	89	54	19	19	referenceSolver	93,352	87,690	87,000	96,000	97,000	98,000	65,424	49,442	48,000	74,000	77,000	76,000	4706,708	16,621	1216
MAD-0.9-agents64.json	7316	7125	191	156	89	54	19	19	randomSolver	85,318	75,514	76,000	88,000	99,000	98,000	69,323	68,139	69,000	71,000	66,000	67,000	16322,604	41,307	3022
MAD-0.3-agents465.json	2567	2376	191	557	490	54	19	19	referenceSolver	91,498	90,033	90,000	97,000	98,000	97,000	29,527	19,626	22,000	69,000	76,000	77,000	4287,585	94,040	2414
MAD-0.3-agents465.json	2567	2376	191	557	490	54	19	19	randomSolver	92,002	90,214	90,000	95,000	99,000	100,000	27,709	18,111	20,000	58,000	66,000	65,000	22438,751	100,000	2567
MAD-0.05-agents317.json	588	397	191	409	342	54	19	19	referenceSolver	98,886	98,629	98,000	98,000	100,000	100,000	44,578	15,110	28,000	75,000	76,000	76,000	192,165	90,816	534
MAD-0.05-agents317.json	588	397	191	409	342	54	19	19	randomSolver	97,664	96,541	96,000	96,000	99,000	100,000	44,240	15,866	28,000	62,000	66,000	65,000	2552,659	100,000	588
MAD-0.25-agents24.json	2171	1980	191	116	49	54	19	19	referenceSolver	89,379	75,934	77,000	89,000	97,000	98,000	64,667	39,254	42,000	67,000	77,000	76,000	192,239	33,211	721
MAD-0.25-agents24.json	2171	1980	191	116	49	54	19	19	randomSolver	85,091	66,022	68,000	85,000	98,000	98,000	63,461	54,500	56,000	64,000	67,000	67,000	1702,456	62,045	1347
MAD-0.15-agents146.json	1379	1188	191	238	171	54	19	19	referenceSolver	88,655	83,883	85,000	92,000	98,000	99,000	40,966	23,011	28,000	66,000	76,000	75,000	364,387	91,661	1264
MAD-0.15-agents146.json	1379	1188	191	238	171	54	19	19	randomSolver	89,737	84,564	85,000	94,000	98,000	99,000	37,051	20,643	25,000	55,000	67,000	66,000	5908,731	100,000	1379
MAD-0.5-agents1.json	4150	3959	191	93	26	54	19	19	referenceSolver	98,567	100,000	100,000	99,000	98,000	96,000	73,675	14,583	33,000	70,000	76,000	78,000	744,373	3,590	149
MAD-0.5-agents1.json	4150	3959	191	93	26	54	19	19	randomSolver	90,808	73,336	73,000	86,000	98,000	98,000	70,195	64,007	64,000	71,000	67,000	67,000	2129,464	23,446	973
MAD-0.35-agents447.json	2963	2772	191	539	472	54	19	19	referenceSolver	89,423	87,743	88,000	95,000	96,000	97,000	30,147	20,942	24,000	67,000	78,000	77,000	5271,985	92,474	2740
MAD-0.35-agents447.json	2963	2772	191	539	472	54	19	19	randomSolver	89,993	87,922	88,000	95,000	98,000	99,000	27,767	19,122	21,000	56,000	67,000	66,000	34829,027	100,000	2963
MAD-0.45-agents153.json	3754	3563	191	245	178	54	19	19	referenceSolver	81,827	76,237	77,000	89,000	97,000	97,000	45,090	33,231	36,000	66,000	77,000	77,000	1635,054	63,799	2395
MAD-0.45-agents153.json	3754	3563	191	245	178	54	19	19	randomSolver	76,249	67,047	68,000	88,000	100,000	99,000	49,098	42,027	43,000	58,000	65,000	66,000	36275,319	95,924	3601
MAD-0.5-agents184.json	4150	3959	191	276	209	54	19	19	referenceSolver	82,866	77,845	78,000	91,000	100,000	98,000	41,427	29,764	31,000	67,000	76,000	76,000	2544,915	57,446	2384
MAD-0.5-agents184.json	4150	3959	191	276	209	54	19	19	randomSolver	74,779	66,885	68,000	87,000	98,000	100,000	46,917	40,035	41,000	58,000	67,000	65,000	17878,342	97,663	4053
MAD-0.9-agents497.json	7316	7125	191	589	522	54	19	19	referenceSolver	82,155	80,119	80,000	93,000	98,000	99,000	33,534	28,236	29,000	64,000	76,000	75,000	20469,910	78,704	5758
MAD-0.9-agents497.json	7316	7125	191	589	522	54	19	19	randomSolver	74,343	70,916	71,000	89,000	99,000	98,000	34,356	29,936	30,000	57,000	66,000	67,000	79890,944	100,000	7316
MAD-0.25-agents246.json	2171	1980	191	338	271	54	19	19	referenceSolver	86,822	83,127	84,000	95,000	98,000	98,000	37,284	24,472	28,000	69,000	76,000	76,000	1656,541	92,123	2000
MAD-0.25-agents246.json	2171	1980	191	338	271	54	19	19	randomSolver	87,367	83,045	84,000	93,000	99,000	99,000	32,807	21,219	24,000	55,000	66,000	66,000	18666,319	100,000	2171
MAD-0.2-agents130.json	1775	1584	191	222	155	54	19	19	referenceSolver	86,302	80,622	82,000	93,000	99,000	100,000	41,778	25,841	29,000	65,000	75,000	76,000	422,781	86,648	1538
MAD-0.2-agents130.json	1775	1584	191	222	155	54	19	19	randomSolver	83,374	75,034	77,000	90,000	100,000	99,000	39,509	25,598	29,000	57,000	65,000	66,000	9668,290	100,000	1775
MAD-1.0-agents432.json	8108	7917	191	524	457	54	19	19	referenceSolver	81,534	79,326	79,000	91,000	98,000	97,000	35,089	29,277	30,000	69,000	76,000	77,000	19423,265	66,194	5367
MAD-1.0-agents432.json	8108	7917	191	524	457	54	19	19	randomSolver	71,080	66,800	67,000	88,000	99,000	99,000	40,783	36,828	37,000	57,000	66,000	66,000	143092,829	99,901	8100
MAD-0.7-agents361.json	5733	5542	191	453	386	54	19	19	referenceSolver	82,352	79,788	80,000	92,000	100,000	98,000	35,200	28,452	29,000	65,000	76,000	76,000	8213,748	77,830	4462
MAD-0.7-agents361.json	5733	5542	191	453	386	54	19	19	randomSolver	73,813	69,291	70,000	88,000	97,000	99,000	36,843	31,265	32,000	57,000	68,000	66,000	40481,946	100,000	5733
MAD-0.05-agents194.json	588	397	191	286	219	54	19	19	referenceSolver	97,602	97,191	97,000	97,000	98,000	98,000	45,903	15,845	29,000	73,000	76,000	76,000	106,040	90,136	530
MAD-0.05-agents194.json	588	397	191	286	219	54	19	19	randomSolver	97,692	95,955	96,000	97,000	100,000	98,000	44,086	16,053	28,000	59,000	65,000	67,000	1794,594	100,000	588
MAD-0.8-agents341.json	6525	6334	191	433	366	54	19	19	referenceSolver	82,913	80,277	80,000	91,000	99,000	98,000	37,178	30,285	31,000	66,000	75,000	76,000	10255,504	68,138	4446
MAD-0.8-agents341.json	6525	6334	191	433	366	54	19	19	randomSolver	72,056	66,852	67,000	88,000	100,000	100,000	41,727	37,005	38,000	57,000	65,000	65,000	86847,790	99,831	6514
MAD-0.05-agents42.json	588	397	191	134	67	54	19	19	referenceSolver	92,997	84,105	87,000	95,000	97,000	100,000	55,478	23,023	37,000	67,000	77,000	76,000	25,567	83,844	493
MAD-0.05-agents42.json	588	397	191	134	67	54	19	19	randomSolver	93,611	84,121	87,000	95,000	99,000	99,000	48,909	20,898	31,000	56,000	66,000	66,000	793,682	100,000	588
MAD-0.1-agents3.json	984	793	191	95	28	54	19	19	referenceSolver	93,172	75,204	80,000	90,000	100,000	97,000	69,964	34,635	46,000	67,000	76,000	77,000	38,672	38,211	376
MAD-0.1-agents3.json	984	793	191	95	28	54	19	19	randomSolver	89,517	61,755	68,000	85,000	98,000	99,000	64,192	50,791	55,000	63,000	67,000	66,000	778,202	71,748	706
MAD-0.4-agents202.json	3358	3167	191	294	227	54	19	19	referenceSolver	83,951	79,741	80,000	92,000	100,000	100,000	40,026	29,253	31,000	66,000	76,000	76,000	1888,933	78,023	2620
MAD-0.4-agents202.json	3358	3167	191	294	227	54	19	19	randomSolver	76,734	69,503	70,000	91,000	99,000	98,000	39,715	31,148	33,000	56,000	66,000	67,000	13547,014	100,000	3358
MAD-0.8-agents10.json	6525	6334	191	102	35	54	19	19	referenceSolver	97,997	91,917	92,000	97,000	98,000	100,000	73,012	50,936	54,000	72,000	76,000	76,000	1832,971	5,609	366
MAD-0.8-agents10.json	6525	6334	191	102	35	54	19	19	randomSolver	89,199	73,595	74,000	87,000	98,000	97,000	70,661	66,169	66,000	72,000	67,000	68,000	3341,829	19,510	1273
MAD-0.1-agents403.json	984	793	191	495	428	54	19	19	referenceSolver	97,482	96,908	97,000	97,000	100,000	98,000	35,835	15,868	22,000	72,000	76,000	76,000	675,933	94,004	925
MAD-0.1-agents403.json	984	793	191	495	428	54	19	19	randomSolver	96,902	96,232	96,000	97,000	98,000	98,000	35,736	15,798	22,000	60,000	67,000	67,000	6220,897	100,000	984
MAD-0.5-agents307.json	4150	3959	191	399	332	54	19	19	referenceSolver	84,783	81,980	82,000	94,000	98,000	100,000	35,869	27,727	29,000	64,000	76,000	76,000	4591,349	85,325	3541
MAD-0.5-agents307.json	4150	3959	191	399	332	54	19	19	randomSolver	78,435	73,905	74,000	92,000	96,000	98,000	34,266	27,061	28,000	56,000	69,000	67,000	32715,759	100,000	4150
MAD-0.7-agents418.json	5733	5542	191	510	443	54	19	19	referenceSolver	82,868	80,612	81,000	93,000	100,000	99,000	34,134	28,078	29,000	67,000	76,000	75,000	8356,177	87,005	4988
MAD-0.7-agents418.json	5733	5542	191	510	443	54	19	19	randomSolver	76,878	73,167	73,000	91,000	98,000	98,000	33,392	27,983	29,000	55,000	67,000	67,000	109685,795	100,000	5733
MAD-0.25-agents495.json	2171	1980	191	587	520	54	19	19	referenceSolver	92,861	91,350	91,000	97,000	100,000	100,000	29,793	18,658	21,000	70,000	76,000	76,000	2935,023	94,150	2044
MAD-0.25-agents495.json	2171	1980	191	587	520	54	19	19	randomSolver	92,882	90,932	91,000	96,000	99,000	100,000	28,693	17,780	21,000	58,000	66,000	65,000	18211,199	100,000	2171
MAD-0.9-agents244.json	7316	7125	191	336	269	54	19	19	referenceSolver	82,134	78,305	78,000	93,000	97,000	100,000	43,705	35,346	36,000	68,000	77,000	76,000	7412,676	50,383	3686
MAD-0.9-agents244.json	7316	7125	191	336	269	54	19	19	randomSolver	72,321	65,724	66,000	87,000	98,000	100,000	51,656	47,389	48,000	60,000	67,000	65,000	42361,642	84,363	6172
MAD-0.35-agents294.json	2963	2772	191	386	319	54	19	19	referenceSolver	84,824	81,564	82,000	92,000	98,000	99,000	35,725	25,541	28,000	67,000	76,000	75,000	2540,620	89,976	2666
MAD-0.35-agents294.json	2963	2772	191	386	319	54	19	19	randomSolver	84,677	80,912	81,000	93,000	98,000	99,000	31,733	22,521	24,000	56,000	67,000	66,000	18209,797	100,000	2963
MAD-0.2-agents219.json	1775	1584	191	311	244	54	19	19	referenceSolver	89,920	86,939	87,000	96,000	97,000	98,000	35,822	21,380	25,000	65,000	77,000	76,000	660,369	91,155	1618
MAD-0.2-agents219.json	1775	1584	191	311	244	54	19	19	randomSolver	89,618	85,443	86,000	95,000	99,000	99,000	33,748	20,293	24,000	56,000	66,000	66,000	6690,632	100,000	1775
MAD-0.45-agents295.json	3754	3563	191	387	320	54	19	19	referenceSolver	83,174	80,022	80,000	93,000	100,000	97,000	35,994	27,305	29,000	68,000	76,000	77,000	3116,178	88,013	3304
MAD-0.45-agents295.json	3754	3563	191	387	320	54	19	19	randomSolver	80,303	75,871	76,000	90,000	100,000	98,000	33,777	25,985	27,000	55,000	65,000	67,000	18763,051	100,000	3754
MAD-0.5-agents242.json	4150	3959	191	334	267	54	19	19	referenceSolver	84,589	81,330	82,000	91,000	97,000	96,000	38,496	28,727	30,000	63,000	77,000	78,000	2961,391	70,843	2940
MAD-0.5-agents242.json	4150	3959	191	334	267	54	19	19	randomSolver	75,385	68,999	70,000	90,000	99,000	99,000	39,835	32,621	34,000	56,000	66,000	66,000	37795,773	100,000	4150
MAD-0.25-agents180.json	2171	1980	191	272	205	54	19	19	referenceSolver	85,470	80,876	82,000	94,000	97,000	100,000	39,988	26,737	30,000	67,000	77,000	76,000	797,260	90,926	1974
MAD-0.25-agents180.json	2171	1980	191	272	205	54	19	19	randomSolver	83,898	77,921	79,000	93,000	99,000	98,000	36,168	24,171	27,000	56,000	66,000	67,000	9617,610	100,000	2171
MAD-0.9-agents301.json	7316	7125	191	393	326	54	19	19	referenceSolver	82,178	78,934	79,000	90,000	99,000	100,000	39,657	32,067	33,000	67,000	75,000	76,000	9425,867	55,440	4056
MAD-0.9-agents301.json	7316	7125	191	393	326	54	19	19	randomSolver	72,141	66,535	67,000	87,000	99,000	99,000	47,624	43,394	44,000	59,000	66,000	66,000	51779,084	93,521	6842
MAD-0.25-agents5.json	2171	1980	191	97	30	54	19	19	referenceSolver	95,976	83,643	85,000	94,000	100,000	99,000	73,528	44,907	47,000	73,000	76,000	75,000	123,106	18,977	412
MAD-0.25-agents5.json	2171	1980	191	97	30	54	19	19	randomSolver	89,754	70,753	72,000	86,000	99,000	98,000	68,184	60,997	62,000	69,000	66,000	67,000	1667,437	45,739	993
MAD-0.1-agents116.json	984	793	191	208	141	54	19	19	referenceSolver	92,363	87,858	89,000	96,000	97,000	100,000	43,839	21,163	28,000	66,000	77,000	76,000	151,648	89,939	885
MAD-0.1-agents116.json	984	793	191	208	141	54	19	19	randomSolver	92,387	86,664	88,000	95,000	100,000	100,000	40,016	19,614	25,000	56,000	65,000	65,000	2101,860	100,000	984
MAD-0.3-agents259.json	2567	2376	191	351	284	54	19	19	referenceSolver	86,712	83,720	84,000	95,000	97,000	97,000	35,004	23,933	26,000	66,000	77,000	77,000	1343,505	92,092	2364
MAD-0.3-agents259.json	2567	2376	191	351	284	54	19	19	randomSolver	84,340	80,051	81,000	94,000	98,000	98,000	32,937	22,526	25,000	56,000	67,000	67,000	10735,420	100,000	2567
MAD-0.6-agents458.json	4942	4751	191	550	483	54	19	19	referenceSolver	83,392	81,456	81,000	90,000	96,000	96,000	32,281	25,725	26,000	64,000	78,000	78,000	8327,615	91,319	4513
MAD-0.6-agents458.json	4942	4751	191	550	483	54	19	19	randomSolver	81,874	79,018	79,000	91,000	99,000	100,000	29,730	23,750	25,000	56,000	66,000	65,000	34864,466	100,000	4942
MAD-0.6-agents60.json	4942	4751	191	152	85	54	19	19	referenceSolver	90,764	83,081	83,000	93,000	98,000	97,000	63,679	46,356	46,000	73,000	76,000	77,000	1597,125	24,322	1202
MAD-0.6-agents60.json	4942	4751	191	152	85	54	19	19	randomSolver	82,771	70,555	71,000	86,000	98,000	98,000	65,040	60,741	61,000	67,000	67,000	67,000	5933,452	52,367	2588
MAD-0.8-agents204.json	6525	6334	191	296	229	54	19	19	referenceSolver	81,790	77,399	78,000	90,000	98,000	98,000	43,639	34,033	35,000	68,000	76,000	76,000	4439,839	47,908	3126
MAD-0.8-agents204.json	6525	6334	191	296	229	54	19	19	randomSolver	73,897	66,471	67,000	86,000	100,000	98,000	52,582	47,951	48,000	59,000	65,000	67,000	27738,980	81,241	5301
MAD-0.15-agents280.json	1379	1188	191	372	305	54	19	19	referenceSolver	93,611	92,002	92,000	97,000	96,000	97,000	34,660	18,270	23,000	69,000	78,000	77,000	621,557	93,546	1290
MAD-0.15-agents280.json	1379	1188	191	372	305	54	19	19	randomSolver	94,407	92,210	92,000	96,000	98,000	98,000	33,047	17,342	22,000	57,000	67,000	67,000	6197,235	100,000	1379
MAD-0.05-agents481.json	588	397	191	573	506	54	19	19	referenceSolver	99,301	99,594	99,000	98,000	98,000	100,000	44,094	14,845	27,000	74,000	76,000	76,000	231,821	90,816	534
MAD-0.05-agents481.json	588	397	191	573	506	54	19	19	randomSolver	98,542	97,966	98,000	98,000	99,000	98,000	43,283	15,254	28,000	61,000	66,000	67,000	2593,800	100,000	588
MAD-0.4-agents347.json	3358	3167	191	439	372	54	19	19	referenceSolver	85,737	82,999	83,000	94,000	98,000	100,000	33,739	24,638	26,000	69,000	76,000	76,000	3652,543	89,041	2990
MAD-0.4-agents347.json	3358	3167	191	439	372	54	19	19	randomSolver	84,654	81,354	82,000	93,000	100,000	98,000	30,375	22,156	24,000	56,000	65,000	67,000	20826,633	100,000	3358
MAD-0.4-agents469.json	3358	3167	191	561	494	54	19	19	referenceSolver	87,762	85,797	86,000	95,000	97,000	98,000	30,505	21,973	24,000	68,000	77,000	76,000	4581,093	90,768	3048
MAD-0.4-agents469.json	3358	3167	191	561	494	54	19	19	randomSolver	89,042	87,002	87,000	95,000	98,000	98,000	27,278	19,443	21,000	56,000	67,000	67,000	24527,742	100,000	3358
MAD-0.7-agents43.json	5733	5542	191	135	68	54	19	19	referenceSolver	92,748	85,001	85,000	93,000	99,000	100,000	66,694	48,926	49,000	75,000	75,000	74,000	1214,380	18,769	1076
MAD-0.7-agents43.json	5733	5542	191	135	68	54	19	19	randomSolver	86,506	74,515	75,000	87,000	100,000	99,000	69,972	68,555	69,000	72,000	65,000	66,000	4062,405	40,991	2350
MAD-0.1-agents268.json	984	793	191	360	293	54	19	19	referenceSolver	95,992	94,681	95,000	97,000	99,000	98,000	37,632	16,980	23,000	73,000	75,000	76,000	271,071	93,089	916
MAD-0.1-agents268.json	984	793	191	360	293	54	19	19	randomSolver	96,225	94,505	94,000	97,000	99,000	98,000	36,360	16,417	22,000	59,000	66,000	67,000	3634,224	100,000	984
MAD-0.3-agents127.json	2567	2376	191	219	152	54	19	19	referenceSolver	85,871	80,255	81,000	93,000	99,000	100,000	43,808	28,946	33,000	64,000	75,000	76,000	440,516	67,822	1741
MAD-0.3-agents127.json	2567	2376	191	219	152	54	19	19	randomSolver	78,052	67,535	69,000	89,000	100,000	100,000	45,080	35,038	37,000	56,000	65,000	65,000	13837,695	99,883	2564
MAD-0.4-agents193.json	3358	3167	191	285	218	54	19	19	referenceSolver	82,912	78,618	79,000	92,000	97,000	96,000	41,109	30,083	32,000	68,000	77,000	78,000	1133,947	77,159	2591
MAD-0.4-agents193.json	3358	3167	191	285	218	54	19	19	randomSolver	76,671	69,147	70,000	90,000	99,000	99,000	41,003	32,472	34,000	56,000	66,000	66,000	10978,913	100,000	3358
MAD-0.8-agents480.json	6525	6334	191	572	505	54	19	19	referenceSolver	83,005	81,113	81,000	92,000	98,000	98,000	33,489	27,968	28,000	65,000	76,000	76,000	9913,610	84,950	5543
MAD-0.8-agents480.json	6525	6334	191	572	505	54	19	19	randomSolver	76,296	73,024	73,000	90,000	99,000	98,000	32,742	27,891	28,000	56,000	66,000	67,000	79413,403	100,000	6525
MAD-1.0-agents69.json	8108	7917	191	161	94	54	19	19	referenceSolver	92,477	87,311	87,000	93,000	97,000	100,000	65,227	51,379	51,000	74,000	77,000	76,000	3103,389	19,499	1581
MAD-1.0-agents69.json	8108	7917	191	161	94	54	19	19	randomSolver	85,198	75,566	76,000	88,000	100,000	100,000	68,991	67,513	68,000	71,000	65,000	65,000	25015,267	39,307	3187
MAD-0.15-agents404.json	1379	1188	191	496	429	54	19	19	referenceSolver	96,028	95,111	95,000	97,000	98,000	99,000	32,326	16,797	21,000	72,000	76,000	75,000	773,041	94,561	1304
MAD-0.15-agents404.json	1379	1188	191	496	429	54	19	19	randomSolver	96,379	94,943	95,000	98,000	100,000	98,000	31,613	16,328	20,000	58,000	65,000	67,000	6854,788	100,000	1379
MAD-0.6-agents376.json	4942	4751	191	468	401	54	19	19	referenceSolver	83,182	80,864	81,000	93,000	98,000	96,000	34,440	27,505	28,000	66,000	76,000	78,000	4967,450	87,232	4311
MAD-0.6-agents376.json	4942	4751	191	468	401	54	19	19	randomSolver	78,073	74,207	74,000	91,000	98,000	99,000	32,965	26,792	28,000	55,000	67,000	66,000	25837,267	100,000	4942
MAD-0.05-agents205.json	588	397	191	297	230	54	19	19	referenceSolver	97,983	98,135	98,000	98,000	97,000	97,000	45,283	15,524	28,000	71,000	77,000	77,000	77,694	90,646	533
MAD-0.05-agents205.json	588	397	191	297	230	54	19	19	randomSolver	97,330	95,386	96,000	97,000	98,000	99,000	44,188	16,111	27,000	59,000	67,000	66,000	2126,076	100,000	588
MAD-0.35-agents105.json	2963	2772	191	197	130	54	19	19	referenceSolver	84,164	77,259	78,000	89,000	97,000	100,000	47,227	32,075	34,000	66,000	77,000	74,000	451,181	58,016	1719
MAD-0.35-agents105.json	2963	2772	191	197	130	54	19	19	randomSolver	78,210	66,498	68,000	88,000	100,000	98,000	51,781	43,356	45,000	59,000	65,000	67,000	4902,294	91,191	2702
MAD-0.2-agents188.json	1775	1584	191	280	213	54	19	19	referenceSolver	88,579	85,109	86,000	95,000	97,000	97,000	37,839	22,811	27,000	68,000	77,000	77,000	438,901	89,972	1597
MAD-0.2-agents188.json	1775	1584	191	280	213	54	19	19	randomSolver	87,667	82,411	83,000	94,000	98,000	98,000	34,942	21,368	25,000	56,000	67,000	67,000	9897,906	100,000	1775
MAD-0.45-agents411.json	3754	3563	191	503	436	54	19	19	referenceSolver	85,719	83,382	83,000	93,000	98,000	100,000	32,422	24,418	26,000	65,000	76,000	74,000	4631,961	92,009	3454
MAD-0.45-agents411.json	3754	3563	191	503	436	54	19	19	randomSolver	85,272	82,387	83,000	94,000	100,000	98,000	29,339	21,924	23,000	56,000	65,000	67,000	30931,122	100,000	3754
MAD-0.7-agents273.json	5733	5542	191	365	298	54	19	19	referenceSolver	81,039	77,628	78,000	91,000	98,000	98,000	38,205	30,006	31,000	64,000	76,000	76,000	4942,716	64,103	3675
MAD-0.7-agents273.json	5733	5542	191	365	298	54	19	19	randomSolver	72,307	66,235	67,000	88,000	98,000	99,000	44,723	39,430	40,000	57,000	67,000	66,000	39367,491	98,796	5664
MAD-0.2-agents472.json	1775	1584	191	564	497	54	19	19	referenceSolver	94,487	93,549	93,000	97,000	97,000	97,000	30,290	17,435	20,000	70,000	77,000	77,000	1938,867	94,254	1673
MAD-0.2-agents472.json	1775	1584	191	564	497	54	19	19	randomSolver	94,516	92,946	93,000	96,000	100,000	99,000	29,786	16,999	21,000	59,000	65,000	66,000	16587,417	100,000	1775
MAD-0.9-agents7.json	7316	7125	191	99	32	54	19	19	referenceSolver	98,783	100,000	100,000	99,000	98,000	97,000	72,472	14,583	14,000	70,000	76,000	77,000	2251,232	2,119	155
MAD-0.9-agents7.json	7316	7125	191	99	32	54	19	19	randomSolver	89,845	72,063	72,000	86,000	99,000	99,000	69,067	63,413	64,000	70,000	66,000	66,000	2399,813	15,596	1141
MAD-0.45-agents87.json	3754	3563	191	179	112	54	19	19	referenceSolver	86,559	79,454	80,000	91,000	100,000	98,000	54,360	39,684	42,000	68,000	76,000	76,000	922,277	46,351	1740
MAD-0.45-agents87.json	3754	3563	191	179	112	54	19	19	randomSolver	78,233	65,478	67,000	86,000	100,000	98,000	57,352	50,475	51,000	61,000	65,000	67,000	10897,233	73,735	2768
MAD-0.35-agents33.json	2963	2772	191	125	58	54	19	19	referenceSolver	87,652	75,625	77,000	88,000	98,000	97,000	63,457	41,765	45,000	69,000	76,000	77,000	294,143	32,062	950
MAD-0.35-agents33.json	2963	2772	191	125	58	54	19	19	randomSolver	85,286	68,829	70,000	86,000	100,000	100,000	64,566	57,988	59,000	67,000	65,000	65,000	5973,719	56,969	1688
MAD-1.0-agents170.json	8108	7917	191	262	195	54	19	19	referenceSolver	81,834	76,655	77,000	88,000	98,000	98,000	48,966	38,882	40,000	71,000	76,000	76,000	6596,178	36,741	2979
MAD-1.0-agents170.json	8108	7917	191	262	195	54	19	19	randomSolver	74,531	66,026	67,000	85,000	100,000	99,000	58,171	54,591	55,000	63,000	65,000	66,000	36144,478	63,629	5159
MAD-0.25-agents354.json	2171	1980	191	446	379	54	19	19	referenceSolver	90,698	88,769	89,000	95,000	97,000	98,000	32,061	20,281	24,000	69,000	77,000	76,000	2096,632	93,137	2022
MAD-0.25-agents354.json	2171	1980	191	446	379	54	19	19	randomSolver	90,172	87,362	88,000	94,000	100,000	99,000	30,544	19,257	22,000	58,000	65,000	66,000	18533,590	100,000	2171
MAD-0.45-agents68.json	3754	3563	191	160	93	54	19	19	referenceSolver	86,160	77,592	78,000	90,000	97,000	100,000	57,688	41,043	42,000	71,000	77,000	76,000	875,162	39,425	1480
MAD-0.45-agents68.json	3754	3563	191	160	93	54	19	19	randomSolver	80,081	66,685	68,000	86,000	98,000	98,000	60,069	53,102	54,000	62,000	67,000	67,000	15117,253	64,891	2436
MAD-0.2-agents1.json	1775	1584	191	93	26	54	19	19	referenceSolver	94,592	80,888	81,000	92,000	97,000	98,000	74,739	45,417	44,000	73,000	77,000	76,000	80,745	23,211	412
MAD-0.2-agents1.json	1775	1584	191	93	26	54	19	19	randomSolver	91,648	71,157	74,000	87,000	99,000	98,000	68,539	63,155	67,000	69,000	66,000	67,000	1496,556	47,042	835
MAD-1.0-agents465.json	8108	7917	191	557	490	54	19	19	referenceSolver	82,424	80,333	80,000	92,000	100,000	99,000	34,684	29,307	30,000	65,000	76,000	75,000	17993,688	70,979	5755
MAD-1.0-agents465.json	8108	7917	191	557	490	54	19	19	randomSolver	71,838	67,942	68,000	90,000	98,000	99,000	38,489	34,494	35,000	57,000	67,000	66,000	85774,854	99,988	8107
MAD-0.7-agents336.json	5733	5542	191	428	361	54	19	19	referenceSolver	82,581	80,021	80,000	91,000	97,000	97,000	36,314	29,160	30,000	66,000	77,000	77,000	7008,846	74,324	4261
MAD-0.7-agents336.json	5733	5542	191	428	361	54	19	19	randomSolver	73,446	68,269	69,000	89,000	100,000	100,000	38,723	33,313	34,000	56,000	65,000	65,000	71502,317	100,000	5733
MAD-0.4-agents81.json	3358	3167	191	173	106	54	19	19	referenceSolver	85,915	77,436	78,000	92,000	98,000	99,000	53,313	36,460	39,000	69,000	76,000	75,000	853,906	42,942	1442
MAD-0.4-agents81.json	3358	3167	191	173	106	54	19	19	randomSolver	79,195	66,338	68,000	85,000	100,000	98,000	56,813	49,065	50,000	61,000	65,000	67,000	6161,038	74,985	2518
MAD-0.25-agents211.json	2171	1980	191	303	236	54	19	19	referenceSolver	85,682	81,376	82,000	93,000	100,000	99,000	37,906	25,086	27,000	67,000	76,000	75,000	979,059	91,985	1997
MAD-0.25-agents211.json	2171	1980	191	303	236	54	19	19	randomSolver	85,654	80,908	82,000	93,000	98,000	97,000	34,493	22,573	25,000	55,000	67,000	68,000	15001,019	100,000	2171
MAD-0.2-agents167.json	1775	1584	191	259	192	54	19	19	referenceSolver	87,921	83,401	84,000	94,000	100,000	100,000	38,969	23,658	27,000	66,000	76,000	76,000	525,492	88,732	1575
MAD-0.2-agents167.json	1775	1584	191	259	192	54	19	19	randomSolver	86,537	80,373	81,000	93,000	99,000	99,000	36,414	22,736	26,000	55,000	66,000	66,000	10838,501	100,000	1775
MAD-0.35-agents410.json	2963	2772	191	502	435	54	19	19	referenceSolver	88,525	86,428	86,000	94,000	100,000	97,000	30,858	21,555	23,000	64,000	74,000	77,000	4156,895	92,001	2726
MAD-0.35-agents410.json	2963	2772	191	502	435	54	19	19	randomSolver	89,016	86,615	87,000	96,000	98,000	100,000	28,463	19,710	21,000	56,000	67,000	65,000	48927,762	100,000	2963
MAD-0.45-agents104.json	3754	3563	191	196	129	54	19	19	referenceSolver	82,996	75,705	76,000	90,000	97,000	100,000	52,043	38,355	40,000	69,000	77,000	74,000	1129,944	53,143	1995
MAD-0.45-agents104.json	3754	3563	191	196	129	54	19	19	randomSolver	77,108	65,580	66,000	86,000	99,000	99,000	54,813	47,410	48,000	61,000	66,000	66,000	12155,476	79,861	2998
MAD-0.5-agents429.json	4150	3959	191	521	454	54	19	19	referenceSolver	85,120	82,942	83,000	94,000	98,000	98,000	31,750	24,443	26,000	63,000	76,000	76,000	6932,118	91,735	3807
MAD-0.5-agents429.json	4150	3959	191	521	454	54	19	19	randomSolver	83,865	81,021	81,000	94,000	100,000	98,000	29,270	22,417	24,000	56,000	65,000	67,000	74917,066	100,000	4150
MAD-0.6-agents399.json	4942	4751	191	491	424	54	19	19	referenceSolver	83,314	80,977	81,000	94,000	97,000	99,000	33,645	27,037	28,000	64,000	77,000	75,000	7713,465	89,781	4437
MAD-0.6-agents399.json	4942	4751	191	491	424	54	19	19	randomSolver	79,211	75,747	76,000	89,000	100,000	98,000	32,049	25,886	27,000	57,000	65,000	67,000	43745,973	100,000	4942
MAD-0.15-agents111.json	1379	1188	191	203	136	54	19	19	referenceSolver	88,256	82,487	83,000	94,000	97,000	98,000	43,982	25,221	30,000	68,000	77,000	76,000	219,516	88,615	1222
MAD-0.15-agents111.json	1379	1188	191	203	136	54	19	19	randomSolver	87,987	80,341	82,000	93,000	100,000	99,000	40,111	23,513	28,000	56,000	65,000	66,000	3550,797	100,000	1379
MAD-0.25-agents73.json	2171	1980	191	165	98	54	19	19	referenceSolver	86,412	77,749	79,000	90,000	100,000	98,000	52,286	32,972	37,000	67,000	76,000	76,000	313,200	56,564	1228
MAD-0.25-agents73.json	2171	1980	191	165	98	54	19	19	randomSolver	80,395	66,112	69,000	89,000	99,000	100,000	53,263	43,069	45,000	58,000	66,000	65,000	9058,812	93,736	2035
MAD-0.3-agents432.json	2567	2376	191	524	457	54	19	19	referenceSolver	90,306	88,521	88,000	96,000	99,000	98,000	29,999	19,988	22,000	67,000	75,000	76,000	3471,796	93,806	2408
MAD-0.3-agents432.json	2567	2376	191	524	457	54	19	19	randomSolver	90,633	88,364	88,000	96,000	99,000	99,000	28,562	18,841	20,000	56,000	66,000	66,000	18829,203	100,000	2567
MAD-0.05-agents340.json	588	397	191	432	365	54	19	19	referenceSolver	99,053	99,315	99,000	98,000	100,000	99,000	44,042	14,960	26,000	73,000	74,000	75,000	198,742	90,816	534
MAD-0.05-agents340.json	588	397	191	432	365	54	19	19	randomSolver	98,407	97,414	97,000	98,000	100,000	98,000	43,283	15,378	27,000	60,000	65,000	67,000	2300,059	100,000	588
MAD-0.4-agents486.json	3358	3167	191	578	511	54	19	19	referenceSolver	88,160	86,356	86,000	95,000	100,000	97,000	30,531	22,013	24,000	69,000	76,000	77,000	6545,255	91,215	3063
MAD-0.4-agents486.json	3358	3167	191	578	511	54	19	19	randomSolver	89,293	87,265	87,000	97,000	100,000	98,000	27,080	19,303	21,000	56,000	65,000	67,000	37706,669	100,000	3358
MAD-0.8-agents195.json	6525	6334	191	287	220	54	19	19	referenceSolver	82,781	78,474	79,000	91,000	98,000	97,000	45,125	35,529	36,000	68,000	76,000	77,000	5099,847	47,923	3127
MAD-0.8-agents195.json	6525	6334	191	287	220	54	19	19	randomSolver	73,570	65,861	66,000	87,000	97,000	99,000	53,503	48,866	49,000	61,000	68,000	66,000	61961,663	79,678	5199
MAD-0.6-agents233.json	4942	4751	191	325	258	54	19	19	referenceSolver	82,601	78,741	79,000	90,000	100,000	97,000	40,596	31,175	32,000	65,000	76,000	77,000	4146,723	63,598	3143
MAD-0.6-agents233.json	4942	4751	191	325	258	54	19	19	randomSolver	73,532	66,628	67,000	88,000	100,000	99,000	45,078	39,130	40,000	58,000	65,000	66,000	25080,433	98,948	4890
MAD-1.0-agents86.json	8108	7917	191	178	111	54	19	19	referenceSolver	89,379	83,181	83,000	93,000	99,000	99,000	60,919	47,975	49,000	73,000	75,000	75,000	4724,455	22,879	1855
MAD-1.0-agents86.json	8108	7917	191	178	111	54	19	19	randomSolver	82,366	72,954	73,000	85,000	99,000	99,000	67,199	64,850	65,000	68,000	66,000	66,000	13009,271	44,179	3582
MAD-0.1-agents20.json	984	793	191	112	45	54	19	19	referenceSolver	90,325	75,500	80,000	91,000	97,000	97,000	62,390	32,444	39,000	65,000	77,000	77,000	40,927	55,894	550
MAD-0.1-agents20.json	984	793	191	112	45	54	19	19	randomSolver	85,962	62,552	69,000	87,000	99,000	97,000	58,168	41,204	47,000	58,000	66,000	68,000	929,443	91,768	903
MAD-0.1-agents287.json	984	793	191	379	312	54	19	19	referenceSolver	96,132	95,643	95,000	95,000	96,000	100,000	37,054	16,514	24,000	74,000	78,000	76,000	450,665	93,801	923
MAD-0.1-agents287.json	984	793	191	379	312	54	19	19	randomSolver	96,118	94,078	94,000	97,000	99,000	99,000	36,451	16,499	23,000	58,000	66,000	66,000	4603,479	100,000	984
MAD-0.9-agents33.json	7316	7125	191	125	58	54	19	19	referenceSolver	97,589	92,717	93,000	98,000	97,000	98,000	71,607	45,567	47,000	74,000	77,000	76,000	3960,706	5,823	426
MAD-0.9-agents33.json	7316	7125	191	125	58	54	19	19	randomSolver	88,017	76,660	76,000	88,000	98,000	98,000	70,971	69,162	69,000	73,000	67,000	67,000	7903,005	28,636	2095
MAD-0.25-agents138.json	2171	1980	191	230	163	54	19	19	referenceSolver	85,321	79,865	81,000	92,000	98,000	98,000	43,886	29,813	32,000	65,000	76,000	76,000	558,476	86,320	1874
MAD-0.25-agents138.json	2171	1980	191	230	163	54	19	19	randomSolver	80,487	71,479	73,000	92,000	100,000	99,000	40,189	28,204	31,000	55,000	65,000	66,000	11709,670	100,000	2171
MAD-0.3-agents79.json	2567	2376	191	171	104	54	19	19	referenceSolver	85,437	77,281	78,000	89,000	97,000	98,000	51,813	33,821	36,000	68,000	77,000	76,000	427,873	53,409	1371
MAD-0.3-agents79.json	2567	2376	191	171	104	54	19	19	randomSolver	78,801	65,078	67,000	86,000	100,000	99,000	54,290	45,095	47,000	59,000	65,000	66,000	7226,591	88,664	2276
MAD-0.9-agents213.json	7316	7125	191	305	238	54	19	19	referenceSolver	83,079	78,993	79,000	92,000	97,000	98,000	45,887	36,916	38,000	69,000	77,000	76,000	7944,614	46,036	3368
MAD-0.9-agents213.json	7316	7125	191	305	238	54	19	19	randomSolver	72,908	65,518	66,000	85,000	100,000	100,000	53,233	48,969	49,000	61,000	65,000	65,000	27228,837	77,187	5647
MAD-0.45-agents387.json	3754	3563	191	479	412	54	19	19	referenceSolver	84,966	82,505	83,000	92,000	99,000	98,000	33,560	25,246	27,000	68,000	75,000	76,000	6203,744	89,904	3375
MAD-0.45-agents387.json	3754	3563	191	479	412	54	19	19	randomSolver	84,210	81,045	81,000	93,000	100,000	98,000	29,870	22,419	24,000	55,000	65,000	67,000	28940,079	100,000	3754
MAD-0.5-agents350.json	4150	3959	191	442	375	54	19	19	referenceSolver	85,028	82,555	83,000	93,000	98,000	100,000	33,735	25,938	27,000	66,000	76,000	76,000	4801,813	87,952	3650
MAD-0.5-agents350.json	4150	3959	191	442	375	54	19	19	randomSolver	80,822	77,071	77,000	92,000	100,000	98,000	31,987	24,908	26,000	55,000	65,000	67,000	36041,732	100,000	4150
MAD-0.35-agents369.json	2963	2772	191	461	394	54	19	19	referenceSolver	87,109	84,681	85,000	95,000	96,000	100,000	32,872	23,158	25,000	68,000	78,000	76,000	3806,571	91,191	2702
MAD-0.35-agents369.json	2963	2772	191	461	394	54	19	19	randomSolver	88,212	85,549	86,000	95,000	100,000	99,000	29,148	20,287	22,000	55,000	65,000	66,000	32827,093	100,000	2963
MAD-0.6-agents3.json	4942	4751	191	95	28	54	19	19	referenceSolver	99,364	100,000	100,000	99,000	99,000	99,000	74,109	14,583	44,000	73,000	75,000	75,000	943,753	3,157	156
MAD-0.6-agents3.json	4942	4751	191	95	28	54	19	19	randomSolver	91,103	75,301	75,000	87,000	99,000	98,000	70,082	65,043	65,000	71,000	66,000	67,000	2118,445	21,489	1062
MAD-0.15-agents392.json	1379	1188	191	484	417	54	19	19	referenceSolver	95,539	94,483	94,000	96,000	98,000	100,000	32,537	17,000	21,000	71,000	76,000	76,000	1023,595	94,779	1307
MAD-0.15-agents392.json	1379	1188	191	484	417	54	19	19	randomSolver	96,111	94,772	95,000	97,000	98,000	98,000	31,653	16,309	20,000	59,000	67,000	67,000	8695,904	100,000	1379
MAD-0.1-agents454.json	984	793	191	546	479	54	19	19	referenceSolver	98,348	98,018	98,000	98,000	100,000	98,000	35,046	15,403	23,000	73,000	76,000	76,000	689,437	94,106	926
MAD-0.1-agents454.json	984	793	191	546	479	54	19	19	randomSolver	97,419	96,107	96,000	98,000	99,000	99,000	35,276	15,750	22,000	59,000	66,000	66,000	11287,882	100,000	984
MAD-0.4-agents255.json	3358	3167	191	347	280	54	19	19	referenceSolver	83,438	79,742	80,000	94,000	97,000	100,000	37,065	27,314	29,000	66,000	77,000	74,000	2541,763	85,319	2865
MAD-0.4-agents255.json	3358	3167	191	347	280	54	19	19	randomSolver	80,417	75,330	76,000	90,000	100,000	99,000	34,813	26,299	28,000	56,000	65,000	66,000	16733,825	100,000	3358
MAD-0.8-agents47.json	6525	6334	191	139	72	54	19	19	referenceSolver	92,833	85,897	86,000	95,000	99,000	99,000	66,499	50,210	50,000	75,000	75,000	75,000	2518,719	17,885	1167
MAD-0.8-agents47.json	6525	6334	191	139	72	54	19	19	randomSolver	86,242	74,891	75,000	87,000	100,000	99,000	70,019	68,522	69,000	73,000	65,000	66,000	13919,648	38,483	2511
MAD-0.05-agents439.json	588	397	191	531	464	54	19	19	referenceSolver	98,821	99,521	99,000	97,000	100,000	98,000	44,168	14,845	26,000	74,000	76,000	76,000	260,761	90,816	534
MAD-0.05-agents439.json	588	397	191	531	464	54	19	19	randomSolver	98,629	97,452	97,000	99,000	99,000	99,000	43,283	15,456	28,000	60,000	66,000	66,000	4300,568	100,000	588
MAD-0.15-agents238.json	1379	1188	191	330	263	54	19	19	referenceSolver	91,627	88,786	89,000	94,000	100,000	100,000	36,318	19,520	23,000	70,000	76,000	76,000	575,649	93,328	1287
MAD-0.15-agents238.json	1379	1188	191	330	263	54	19	19	randomSolver	93,667	90,781	91,000	97,000	99,000	98,000	33,722	17,958	23,000	57,000	66,000	67,000	8289,644	100,000	1379
MAD-0.05-agents15.json	588	397	191	107	40	54	19	19	referenceSolver	93,718	82,213	86,000	92,000	100,000	100,000	60,566	24,606	32,000	63,000	76,000	76,000	13,394	71,088	418
MAD-0.05-agents15.json	588	397	191	107	40	54	19	19	randomSolver	90,286	69,133	77,000	90,000	99,000	98,000	56,445	31,347	45,000	58,000	66,000	67,000	482,665	99,830	587
MAD-0.8-agents316.json	6525	6334	191	408	341	54	19	19	referenceSolver	81,960	79,081	79,000	92,000	96,000	97,000	38,548	31,216	32,000	66,000	78,000	77,000	8586,669	64,521	4210
MAD-0.8-agents316.json	6525	6334	191	408	341	54	19	19	randomSolver	71,697	66,072	66,000	87,000	100,000	100,000	43,935	39,271	40,000	58,000	65,000	65,000	42155,371	98,927	6455
MAD-0.4-agents310.json	3358	3167	191	402	335	54	19	19	referenceSolver	84,770	81,893	82,000	93,000	98,000	97,000	34,505	25,199	26,000	66,000	76,000	77,000	3476,724	88,207	2962
MAD-0.4-agents310.json	3358	3167	191	402	335	54	19	19	randomSolver	83,464	79,880	80,000	92,000	100,000	98,000	31,753	23,332	25,000	56,000	65,000	67,000	24591,027	100,000	3358
MAD-0.8-agents253.json	6525	6334	191	345	278	54	19	19	referenceSolver	81,451	77,600	78,000	91,000	100,000	99,000	40,092	31,548	32,000	67,000	76,000	75,000	6756,745	53,916	3518
MAD-0.8-agents253.json	6525	6334	191	345	278	54	19	19	randomSolver	73,008	66,610	67,000	85,000	99,000	99,000	49,019	44,507	45,000	59,000	66,000	66,000	56780,361	91,402	5964
MAD-0.6-agents37.json	4942	4751	191	129	62	54	19	19	referenceSolver	95,917	89,336	89,000	96,000	100,000	100,000	69,852	49,798	49,000	75,000	76,000	76,000	1818,100	15,803	781
MAD-0.6-agents37.json	4942	4751	191	129	62	54	19	19	randomSolver	86,728	74,418	74,000	87,000	99,000	100,000	68,480	65,205	65,000	70,000	66,000	65,000	5692,803	42,372	2094
MAD-0.1-agents141.json	984	793	191	233	166	54	19	19	referenceSolver	92,496	88,928	90,000	96,000	98,000	98,000	42,594	20,233	29,000	68,000	76,000	76,000	180,369	90,549	891
MAD-0.1-agents141.json	984	793	191	233	166	54	19	19	randomSolver	92,941	88,370	89,000	96,000	97,000	98,000	39,333	18,894	25,000	57,000	68,000	67,000	2761,495	100,000	984
MAD-1.0-agents259.json	8108	7917	191	351	284	54	19	19	referenceSolver	80,714	77,101	77,000	88,000	97,000	97,000	41,906	33,805	35,000	68,000	77,000	77,000	10129,454	47,768	3873
MAD-1.0-agents259.json	8108	7917	191	351	284	54	19	19	randomSolver	72,377	66,177	66,000	85,000	100,000	98,000	51,966	48,018	48,000	61,000	65,000	67,000	52817,985	81,598	6616
MAD-0.45-agents368.json	3754	3563	191	460	393	54	19	19	referenceSolver	84,078	81,379	82,000	93,000	98,000	98,000	33,859	25,557	27,000	68,000	76,000	76,000	5418,437	90,437	3395
MAD-0.45-agents368.json	3754	3563	191	460	393	54	19	19	randomSolver	83,449	80,178	80,000	93,000	99,000	98,000	30,731	23,147	24,000	56,000	66,000	67,000	46830,817	100,000	3754
MAD-0.15-agents55.json	1379	1188	191	147	80	54	19	19	referenceSolver	88,557	79,505	81,000	92,000	100,000	98,000	52,434	28,885	34,000	69,000	76,000	76,000	122,664	65,555	904
MAD-0.15-agents55.json	1379	1188	191	147	80	54	19	19	randomSolver	82,204	66,207	70,000	89,000	99,000	98,000	50,818	35,400	39,000	57,000	66,000	67,000	3091,610	98,840	1363
MAD-0.9-agents356.json	7316	7125	191	448	381	54	19	19	referenceSolver	82,162	79,518	79,000	93,000	97,000	97,000	37,743	31,053	31,000	64,000	77,000	77,000	13086,580	63,231	4626
MAD-0.9-agents356.json	7316	7125	191	448	381	54	19	19	randomSolver	72,246	67,333	68,000	89,000	99,000	98,000	43,676	39,463	40,000	57,000	66,000	67,000	61442,780	98,975	7241
MAD-0.35-agents386.json	2963	2772	191	478	411	54	19	19	referenceSolver	87,831	85,397	86,000	97,000	98,000	99,000	32,379	22,847	25,000	69,000	76,000	75,000	4086,130	91,664	2716
MAD-0.35-agents386.json	2963	2772	191	478	411	54	19	19	randomSolver	87,860	85,143	85,000	95,000	98,000	99,000	28,951	20,100	22,000	55,000	67,000	66,000	29039,233	100,000	2963
MAD-0.5-agents215.json	4150	3959	191	307	240	54	19	19	referenceSolver	84,359	80,413	81,000	92,000	100,000	99,000	39,353	29,033	30,000	64,000	76,000	75,000	2752,633	65,687	2726
MAD-0.5-agents215.json	4150	3959	191	307	240	54	19	19	randomSolver	74,384	67,023	68,000	91,000	99,000	97,000	42,837	35,878	37,000	56,000	66,000	68,000	24408,438	99,807	4142
MAD-0.3-agents96.json	2567	2376	191	188	121	54	19	19	referenceSolver	85,076	78,013	79,000	90,000	97,000	98,000	48,228	31,472	33,000	64,000	77,000	76,000	576,760	58,862	1511
MAD-0.3-agents96.json	2567	2376	191	188	121	54	19	19	randomSolver	77,719	65,188	67,000	86,000	98,000	100,000	51,390	41,880	43,000	59,000	67,000	65,000	17955,807	96,065	2466
MAD-0.25-agents342.json	2171	1980	191	434	367	54	19	19	referenceSolver	90,257	88,141	88,000	97,000	96,000	97,000	32,591	20,682	23,000	67,000	78,000	77,000	2311,187	92,953	2018
MAD-0.25-agents342.json	2171	1980	191	434	367	54	19	19	randomSolver	90,872	88,260	88,000	96,000	98,000	99,000	30,018	18,790	21,000	56,000	67,000	66,000	34436,916	100,000	2171
MAD-0.35-agents25.json	2963	2772	191	117	50	54	19	19	referenceSolver	90,228	78,750	80,000	92,000	97,000	96,000	67,292	46,830	48,000	71,000	77,000	78,000	335,182	29,160	864
MAD-0.35-agents25.json	2963	2772	191	117	50	54	19	19	randomSolver	86,812	70,494	72,000	85,000	99,000	98,000	66,729	61,274	63,000	68,000	66,000	67,000	2118,140	51,536	1527
MAD-1.0-agents166.json	8108	7917	191	258	191	54	19	19	referenceSolver	81,292	76,075	76,000	87,000	96,000	96,000	48,491	37,916	39,000	67,000	78,000	78,000	6798,805	34,867	2827
MAD-1.0-agents166.json	8108	7917	191	258	191	54	19	19	randomSolver	74,780	66,485	67,000	84,000	99,000	99,000	58,766	55,115	55,000	63,000	66,000	66,000	36113,712	63,283	5131
MAD-0.45-agents91.json	3754	3563	191	183	116	54	19	19	referenceSolver	84,277	77,053	77,000	89,000	98,000	96,000	53,213	38,556	40,000	68,000	76,000	78,000	1219,316	48,215	1810
MAD-0.45-agents91.json	3754	3563	191	183	116	54	19	19	randomSolver	78,611	66,330	67,000	86,000	99,000	99,000	56,610	49,547	51,000	62,000	66,000	66,000	11587,308	74,880	2811
MAD-0.2-agents464.json	1775	1584	191	556	489	54	19	19	referenceSolver	94,328	93,310	93,000	96,000	99,000	99,000	30,292	17,460	20,000	72,000	75,000	75,000	2257,051	94,366	1675
MAD-0.2-agents464.json	1775	1584	191	556	489	54	19	19	randomSolver	95,168	93,755	94,000	97,000	99,000	98,000	29,484	16,796	21,000	58,000	66,000	67,000	13383,525	100,000	1775
MAD-0.45-agents407.json	3754	3563	191	499	432	54	19	19	referenceSolver	85,310	82,985	83,000	91,000	96,000	99,000	32,942	24,745	26,000	65,000	78,000	75,000	6738,471	90,757	3407
MAD-0.45-agents407.json	3754	3563	191	499	432	54	19	19	randomSolver	84,905	81,995	82,000	94,000	98,000	99,000	29,247	21,851	23,000	54,000	67,000	66,000	32311,964	100,000	3754
MAD-0.7-agents265.json	5733	5542	191	357	290	54	19	19	referenceSolver	80,445	76,720	77,000	89,000	99,000	100,000	38,717	30,486	31,000	64,000	75,000	76,000	5595,189	63,771	3656
MAD-0.7-agents265.json	5733	5542	191	357	290	54	19	19	randomSolver	72,317	65,826	66,000	87,000	99,000	99,000	45,474	40,308	41,000	57,000	66,000	66,000	54305,382	97,872	5611
MAD-0.4-agents78.json	3358	3167	191	170	103	54	19	19	referenceSolver	85,343	76,607	77,000	89,000	100,000	98,000	52,785	34,941	37,000	66,000	76,000	76,000	907,142	41,066	1379
MAD-0.4-agents78.json	3358	3167	191	170	103	54	19	19	randomSolver	79,136	65,866	67,000	86,000	98,000	98,000	57,164	49,094	50,000	61,000	67,000	67,000	5323,784	73,198	2458
MAD-0.9-agents439.json	7316	7125	191	531	464	54	19	19	referenceSolver	82,336	80,084	80,000	93,000	98,000	99,000	34,985	29,175	30,000	67,000	76,000	75,000	16692,761	72,157	5279
MAD-0.9-agents439.json	7316	7125	191	531	464	54	19	19	randomSolver	72,253	68,227	68,000	89,000	98,000	99,000	37,426	32,998	33,000	56,000	67,000	66,000	170812,194	100,000	7316
MAD-0.35-agents113.json	2963	2772	191	205	138	54	19	19	referenceSolver	83,364	76,624	78,000	90,000	97,000	100,000	47,394	33,077	36,000	66,000	77,000	76,000	708,932	63,449	1880
MAD-0.35-agents113.json	2963	2772	191	205	138	54	19	19	randomSolver	77,246	66,188	67,000	87,000	98,000	100,000	50,555	41,823	44,000	58,000	67,000	65,000	8834,935	94,431	2798
MAD-0.05-agents213.json	588	397	191	305	238	54	19	19	referenceSolver	98,558	98,133	98,000	98,000	99,000	98,000	44,780	15,433	24,000	71,000	75,000	76,000	113,737	90,646	533
MAD-0.05-agents213.json	588	397	191	305	238	54	19	19	randomSolver	97,322	95,544	96,000	97,000	98,000	98,000	44,343	16,067	27,000	59,000	67,000	67,000	3456,715	100,000	588
MAD-0.15-agents412.json	1379	1188	191	504	437	54	19	19	referenceSolver	95,783	95,009	95,000	96,000	97,000	97,000	32,237	16,665	19,000	70,000	77,000	77,000	1106,929	94,271	1300
MAD-0.15-agents412.json	1379	1188	191	504	437	54	19	19	randomSolver	96,058	94,578	95,000	97,000	98,000	100,000	31,633	16,272	20,000	58,000	67,000	65,000	10388,068	100,000	1379
MAD-0.6-agents360.json	4942	4751	191	452	385	54	19	19	referenceSolver	82,887	80,137	80,000	95,000	99,000	100,000	34,446	27,368	29,000	66,000	75,000	76,000	7442,548	83,387	4121
MAD-0.6-agents360.json	4942	4751	191	452	385	54	19	19	randomSolver	77,800	73,670	74,000	90,000	98,000	100,000	33,709	27,546	28,000	56,000	67,000	65,000	48597,666	100,000	4942
MAD-0.4-agents185.json	3358	3167	191	277	210	54	19	19	referenceSolver	82,934	78,210	78,000	91,000	100,000	100,000	41,723	30,665	32,000	68,000	76,000	76,000	1814,378	77,040	2587
MAD-0.4-agents185.json	3358	3167	191	277	210	54	19	19	randomSolver	75,401	67,499	69,000	89,000	98,000	98,000	42,036	33,512	35,000	57,000	67,000	67,000	24525,569	100,000	3358
MAD-0.8-agents496.json	6525	6334	191	588	521	54	19	19	referenceSolver	83,479	81,628	82,000	93,000	98,000	99,000	33,211	27,867	29,000	65,000	76,000	75,000	15121,562	87,234	5692
MAD-0.8-agents496.json	6525	6334	191	588	521	54	19	19	randomSolver	76,625	73,522	74,000	90,000	99,000	98,000	32,093	27,235	28,000	57,000	66,000	67,000	143125,923	100,000	6525
MAD-0.3-agents131.json	2567	2376	191	223	156	54	19	19	referenceSolver	85,967	80,637	81,000	92,000	99,000	99,000	42,862	28,210	30,000	65,000	75,000	75,000	766,779	68,446	1757
MAD-0.3-agents131.json	2567	2376	191	223	156	54	19	19	randomSolver	77,079	66,599	68,000	88,000	100,000	100,000	44,368	34,165	36,000	56,000	65,000	65,000	14800,671	100,000	2567
MAD-0.7-agents55.json	5733	5542	191	147	80	54	19	19	referenceSolver	90,246	82,979	83,000	93,000	98,000	97,000	63,804	47,006	47,000	74,000	76,000	77,000	2059,535	22,868	1311
MAD-0.7-agents55.json	5733	5542	191	147	80	54	19	19	randomSolver	85,601	74,750	75,000	87,000	99,000	99,000	69,143	67,309	68,000	71,000	66,000	66,000	14166,642	46,625	2673
MAD-0.1-agents291.json	984	793	191	383	316	54	19	19	referenceSolver	95,410	94,407	94,000	96,000	100,000	96,000	37,562	16,885	25,000	74,000	76,000	78,000	454,582	93,598	921
MAD-0.1-agents291.json	984	793	191	383	316	54	19	19	randomSolver	96,173	94,206	94,000	97,000	99,000	98,000	36,572	16,599	24,000	60,000	66,000	67,000	5648,897	100,000	984
MAD-0.9-agents25.json	7316	7125	191	117	50	54	19	19	referenceSolver	99,396	100,000	100,000	99,000	98,000	100,000	71,195	14,583	25,000	73,000	76,000	76,000	4000,128	2,433	178
MAD-0.9-agents25.json	7316	7125	191	117	50	54	19	19	randomSolver	88,267	75,331	75,000	88,000	100,000	98,000	70,417	67,758	68,000	73,000	65,000	67,000	10168,950	24,453	1789
MAD-0.6-agents225.json	4942	4751	191	317	250	54	19	19	referenceSolver	82,097	77,938	78,000	92,000	100,000	97,000	41,412	32,023	33,000	67,000	76,000	77,000	4472,142	63,679	3147
MAD-0.6-agents225.json	4942	4751	191	317	250	54	19	19	randomSolver	72,832	65,490	66,000	87,000	99,000	99,000	46,041	40,219	41,000	58,000	66,000	66,000	33480,321	98,199	4853
MAD-1.0-agents90.json	8108	7917	191	182	115	54	19	19	referenceSolver	88,358	82,006	82,000	91,000	98,000	100,000	60,495	47,463	48,000	73,000	76,000	76,000	5031,881	23,730	1924
MAD-1.0-agents90.json	8108	7917	191	182	115	54	19	19	randomSolver	82,614	73,275	73,000	86,000	99,000	100,000	67,051	65,010	65,000	69,000	66,000	65,000	17408,021	45,461	3686
MAD-0.1-agents36.json	984	793	191	128	61	54	19	19	referenceSolver	89,500	78,744	81,000	91,000	97,000	98,000	56,729	29,709	34,000	64,000	77,000	76,000	52,586	72,154	710
MAD-0.1-agents36.json	984	793	191	128	61	54	19	19	randomSolver	84,389	65,266	70,000	88,000	100,000	98,000	52,552	33,199	39,000	56,000	65,000	67,000	1468,189	99,695	981
MAD-0.8-agents479.json	6525	6334	191	571	504	54	19	19	referenceSolver	83,446	81,556	81,000	92,000	100,000	99,000	32,950	27,480	27,000	64,000	76,000	75,000	15137,194	85,042	5549
MAD-0.8-agents479.json	6525	6334	191	571	504	54	19	19	randomSolver	76,504	73,386	73,000	91,000	97,000	98,000	32,854	27,952	29,000	56,000	68,000	67,000	110553,104	100,000	6525
MAD-0.4-agents490.json	3358	3167	191	582	515	54	19	19	referenceSolver	88,442	86,592	87,000	95,000	98,000	100,000	30,244	21,766	23,000	69,000	76,000	76,000	7309,000	90,887	3052
MAD-0.4-agents490.json	3358	3167	191	582	515	54	19	19	randomSolver	88,772	86,656	87,000	94,000	100,000	99,000	27,354	19,512	21,000	56,000	65,000	66,000	42777,702	100,000	3358
MAD-0.8-agents183.json	6525	6334	191	275	208	54	19	19	referenceSolver	83,324	79,048	79,000	89,000	98,000	97,000	45,281	34,994	36,000	66,000	76,000	77,000	4959,927	44,782	2922
MAD-0.8-agents183.json	6525	6334	191	275	208	54	19	19	randomSolver	73,274	65,051	66,000	85,000	98,000	100,000	54,299	49,746	50,000	60,000	67,000	65,000	43675,133	76,613	4999
MAD-0.05-agents356.json	588	397	191	448	381	54	19	19	referenceSolver	98,163	98,815	98,000	97,000	97,000	98,000	44,648	15,182	30,000	73,000	77,000	76,000	216,395	91,327	537
MAD-0.05-agents356.json	588	397	191	448	381	54	19	19	randomSolver	98,057	96,526	97,000	98,000	98,000	100,000	43,580	15,631	27,000	60,000	67,000	65,000	2581,450	100,000	588
MAD-0.3-agents424.json	2567	2376	191	516	449	54	19	19	referenceSolver	90,798	89,163	89,000	96,000	97,000	98,000	29,935	19,864	21,000	67,000	77,000	76,000	3694,537	93,144	2391
MAD-0.3-agents424.json	2567	2376	191	516	449	54	19	19	randomSolver	90,632	88,192	88,000	97,000	99,000	99,000	28,574	18,889	21,000	55,000	66,000	66,000	22240,731	100,000	2567
MAD-0.15-agents107.json	1379	1188	191	199	132	54	19	19	referenceSolver	87,442	81,039	83,000	94,000	100,000	99,000	44,690	25,855	32,000	70,000	76,000	75,000	238,977	88,832	1225
MAD-0.15-agents107.json	1379	1188	191	199	132	54	19	19	randomSolver	86,200	78,225	80,000	91,000	98,000	98,000	40,738	24,001	29,000	57,000	67,000	67,000	6044,528	100,000	1379
MAD-0.25-agents65.json	2171	1980	191	157	90	54	19	19	referenceSolver	86,127	76,662	77,000	90,000	99,000	97,000	54,380	34,956	36,000	64,000	75,000	77,000	333,756	55,090	1196
MAD-0.25-agents65.json	2171	1980	191	157	90	54	19	19	randomSolver	80,734	66,184	69,000	87,000	99,000	98,000	54,825	44,441	47,000	60,000	66,000	67,000	6646,276	88,945	1931
MAD-0.45-agents112.json	3754	3563	191	204	137	54	19	19	referenceSolver	83,087	76,306	77,000	88,000	98,000	97,000	49,749	36,200	38,000	66,000	76,000	77,000	1185,081	53,916	2024
MAD-0.45-agents112.json	3754	3563	191	204	137	54	19	19	randomSolver	76,154	64,584	66,000	85,000	99,000	100,000	53,957	46,890	48,000	60,000	66,000	65,000	8592,730	82,925	3113
MAD-0.35-agents406.json	2963	2772	191	498	431	54	19	19	referenceSolver	88,955	87,067	87,000	94,000	98,000	99,000	31,536	21,968	24,000	69,000	76,000	75,000	4777,628	90,381	2678
MAD-0.35-agents406.json	2963	2772	191	498	431	54	19	19	randomSolver	88,522	86,106	86,000	93,000	98,000	100,000	28,745	19,923	21,000	55,000	67,000	65,000	30148,176	100,000	2963
MAD-0.2-agents171.json	1775	1584	191	263	196	54	19	19	referenceSolver	87,814	83,673	84,000	93,000	98,000	98,000	38,162	23,130	27,000	64,000	76,000	76,000	590,071	89,746	1593
MAD-0.2-agents171.json	1775	1584	191	263	196	54	19	19	randomSolver	86,777	81,358	82,000	93,000	98,000	98,000	36,058	22,214	26,000	55,000	67,000	67,000	7277,177	100,000	1775
MAD-0.25-agents207.json	2171	1980	191	299	232	54	19	19	referenceSolver	85,531	81,483	82,000	94,000	97,000	98,000	38,371	25,371	28,000	70,000	77,000	76,000	1124,852	91,847	1994
MAD-0.25-agents207.json	2171	1980	191	299	232	54	19	19	randomSolver	85,889	80,897	82,000	93,000	98,000	99,000	34,474	22,685	25,000	55,000	67,000	66,000	12040,694	100,000	2171
MAD-0.4-agents97.json	3358	3167	191	189	122	54	19	19	referenceSolver	84,857	77,686	78,000	90,000	98,000	98,000	50,584	34,744	35,000	69,000	76,000	76,000	958,915	49,077	1648
MAD-0.4-agents97.json	3358	3167	191	189	122	54	19	19	randomSolver	78,257	66,049	68,000	86,000	100,000	98,000	54,862	47,505	49,000	60,000	65,000	67,000	8141,516	82,668	2776
MAD-1.0-agents473.json	8108	7917	191	565	498	54	19	19	referenceSolver	82,605	80,715	81,000	91,000	97,000	97,000	34,144	28,739	29,000	67,000	77,000	77,000	21496,566	70,992	5756
MAD-1.0-agents473.json	8108	7917	191	565	498	54	19	19	randomSolver	71,375	67,438	68,000	89,000	100,000	100,000	37,990	33,989	35,000	57,000	65,000	65,000	98589,919	100,000	8108
MAD-0.7-agents320.json	5733	5542	191	412	345	54	19	19	referenceSolver	82,119	79,166	79,000	92,000	100,000	98,000	36,631	29,339	30,000	63,000	76,000	76,000	7085,475	71,620	4106
MAD-0.7-agents320.json	5733	5542	191	412	345	54	19	19	randomSolver	72,763	67,418	68,000	88,000	98,000	98,000	40,045	34,601	35,000	56,000	67,000	67,000	38681,838	99,983	5732
MAD-1.0-agents189.json	8108	7917	191	281	214	54	19	19	referenceSolver	82,208	77,447	78,000	93,000	100,000	97,000	46,513	37,128	38,000	72,000	74,000	77,000	8228,030	39,048	3166
MAD-1.0-agents189.json	8108	7917	191	281	214	54	19	19	randomSolver	73,993	66,335	67,000	86,000	98,000	99,000	56,515	52,660	53,000	63,000	67,000	66,000	58090,529	67,674	5487
MAD-0.8-agents300.json	6525	6334	191	392	325	54	19	19	referenceSolver	82,278	79,191	79,000	90,000	99,000	98,000	37,403	29,636	31,000	65,000	75,000	76,000	8174,464	59,249	3866
MAD-0.8-agents300.json	6525	6334	191	392	325	54	19	19	randomSolver	72,506	66,831	67,000	89,000	98,000	99,000	45,417	40,799	41,000	57,000	67,000	66,000	50279,964	97,778	6380
MAD-0.8-agents51.json	6525	6334	191	143	76	54	19	19	referenceSolver	92,230	85,358	86,000	93,000	99,000	98,000	65,722	49,639	51,000	74,000	75,000	76,000	2722,179	19,096	1246
MAD-0.8-agents51.json	6525	6334	191	143	76	54	19	19	randomSolver	85,864	75,080	75,000	88,000	98,000	100,000	69,601	67,964	68,000	71,000	67,000	65,000	8989,935	39,923	2605
MAD-0.4-agents243.json	3358	3167	191	335	268	54	19	19	referenceSolver	84,034	80,405	81,000	93,000	97,000	100,000	37,344	27,410	30,000	63,000	77,000	77,000	2401,640	84,038	2822
MAD-0.4-agents243.json	3358	3167	191	335	268	54	19	19	randomSolver	79,502	73,868	74,000	92,000	99,000	99,000	36,095	27,552	29,000	55,000	66,000	66,000	27066,704	100,000	3358
MAD-0.1-agents442.json	984	793	191	534	467	54	19	19	referenceSolver	97,987	97,643	97,000	97,000	100,000	100,000	35,294	15,486	20,000	74,000	76,000	76,000	843,772	94,106	926
MAD-0.1-agents442.json	984	793	191	534	467	54	19	19	randomSolver	97,434	96,256	96,000	98,000	99,000	99,000	35,620	15,921	23,000	60,000	66,000	66,000	8033,853	100,000	984
MAD-0.15-agents384.json	1379	1188	191	476	409	54	19	19	referenceSolver	95,494	94,535	94,000	97,000	97,000	98,000	32,684	16,963	21,000	72,000	77,000	76,000	1096,176	93,764	1293
MAD-0.15-agents384.json	1379	1188	191	476	409	54	19	19	randomSolver	95,316	93,637	94,000	97,000	99,000	99,000	32,230	16,659	20,000	58,000	66,000	66,000	13011,396	100,000	1379
MAD-0.5-agents346.json	4150	3959	191	438	371	54	19	19	referenceSolver	84,123	81,479	82,000	93,000	100,000	98,000	34,033	26,252	28,000	68,000	76,000	76,000	5537,849	88,482	3672
MAD-0.5-agents346.json	4150	3959	191	438	371	54	19	19	randomSolver	80,856	77,039	77,000	92,000	99,000	98,000	32,205	25,134	26,000	55,000	66,000	67,000	31102,178	100,000	4150
MAD-0.45-agents391.json	3754	3563	191	483	416	54	19	19	referenceSolver	84,347	81,712	82,000	92,000	100,000	99,000	33,581	25,445	27,000	67,000	76,000	75,000	6729,061	91,769	3445
MAD-0.45-agents391.json	3754	3563	191	483	416	54	19	19	randomSolver	84,976	82,052	82,000	93,000	99,000	100,000	29,576	22,131	23,000	57,000	66,000	65,000	45942,875	100,000	3754
MAD-0.9-agents205.json	7316	7125	191	297	230	54	19	19	referenceSolver	83,440	78,995	79,000	91,000	100,000	98,000	46,052	36,602	37,000	68,000	76,000	76,000	9028,935	42,947	3142
MAD-0.9-agents205.json	7316	7125	191	297	230	54	19	19	randomSolver	73,486	66,220	67,000	85,000	97,000	100,000	54,057	49,684	50,000	61,000	68,000	65,000	39611,572	75,465	5521
MAD-0.7-agents459.json	5733	5542	191	551	484	54	19	19	referenceSolver	82,831	80,768	81,000	93,000	100,000	98,000	33,034	27,155	28,000	66,000	76,000	76,000	11842,222	89,395	5125
MAD-0.7-agents459.json	5733	5542	191	551	484	54	19	19	randomSolver	78,513	75,218	75,000	92,000	99,000	99,000	31,635	26,280	27,000	55,000	66,000	66,000	89328,698	100,000	5733
MAD-0.2-agents258.json	1775	1584	191	350	283	54	19	19	referenceSolver	91,096	88,528	89,000	94,000	100,000	100,000	34,373	20,283	23,000	67,000	76,000	76,000	1087,455	91,493	1624
MAD-0.2-agents258.json	1775	1584	191	350	283	54	19	19	randomSolver	90,980	87,673	88,000	94,000	99,000	100,000	32,196	18,995	23,000	57,000	66,000	65,000	10814,104	100,000	1775
MAD-0.3-agents80.json	2567	2376	191	172	105	54	19	19	referenceSolver	86,455	78,480	79,000	89,000	100,000	99,000	51,185	33,657	36,000	66,000	76,000	75,000	471,752	54,305	1394
MAD-0.3-agents80.json	2567	2376	191	172	105	54	19	19	randomSolver	78,968	65,559	67,000	86,000	98,000	100,000	54,327	45,058	46,000	60,000	67,000	65,000	7823,928	89,482	2297
MAD-0.5-agents203.json	4150	3959	191	295	228	54	19	19	referenceSolver	84,151	80,277	80,000	90,000	97,000	98,000	40,044	29,051	30,000	65,000	77,000	76,000	2814,093	62,145	2579
MAD-0.5-agents203.json	4150	3959	191	295	228	54	19	19	randomSolver	74,113	66,322	67,000	88,000	99,000	99,000	44,287	37,406	38,000	56,000	66,000	66,000	19811,198	99,542	4131
MAD-0.35-agents390.json	2963	2772	191	482	415	54	19	19	referenceSolver	87,405	85,018	85,000	95,000	98,000	98,000	32,178	22,692	24,000	68,000	76,000	76,000	4604,161	92,103	2729
MAD-0.35-agents390.json	2963	2772	191	482	415	54	19	19	randomSolver	87,498	84,661	85,000	95,000	98,000	100,000	29,055	20,247	22,000	56,000	67,000	65,000	22087,710	100,000	2963
MAD-0.15-agents43.json	1379	1188	191	135	68	54	19	19	referenceSolver	89,302	79,168	81,000	92,000	98,000	99,000	54,972	30,196	35,000	67,000	76,000	75,000	110,045	58,738	810
MAD-0.15-agents43.json	1379	1188	191	135	68	54	19	19	randomSolver	83,797	66,873	70,000	88,000	98,000	99,000	54,462	39,938	44,000	58,000	67,000	66,000	3530,909	94,779	1307
MAD-0.9-agents340.json	7316	7125	191	432	365	54	19	19	referenceSolver	81,787	78,975	79,000	92,000	97,000	98,000	38,088	31,155	32,000	69,000	77,000	76,000	13756,118	61,085	4469
MAD-0.9-agents340.json	7316	7125	191	432	365	54	19	19	randomSolver	72,178	67,190	67,000	86,000	99,000	99,000	44,761	40,485	41,000	58,000	66,000	66,000	54345,791	97,635	7143
MAD-0.3-agents218.json	2567	2376	191	310	243	54	19	19	referenceSolver	85,031	81,363	82,000	94,000	98,000	96,000	37,002	25,486	28,000	65,000	76,000	78,000	1356,909	89,988	2310
MAD-0.3-agents218.json	2567	2376	191	310	243	54	19	19	randomSolver	82,750	77,177	78,000	92,000	99,000	98,000	34,988	24,509	26,000	55,000	66,000	67,000	10541,399	100,000	2567
MAD-0.1-agents157.json	984	793	191	249	182	54	19	19	referenceSolver	93,500	90,936	91,000	96,000	98,000	98,000	40,462	18,683	25,000	71,000	76,000	76,000	210,605	91,260	898
MAD-0.1-agents157.json	984	793	191	249	182	54	19	19	randomSolver	94,014	90,353	91,000	96,000	98,000	99,000	38,401	18,033	24,000	58,000	67,000	66,000	3081,973	100,000	984
MAD-0.8-agents245.json	6525	6334	191	337	270	54	19	19	referenceSolver	81,791	77,979	78,000	91,000	99,000	97,000	40,779	32,027	33,000	65,000	75,000	77,000	6954,980	52,628	3434
MAD-0.8-agents245.json	6525	6334	191	337	270	54	19	19	randomSolver	73,425	67,061	67,000	87,000	100,000	98,000	49,414	44,713	45,000	59,000	65,000	67,000	40158,514	89,441	5836
MAD-0.6-agents21.json	4942	4751	191	113	46	54	19	19	referenceSolver	98,016	92,834	93,000	97,000	99,000	99,000	72,907	46,801	49,000	76,000	75,000	75,000	1613,470	7,993	395
MAD-0.6-agents21.json	4942	4751	191	113	46	54	19	19	randomSolver	88,628	75,074	75,000	87,000	99,000	98,000	70,224	66,928	67,000	72,000	66,000	67,000	4027,276	33,327	1647
MAD-0.6-agents419.json	4942	4751	191	511	444	54	19	19	referenceSolver	83,502	81,128	81,000	95,000	99,000	100,000	33,390	26,822	28,000	67,000	75,000	76,000	9244,537	90,186	4457
MAD-0.6-agents419.json	4942	4751	191	511	444	54	19	19	randomSolver	80,332	77,117	77,000	91,000	98,000	100,000	31,240	25,139	26,000	57,000	67,000	65,000	93557,506	100,000	4942
MAD-0.4-agents306.json	3358	3167	191	398	331	54	19	19	referenceSolver	85,404	82,460	83,000	93,000	100,000	99,000	34,596	25,287	27,000	69,000	74,000	75,000	3598,504	87,939	2953
MAD-0.4-agents306.json	3358	3167	191	398	331	54	19	19	randomSolver	83,445	79,538	80,000	94,000	98,000	99,000	32,025	23,673	25,000	55,000	67,000	66,000	19672,451	100,000	3358
MAD-0.4-agents428.json	3358	3167	191	520	453	54	19	19	referenceSolver	86,701	84,566	85,000	95,000	98,000	98,000	31,590	22,917	25,000	73,000	76,000	76,000	6409,406	90,947	3054
MAD-0.4-agents428.json	3358	3167	191	520	453	54	19	19	randomSolver	87,430	85,088	85,000	94,000	98,000	99,000	28,191	20,204	22,000	56,000	67,000	66,000	35852,974	100,000	3358
MAD-1.0-agents28.json	8108	7917	191	120	53	54	19	19	referenceSolver	95,940	89,451	89,000	97,000	98,000	98,000	70,565	53,477	53,000	72,000	76,000	76,000	3931,717	8,374	679
MAD-1.0-agents28.json	8108	7917	191	120	53	54	19	19	randomSolver	88,317	75,972	76,000	88,000	99,000	99,000	70,276	67,667	68,000	73,000	66,000	66,000	11034,350	23,483	1904
MAD-0.3-agents166.json	2567	2376	191	258	191	54	19	19	referenceSolver	85,195	80,646	81,000	93,000	96,000	98,000	40,899	27,862	30,000	67,000	78,000	76,000	1053,156	79,782	2048
MAD-0.3-agents166.json	2567	2376	191	258	191	54	19	19	randomSolver	79,403	71,723	73,000	90,000	99,000	99,000	39,400	28,703	31,000	56,000	66,000	66,000	15252,488	100,000	2567
MAD-0.1-agents229.json	984	793	191	321	254	54	19	19	referenceSolver	94,833	92,889	93,000	97,000	98,000	97,000	38,648	17,670	25,000	72,000	76,000	77,000	372,181	93,089	916
MAD-0.1-agents229.json	984	793	191	321	254	54	19	19	randomSolver	95,578	93,181	93,000	97,000	98,000	98,000	36,974	16,904	23,000	58,000	67,000	67,000	3940,082	100,000	984
MAD-0.1-agents383.json	984	793	191	475	408	54	19	19	referenceSolver	97,509	97,106	97,000	97,000	100,000	97,000	35,756	15,778	24,000	72,000	76,000	77,000	560,736	93,902	924
MAD-0.1-agents383.json	984	793	191	475	408	54	19	19	randomSolver	97,158	95,795	96,000	98,000	100,000	98,000	35,591	15,845	22,000	59,000	65,000	67,000	6921,023	100,000	984
MAD-0.15-agents445.json	1379	1188	191	537	470	54	19	19	referenceSolver	96,161	95,538	95,000	97,000	100,000	96,000	32,007	16,534	20,000	72,000	76,000	78,000	1347,925	94,634	1305
MAD-0.15-agents445.json	1379	1188	191	537	470	54	19	19	randomSolver	96,823	95,657	95,000	97,000	99,000	100,000	31,553	16,272	21,000	59,000	66,000	65,000	13071,874	100,000	1379
MAD-0.6-agents337.json	4942	4751	191	429	362	54	19	19	referenceSolver	82,471	79,690	80,000	92,000	98,000	100,000	35,744	28,408	29,000	65,000	76,000	76,000	6904,578	82,193	4062
MAD-0.6-agents337.json	4942	4751	191	429	362	54	19	19	randomSolver	76,400	71,846	72,000	90,000	99,000	98,000	35,242	29,015	30,000	56,000	66,000	67,000	57401,840	100,000	4942
MAD-0.05-agents244.json	588	397	191	336	269	54	19	19	referenceSolver	98,431	98,484	98,000	97,000	98,000	100,000	44,737	15,272	28,000	73,000	76,000	74,000	131,195	90,646	533
MAD-0.05-agents244.json	588	397	191	336	269	54	19	19	randomSolver	97,717	95,659	96,000	98,000	99,000	99,000	44,137	16,058	27,000	59,000	66,000	66,000	2714,378	100,000	588
MAD-0.45-agents450.json	3754	3563	191	542	475	54	19	19	referenceSolver	86,706	84,603	85,000	94,000	100,000	97,000	31,545	23,659	25,000	64,000	76,000	77,000	7535,314	91,955	3452
MAD-0.45-agents450.json	3754	3563	191	542	475	54	19	19	randomSolver	86,483	83,889	84,000	95,000	100,000	100,000	28,389	21,130	22,000	55,000	65,000	65,000	35080,517	100,000	3754
MAD-0.7-agents232.json	5733	5542	191	324	257	54	19	19	referenceSolver	81,221	77,071	77,000	92,000	100,000	98,000	41,734	32,952	34,000	68,000	76,000	76,000	5190,375	59,655	3420
MAD-0.7-agents232.json	5733	5542	191	324	257	54	19	19	randomSolver	73,176	66,231	67,000	87,000	99,000	98,000	48,432	43,326	44,000	58,000	66,000	67,000	46357,767	93,459	5358
MAD-0.35-agents144.json	2963	2772	191	236	169	54	19	19	referenceSolver	84,119	78,986	80,000	91,000	100,000	96,000	43,501	30,697	33,000	66,000	76,000	78,000	1036,945	72,697	2154
MAD-0.35-agents144.json	2963	2772	191	236	169	54	19	19	randomSolver	75,996	66,487	68,000	87,000	99,000	98,000	45,334	36,087	38,000	57,000	66,000	67,000	25194,962	99,494	2948
MAD-0.2-agents433.json	1775	1584	191	525	458	54	19	19	referenceSolver	94,615	93,650	93,000	97,000	96,000	100,000	30,655	17,630	21,000	71,000	78,000	76,000	2136,884	94,085	1670
MAD-0.2-agents433.json	1775	1584	191	525	458	54	19	19	randomSolver	94,401	92,665	93,000	97,000	99,000	100,000	29,802	17,043	20,000	58,000	66,000	65,000	29875,026	100,000	1775
MAD-0.5-agents487.json	4150	3959	191	579	512	54	19	19	referenceSolver	85,726	83,799	84,000	92,000	100,000	98,000	31,273	23,961	25,000	67,000	74,000	76,000	10012,406	92,000	3818
MAD-0.5-agents487.json	4150	3959	191	579	512	54	19	19	randomSolver	86,122	83,839	84,000	94,000	98,000	99,000	27,891	21,183	22,000	54,000	67,000	66,000	138889,473	100,000	4150
MAD-0.9-agents194.json	7316	7125	191	286	219	54	19	19	referenceSolver	83,594	79,306	79,000	92,000	98,000	97,000	46,943	37,045	38,000	69,000	76,000	77,000	8330,498	41,676	3049
MAD-0.9-agents194.json	7316	7125	191	286	219	54	19	19	randomSolver	73,229	65,348	66,000	85,000	100,000	98,000	54,927	50,664	51,000	63,000	65,000	67,000	71553,170	73,401	5370
MAD-1.0-agents131.json	8108	7917	191	223	156	54	19	19	referenceSolver	82,139	75,709	76,000	90,000	96,000	100,000	52,817	40,809	41,000	72,000	78,000	76,000	6535,469	29,785	2415
MAD-1.0-agents131.json	8108	7917	191	223	156	54	19	19	randomSolver	77,434	68,325	69,000	85,000	98,000	99,000	62,200	59,051	59,000	65,000	67,000	66,000	29951,458	55,377	4490
MAD-0.35-agents72.json	2963	2772	191	164	97	54	19	19	referenceSolver	83,546	74,312	76,000	90,000	98,000	97,000	53,687	36,671	40,000	68,000	76,000	77,000	494,934	49,679	1472
MAD-0.35-agents72.json	2963	2772	191	164	97	54	19	19	randomSolver	78,009	62,526	64,000	85,000	99,000	99,000	56,637	48,220	49,000	61,000	66,000	66,000	5963,369	76,679	2272
MAD-0.25-agents315.json	2171	1980	191	407	340	54	19	19	referenceSolver	89,143	86,570	87,000	96,000	98,000	100,000	33,820	21,695	25,000	73,000	76,000	76,000	2032,522	92,953	2018
MAD-0.25-agents315.json	2171	1980	191	407	340	54	19	19	randomSolver	89,822	86,695	87,000	95,000	99,000	99,000	30,946	19,624	22,000	56,000	66,000	66,000	26350,534	100,000	2171
MAD-0.7-agents398.json	5733	5542	191	490	423	54	19	19	referenceSolver	82,605	80,336	80,000	93,000	97,000	98,000	34,749	28,490	29,000	64,000	77,000	76,000	9620,630	84,598	4850
MAD-0.7-agents398.json	5733	5542	191	490	423	54	19	19	randomSolver	75,978	71,904	72,000	91,000	100,000	99,000	34,367	28,947	29,000	56,000	65,000	66,000	61260,581	100,000	5733
MAD-0.45-agents29.json	3754	3563	191	121	54	54	19	19	referenceSolver	92,925	83,100	83,000	93,000	100,000	100,000	68,430	47,844	48,000	73,000	76,000	76,000	738,732	22,829	857
MAD-0.45-agents29.json	3754	3563	191	121	54	54	19	19	randomSolver	86,602	71,285	72,000	86,000	99,000	100,000	66,737	62,220	63,000	69,000	66,000	65,000	3930,880	45,471	1707
MAD-1.0-agents424.json	8108	7917	191	516	449	54	19	19	referenceSolver	81,170	78,912	79,000	92,000	97,000	98,000	35,125	29,277	30,000	68,000	77,000	76,000	18767,115	65,614	5320
MAD-1.0-agents424.json	8108	7917	191	516	449	54	19	19	randomSolver	71,588	67,293	67,000	88,000	99,000	99,000	41,332	37,441	38,000	56,000	66,000	66,000	115422,470	99,766	8089
MAD-0.7-agents377.json	5733	5542	191	469	402	54	19	19	referenceSolver	82,902	80,515	80,000	92,000	98,000	99,000	35,452	28,904	30,000	68,000	76,000	75,000	8786,119	81,005	4644
MAD-0.7-agents377.json	5733	5542	191	469	402	54	19	19	randomSolver	74,758	70,330	71,000	90,000	99,000	100,000	35,601	30,168	31,000	55,000	66,000	65,000	43124,795	100,000	5733
MAD-0.2-agents126.json	1775	1584	191	218	151	54	19	19	referenceSolver	87,101	81,795	82,000	93,000	98,000	99,000	42,051	25,974	29,000	65,000	76,000	75,000	404,605	85,239	1513
MAD-0.2-agents126.json	1775	1584	191	218	151	54	19	19	randomSolver	83,891	75,274	77,000	92,000	99,000	100,000	39,966	26,112	29,000	55,000	66,000	65,000	5054,606	100,000	1775
MAD-0.25-agents250.json	2171	1980	191	342	275	54	19	19	referenceSolver	86,681	82,803	83,000	94,000	100,000	100,000	36,985	24,278	27,000	69,000	76,000	76,000	1654,318	92,538	2009
MAD-0.25-agents250.json	2171	1980	191	342	275	54	19	19	randomSolver	87,697	83,734	84,000	92,000	99,000	100,000	32,493	20,949	23,000	56,000	66,000	65,000	22886,365	100,000	2171
MAD-0.5-agents192.json	4150	3959	191	284	217	54	19	19	referenceSolver	83,471	78,984	79,000	90,000	100,000	100,000	41,387	30,488	31,000	64,000	74,000	76,000	2701,623	63,012	2615
MAD-0.5-agents192.json	4150	3959	191	284	217	54	19	19	randomSolver	75,368	67,503	68,000	87,000	100,000	100,000	45,671	38,914	40,000	57,000	65,000	65,000	25822,861	98,386	4083
MAD-0.9-agents481.json	7316	7125	191	573	506	54	19	19	referenceSolver	82,352	80,252	80,000	89,000	100,000	100,000	34,118	28,667	29,000	64,000	76,000	74,000	19667,254	77,187	5647
MAD-0.9-agents481.json	7316	7125	191	573	506	54	19	19	randomSolver	73,426	69,847	70,000	89,000	98,000	100,000	34,947	30,529	31,000	56,000	67,000	65,000	104123,121	100,000	7316
MAD-0.5-agents468.json	4150	3959	191	560	493	54	19	19	referenceSolver	86,089	84,063	84,000	94,000	100,000	98,000	31,348	24,052	25,000	66,000	76,000	76,000	9189,185	91,518	3798
MAD-0.5-agents468.json	4150	3959	191	560	493	54	19	19	randomSolver	85,266	82,764	83,000	94,000	99,000	99,000	28,250	21,493	23,000	55,000	66,000	66,000	36363,535	100,000	4150
MAD-0.45-agents145.json	3754	3563	191	237	170	54	19	19	referenceSolver	82,108	76,174	77,000	89,000	100,000	98,000	46,072	34,072	36,000	68,000	76,000	76,000	1700,975	62,973	2364
MAD-0.45-agents145.json	3754	3563	191	237	170	54	19	19	randomSolver	76,364	66,829	68,000	87,000	100,000	98,000	49,836	42,755	44,000	57,000	65,000	67,000	17805,013	93,420	3507
MAD-0.35-agents451.json	2963	2772	191	543	476	54	19	19	referenceSolver	88,942	87,128	87,000	96,000	98,000	100,000	30,579	21,320	23,000	69,000	76,000	76,000	5316,406	92,170	2731
MAD-0.35-agents451.json	2963	2772	191	543	476	54	19	19	randomSolver	90,138	87,968	88,000	96,000	100,000	100,000	27,693	19,082	21,000	56,000	65,000	65,000	37031,530	100,000	2963
MAD-0.25-agents32.json	2171	1980	191	124	57	54	19	19	referenceSolver	89,437	76,768	79,000	90,000	100,000	98,000	63,761	38,914	45,000	72,000	76,000	76,000	204,701	35,606	773
MAD-0.25-agents32.json	2171	1980	191	124	57	54	19	19	randomSolver	84,852	67,308	70,000	86,000	98,000	99,000	61,441	51,826	53,000	63,000	67,000	66,000	2628,031	68,033	1477
MAD-0.15-agents150.json	1379	1188	191	242	175	54	19	19	referenceSolver	88,911	84,320	85,000	93,000	98,000	96,000	41,320	23,252	28,000	67,000	76,000	78,000	359,486	91,153	1257
MAD-0.15-agents150.json	1379	1188	191	242	175	54	19	19	randomSolver	89,287	83,743	85,000	94,000	98,000	98,000	37,024	20,618	25,000	56,000	67,000	67,000	4707,279	100,000	1379
MAD-0.05-agents301.json	588	397	191	393	326	54	19	19	referenceSolver	98,687	98,773	98,000	97,000	100,000	100,000	44,548	15,175	25,000	73,000	76,000	76,000	168,394	91,327	537
MAD-0.05-agents301.json	588	397	191	393	326	54	19	19	randomSolver	98,330	97,466	97,000	98,000	98,000	99,000	43,431	15,515	26,000	59,000	67,000	66,000	2517,547	100,000	588
MAD-0.3-agents473.json	2567	2376	191	565	498	54	19	19	referenceSolver	91,592	90,173	90,000	96,000	96,000	100,000	29,080	19,328	22,000	69,000	78,000	76,000	4291,636	94,429	2424
MAD-0.3-agents473.json	2567	2376	191	565	498	54	19	19	randomSolver	91,279	89,332	89,000	97,000	98,000	100,000	27,918	18,282	21,000	58,000	67,000	65,000	28800,104	100,000	2567
MAD-0.3-agents189.json	2567	2376	191	281	214	54	19	19	referenceSolver	86,005	81,988	83,000	96,000	98,000	98,000	39,349	27,363	30,000	67,000	76,000	76,000	1290,737	86,677	2225
MAD-0.3-agents189.json	2567	2376	191	281	214	54	19	19	randomSolver	81,323	75,027	76,000	91,000	100,000	99,000	36,798	26,155	28,000	56,000	65,000	66,000	26258,179	100,000	2567
MAD-0.9-agents72.json	7316	7125	191	164	97	54	19	19	referenceSolver	93,045	87,204	87,000	95,000	100,000	100,000	64,408	48,950	49,000	75,000	74,000	76,000	4808,129	18,890	1382
MAD-0.9-agents72.json	7316	7125	191	164	97	54	19	19	randomSolver	83,458	73,628	74,000	87,000	98,000	98,000	68,572	66,611	67,000	70,000	67,000	67,000	16107,826	43,876	3210
MAD-0.1-agents61.json	984	793	191	153	86	54	19	19	referenceSolver	89,316	80,956	82,000	92,000	100,000	98,000	50,332	26,251	30,000	64,000	74,000	76,000	84,898	86,687	853
MAD-0.1-agents61.json	984	793	191	153	86	54	19	19	randomSolver	88,699	78,050	81,000	93,000	99,000	99,000	45,271	24,771	32,000	55,000	66,000	66,000	1650,584	100,000	984
MAD-0.15-agents500.json	1379	1188	191	592	525	54	19	19	referenceSolver	97,028	96,575	96,000	97,000	97,000	100,000	31,240	16,080	21,000	72,000	77,000	76,000	1513,690	94,924	1309
MAD-0.15-agents500.json	1379	1188	191	592	525	54	19	19	randomSolver	96,292	95,219	95,000	96,000	98,000	99,000	31,452	16,094	20,000	59,000	67,000	66,000	11695,807	100,000	1379
MAD-0.6-agents272.json	4942	4751	191	364	297	54	19	19	referenceSolver	82,383	78,938	79,000	91,000	98,000	100,000	39,098	30,649	31,000	66,000	76,000	76,000	5514,255	71,995	3558
MAD-0.6-agents272.json	4942	4751	191	364	297	54	19	19	randomSolver	73,601	67,477	68,000	89,000	100,000	99,000	40,679	34,538	35,000	56,000	65,000	66,000	30313,758	99,939	4939
MAD-0.25-agents179.json	2171	1980	191	271	204	54	19	19	referenceSolver	85,466	80,907	82,000	93,000	97,000	98,000	40,270	26,865	30,000	66,000	77,000	76,000	1049,769	89,959	1953
MAD-0.25-agents179.json	2171	1980	191	271	204	54	19	19	randomSolver	84,038	78,115	79,000	92,000	99,000	99,000	36,254	24,284	27,000	55,000	66,000	66,000	13567,071	100,000	2171
MAD-0.35-agents282.json	2963	2772	191	374	307	54	19	19	referenceSolver	84,578	81,392	82,000	93,000	96,000	97,000	35,622	25,302	27,000	66,000	78,000	77,000	2852,803	89,200	2643
MAD-0.35-agents282.json	2963	2772	191	374	307	54	19	19	randomSolver	84,465	80,706	81,000	94,000	98,000	98,000	31,957	22,731	24,000	55,000	67,000	67,000	16150,099	100,000	2963
MAD-0.9-agents252.json	7316	7125	191	344	277	54	19	19	referenceSolver	81,964	78,166	78,000	92,000	100,000	97,000	42,765	34,306	35,000	72,000	76,000	77,000	10428,150	49,686	3635
MAD-0.9-agents252.json	7316	7125	191	344	277	54	19	19	randomSolver	72,371	65,948	66,000	86,000	100,000	98,000	50,875	46,639	47,000	61,000	65,000	67,000	65195,262	85,388	6247
MAD-0.3-agents38.json	2567	2376	191	130	63	54	19	19	referenceSolver	89,704	78,975	81,000	92,000	97,000	98,000	62,409	38,613	41,000	70,000	77,000	76,000	314,522	32,489	834
MAD-0.3-agents38.json	2567	2376	191	130	63	54	19	19	randomSolver	83,143	65,483	68,000	85,000	98,000	100,000	61,756	53,449	55,000	63,000	67,000	65,000	6057,799	64,901	1666
MAD-0.25-agents483.json	2171	1980	191	575	508	54	19	19	referenceSolver	93,067	91,624	92,000	97,000	100,000	100,000	29,929	18,750	21,000	69,000	74,000	76,000	3290,844	94,104	2043
MAD-0.25-agents483.json	2171	1980	191	575	508	54	19	19	randomSolver	93,195	91,644	92,000	96,000	98,000	99,000	28,360	17,429	20,000	58,000	67,000	66,000	29168,229	100,000	2171
MAD-0.35-agents328.json	2963	2772	191	420	353	54	19	19	referenceSolver	86,597	83,880	84,000	93,000	98,000	99,000	34,293	24,325	26,000	69,000	76,000	75,000	3678,694	90,449	2680
MAD-0.35-agents328.json	2963	2772	191	420	353	54	19	19	randomSolver	85,542	82,153	82,000	92,000	99,000	99,000	30,662	21,593	23,000	56,000	66,000	66,000	22234,104	100,000	2963
MAD-0.5-agents311.json	4150	3959	191	403	336	54	19	19	referenceSolver	84,369	81,630	82,000	92,000	97,000	98,000	35,476	27,244	29,000	65,000	77,000	76,000	4636,040	84,241	3496
MAD-0.5-agents311.json	4150	3959	191	403	336	54	19	19	randomSolver	77,867	73,103	73,000	90,000	99,000	100,000	34,007	26,840	28,000	56,000	66,000	65,000	36927,048	100,000	4150
MAD-0.1-agents415.json	984	793	191	507	440	54	19	19	referenceSolver	97,392	96,814	96,000	97,000	98,000	100,000	35,743	15,869	22,000	72,000	76,000	76,000	657,838	94,411	929
MAD-0.1-agents415.json	984	793	191	507	440	54	19	19	randomSolver	97,629	96,867	97,000	98,000	99,000	98,000	35,390	15,624	21,000	59,000	66,000	67,000	13336,763	100,000	984
MAD-0.6-agents99.json	4942	4751	191	191	124	54	19	19	referenceSolver	85,170	77,599	78,000	92,000	99,000	97,000	55,012	40,158	41,000	73,000	75,000	77,000	2465,836	35,310	1745
MAD-0.6-agents99.json	4942	4751	191	191	124	54	19	19	randomSolver	77,473	66,336	67,000	84,000	100,000	98,000	59,216	53,489	54,000	64,000	65,000	67,000	9898,278	66,329	3278
MAD-0.4-agents214.json	3358	3167	191	306	239	54	19	19	referenceSolver	83,069	78,825	79,000	93,000	98,000	100,000	39,497	29,154	31,000	66,000	76,000	76,000	1965,952	81,298	2730
MAD-0.4-agents214.json	3358	3167	191	306	239	54	19	19	randomSolver	78,281	71,719	72,000	90,000	100,000	98,000	38,355	29,813	31,000	55,000	65,000	67,000	15138,123	100,000	3358
MAD-0.05-agents478.json	588	397	191	570	503	54	19	19	referenceSolver	98,953	99,576	99,000	97,000	99,000	98,000	43,926	14,769	27,000	74,000	75,000	76,000	297,009	90,816	534
MAD-0.05-agents478.json	588	397	191	570	503	54	19	19	randomSolver	98,349	97,591	97,000	98,000	98,000	99,000	43,381	15,375	28,000	61,000	67,000	66,000	3668,885	100,000	588
MAD-0.8-agents357.json	6525	6334	191	449	382	54	19	19	referenceSolver	82,777	80,330	80,000	91,000	97,000	97,000	36,149	29,316	30,000	65,000	77,000	77,000	10419,677	68,521	4471
MAD-0.8-agents357.json	6525	6334	191	449	382	54	19	19	randomSolver	72,514	67,574	68,000	88,000	99,000	100,000	40,374	35,580	36,000	58,000	66,000	65,000	60646,475	99,939	6521
MAD-0.05-agents54.json	588	397	191	146	79	54	19	19	referenceSolver	94,240	88,993	90,000	95,000	97,000	98,000	53,751	20,925	31,000	68,000	77,000	76,000	31,477	83,503	491
MAD-0.05-agents54.json	588	397	191	146	79	54	19	19	randomSolver	94,201	86,111	89,000	95,000	98,000	100,000	48,043	19,990	33,000	56,000	67,000	65,000	837,693	100,000	588
MAD-0.15-agents279.json	1379	1188	191	371	304	54	19	19	referenceSolver	93,723	92,107	92,000	95,000	99,000	97,000	34,524	18,184	23,000	69,000	75,000	77,000	783,154	93,328	1287
MAD-0.15-agents279.json	1379	1188	191	371	304	54	19	19	randomSolver	94,383	92,055	92,000	95,000	99,000	100,000	33,047	17,420	22,000	57,000	66,000	65,000	10237,876	100,000	1379
MAD-0.05-agents182.json	588	397	191	274	207	54	19	19	referenceSolver	97,321	96,467	96,000	97,000	99,000	98,000	45,845	15,994	33,000	72,000	75,000	76,000	93,162	90,136	530
MAD-0.05-agents182.json	588	397	191	274	207	54	19	19	randomSolver	98,386	97,627	97,000	98,000	99,000	99,000	43,580	15,614	28,000	59,000	66,000	66,000	1445,302	100,000	588
MAD-0.4-agents351.json	3358	3167	191	443	376	54	19	19	referenceSolver	85,046	82,212	82,000	93,000	100,000	100,000	33,731	24,679	27,000	69,000	76,000	76,000	4600,721	90,113	3026
MAD-0.4-agents351.json	3358	3167	191	443	376	54	19	19	randomSolver	84,503	81,163	81,000	94,000	98,000	99,000	30,410	22,222	24,000	55,000	67,000	66,000	31723,958	100,000	3358
MAD-0.05-agents497.json	588	397	191	589	522	54	19	19	referenceSolver	98,934	99,472	99,000	97,000	98,000	100,000	43,926	14,807	22,000	74,000	76,000	74,000	334,176	90,816	534
MAD-0.05-agents497.json	588	397	191	589	522	54	19	19	randomSolver	98,758	98,291	98,000	98,000	99,000	100,000	42,989	15,110	27,000	60,000	66,000	65,000	3564,325	100,000	588
MAD-0.15-agents296.json	1379	1188	191	388	321	54	19	19	referenceSolver	94,366	92,719	93,000	96,000	98,000	100,000	34,513	18,208	22,000	71,000	76,000	76,000	775,852	93,256	1286
MAD-0.15-agents296.json	1379	1188	191	388	321	54	19	19	randomSolver	94,983	92,872	93,000	96,000	100,000	98,000	32,505	16,967	21,000	57,000	65,000	67,000	17421,641	100,000	1379
MAD-0.6-agents76.json	4942	4751	191	168	101	54	19	19	referenceSolver	86,778	78,187	79,000	90,000	97,000	100,000	59,604	42,736	44,000	73,000	77,000	76,000	2248,671	29,259	1446
MAD-0.6-agents76.json	4942	4751	191	168	101	54	19	19	randomSolver	80,316	67,956	69,000	85,000	98,000	100,000	62,449	57,633	58,000	65,000	67,000	65,000	22128,919	58,155	2874
MAD-0.8-agents212.json	6525	6334	191	304	237	54	19	19	referenceSolver	82,299	77,895	78,000	92,000	98,000	100,000	43,217	34,008	35,000	68,000	76,000	74,000	5911,087	49,226	3212
MAD-0.8-agents212.json	6525	6334	191	304	237	54	19	19	randomSolver	73,051	65,525	66,000	86,000	98,000	100,000	52,130	47,565	48,000	60,000	67,000	65,000	33671,025	83,571	5453
MAD-0.1-agents100.json	984	793	191	192	125	54	19	19	referenceSolver	91,295	85,880	87,000	97,000	98,000	98,000	45,304	22,190	30,000	68,000	76,000	76,000	125,776	88,821	874
MAD-0.1-agents100.json	984	793	191	192	125	54	19	19	randomSolver	90,946	84,821	86,000	93,000	98,000	98,000	40,837	20,168	25,000	55,000	67,000	67,000	2353,716	100,000	984
MAD-0.9-agents317.json	7316	7125	191	409	342	54	19	19	referenceSolver	81,577	78,591	79,000	90,000	97,000	97,000	39,399	32,233	33,000	68,000	77,000	77,000	12119,491	59,213	4332
MAD-0.9-agents317.json	7316	7125	191	409	342	54	19	19	randomSolver	71,677	66,212	66,000	88,000	100,000	98,000	46,606	42,450	43,000	58,000	65,000	67,000	61596,149	95,653	6998
MAD-0.15-agents14.json	1379	1188	191	106	39	54	19	19	referenceSolver	92,655	77,064	82,000	92,000	99,000	98,000	69,708	44,365	55,000	72,000	75,000	76,000	74,441	39,014	538
MAD-0.15-agents14.json	1379	1188	191	106	39	54	19	19	randomSolver	87,021	62,855	67,000	85,000	100,000	99,000	62,539	50,636	52,000	62,000	65,000	66,000	2543,540	71,284	983
MAD-0.45-agents329.json	3754	3563	191	421	354	54	19	19	referenceSolver	83,916	80,936	81,000	95,000	99,000	98,000	34,827	26,419	28,000	69,000	75,000	76,000	4494,349	89,078	3344
MAD-0.45-agents329.json	3754	3563	191	421	354	54	19	19	randomSolver	81,394	77,467	78,000	92,000	99,000	98,000	32,312	24,628	26,000	56,000	66,000	67,000	58447,137	100,000	3754
MAD-1.0-agents218.json	8108	7917	191	310	243	54	19	19	referenceSolver	81,487	77,101	77,000	89,000	100,000	99,000	43,983	35,027	36,000	68,000	76,000	75,000	8684,819	41,922	3399
MAD-1.0-agents218.json	8108	7917	191	310	243	54	19	19	randomSolver	72,533	65,557	66,000	84,000	98,000	100,000	54,785	50,775	51,000	62,000	67,000	65,000	79926,654	74,223	6018
MAD-0.25-agents196.json	2171	1980	191	288	221	54	19	19	referenceSolver	85,792	81,441	82,000	94,000	100,000	98,000	38,607	25,589	28,000	67,000	76,000	76,000	1132,317	91,294	1982
MAD-0.25-agents196.json	2171	1980	191	288	221	54	19	19	randomSolver	84,690	79,233	80,000	93,000	98,000	100,000	35,088	23,099	26,000	55,000	67,000	65,000	8269,353	100,000	2171
MAD-0.5-agents254.json	4150	3959	191	346	279	54	19	19	referenceSolver	84,079	80,624	81,000	91,000	100,000	98,000	38,211	28,909	30,000	65,000	76,000	76,000	3569,172	74,747	3102
MAD-0.5-agents254.json	4150	3959	191	346	279	54	19	19	randomSolver	76,358	70,411	71,000	91,000	100,000	98,000	38,308	31,115	33,000	56,000	65,000	67,000	29034,450	100,000	4150
MAD-0.45-agents283.json	3754	3563	191	375	308	54	19	19	referenceSolver	83,184	79,828	80,000	94,000	100,000	98,000	36,335	27,432	30,000	67,000	76,000	76,000	3706,244	85,216	3199
MAD-0.45-agents283.json	3754	3563	191	375	308	54	19	19	randomSolver	79,629	74,974	75,000	92,000	98,000	98,000	34,189	26,385	28,000	56,000	67,000	67,000	21093,510	100,000	3754
MAD-0.35-agents283.json	2963	2772	191	375	308	54	19	19	referenceSolver	84,140	80,647	81,000	90,000	100,000	98,000	35,842	25,506	27,000	66,000	76,000	76,000	3022,147	88,559	2624
MAD-0.35-agents283.json	2963	2772	191	375	308	54	19	19	randomSolver	84,184	80,258	81,000	94,000	99,000	99,000	31,985	22,776	24,000	55,000	66,000	66,000	39083,639	100,000	2963
MAD-0.25-agents178.json	2171	1980	191	270	203	54	19	19	referenceSolver	84,846	80,009	81,000	93,000	98,000	99,000	39,924	26,669	29,000	69,000	76,000	75,000	960,925	90,696	1969
MAD-0.25-agents178.json	2171	1980	191	270	203	54	19	19	randomSolver	84,008	78,008	79,000	92,000	99,000	99,000	36,427	24,447	27,000	56,000	66,000	66,000	12627,473	100,000	2171
MAD-0.9-agents253.json	7316	7125	191	345	278	54	19	19	referenceSolver	81,388	77,505	78,000	91,000	98,000	99,000	42,244	33,967	35,000	66,000	76,000	75,000	9781,926	50,396	3687
MAD-0.9-agents253.json	7316	7125	191	345	278	54	19	19	randomSolver	71,711	65,099	65,000	85,000	98,000	100,000	50,700	46,481	47,000	60,000	67,000	65,000	44532,336	85,429	6250
MAD-0.25-agents482.json	2171	1980	191	574	507	54	19	19	referenceSolver	92,452	91,064	91,000	96,000	98,000	97,000	29,902	18,774	21,000	71,000	76,000	77,000	3413,544	94,380	2049
MAD-0.25-agents482.json	2171	1980	191	574	507	54	19	19	randomSolver	93,480	91,812	92,000	96,000	99,000	100,000	28,466	17,562	20,000	58,000	66,000	65,000	36134,410	100,000	2171
MAD-0.3-agents39.json	2567	2376	191	131	64	54	19	19	referenceSolver	89,237	77,568	79,000	91,000	100,000	100,000	61,063	37,914	41,000	67,000	76,000	76,000	346,852	34,164	877
MAD-0.3-agents39.json	2567	2376	191	131	64	54	19	19	randomSolver	82,581	65,086	67,000	85,000	99,000	99,000	61,426	52,730	54,000	64,000	66,000	66,000	4313,980	65,641	1685
MAD-0.5-agents310.json	4150	3959	191	402	335	54	19	19	referenceSolver	84,035	81,257	81,000	92,000	100,000	97,000	36,076	27,957	29,000	63,000	76,000	77,000	4459,292	86,795	3602
MAD-0.5-agents310.json	4150	3959	191	402	335	54	19	19	randomSolver	79,327	74,900	75,000	91,000	99,000	99,000	34,136	26,953	28,000	56,000	66,000	66,000	31097,871	100,000	4150
MAD-0.35-agents329.json	2963	2772	191	421	354	54	19	19	referenceSolver	86,394	83,538	84,000	94,000	99,000	100,000	34,264	24,283	26,000	69,000	75,000	76,000	3719,491	90,381	2678
MAD-0.35-agents329.json	2963	2772	191	421	354	54	19	19	randomSolver	86,560	83,598	84,000	93,000	99,000	96,000	29,917	20,893	23,000	56,000	66,000	69,000	25190,844	100,000	2963
MAD-0.6-agents98.json	4942	4751	191	190	123	54	19	19	referenceSolver	84,621	76,499	77,000	90,000	100,000	99,000	54,609	39,789	40,000	69,000	76,000	75,000	2549,359	35,330	1746
MAD-0.6-agents98.json	4942	4751	191	190	123	54	19	19	randomSolver	77,299	65,771	66,000	85,000	97,000	100,000	59,260	53,680	54,000	63,000	68,000	65,000	16416,521	65,945	3259
MAD-0.1-agents414.json	984	793	191	506	439	54	19	19	referenceSolver	97,352	97,132	97,000	97,000	100,000	97,000	35,894	15,807	23,000	74,000	76,000	77,000	644,276	93,699	922
MAD-0.1-agents414.json	984	793	191	506	439	54	19	19	randomSolver	97,358	96,123	96,000	98,000	99,000	98,000	35,649	15,923	22,000	59,000	66,000	67,000	6588,428	100,000	984
MAD-0.4-agents215.json	3358	3167	191	307	240	54	19	19	referenceSolver	83,751	79,700	80,000	93,000	99,000	100,000	39,207	28,877	31,000	65,000	75,000	76,000	2327,546	81,418	2734
MAD-0.4-agents215.json	3358	3167	191	307	240	54	19	19	randomSolver	78,316	71,960	73,000	91,000	99,000	99,000	38,168	29,582	31,000	56,000	66,000	66,000	17611,233	100,000	3358
MAD-0.05-agents479.json	588	397	191	571	504	54	19	19	referenceSolver	98,662	99,470	99,000	97,000	99,000	98,000	43,942	14,807	25,000	74,000	75,000	76,000	353,737	91,327	537
MAD-0.05-agents479.json	588	397	191	571	504	54	19	19	randomSolver	98,953	98,621	98,000	98,000	99,000	98,000	42,940	15,089	27,000	60,000	66,000	67,000	3838,706	100,000	588
MAD-0.05-agents183.json	588	397	191	275	208	54	19	19	referenceSolver	97,414	96,394	96,000	97,000	99,000	98,000	45,998	16,112	32,000	73,000	75,000	76,000	101,028	89,796	528
MAD-0.05-agents183.json	588	397	191	275	208	54	19	19	randomSolver	97,614	95,539	96,000	97,000	100,000	99,000	44,188	16,077	26,000	59,000	65,000	66,000	2585,846	100,000	588
MAD-0.05-agents55.json	588	397	191	147	80	54	19	19	referenceSolver	93,569	86,983	89,000	95,000	97,000	99,000	53,401	21,016	37,000	69,000	77,000	75,000	36,722	85,714	504
MAD-0.05-agents55.json	588	397	191	147	80	54	19	19	randomSolver	94,262	87,298	89,000	95,000	99,000	98,000	47,801	19,505	31,000	56,000	66,000	67,000	1343,167	100,000	588
MAD-0.8-agents356.json	6525	6334	191	448	381	54	19	19	referenceSolver	83,291	80,816	81,000	91,000	97,000	100,000	36,191	29,295	30,000	64,000	77,000	76,000	11693,987	67,862	4428
MAD-0.8-agents356.json	6525	6334	191	448	381	54	19	19	randomSolver	72,483	67,628	68,000	88,000	99,000	100,000	40,407	35,565	36,000	57,000	66,000	65,000	49490,243	99,954	6522
MAD-0.15-agents278.json	1379	1188	191	370	303	54	19	19	referenceSolver	93,648	91,547	92,000	96,000	99,000	100,000	34,811	18,488	23,000	70,000	75,000	76,000	775,229	93,401	1288
MAD-0.15-agents278.json	1379	1188	191	370	303	54	19	19	randomSolver	94,518	92,302	93,000	97,000	99,000	98,000	32,915	17,262	22,000	57,000	66,000	67,000	10422,333	100,000	1379
MAD-0.05-agents496.json	588	397	191	588	521	54	19	19	referenceSolver	98,949	99,345	99,000	98,000	97,000	100,000	44,345	14,960	29,000	74,000	77,000	76,000	363,301	90,816	534
MAD-0.05-agents496.json	588	397	191	588	521	54	19	19	randomSolver	98,671	98,283	98,000	98,000	100,000	98,000	43,184	15,196	27,000	61,000	65,000	67,000	3992,733	100,000	588
MAD-0.4-agents350.json	3358	3167	191	442	375	54	19	19	referenceSolver	84,976	82,048	82,000	95,000	100,000	99,000	33,768	24,651	26,000	70,000	76,000	75,000	5202,142	89,160	2994
MAD-0.4-agents350.json	3358	3167	191	442	375	54	19	19	randomSolver	84,726	81,500	82,000	94,000	98,000	99,000	30,084	21,896	23,000	54,000	67,000	66,000	32299,563	100,000	3358
MAD-0.15-agents297.json	1379	1188	191	389	322	54	19	19	referenceSolver	94,152	92,237	92,000	96,000	98,000	100,000	34,159	18,049	23,000	71,000	76,000	74,000	929,734	93,328	1287
MAD-0.15-agents297.json	1379	1188	191	389	322	54	19	19	randomSolver	94,779	92,762	93,000	96,000	99,000	98,000	32,828	17,154	22,000	57,000	66,000	67,000	10548,512	100,000	1379
MAD-0.8-agents213.json	6525	6334	191	305	238	54	19	19	referenceSolver	83,438	79,307	79,000	92,000	100,000	100,000	42,868	33,327	34,000	67,000	76,000	76,000	6471,193	47,908	3126
MAD-0.8-agents213.json	6525	6334	191	305	238	54	19	19	randomSolver	73,430	66,028	66,000	86,000	99,000	100,000	51,923	47,339	48,000	61,000	66,000	65,000	42014,706	83,280	5434
MAD-0.6-agents77.json	4942	4751	191	169	102	54	19	19	referenceSolver	87,239	78,520	79,000	92,000	97,000	99,000	59,457	43,229	45,000	73,000	77,000	75,000	2379,528	29,098	1438
MAD-0.6-agents77.json	4942	4751	191	169	102	54	19	19	randomSolver	80,001	68,223	69,000	85,000	98,000	98,000	62,275	56,963	57,000	65,000	67,000	67,000	10358,039	58,418	2887
MAD-0.1-agents101.json	984	793	191	193	126	54	19	19	referenceSolver	90,892	85,185	87,000	94,000	98,000	100,000	46,132	23,157	31,000	68,000	76,000	76,000	141,504	89,939	885
MAD-0.1-agents101.json	984	793	191	193	126	54	19	19	randomSolver	91,203	84,884	86,000	94,000	99,000	99,000	41,067	20,327	27,000	56,000	66,000	66,000	2505,262	100,000	984
MAD-0.15-agents15.json	1379	1188	191	107	40	54	19	19	referenceSolver	88,751	71,503	75,000	90,000	96,000	99,000	65,944	38,422	43,000	69,000	78,000	75,000	78,683	44,598	615
MAD-0.15-agents15.json	1379	1188	191	107	40	54	19	19	randomSolver	85,829	61,215	65,000	84,000	100,000	98,000	61,984	48,496	52,000	62,000	65,000	67,000	1358,840	70,921	978
MAD-0.9-agents316.json	7316	7125	191	408	341	54	19	19	referenceSolver	81,709	78,656	79,000	90,000	99,000	98,000	39,491	32,367	33,000	65,000	75,000	76,000	13114,191	59,609	4361
MAD-0.9-agents316.json	7316	7125	191	408	341	54	19	19	randomSolver	72,320	66,828	67,000	88,000	100,000	100,000	46,764	42,685	43,000	57,000	65,000	65,000	51314,830	95,995	7023
MAD-1.0-agents219.json	8108	7917	191	311	244	54	19	19	referenceSolver	81,285	76,985	77,000	90,000	100,000	100,000	45,026	36,250	37,000	70,000	76,000	76,000	9175,011	43,796	3551
MAD-1.0-agents219.json	8108	7917	191	311	244	54	19	19	randomSolver	72,793	65,801	66,000	84,000	98,000	100,000	54,262	50,173	50,000	62,000	67,000	65,000	32338,927	73,421	5953
MAD-0.45-agents328.json	3754	3563	191	420	353	54	19	19	referenceSolver	83,768	80,896	81,000	93,000	97,000	98,000	35,153	26,598	29,000	68,000	77,000	76,000	4579,387	88,759	3332
MAD-0.45-agents328.json	3754	3563	191	420	353	54	19	19	randomSolver	81,928	78,154	78,000	93,000	98,000	98,000	31,956	24,296	25,000	54,000	67,000	67,000	23044,252	100,000	3754
MAD-0.25-agents197.json	2171	1980	191	289	222	54	19	19	referenceSolver	85,531	80,898	81,000	92,000	99,000	100,000	39,074	25,981	28,000	64,000	75,000	76,000	1243,208	90,926	1974
MAD-0.25-agents197.json	2171	1980	191	289	222	54	19	19	randomSolver	84,724	79,374	80,000	91,000	98,000	99,000	35,393	23,424	26,000	56,000	67,000	66,000	12277,367	100,000	2171
MAD-0.5-agents255.json	4150	3959	191	347	280	54	19	19	referenceSolver	85,170	81,976	82,000	93,000	99,000	99,000	38,141	28,948	30,000	68,000	75,000	75,000	3553,291	75,277	3124
MAD-0.5-agents255.json	4150	3959	191	347	280	54	19	19	randomSolver	76,131	70,151	71,000	89,000	100,000	99,000	38,211	31,015	32,000	56,000	65,000	66,000	29530,545	100,000	4150
MAD-0.45-agents282.json	3754	3563	191	374	307	54	19	19	referenceSolver	82,528	79,285	80,000	92,000	96,000	98,000	36,040	27,238	30,000	66,000	78,000	76,000	3485,270	86,894	3262
MAD-0.45-agents282.json	3754	3563	191	374	307	54	19	19	randomSolver	79,935	75,254	76,000	91,000	98,000	98,000	34,554	26,766	28,000	56,000	67,000	67,000	36067,482	100,000	3754
MAD-0.4-agents429.json	3358	3167	191	521	454	54	19	19	referenceSolver	86,769	84,504	85,000	95,000	100,000	97,000	31,505	22,876	25,000	67,000	74,000	77,000	6149,518	91,096	3059
MAD-0.4-agents429.json	3358	3167	191	521	454	54	19	19	randomSolver	88,123	85,767	86,000	94,000	100,000	99,000	28,170	20,246	22,000	56,000	65,000	66,000	51381,981	100,000	3358
MAD-0.3-agents167.json	2567	2376	191	259	192	54	19	19	referenceSolver	84,858	79,951	81,000	91,000	98,000	98,000	39,713	26,438	30,000	65,000	76,000	76,000	998,855	75,691	1943
MAD-0.3-agents167.json	2567	2376	191	259	192	54	19	19	randomSolver	79,419	71,709	73,000	92,000	97,000	99,000	39,193	28,533	31,000	55,000	68,000	66,000	10352,161	100,000	2567
MAD-0.1-agents228.json	984	793	191	320	253	54	19	19	referenceSolver	95,223	93,639	94,000	98,000	98,000	96,000	38,390	17,387	24,000	71,000	76,000	78,000	321,891	92,785	913
MAD-0.1-agents228.json	984	793	191	320	253	54	19	19	randomSolver	95,653	93,201	93,000	97,000	99,000	99,000	36,603	16,682	24,000	58,000	66,000	66,000	4643,538	100,000	984
MAD-1.0-agents29.json	8108	7917	191	121	54	54	19	19	referenceSolver	96,739	90,584	91,000	96,000	99,000	96,000	71,754	52,083	53,000	74,000	75,000	78,000	4304,086	7,129	578
MAD-1.0-agents29.json	8108	7917	191	121	54	54	19	19	randomSolver	87,965	76,146	76,000	87,000	98,000	99,000	70,440	67,857	68,000	73,000	67,000	66,000	6738,902	23,952	1942
MAD-0.15-agents444.json	1379	1188	191	536	469	54	19	19	referenceSolver	96,485	95,699	96,000	98,000	98,000	99,000	31,837	16,523	22,000	74,000	76,000	75,000	1304,001	94,561	1304
MAD-0.15-agents444.json	1379	1188	191	536	469	54	19	19	randomSolver	95,740	93,986	94,000	97,000	98,000	100,000	31,836	16,513	21,000	57,000	67,000	65,000	11310,658	100,000	1379
MAD-0.6-agents336.json	4942	4751	191	428	361	54	19	19	referenceSolver	82,975	80,152	80,000	93,000	100,000	98,000	35,710	28,271	29,000	65,000	76,000	76,000	7001,683	80,231	3965
MAD-0.6-agents336.json	4942	4751	191	428	361	54	19	19	randomSolver	76,940	72,444	73,000	90,000	100,000	100,000	35,096	28,891	30,000	55,000	65,000	65,000	84285,724	100,000	4942
MAD-0.1-agents382.json	984	793	191	474	407	54	19	19	referenceSolver	97,332	97,210	97,000	96,000	97,000	97,000	35,803	15,828	20,000	74,000	77,000	77,000	634,816	94,004	925
MAD-0.1-agents382.json	984	793	191	474	407	54	19	19	randomSolver	97,438	96,383	96,000	98,000	98,000	99,000	35,505	15,742	23,000	59,000	67,000	66,000	5997,175	100,000	984
MAD-0.05-agents245.json	588	397	191	337	270	54	19	19	referenceSolver	98,310	97,614	97,000	98,000	98,000	100,000	45,054	15,514	28,000	73,000	76,000	76,000	135,878	90,816	534
MAD-0.05-agents245.json	588	397	191	337	270	54	19	19	randomSolver	97,843	96,088	96,000	98,000	100,000	98,000	43,882	15,909	28,000	59,000	65,000	67,000	1917,408	100,000	588
MAD-0.35-agents145.json	2963	2772	191	237	170	54	19	19	referenceSolver	84,403	79,427	80,000	91,000	98,000	98,000	43,592	31,378	33,000	62,000	76,000	76,000	825,824	76,139	2256
MAD-0.35-agents145.json	2963	2772	191	237	170	54	19	19	randomSolver	77,156	68,182	69,000	89,000	99,000	98,000	45,235	36,020	38,000	57,000	66,000	67,000	19205,921	99,629	2952
MAD-0.45-agents451.json	3754	3563	191	543	476	54	19	19	referenceSolver	87,113	85,270	85,000	94,000	97,000	98,000	31,065	23,246	24,000	67,000	77,000	76,000	8045,813	92,435	3470
MAD-0.45-agents451.json	3754	3563	191	543	476	54	19	19	randomSolver	86,340	83,936	84,000	94,000	98,000	98,000	28,274	20,941	22,000	56,000	67,000	67,000	40958,861	100,000	3754
MAD-0.7-agents233.json	5733	5542	191	325	258	54	19	19	referenceSolver	80,958	77,117	77,000	91,000	97,000	97,000	41,012	32,084	32,000	66,000	77,000	77,000	4985,575	59,306	3400
MAD-0.7-agents233.json	5733	5542	191	325	258	54	19	19	randomSolver	73,200	66,268	67,000	88,000	98,000	100,000	48,558	43,459	44,000	59,000	67,000	65,000	39849,366	94,436	5414
MAD-0.5-agents486.json	4150	3959	191	578	511	54	19	19	referenceSolver	85,908	84,051	84,000	92,000	97,000	98,000	30,899	23,656	25,000	67,000	77,000	76,000	9684,207	91,928	3815
MAD-0.5-agents486.json	4150	3959	191	578	511	54	19	19	randomSolver	86,571	84,304	84,000	94,000	99,000	100,000	27,457	20,780	22,000	56,000	66,000	65,000	86994,694	100,000	4150
MAD-0.9-agents195.json	7316	7125	191	287	220	54	19	19	referenceSolver	83,905	79,576	80,000	93,000	97,000	98,000	46,588	36,845	38,000	70,000	77,000	76,000	8037,721	41,703	3051
MAD-0.9-agents195.json	7316	7125	191	287	220	54	19	19	randomSolver	73,074	65,274	66,000	85,000	99,000	99,000	54,954	50,703	51,000	64,000	66,000	66,000	44656,160	74,125	5423
MAD-0.2-agents432.json	1775	1584	191	524	457	54	19	19	referenceSolver	94,739	93,730	94,000	97,000	97,000	100,000	30,637	17,689	20,000	69,000	77,000	76,000	2140,253	93,972	1668
MAD-0.2-agents432.json	1775	1584	191	524	457	54	19	19	randomSolver	94,043	92,162	92,000	95,000	100,000	100,000	30,045	17,248	20,000	57,000	65,000	65,000	15237,770	100,000	1775
MAD-1.0-agents130.json	8108	7917	191	222	155	54	19	19	referenceSolver	82,136	75,043	76,000	91,000	99,000	98,000	52,260	40,795	42,000	69,000	75,000	76,000	6373,587	29,502	2392
MAD-1.0-agents130.json	8108	7917	191	222	155	54	19	19	randomSolver	77,887	69,036	69,000	85,000	98,000	100,000	62,477	59,368	59,000	65,000	67,000	65,000	26391,599	55,562	4505
MAD-0.35-agents73.json	2963	2772	191	165	98	54	19	19	referenceSolver	84,248	75,811	77,000	90,000	97,000	96,000	54,321	37,431	40,000	68,000	77,000	78,000	507,217	50,692	1502
MAD-0.35-agents73.json	2963	2772	191	165	98	54	19	19	randomSolver	79,337	65,025	67,000	87,000	99,000	98,000	56,803	48,421	50,000	61,000	66,000	67,000	6749,665	77,050	2283
MAD-0.7-agents399.json	5733	5542	191	491	424	54	19	19	referenceSolver	83,516	81,360	81,000	92,000	100,000	98,000	34,626	28,381	29,000	64,000	76,000	76,000	9830,724	85,296	4890
MAD-0.7-agents399.json	5733	5542	191	491	424	54	19	19	randomSolver	75,449	71,349	72,000	90,000	98,000	100,000	34,461	29,003	30,000	56,000	67,000	65,000	67011,543	100,000	5733
MAD-0.25-agents314.json	2171	1980	191	406	339	54	19	19	referenceSolver	88,881	86,052	86,000	97,000	99,000	97,000	34,069	21,941	25,000	68,000	75,000	77,000	2099,170	92,768	2014
MAD-0.25-agents314.json	2171	1980	191	406	339	54	19	19	randomSolver	89,783	86,654	87,000	95,000	99,000	99,000	30,728	19,406	22,000	56,000	66,000	66,000	15629,376	100,000	2171
MAD-0.45-agents28.json	3754	3563	191	120	53	54	19	19	referenceSolver	92,202	82,605	83,000	92,000	97,000	98,000	68,587	46,791	47,000	74,000	77,000	76,000	640,628	21,630	812
MAD-0.45-agents28.json	3754	3563	191	120	53	54	19	19	randomSolver	86,693	71,982	73,000	86,000	98,000	99,000	67,059	61,786	62,000	68,000	67,000	66,000	2853,473	44,752	1680
MAD-1.0-agents425.json	8108	7917	191	517	450	54	19	19	referenceSolver	81,729	79,502	79,000	90,000	97,000	100,000	35,796	29,922	30,000	67,000	77,000	76,000	19310,839	66,145	5363
MAD-1.0-agents425.json	8108	7917	191	517	450	54	19	19	randomSolver	71,111	66,778	67,000	88,000	100,000	98,000	41,251	37,313	38,000	57,000	65,000	67,000	219122,569	99,729	8086
MAD-0.7-agents376.json	5733	5542	191	468	401	54	19	19	referenceSolver	82,922	80,454	81,000	93,000	100,000	96,000	35,550	29,003	30,000	67,000	76,000	78,000	9364,559	80,551	4618
MAD-0.7-agents376.json	5733	5542	191	468	401	54	19	19	randomSolver	74,895	70,491	71,000	89,000	99,000	98,000	35,781	30,317	31,000	57,000	66,000	67,000	104537,537	100,000	5733
MAD-0.25-agents251.json	2171	1980	191	343	276	54	19	19	referenceSolver	86,621	82,854	83,000	93,000	100,000	100,000	36,435	23,857	26,000	67,000	76,000	76,000	1731,636	92,768	2014
MAD-0.25-agents251.json	2171	1980	191	343	276	54	19	19	randomSolver	87,663	83,602	84,000	95,000	99,000	100,000	32,253	20,744	23,000	57,000	66,000	65,000	21911,368	100,000	2171
MAD-0.5-agents193.json	4150	3959	191	285	218	54	19	19	referenceSolver	82,916	78,524	79,000	91,000	97,000	97,000	41,606	30,670	32,000	67,000	77,000	77,000	2792,319	63,133	2620
MAD-0.5-agents193.json	4150	3959	191	285	218	54	19	19	randomSolver	74,444	66,525	67,000	88,000	98,000	98,000	45,675	38,847	40,000	57,000	67,000	67,000	19971,232	98,410	4084
MAD-0.9-agents480.json	7316	7125	191	572	505	54	19	19	referenceSolver	83,138	81,237	81,000	93,000	99,000	97,000	33,494	27,984	28,000	65,000	75,000	77,000	20598,633	75,888	5552
MAD-0.9-agents480.json	7316	7125	191	572	505	54	19	19	randomSolver	73,668	70,083	70,000	90,000	98,000	100,000	35,019	30,621	31,000	56,000	67,000	65,000	155732,359	100,000	7316
MAD-0.2-agents127.json	1775	1584	191	219	152	54	19	19	referenceSolver	85,305	79,604	80,000	92,000	97,000	97,000	41,913	25,720	29,000	65,000	77,000	77,000	392,833	85,127	1511
MAD-0.2-agents127.json	1775	1584	191	219	152	54	19	19	randomSolver	83,981	75,791	77,000	93,000	99,000	99,000	39,851	25,899	30,000	56,000	66,000	66,000	10454,055	100,000	1775
MAD-0.35-agents450.json	2963	2772	191	542	475	54	19	19	referenceSolver	89,681	87,991	88,000	96,000	99,000	98,000	29,963	20,777	23,000	69,000	75,000	76,000	5420,725	92,001	2726
MAD-0.35-agents450.json	2963	2772	191	542	475	54	19	19	randomSolver	89,799	87,736	88,000	94,000	98,000	99,000	27,799	19,114	21,000	57,000	67,000	66,000	25994,565	100,000	2963
MAD-0.5-agents469.json	4150	3959	191	561	494	54	19	19	referenceSolver	85,484	83,357	83,000	93,000	100,000	100,000	31,321	24,058	25,000	65,000	76,000	76,000	9801,656	92,241	3828
MAD-0.5-agents469.json	4150	3959	191	561	494	54	19	19	randomSolver	85,286	82,760	83,000	94,000	100,000	99,000	28,100	21,363	22,000	55,000	65,000	66,000	77343,947	100,000	4150
MAD-0.45-agents144.json	3754	3563	191	236	169	54	19	19	referenceSolver	83,621	77,806	79,000	91,000	98,000	100,000	46,508	34,573	37,000	68,000	76,000	76,000	1674,092	61,854	2322
MAD-0.45-agents144.json	3754	3563	191	236	169	54	19	19	randomSolver	76,351	66,950	68,000	87,000	99,000	99,000	50,051	42,853	44,000	58,000	66,000	66,000	25247,229	93,287	3502
MAD-0.25-agents33.json	2171	1980	191	125	58	54	19	19	referenceSolver	89,118	76,781	79,000	90,000	99,000	96,000	62,736	38,477	45,000	70,000	75,000	78,000	211,190	36,297	788
MAD-0.25-agents33.json	2171	1980	191	125	58	54	19	19	randomSolver	84,530	66,098	69,000	87,000	98,000	99,000	61,482	52,827	55,000	62,000	67,000	66,000	3630,159	68,954	1497
MAD-0.15-agents151.json	1379	1188	191	243	176	54	19	19	referenceSolver	89,205	84,126	85,000	96,000	100,000	100,000	41,154	23,161	28,000	67,000	76,000	76,000	356,438	91,371	1260
MAD-0.15-agents151.json	1379	1188	191	243	176	54	19	19	randomSolver	89,491	84,226	85,000	94,000	100,000	98,000	36,722	20,338	25,000	57,000	65,000	67,000	4992,670	100,000	1379
MAD-0.05-agents300.json	588	397	191	392	325	54	19	19	referenceSolver	98,420	98,155	98,000	98,000	98,000	99,000	44,740	15,316	30,000	73,000	76,000	75,000	167,778	90,816	534
MAD-0.05-agents300.json	588	397	191	392	325	54	19	19	randomSolver	98,175	96,375	97,000	98,000	98,000	100,000	43,630	15,748	27,000	57,000	67,000	65,000	3614,166	100,000	588
MAD-0.3-agents472.json	2567	2376	191	564	497	54	19	19	referenceSolver	91,492	89,865	90,000	98,000	100,000	99,000	29,011	19,199	21,000	70,000	76,000	75,000	4493,012	93,728	2406
MAD-0.3-agents472.json	2567	2376	191	564	497	54	19	19	randomSolver	92,415	90,661	91,000	98,000	99,000	99,000	27,527	17,977	20,000	56,000	66,000	66,000	26727,734	100,000	2567
MAD-0.6-agents273.json	4942	4751	191	365	298	54	19	19	referenceSolver	81,893	78,396	79,000	91,000	98,000	98,000	38,832	30,442	32,000	66,000	76,000	76,000	5834,459	72,117	3564
MAD-0.6-agents273.json	4942	4751	191	365	298	54	19	19	randomSolver	73,978	68,119	69,000	89,000	98,000	99,000	40,612	34,430	35,000	56,000	67,000	66,000	27917,318	99,960	4940
MAD-0.1-agents60.json	984	793	191	152	85	54	19	19	referenceSolver	89,344	80,263	83,000	94,000	100,000	99,000	50,878	26,526	33,000	65,000	76,000	75,000	80,311	84,654	833
MAD-0.1-agents60.json	984	793	191	152	85	54	19	19	randomSolver	87,917	76,150	80,000	93,000	98,000	99,000	46,325	25,681	32,000	56,000	67,000	66,000	2697,130	100,000	984
MAD-0.3-agents188.json	2567	2376	191	280	213	54	19	19	referenceSolver	84,822	80,560	81,000	94,000	100,000	96,000	39,199	27,168	30,000	66,000	76,000	78,000	1052,239	87,145	2237
MAD-0.3-agents188.json	2567	2376	191	280	213	54	19	19	randomSolver	80,416	73,443	74,000	91,000	99,000	100,000	37,063	26,498	28,000	55,000	66,000	65,000	17885,649	100,000	2567
MAD-0.9-agents73.json	7316	7125	191	165	98	54	19	19	referenceSolver	92,927	87,763	88,000	95,000	98,000	98,000	64,398	49,152	49,000	75,000	76,000	76,000	4915,133	19,355	1416
MAD-0.9-agents73.json	7316	7125	191	165	98	54	19	19	randomSolver	83,388	73,241	73,000	86,000	100,000	99,000	68,063	65,957	66,000	70,000	65,000	66,000	10790,663	44,122	3228
MAD-0.8-agents301.json	6525	6334	191	393	326	54	19	19	referenceSolver	82,424	79,397	79,000	91,000	100,000	99,000	37,668	30,083	30,000	66,000	76,000	75,000	8779,033	61,149	3990
MAD-0.8-agents301.json	6525	6334	191	393	326	54	19	19	randomSolver	72,883	67,326	68,000	88,000	97,000	100,000	45,201	40,532	41,000	57,000	68,000	65,000	37626,526	97,609	6369
MAD-0.8-agents50.json	6525	6334	191	142	75	54	19	19	referenceSolver	92,581	85,592	85,000	94,000	100,000	98,000	65,811	50,248	49,000	74,000	74,000	76,000	2698,594	19,019	1241
MAD-0.8-agents50.json	6525	6334	191	142	75	54	19	19	randomSolver	86,101	75,475	76,000	87,000	98,000	99,000	70,013	68,501	69,000	71,000	67,000	66,000	11973,200	39,602	2584
MAD-0.4-agents242.json	3358	3167	191	334	267	54	19	19	referenceSolver	84,144	80,485	81,000	93,000	98,000	100,000	37,345	27,400	30,000	67,000	76,000	76,000	2475,609	83,532	2805
MAD-0.4-agents242.json	3358	3167	191	334	267	54	19	19	randomSolver	79,773	74,547	75,000	89,000	98,000	98,000	35,765	27,115	29,000	56,000	67,000	67,000	17764,062	100,000	3358
MAD-0.15-agents385.json	1379	1188	191	477	410	54	19	19	referenceSolver	95,343	94,049	94,000	97,000	98,000	99,000	32,678	17,025	21,000	72,000	76,000	75,000	1315,455	94,054	1297
MAD-0.15-agents385.json	1379	1188	191	477	410	54	19	19	randomSolver	96,352	94,994	95,000	97,000	100,000	99,000	31,633	16,269	21,000	58,000	65,000	66,000	9432,236	100,000	1379
MAD-0.1-agents443.json	984	793	191	535	468	54	19	19	referenceSolver	97,791	97,885	97,000	97,000	98,000	97,000	35,491	15,612	21,000	74,000	76,000	77,000	791,782	94,106	926
MAD-0.1-agents443.json	984	793	191	535	468	54	19	19	randomSolver	97,478	96,423	96,000	98,000	99,000	98,000	35,361	15,754	21,000	60,000	66,000	67,000	10333,675	100,000	984
MAD-0.5-agents347.json	4150	3959	191	439	372	54	19	19	referenceSolver	84,082	81,558	82,000	92,000	97,000	97,000	34,239	26,318	27,000	66,000	77,000	77,000	5625,043	87,325	3624
MAD-0.5-agents347.json	4150	3959	191	439	372	54	19	19	randomSolver	80,949	77,158	77,000	92,000	98,000	100,000	32,067	25,015	26,000	55,000	67,000	65,000	38425,765	100,000	4150
MAD-0.45-agents390.json	3754	3563	191	482	415	54	19	19	referenceSolver	84,682	82,149	82,000	93,000	99,000	98,000	33,493	25,370	27,000	69,000	75,000	76,000	6691,527	91,422	3432
MAD-0.45-agents390.json	3754	3563	191	482	415	54	19	19	randomSolver	84,484	81,558	82,000	92,000	99,000	98,000	29,628	22,170	23,000	56,000	66,000	67,000	37422,406	100,000	3754
MAD-0.9-agents204.json	7316	7125	191	296	229	54	19	19	referenceSolver	83,290	78,860	79,000	91,000	100,000	99,000	45,841	36,474	37,000	67,000	76,000	75,000	8520,067	43,576	3188
MAD-0.9-agents204.json	7316	7125	191	296	229	54	19	19	randomSolver	73,001	65,331	66,000	85,000	99,000	100,000	53,976	49,787	50,000	61,000	66,000	65,000	30790,300	75,396	5516
MAD-0.7-agents458.json	5733	5542	191	550	483	54	19	19	referenceSolver	83,674	81,683	81,000	94,000	98,000	100,000	33,166	27,297	28,000	65,000	76,000	76,000	13945,583	89,308	5120
