Instance	Number-of-Services	Real-Services	Fake-Services	Number-of-Employees	Total-Agents	Total-Drivers	Total-Managers	Total-RampManagers	Algorithm	Productivity-UT	Real-Productivity-UT	P.UT-Agent	P.UT-Driver	P.UT-RampManager	P.UT-Manager	Work-Productivity	Real-Work-Productivity	WP-Agent	WP-Driver	WP-RampManager	WP-Manager	Execution-Time(ms)	Covered-Services(%)	Covered-Services
MAD-0.1-agents496-hours6.json	984	793	191	588	496	496	100,000	54	19	19	referenceSolver	17,517	60,194	12,500	12,500	12,500	12,500	8,170	11,704	2,431	1,563	1,563	1,563	1091,378	64,634	636
MAD-0.1-agents496-hours6.json	984	793	191	588	496	399	80,444	54	19	19	randomSolver	26,490	58,911	37,500	62,500	62,500	50,000	10,126	12,789	7,292	53,125	42,188	29,688	14717,567	100,000	984
MAD-0.1-agents332-hours4.json	984	793	191	424	332	332	100,000	54	19	19	referenceSolver	19,487	50,227	12,500	37,500	12,500	87,500	11,345	14,650	3,646	37,500	1,563	87,500	529,762	47,967	472
MAD-0.1-agents332-hours4.json	984	793	191	424	332	313	94,277	54	19	19	randomSolver	36,765	59,300	25,000	62,500	62,500	50,000	16,315	19,452	7,292	32,813	53,125	29,688	9819,484	100,000	984
MAD-0.1-agents452-hours8.json	984	793	191	544	452	452	100,000	54	19	19	referenceSolver	17,946	57,875	12,500	12,500	12,500	87,500	8,132	8,440	1,823	1,563	3,125	87,500	792,843	60,163	592
MAD-0.1-agents452-hours8.json	984	793	191	544	452	377	83,407	54	19	19	randomSolver	27,373	56,425	12,500	75,000	87,500	62,500	10,059	10,241	1,823	34,375	76,563	53,125	8208,281	100,000	984
MAD-0.1-agents210-hours6.json	984	793	191	302	210	210	100,000	54	19	19	referenceSolver	22,351	38,889	12,500	50,000	87,500	87,500	13,621	7,562	2,431	40,625	87,500	87,500	377,466	35,569	350
MAD-0.1-agents210-hours6.json	984	793	191	302	210	205	97,619	54	19	19	randomSolver	48,498	56,382	37,500	62,500	62,500	62,500	19,715	14,520	7,292	32,813	42,188	53,125	4224,862	100,000	984
MAD-0.1-agents102-hours8.json	984	793	191	194	102	102	100,000	54	19	19	referenceSolver	27,835	23,611	12,500	12,500	12,500	12,500	19,531	3,443	1,823	3,125	3,125	3,125	186,313	24,593	242
MAD-0.1-agents102-hours8.json	984	793	191	194	102	102	100,000	54	19	19	randomSolver	61,600	45,120	62,355	62,500	75,000	62,500	28,207	15,837	16,406	32,813	54,688	40,625	2321,551	100,000	984
MAD-0.1-agents62-hours4.json	984	793	191	154	62	62	100,000	54	19	19	referenceSolver	31,737	15,857	12,500	12,500	12,500	12,500	24,844	4,625	3,646	1,563	1,563	3,125	117,278	20,528	202
MAD-0.1-agents62-hours4.json	984	793	191	154	62	62	100,000	54	19	19	randomSolver	71,737	49,367	70,001	87,500	87,500	50,000	42,434	30,822	47,396	45,313	67,188	29,688	1232,257	89,329	879
MAD-0.1-agents372-hours6.json	984	793	191	464	372	372	100,000	54	19	19	referenceSolver	18,858	53,143	12,500	12,500	37,500	12,500	9,704	10,333	2,431	1,563	37,500	3,125	642,497	52,033	512
MAD-0.1-agents372-hours6.json	984	793	191	464	372	331	88,978	54	19	19	randomSolver	33,133	58,334	25,000	50,000	50,000	54,167	12,832	13,147	4,861	28,125	29,688	53,125	9975,812	100,000	984
MAD-0.1-agents250-hours4.json	984	793	191	342	250	250	100,000	54	19	19	referenceSolver	21,162	43,178	12,500	12,500	12,500	12,500	13,191	12,594	3,646	1,563	3,125	1,563	425,393	39,634	390
MAD-0.1-agents250-hours4.json	984	793	191	342	250	247	98,800	54	19	19	randomSolver	45,651	59,478	25,000	87,500	75,000	75,000	20,227	19,497	7,292	48,438	53,125	53,125	4395,880	100,000	984
MAD-0.1-agents22-hours6.json	984	793	191	114	22	22	100,000	54	19	19	referenceSolver	38,596	6,250	12,500	87,500	87,500	87,500	32,075	1,215	2,431	87,500	87,500	87,500	47,312	16,463	162
MAD-0.1-agents22-hours6.json	984	793	191	114	22	22	100,000	54	19	19	randomSolver	66,751	32,127	65,950	75,000	75,000	87,500	44,126	26,354	31,597	65,625	45,313	48,438	581,383	61,382	604
MAD-0.1-agents229-hours8.json	984	793	191	321	229	229	100,000	54	19	19	referenceSolver	21,807	40,893	12,500	12,500	12,500	12,500	12,530	5,964	1,823	3,125	3,125	1,563	396,439	37,500	369
MAD-0.1-agents229-hours8.json	984	793	191	321	229	225	98,253	54	19	19	randomSolver	44,758	53,904	12,500	62,500	62,500	50,000	17,047	11,270	1,823	51,563	31,250	28,125	4638,674	100,000	984
MAD-0.1-agents186-hours4.json	984	793	191	278	186	186	100,000	54	19	19	referenceSolver	23,156	36,117	12,500	12,500	12,500	87,500	15,389	10,534	3,646	1,563	1,563	87,500	323,826	33,130	326
MAD-0.1-agents186-hours4.json	984	793	191	278	186	186	100,000	54	19	19	randomSolver	54,605	58,571	37,500	50,000	37,500	75,000	24,884	20,213	10,938	39,063	37,500	65,625	4598,050	100,000	984
MAD-0.1-agents422-hours8.json	984	793	191	514	422	422	100,000	54	19	19	referenceSolver	18,239	56,267	12,500	12,500	12,500	12,500	8,497	8,206	1,823	3,125	1,563	1,563	745,094	57,114	562
MAD-0.1-agents422-hours8.json	984	793	191	514	422	365	86,493	54	19	19	randomSolver	29,470	56,988	0,000	75,000	75,000	75,000	10,646	10,151	0,000	53,125	54,688	54,688	10083,105	100,000	984
MAD-0.1-agents342-hours4.json	984	793	191	434	342	342	100,000	54	19	19	referenceSolver	19,326	50,969	12,500	12,500	12,500	87,500	11,168	14,866	3,646	12,500	1,563	87,500	588,705	48,984	482
MAD-0.1-agents342-hours4.json	984	793	191	434	342	316	92,398	54	19	19	randomSolver	36,096	59,850	12,500	75,000	62,500	50,000	15,939	19,049	3,646	53,125	32,813	18,750	6976,863	100,000	984
MAD-0.1-agents172-hours8.json	984	793	191	264	172	172	100,000	54	19	19	referenceSolver	23,722	34,331	12,500	87,500	87,500	87,500	14,824	5,007	1,823	87,500	87,500	87,500	304,159	31,707	312
MAD-0.1-agents172-hours8.json	984	793	191	264	172	172	100,000	54	19	19	randomSolver	50,880	50,679	41,444	62,500	50,000	50,000	20,728	12,658	10,938	42,188	29,688	7,813	3965,932	100,000	984
MAD-0.1-agents260-hours6.json	984	793	191	352	260	260	100,000	54	19	19	referenceSolver	20,881	44,218	12,500	12,500	12,500	50,000	12,018	8,598	2,431	1,563	3,125	50,000	466,904	40,650	400
MAD-0.1-agents260-hours6.json	984	793	191	352	260	252	96,923	54	19	19	randomSolver	42,590	57,263	75,000	62,500	62,500	75,000	16,915	13,863	14,583	51,563	31,250	34,375	5409,122	100,000	984
MAD-0.1-agents12-hours4.json	984	793	191	104	12	12	100,000	54	19	19	referenceSolver	40,865	3,529	12,500	87,500	12,500	87,500	35,021	1,029	3,646	87,500	1,563	87,500	32,737	15,447	152
MAD-0.1-agents12-hours4.json	984	793	191	104	12	12	100,000	54	19	19	randomSolver	68,890	22,041	78,514	75,000	75,000	75,000	44,922	17,364	61,979	34,375	54,688	56,250	767,985	37,398	368
MAD-0.1-agents302-hours6.json	984	793	191	394	302	302	100,000	54	19	19	referenceSolver	20,019	47,861	12,500	37,500	87,500	62,500	11,004	9,306	2,431	28,125	87,500	62,500	550,527	44,919	442
MAD-0.1-agents302-hours6.json	984	793	191	394	302	290	96,026	54	19	19	randomSolver	38,853	58,164	75,000	75,000	75,000	54,167	15,112	13,595	14,583	43,750	46,875	21,875	6352,189	100,000	984
MAD-0.1-agents220-hours4.json	984	793	191	312	220	220	100,000	54	19	19	referenceSolver	21,955	40,146	12,500	12,500	87,500	75,000	14,104	11,709	3,646	1,563	87,500	75,000	385,660	36,585	360
MAD-0.1-agents220-hours4.json	984	793	191	312	220	218	99,091	54	19	19	randomSolver	49,227	59,026	37,500	87,500	75,000	87,500	22,172	19,810	10,938	57,813	53,125	65,625	4057,393	100,000	984
MAD-0.1-agents52-hours6.json	984	793	191	144	52	52	100,000	54	19	19	referenceSolver	33,073	13,648	12,500	87,500	37,500	87,500	25,878	2,654	2,431	87,500	37,500	87,500	103,386	19,512	192
MAD-0.1-agents52-hours6.json	984	793	191	144	52	52	100,000	54	19	19	randomSolver	66,579	42,638	63,658	80,000	75,000	66,667	40,638	28,696	41,319	48,438	23,438	45,313	2696,978	95,732	942
MAD-0.1-agents96-hours8.json	984	793	191	188	96	96	100,000	54	19	19	referenceSolver	28,324	22,535	12,500	12,500	12,500	87,500	20,088	3,286	1,823	1,563	1,563	87,500	174,107	23,984	236
MAD-0.1-agents96-hours8.json	984	793	191	188	96	96	100,000	54	19	19	randomSolver	64,426	46,212	70,703	75,000	62,500	62,500	29,107	15,501	14,583	32,813	53,125	42,188	2203,636	100,000	984
MAD-0.1-agents259-hours8.json	984	793	191	351	259	259	100,000	54	19	19	referenceSolver	20,905	44,123	12,500	12,500	87,500	87,500	11,597	6,435	1,823	1,563	87,500	87,500	449,478	40,549	399
MAD-0.1-agents259-hours8.json	984	793	191	351	259	253	97,683	54	19	19	randomSolver	41,205	54,477	28,684	75,000	66,667	75,000	15,590	11,270	7,292	43,750	43,750	42,188	5756,704	100,000	984
MAD-0.1-agents207-hours8.json	984	793	191	299	207	207	100,000	54	19	19	referenceSolver	22,366	38,692	12,500	87,500	12,500	12,500	13,297	5,643	1,823	87,500	1,563	1,563	415,800	35,264	347
MAD-0.1-agents207-hours8.json	984	793	191	299	207	203	98,068	54	19	19	randomSolver	47,386	52,826	62,500	87,500	75,000	87,500	18,301	11,808	9,115	45,313	45,313	56,250	5483,942	100,000	984
MAD-0.1-agents115-hours6.json	984	793	191	207	115	115	100,000	54	19	19	referenceSolver	26,812	25,901	12,500	87,500	12,500	87,500	18,749	5,036	2,431	87,500	1,563	87,500	214,646	25,915	255
MAD-0.1-agents115-hours6.json	984	793	191	207	115	115	100,000	54	19	19	randomSolver	64,043	51,013	50,416	87,500	87,500	87,500	28,763	17,654	17,014	54,688	54,688	37,500	4430,760	100,000	984
MAD-0.1-agents445-hours6.json	984	793	191	537	445	445	100,000	54	19	19	referenceSolver	18,017	57,494	12,500	12,500	12,500	87,500	8,718	11,179	2,431	1,563	1,563	87,500	786,655	59,451	585
MAD-0.1-agents445-hours6.json	984	793	191	537	445	387	86,966	54	19	19	randomSolver	28,736	58,645	25,000	58,333	75,000	87,500	11,088	13,117	4,861	32,813	54,688	56,250	8170,488	100,000	984
MAD-0.1-agents398-hours8.json	984	793	191	490	398	398	100,000	54	19	19	referenceSolver	18,546	54,746	12,500	87,500	12,500	87,500	8,828	7,984	1,823	87,500	1,563	87,500	718,008	54,675	538
MAD-0.1-agents398-hours8.json	984	793	191	490	398	349	87,688	54	19	19	randomSolver	30,632	56,290	25,000	62,500	62,500	75,000	11,168	10,397	3,646	40,625	51,563	54,688	7602,857	100,000	984
MAD-0.1-agents481-hours8.json	984	793	191	573	481	481	100,000	54	19	19	referenceSolver	17,648	59,456	12,500	12,500	12,500	87,500	7,810	8,671	1,823	3,125	1,563	87,500	846,902	63,110	621
MAD-0.1-agents481-hours8.json	984	793	191	573	481	402	83,576	54	19	19	randomSolver	26,436	57,049	25,000	50,000	62,500	75,000	9,550	10,151	3,646	29,688	53,125	56,250	18039,028	100,000	984
MAD-0.1-agents283-hours4.json	984	793	191	375	283	283	100,000	54	19	19	referenceSolver	20,367	46,318	12,500	12,500	87,500	12,500	12,347	13,509	3,646	1,563	87,500	12,500	891,049	42,988	423
MAD-0.1-agents283-hours4.json	984	793	191	375	283	270	95,406	54	19	19	randomSolver	40,783	58,981	50,000	75,000	87,500	75,000	18,447	20,168	14,583	54,688	57,813	35,938	8456,474	100,000	984
MAD-0.1-agents155-hours4.json	984	793	191	247	155	155	100,000	54	19	19	referenceSolver	24,494	32,025	12,500	12,500	50,000	87,500	16,869	9,341	3,646	1,563	50,000	87,500	270,786	29,980	295
MAD-0.1-agents155-hours4.json	984	793	191	247	155	155	100,000	54	19	19	randomSolver	60,321	57,726	50,000	75,000	87,500	62,500	28,007	21,287	14,583	43,750	67,188	18,750	4972,372	100,000	984
MAD-0.1-agents365-hours8.json	984	793	191	457	365	365	100,000	54	19	19	referenceSolver	19,010	52,518	12,500	12,500	87,500	87,500	9,337	7,659	1,823	1,563	87,500	87,500	971,366	51,321	505
MAD-0.1-agents365-hours8.json	984	793	191	457	365	331	90,685	54	19	19	randomSolver	32,770	56,734	12,500	75,000	75,000	87,500	11,974	10,330	1,823	64,063	21,875	37,500	8527,257	100,000	984
MAD-0.1-agents405-hours4.json	984	793	191	497	405	405	100,000	54	19	19	referenceSolver	18,461	55,177	12,500	12,500	87,500	87,500	10,218	16,093	3,646	1,563	87,500	87,500	685,055	55,386	545
MAD-0.1-agents405-hours4.json	984	793	191	497	405	359	88,642	54	19	19	randomSolver	31,575	59,996	25,000	50,000	41,667	75,000	13,919	18,825	7,292	39,063	40,625	65,625	8682,270	100,000	984
MAD-0.1-agents35-hours8.json	984	793	191	127	35	35	100,000	54	19	19	referenceSolver	35,827	9,615	12,500	50,000	87,500	12,500	28,849	1,402	1,823	50,000	87,500	3,125	74,586	17,785	175
MAD-0.1-agents35-hours8.json	984	793	191	127	35	35	100,000	54	19	19	randomSolver	64,053	36,183	64,305	75,000	75,000	62,500	41,839	28,447	38,281	28,125	54,688	53,125	1312,816	91,159	897
MAD-0.1-agents165-hours6.json	984	793	191	257	165	165	100,000	54	19	19	referenceSolver	23,979	33,469	12,500	12,500	87,500	87,500	15,562	6,508	2,431	1,563	87,500	87,500	295,539	30,996	305
MAD-0.1-agents165-hours6.json	984	793	191	257	165	165	100,000	54	19	19	randomSolver	55,227	54,493	60,606	87,500	62,500	37,500	23,167	15,535	14,583	54,688	34,375	6,250	3930,572	100,000	984
MAD-0.1-agents277-hours8.json	984	793	191	369	277	277	100,000	54	19	19	referenceSolver	20,528	45,710	12,500	62,500	87,500	87,500	11,125	6,666	1,823	62,500	87,500	87,500	476,534	42,378	417
MAD-0.1-agents277-hours8.json	984	793	191	369	277	264	95,307	54	19	19	randomSolver	38,903	54,165	12,500	62,500	87,500	87,500	14,830	11,136	1,823	62,500	78,125	76,563	8874,343	100,000	984
MAD-0.1-agents435-hours6.json	984	793	191	527	435	435	100,000	54	19	19	referenceSolver	18,098	57,012	12,500	12,500	12,500	12,500	8,834	11,086	2,431	1,563	3,125	1,563	753,825	58,435	575
MAD-0.1-agents435-hours6.json	984	793	191	527	435	371	85,287	54	19	19	randomSolver	29,409	58,981	25,000	75,000	37,500	75,000	11,298	12,968	4,861	45,313	15,625	56,250	8570,890	100,000	984
MAD-0.1-agents488-hours4.json	984	793	191	580	488	488	100,000	54	19	19	referenceSolver	17,608	59,731	12,500	87,500	12,500	87,500	9,274	17,421	3,646	87,500	1,563	87,500	833,341	63,821	628
MAD-0.1-agents488-hours4.json	984	793	191	580	488	403	82,582	54	19	19	randomSolver	27,222	59,892	0,000	25,000	75,000	75,000	11,927	18,780	0,000	25,000	64,063	43,750	8556,775	100,000	984
MAD-0.1-agents391-hours4.json	984	793	191	483	391	391	100,000	54	19	19	referenceSolver	18,608	54,381	12,500	87,500	12,500	87,500	10,402	15,861	3,646	87,500	1,563	87,500	655,085	53,963	531
MAD-0.1-agents391-hours4.json	984	793	191	483	391	346	88,491	54	19	19	randomSolver	32,693	60,113	25,000	75,000	62,500	75,000	14,322	18,691	7,292	34,375	62,500	56,250	7686,624	100,000	984
MAD-0.1-agents81-hours6.json	984	793	191	173	81	81	100,000	54	19	19	referenceSolver	29,552	19,804	12,500	12,500	12,500	87,500	21,938	3,851	2,431	1,563	3,125	87,500	149,499	22,459	221
MAD-0.1-agents81-hours6.json	984	793	191	173	81	81	100,000	54	19	19	randomSolver	68,223	47,659	67,500	67,500	87,500	87,500	34,416	21,563	19,444	26,563	56,250	68,750	1712,348	100,000	984
MAD-0.1-agents125-hours4.json	984	793	191	217	125	125	100,000	54	19	19	referenceSolver	26,152	27,533	12,500	87,500	12,500	12,500	18,690	8,030	3,646	87,500	1,563	1,563	211,179	26,931	265
MAD-0.1-agents125-hours4.json	984	793	191	217	125	125	100,000	54	19	19	randomSolver	66,631	57,107	58,106	75,000	87,500	54,167	31,879	22,451	25,521	45,313	67,188	42,188	2438,462	100,000	984
MAD-0.1-agents475-hours4.json	984	793	191	567	475	475	100,000	54	19	19	referenceSolver	17,725	59,080	12,500	12,500	12,500	12,500	9,403	17,232	3,646	3,125	1,563	1,563	804,789	62,500	615
MAD-0.1-agents475-hours4.json	984	793	191	567	475	393	82,737	54	19	19	randomSolver	27,709	59,897	25,000	50,000	75,000	62,500	12,201	18,780	7,292	39,063	64,063	51,563	8236,038	100,000	984
MAD-0.1-agents315-hours8.json	984	793	191	407	315	315	100,000	54	19	19	referenceSolver	19,779	48,913	12,500	87,500	87,500	12,500	10,260	7,133	1,823	87,500	87,500	1,563	557,331	46,240	455
MAD-0.1-agents315-hours8.json	984	793	191	407	315	296	93,968	54	19	19	randomSolver	36,777	56,156	50,000	75,000	50,000	75,000	13,445	10,353	7,292	56,250	40,625	46,875	6003,187	100,000	984
MAD-0.1-agents198-hours6.json	984	793	191	290	198	198	100,000	54	19	19	referenceSolver	22,672	37,643	12,500	87,500	12,500	87,500	14,068	7,319	2,431	87,500	3,125	87,500	348,333	34,350	338
MAD-0.1-agents198-hours6.json	984	793	191	290	198	197	99,495	54	19	19	randomSolver	49,709	54,943	37,500	37,500	62,500	75,000	20,531	14,818	7,292	28,125	53,125	75,000	5093,658	100,000	984
MAD-0.1-agents45-hours8.json	984	793	191	137	45	45	100,000	54	19	19	referenceSolver	34,124	12,032	12,500	12,500	12,500	12,500	26,876	1,755	1,823	3,125	1,563	1,563	87,388	18,801	185
MAD-0.1-agents45-hours8.json	984	793	191	137	45	45	100,000	54	19	19	randomSolver	64,215	38,317	62,365	87,500	87,500	33,333	39,849	26,489	27,344	76,563	76,563	31,250	1693,642	99,289	977
MAD-0.1-agents139-hours4.json	984	793	191	231	139	139	100,000	54	19	19	referenceSolver	25,379	29,638	12,500	12,500	12,500	87,500	17,792	8,644	3,646	1,563	1,563	87,500	240,593	28,354	279
MAD-0.1-agents139-hours4.json	984	793	191	231	139	139	100,000	54	19	19	randomSolver	63,819	57,801	50,000	62,500	75,000	75,000	29,947	22,004	14,583	42,188	56,250	54,688	2690,669	100,000	984
MAD-0.1-agents309-hours8.json	984	793	191	401	309	309	100,000	54	19	19	referenceSolver	19,857	48,509	12,500	25,000	12,500	87,500	10,378	7,074	1,823	25,000	3,125	87,500	541,018	45,630	449
MAD-0.1-agents309-hours8.json	984	793	191	401	309	292	94,498	54	19	19	randomSolver	36,755	55,501	37,500	50,000	75,000	62,500	13,646	10,644	5,469	28,125	43,750	43,750	8859,661	100,000	984
MAD-0.1-agents469-hours4.json	984	793	191	561	469	469	100,000	54	19	19	referenceSolver	17,758	58,846	12,500	87,500	87,500	50,000	9,462	17,163	3,646	87,500	87,500	50,000	795,743	61,890	609
MAD-0.1-agents469-hours4.json	984	793	191	561	469	394	84,009	54	19	19	randomSolver	28,131	60,127	25,000	62,500	87,500	62,500	12,331	18,646	7,292	53,125	56,250	34,375	16449,815	100,000	984
MAD-0.1-agents296-hours8.json	984	793	191	388	296	296	100,000	54	19	19	referenceSolver	20,168	47,284	12,500	12,500	87,500	12,500	10,677	6,896	1,823	1,563	87,500	1,563	517,436	44,309	436
MAD-0.1-agents296-hours8.json	984	793	191	388	296	275	92,905	54	19	19	randomSolver	37,114	54,527	41,821	62,500	75,000	62,500	14,103	11,091	9,115	53,125	45,313	43,750	7359,570	100,000	984
MAD-0.1-agents184-hours6.json	984	793	191	276	184	184	100,000	54	19	19	referenceSolver	23,234	35,867	12,500	12,500	25,000	37,500	14,670	6,974	2,431	1,563	25,000	37,500	327,155	32,927	324
MAD-0.1-agents184-hours6.json	984	793	191	276	184	182	98,913	54	19	19	randomSolver	52,367	55,022	75,000	87,500	75,000	75,000	21,572	15,117	14,583	56,250	31,250	54,688	6990,493	100,000	984
MAD-0.1-agents59-hours8.json	984	793	191	151	59	59	100,000	54	19	19	referenceSolver	32,036	15,245	12,500	12,500	12,500	87,500	24,543	2,223	1,823	1,563	3,125	87,500	110,115	20,224	199
MAD-0.1-agents59-hours8.json	984	793	191	151	59	59	100,000	54	19	19	randomSolver	65,259	38,229	39,544	54,167	87,500	75,000	36,239	21,522	25,521	34,375	45,313	65,625	1358,562	100,000	984
MAD-0.1-agents252-hours6.json	984	793	191	344	252	252	100,000	54	19	19	referenceSolver	21,112	43,373	12,500	12,500	12,500	12,500	12,250	8,434	2,431	1,563	1,563	3,125	442,427	39,837	392
MAD-0.1-agents252-hours6.json	984	793	191	344	252	248	98,413	54	19	19	randomSolver	43,655	56,728	50,000	75,000	75,000	62,500	17,308	13,953	9,722	54,688	45,313	31,250	4890,651	100,000	984
MAD-0.1-agents140-hours8.json	984	793	191	232	140	140	100,000	54	19	19	referenceSolver	25,269	29,851	12,500	12,500	87,500	87,500	16,617	4,353	1,823	1,563	87,500	87,500	247,314	28,455	280
MAD-0.1-agents140-hours8.json	984	793	191	232	140	140	100,000	54	19	19	randomSolver	55,351	49,464	83,537	58,333	75,000	62,500	23,587	14,024	14,583	53,125	65,625	31,250	2866,105	100,000	984
MAD-0.1-agents370-hours4.json	984	793	191	462	370	370	100,000	54	19	19	referenceSolver	18,885	53,009	12,500	87,500	12,500	12,500	10,709	15,461	3,646	87,500	3,125	1,563	620,515	51,829	510
MAD-0.1-agents370-hours4.json	984	793	191	462	370	341	92,162	54	19	19	randomSolver	33,493	59,346	50,000	50,000	62,500	62,500	14,973	19,497	14,583	29,688	23,438	12,500	9910,306	100,000	984
MAD-0.1-agents410-hours8.json	984	793	191	502	410	410	100,000	54	19	19	referenceSolver	18,376	55,556	12,500	12,500	37,500	25,000	8,657	8,102	1,823	1,563	37,500	25,000	715,199	55,894	550
MAD-0.1-agents410-hours8.json	984	793	191	502	410	351	85,610	54	19	19	randomSolver	29,750	56,133	12,500	62,500	62,500	87,500	10,901	10,420	1,823	32,813	40,625	56,250	7510,947	100,000	984
MAD-0.1-agents20-hours4.json	984	793	191	112	20	20	100,000	54	19	19	referenceSolver	38,951	5,731	12,500	87,500	87,500	12,500	32,808	1,671	3,646	87,500	87,500	1,563	44,513	16,260	160
MAD-0.1-agents20-hours4.json	984	793	191	112	20	20	100,000	54	19	19	randomSolver	69,239	31,750	79,283	62,500	87,500	75,000	45,294	24,336	51,042	29,688	57,813	23,438	599,534	48,577	478
MAD-0.1-agents212-hours4.json	984	793	191	304	212	212	100,000	54	19	19	referenceSolver	22,204	39,259	12,500	87,500	37,500	12,500	14,379	11,451	3,646	87,500	37,500	3,125	362,819	35,772	352
MAD-0.1-agents212-hours4.json	984	793	191	304	212	212	100,000	54	19	19	randomSolver	50,273	59,017	37,500	87,500	37,500	75,000	22,756	20,258	10,938	67,188	17,188	45,313	3843,318	100,000	984
MAD-0.1-agents330-hours6.json	984	793	191	422	330	330	100,000	54	19	19	referenceSolver	19,520	50,076	12,500	50,000	12,500	87,500	10,431	9,737	2,431	50,000	1,563	87,500	574,819	47,764	470
MAD-0.1-agents330-hours6.json	984	793	191	422	330	301	91,212	54	19	19	randomSolver	36,007	57,626	12,500	62,500	87,500	62,500	14,109	13,625	2,431	23,438	48,438	40,625	6266,301	100,000	984
MAD-0.1-agents4-hours8.json	984	793	191	96	4	4	100,000	54	19	19	referenceSolver	43,229	1,205	12,500	87,500	50,000	12,500	37,560	0,176	1,823	87,500	50,000	3,125	16,779	14,634	144
MAD-0.1-agents4-hours8.json	984	793	191	96	4	4	100,000	54	19	19	randomSolver	67,476	12,946	74,953	62,500	62,500	75,000	44,146	11,601	58,333	53,125	34,375	56,250	322,494	31,199	307
MAD-0.1-agents60-hours6.json	984	793	191	152	60	60	100,000	54	19	19	referenceSolver	31,990	15,424	12,500	12,500	87,500	12,500	24,654	2,999	2,431	1,563	87,500	3,125	112,754	20,325	200
MAD-0.1-agents60-hours6.json	984	793	191	152	60	60	100,000	54	19	19	randomSolver	68,014	44,394	62,031	62,500	37,500	50,000	39,075	26,970	36,458	51,563	26,563	39,063	1356,436	99,390	978
MAD-0.1-agents179-hours6.json	984	793	191	271	179	179	100,000	54	19	19	referenceSolver	23,432	35,236	12,500	87,500	12,500	87,500	14,890	6,851	2,431	87,500	1,563	87,500	309,536	32,419	319
MAD-0.1-agents179-hours6.json	984	793	191	271	179	179	100,000	54	19	19	randomSolver	53,527	55,348	70,109	75,000	62,500	62,500	21,970	14,818	17,014	35,938	32,813	51,563	3600,700	100,000	984
MAD-0.1-agents429-hours6.json	984	793	191	521	429	429	100,000	54	19	19	referenceSolver	18,162	56,671	12,500	87,500	12,500	87,500	8,908	11,019	2,431	87,500	1,563	87,500	737,561	57,825	569
MAD-0.1-agents429-hours6.json	984	793	191	521	429	372	86,713	54	19	19	randomSolver	29,752	58,861	25,000	54,167	62,500	75,000	11,428	12,819	4,861	21,875	51,563	56,250	7723,321	100,000	984
MAD-0.1-agents494-hours4.json	984	793	191	586	494	494	100,000	54	19	19	referenceSolver	17,555	60,024	12,500	87,500	12,500	12,500	9,219	17,507	3,646	87,500	1,563	1,563	843,684	64,431	634
MAD-0.1-agents494-hours4.json	984	793	191	586	494	407	82,389	54	19	19	randomSolver	26,699	59,983	0,000	75,000	62,500	75,000	11,805	18,825	0,000	43,750	53,125	46,875	12640,038	100,000	984
MAD-0.1-agents149-hours4.json	984	793	191	241	149	149	100,000	54	19	19	referenceSolver	24,741	31,237	12,500	87,500	87,500	12,500	17,185	9,111	3,646	87,500	87,500	3,125	263,059	29,370	289
MAD-0.1-agents149-hours4.json	984	793	191	241	149	149	100,000	54	19	19	randomSolver	61,536	58,024	72,794	62,500	62,500	75,000	28,704	21,422	25,521	53,125	40,625	53,125	4125,128	100,000	984
MAD-0.1-agents419-hours4.json	984	793	191	511	419	419	100,000	54	19	19	referenceSolver	18,297	56,016	12,500	12,500	12,500	12,500	10,038	16,338	3,646	1,563	3,125	1,563	706,798	56,809	559
MAD-0.1-agents419-hours4.json	984	793	191	511	419	364	86,874	54	19	19	randomSolver	30,938	60,195	12,500	75,000	50,000	50,000	13,538	18,691	3,646	46,875	50,000	7,813	8121,675	100,000	984
MAD-0.1-agents379-hours8.json	984	793	191	471	379	379	100,000	54	19	19	referenceSolver	18,763	53,607	12,500	12,500	12,500	87,500	9,107	7,818	1,823	1,563	3,125	87,500	657,875	52,744	519
MAD-0.1-agents379-hours8.json	984	793	191	471	379	332	87,599	54	19	19	randomSolver	31,929	56,608	25,000	66,667	50,000	75,000	11,618	10,241	3,646	43,750	39,063	45,313	11431,833	100,000	984
MAD-0.1-agents29-hours8.json	984	793	191	121	29	29	100,000	54	19	19	referenceSolver	36,880	8,123	12,500	87,500	87,500	87,500	30,176	1,185	1,823	87,500	87,500	87,500	59,653	17,175	169
MAD-0.1-agents29-hours8.json	984	793	191	121	29	29	100,000	54	19	19	randomSolver	65,049	36,154	62,148	62,500	62,500	75,000	42,949	29,800	36,458	31,250	42,188	65,625	1273,215	84,654	833
MAD-0.1-agents130-hours8.json	984	793	191	222	130	130	100,000	54	19	19	referenceSolver	25,788	28,384	12,500	12,500	87,500	12,500	17,277	4,139	1,823	1,563	87,500	1,563	230,538	27,439	270
MAD-0.1-agents130-hours8.json	984	793	191	222	130	130	100,000	54	19	19	randomSolver	58,139	48,336	37,500	62,500	62,500	75,000	24,649	13,710	5,469	20,313	43,750	56,250	4733,713	100,000	984
MAD-0.1-agents222-hours6.json	984	793	191	314	222	222	100,000	54	19	19	referenceSolver	21,975	40,217	12,500	37,500	12,500	87,500	13,193	7,820	2,431	37,500	1,563	87,500	395,502	36,789	362
MAD-0.1-agents222-hours6.json	984	793	191	314	222	219	98,649	54	19	19	randomSolver	46,692	55,526	37,500	50,000	62,500	50,000	18,962	14,520	7,292	17,188	42,188	28,125	4469,680	100,000	984
MAD-0.1-agents460-hours8.json	984	793	191	552	460	460	100,000	54	19	19	referenceSolver	17,844	58,376	12,500	37,500	87,500	12,500	8,038	8,513	1,823	28,125	87,500	1,563	807,713	60,976	600
MAD-0.1-agents460-hours8.json	984	793	191	552	460	384	83,478	54	19	19	randomSolver	27,435	56,995	25,000	50,000	87,500	62,500	9,913	10,106	3,646	20,313	78,125	51,563	9822,889	100,000	984
MAD-0.1-agents300-hours4.json	984	793	191	392	300	300	100,000	54	19	19	referenceSolver	20,089	47,619	12,500	12,500	12,500	87,500	11,982	13,889	3,646	3,125	3,125	87,500	556,604	44,715	440
MAD-0.1-agents300-hours4.json	984	793	191	392	300	282	94,000	54	19	19	randomSolver	39,504	59,371	62,500	62,500	75,000	62,500	17,647	19,497	18,229	42,188	42,188	21,875	5998,415	100,000	984
MAD-0.1-agents50-hours4.json	984	793	191	142	50	50	100,000	54	19	19	referenceSolver	33,451	13,158	12,500	12,500	12,500	12,500	26,669	3,838	3,646	3,125	1,563	3,125	96,130	19,411	191
MAD-0.1-agents50-hours4.json	984	793	191	142	50	50	100,000	54	19	19	randomSolver	71,152	45,922	72,975	62,500	75,000	54,167	43,376	30,339	43,750	23,438	64,063	34,375	950,627	78,862	776
MAD-0.1-agents262-hours4.json	984	793	191	354	262	262	100,000	54	19	19	referenceSolver	20,833	44,407	12,500	12,500	12,500	87,500	12,863	12,952	3,646	1,563	1,563	87,500	450,669	40,854	402
MAD-0.1-agents262-hours4.json	984	793	191	354	262	253	96,565	54	19	19	randomSolver	42,933	58,642	50,000	87,500	62,500	62,500	19,542	19,989	14,583	67,188	40,625	62,500	4597,164	100,000	984
MAD-0.1-agents340-hours6.json	984	793	191	432	340	340	100,000	54	19	19	referenceSolver	19,358	50,822	12,500	12,500	87,500	87,500	10,250	9,882	2,431	1,563	87,500	87,500	584,745	48,780	480
MAD-0.1-agents340-hours6.json	984	793	191	432	340	318	93,529	54	19	19	randomSolver	35,612	58,426	0,000	62,500	62,500	62,500	13,782	13,296	0,000	51,563	51,563	31,250	17175,651	100,000	984
MAD-0.1-agents10-hours6.json	984	793	191	102	10	10	100,000	54	19	19	referenceSolver	41,667	2,941	12,500	87,500	37,500	87,500	35,563	0,572	2,431	87,500	37,500	87,500	27,522	15,244	150
MAD-0.1-agents10-hours6.json	984	793	191	102	10	10	100,000	54	19	19	randomSolver	67,395	22,698	69,525	66,667	62,500	79,167	44,599	19,284	60,764	56,250	34,375	59,375	471,548	41,260	406
MAD-0.1-agents109-hours6.json	984	793	191	201	109	109	100,000	54	19	19	referenceSolver	27,301	24,829	12,500	12,500	87,500	87,500	19,244	4,828	2,431	1,563	87,500	87,500	197,788	25,305	249
MAD-0.1-agents109-hours6.json	984	793	191	201	109	109	100,000	54	19	19	randomSolver	64,967	50,618	57,955	75,000	75,000	75,000	29,622	17,713	17,014	53,125	56,250	64,063	3613,562	100,000	984
MAD-0.1-agents459-hours6.json	984	793	191	551	459	459	100,000	54	19	19	referenceSolver	17,899	58,175	12,500	12,500	87,500	87,500	8,564	11,312	2,431	3,125	87,500	87,500	789,472	60,874	599
MAD-0.1-agents459-hours6.json	984	793	191	551	459	403	87,800	54	19	19	randomSolver	28,280	59,107	0,000	50,000	75,000	75,000	10,806	12,878	0,000	31,250	56,250	64,063	12981,414	100,000	984
MAD-0.1-agents384-hours8.json	984	793	191	476	384	384	100,000	54	19	19	referenceSolver	18,776	53,706	12,500	87,500	87,500	12,500	9,043	7,832	1,823	87,500	87,500	1,563	667,444	53,252	524
MAD-0.1-agents384-hours8.json	984	793	191	476	384	342	89,063	54	19	19	randomSolver	31,326	56,218	12,500	87,500	75,000	87,500	11,496	10,554	1,823	87,500	54,688	34,375	8553,125	100,000	984
MAD-0.1-agents407-hours6.json	984	793	191	499	407	407	100,000	54	19	19	referenceSolver	18,412	55,374	12,500	37,500	12,500	12,500	9,194	10,767	2,431	37,500	1,563	3,125	699,624	55,589	547
MAD-0.1-agents407-hours6.json	984	793	191	499	407	360	88,452	54	19	19	randomSolver	31,218	58,936	25,000	50,000	75,000	75,000	11,932	12,819	4,861	29,688	43,750	45,313	9682,409	100,000	984
MAD-0.1-agents245-hours8.json	984	793	191	337	245	245	100,000	54	19	19	referenceSolver	21,291	42,683	12,500	12,500	12,500	12,500	12,012	6,225	1,823	1,563	1,563	1,563	436,104	39,126	385
MAD-0.1-agents245-hours8.json	984	793	191	337	245	242	98,776	54	19	19	randomSolver	42,565	54,600	34,459	73,750	66,667	50,000	16,238	11,047	7,292	60,938	54,688	39,063	5371,757	100,000	984
MAD-0.1-agents157-hours6.json	984	793	191	249	157	157	100,000	54	19	19	referenceSolver	24,347	32,371	12,500	87,500	50,000	12,500	15,984	6,294	2,431	87,500	50,000	1,563	276,248	30,183	297
MAD-0.1-agents157-hours6.json	984	793	191	249	157	157	100,000	54	19	19	randomSolver	55,807	53,793	55,932	45,833	62,500	37,500	23,912	16,102	14,583	40,625	32,813	37,500	4824,046	100,000	984
MAD-0.1-agents281-hours6.json	984	793	191	373	281	281	100,000	54	19	19	referenceSolver	20,409	46,141	12,500	87,500	87,500	12,500	11,478	8,972	2,431	87,500	87,500	3,125	491,665	42,785	421
MAD-0.1-agents281-hours6.json	984	793	191	373	281	271	96,441	54	19	19	randomSolver	40,387	57,349	50,000	62,500	62,500	62,500	15,962	13,774	9,722	20,313	53,125	31,250	10827,028	100,000	984
MAD-0.1-agents193-hours8.json	984	793	191	285	193	193	100,000	54	19	19	referenceSolver	22,895	36,973	12,500	12,500	12,500	12,500	13,866	5,392	1,823	1,563	3,125	1,563	346,251	33,841	333
MAD-0.1-agents193-hours8.json	984	793	191	285	193	193	100,000	54	19	19	randomSolver	48,383	51,484	44,363	87,500	87,500	75,000	19,200	12,099	9,115	56,250	56,250	45,313	3679,887	100,000	984
MAD-0.1-agents327-hours8.json	984	793	191	419	327	327	100,000	54	19	19	referenceSolver	19,570	49,848	12,500	12,500	87,500	87,500	10,018	7,269	1,823	1,563	87,500	87,500	568,832	47,459	467
MAD-0.1-agents327-hours8.json	984	793	191	419	327	302	92,355	54	19	19	randomSolver	35,756	56,149	37,500	62,500	75,000	62,500	13,060	10,375	5,469	40,625	64,063	53,125	10399,323	100,000	984
MAD-0.1-agents447-hours4.json	984	793	191	539	447	447	100,000	54	19	19	referenceSolver	18,019	57,529	12,500	12,500	87,500	87,500	9,705	16,779	3,646	3,125	87,500	87,500	763,448	59,654	587
MAD-0.1-agents447-hours4.json	984	793	191	539	447	399	89,262	54	19	19	randomSolver	29,544	60,431	37,500	37,500	62,500	37,500	12,834	18,288	10,938	7,813	43,750	26,563	9724,856	100,000	984
MAD-0.1-agents117-hours4.json	984	793	191	209	117	117	100,000	54	19	19	referenceSolver	26,734	26,174	12,500	87,500	12,500	12,500	19,281	7,634	3,646	87,500	1,563	1,563	207,300	26,118	257
MAD-0.1-agents117-hours4.json	984	793	191	209	117	117	100,000	54	19	19	randomSolver	67,882	56,490	62,500	66,667	75,000	66,667	33,099	23,257	18,229	32,813	65,625	25,000	3012,918	100,000	984
MAD-0.1-agents77-hours8.json	984	793	191	169	77	77	100,000	54	19	19	referenceSolver	29,956	19,012	12,500	87,500	87,500	12,500	22,123	2,773	1,823	87,500	87,500	3,125	141,468	22,053	217
MAD-0.1-agents77-hours8.json	984	793	191	169	77	77	100,000	54	19	19	randomSolver	64,765	42,558	53,635	70,000	87,500	62,500	32,379	18,344	23,698	37,500	57,813	62,500	1684,553	100,000	984
MAD-0.1-agents477-hours6.json	984	793	191	569	477	477	100,000	54	19	19	referenceSolver	17,707	59,181	12,500	12,500	12,500	12,500	8,364	11,507	2,431	1,563	1,563	1,563	824,042	62,703	617
MAD-0.1-agents477-hours6.json	984	793	191	569	477	396	83,019	54	19	19	randomSolver	27,203	58,629	0,000	62,500	54,167	62,500	10,464	12,968	0,000	51,563	42,188	53,125	9724,287	100,000	984
MAD-0.1-agents127-hours6.json	984	793	191	219	127	127	100,000	54	19	19	referenceSolver	25,970	27,912	12,500	12,500	87,500	87,500	17,841	5,427	2,431	3,125	87,500	87,500	227,161	27,134	267
MAD-0.1-agents127-hours6.json	984	793	191	219	127	127	100,000	54	19	19	randomSolver	62,691	52,892	59,046	75,000	62,500	66,667	27,187	16,549	24,306	25,000	21,875	56,250	2842,044	100,000	984
MAD-0.1-agents235-hours8.json	984	793	191	327	235	235	100,000	54	19	19	referenceSolver	21,521	41,741	12,500	87,500	87,500	12,500	12,314	6,087	1,823	87,500	87,500	1,563	414,233	38,110	375
MAD-0.1-agents235-hours8.json	984	793	191	327	235	230	97,872	54	19	19	randomSolver	43,555	53,655	12,500	66,667	62,500	87,500	16,734	11,606	1,823	35,938	32,813	46,875	8754,726	100,000	984
MAD-0.1-agents83-hours4.json	984	793	191	175	83	83	100,000	54	19	19	referenceSolver	29,500	20,097	12,500	87,500	87,500	87,500	22,318	5,862	3,646	87,500	87,500	87,500	152,758	22,663	223
MAD-0.1-agents83-hours4.json	984	793	191	175	83	83	100,000	54	19	19	randomSolver	73,411	53,840	91,266	50,000	87,500	75,000	39,530	28,271	36,458	40,625	67,188	65,625	3554,771	100,000	984
MAD-0.1-agents393-hours6.json	984	793	191	485	393	393	100,000	54	19	19	referenceSolver	18,608	54,432	12,500	87,500	50,000	87,500	9,395	10,584	2,431	87,500	50,000	87,500	933,325	54,167	533
MAD-0.1-agents393-hours6.json	984	793	191	485	393	351	89,313	54	19	19	randomSolver	31,905	58,774	37,500	50,000	87,500	75,000	12,276	12,849	7,292	39,063	65,625	65,625	10327,808	100,000	984
MAD-0.1-agents437-hours4.json	984	793	191	529	437	437	100,000	54	19	19	referenceSolver	18,100	57,050	12,500	50,000	12,500	62,500	9,820	16,639	3,646	50,000	3,125	62,500	821,478	58,638	577
MAD-0.1-agents437-hours4.json	984	793	191	529	437	371	84,897	54	19	19	randomSolver	29,742	59,975	12,500	87,500	50,000	75,000	13,077	18,825	3,646	48,438	18,750	75,000	12271,542	100,000	984
MAD-0.1-agents357-hours8.json	984	793	191	449	357	357	100,000	54	19	19	referenceSolver	19,098	52,041	12,500	87,500	12,500	12,500	9,467	7,589	1,823	87,500	3,125	1,563	769,100	50,508	497
MAD-0.1-agents357-hours8.json	984	793	191	449	357	327	91,597	54	19	19	randomSolver	33,457	56,665	0,000	56,250	62,500	87,500	12,187	10,218	0,000	45,313	53,125	57,813	8364,114	100,000	984
MAD-0.1-agents167-hours4.json	984	793	191	259	167	167	100,000	54	19	19	referenceSolver	23,938	33,669	12,500	12,500	12,500	12,500	16,250	9,820	3,646	3,125	1,563	3,125	282,529	31,199	307
MAD-0.1-agents167-hours4.json	984	793	191	259	167	167	100,000	54	19	19	randomSolver	58,144	58,296	50,000	50,000	62,500	75,000	26,709	21,108	14,583	28,125	42,188	42,188	6689,268	100,000	984
MAD-0.1-agents142-hours6.json	984	793	191	234	142	142	100,000	54	19	19	referenceSolver	25,107	30,213	12,500	12,500	87,500	87,500	16,853	5,875	2,431	3,125	87,500	87,500	246,868	28,659	282
MAD-0.1-agents142-hours6.json	984	793	191	234	142	142	100,000	54	19	19	randomSolver	59,243	53,158	72,500	62,500	87,500	87,500	25,444	15,923	17,014	32,813	45,313	65,625	3348,627	100,000	984
MAD-0.1-agents250-hours8.json	984	793	191	342	250	250	100,000	54	19	19	referenceSolver	21,272	42,955	12,500	87,500	12,500	12,500	11,882	6,264	1,823	87,500	1,563	1,563	431,602	39,736	391
MAD-0.1-agents250-hours8.json	984	793	191	342	250	240	96,000	54	19	19	randomSolver	42,459	54,605	50,000	87,500	50,000	62,500	16,000	11,069	7,292	57,813	39,063	29,688	8106,450	100,000	984
MAD-0.1-agents412-hours6.json	984	793	191	504	412	412	100,000	54	19	19	referenceSolver	18,378	55,601	12,500	12,500	12,500	87,500	9,130	10,811	2,431	1,563	3,125	87,500	701,578	56,098	552
MAD-0.1-agents412-hours6.json	984	793	191	504	412	366	88,835	54	19	19	randomSolver	30,562	58,341	12,500	87,500	75,000	62,500	11,813	13,207	2,431	56,250	45,313	51,563	11159,514	100,000	984
MAD-0.1-agents186-hours8.json	984	793	191	278	186	186	100,000	54	19	19	referenceSolver	23,156	36,117	12,500	12,500	12,500	87,500	14,175	5,267	1,823	1,563	3,125	87,500	662,524	33,130	326
MAD-0.1-agents186-hours8.json	984	793	191	278	186	184	98,925	54	19	19	randomSolver	49,405	51,581	50,000	75,000	62,500	75,000	19,684	12,390	7,292	56,250	31,250	65,625	12907,118	100,000	984
MAD-0.1-agents294-hours6.json	984	793	191	386	294	294	100,000	54	19	19	referenceSolver	20,142	47,267	12,500	12,500	87,500	87,500	11,174	9,191	2,431	1,563	87,500	87,500	717,150	44,106	434
MAD-0.1-agents294-hours6.json	984	793	191	386	294	285	96,939	54	19	19	randomSolver	39,595	58,010	37,500	50,000	75,000	75,000	15,425	13,326	7,292	40,625	45,313	21,875	9393,474	100,000	984
MAD-0.1-agents229-hours4.json	984	793	191	321	229	229	100,000	54	19	19	referenceSolver	21,729	41,039	12,500	12,500	12,500	12,500	13,816	11,970	3,646	1,563	1,563	1,563	783,543	37,500	369
MAD-0.1-agents229-hours4.json	984	793	191	321	229	228	99,563	54	19	19	randomSolver	47,744	59,105	75,000	87,500	62,500	62,500	21,550	20,034	21,875	26,563	53,125	42,188	4924,319	100,000	984
MAD-0.1-agents269-hours6.json	984	793	191	361	269	269	100,000	54	19	19	referenceSolver	20,706	44,983	12,500	62,500	87,500	87,500	11,783	8,747	2,431	62,500	87,500	87,500	627,934	41,565	409
MAD-0.1-agents269-hours6.json	984	793	191	361	269	260	96,654	54	19	19	randomSolver	42,142	57,619	17,885	50,000	75,000	75,000	16,493	13,535	7,292	18,750	34,375	54,688	6857,334	100,000	984
MAD-0.1-agents62-hours8.json	984	793	191	154	62	62	100,000	54	19	19	referenceSolver	31,737	15,857	12,500	87,500	12,500	12,500	24,121	2,312	1,823	87,500	3,125	3,125	210,132	20,528	202
MAD-0.1-agents62-hours8.json	984	793	191	154	62	62	100,000	54	19	19	randomSolver	65,042	39,097	51,340	75,000	62,500	75,000	35,533	20,493	29,167	25,000	31,250	53,125	1675,828	100,000	984
MAD-0.1-agents6-hours6.json	984	793	191	98	6	6	100,000	54	19	19	referenceSolver	42,730	1,791	12,500	37,500	12,500	62,500	36,899	0,348	2,431	37,500	1,563	62,500	22,885	14,837	146
MAD-0.1-agents6-hours6.json	984	793	191	98	6	6	100,000	54	19	19	randomSolver	66,875	15,390	63,649	62,500	87,500	87,500	44,237	13,095	48,611	31,250	65,625	56,250	714,719	32,317	318
MAD-0.1-agents102-hours4.json	984	793	191	194	102	102	100,000	54	19	19	referenceSolver	27,835	23,611	12,500	12,500	12,500	37,500	20,490	6,887	3,646	1,563	1,563	37,500	168,554	24,593	242
MAD-0.1-agents102-hours4.json	984	793	191	194	102	102	100,000	54	19	19	randomSolver	70,933	55,239	62,069	62,500	75,000	87,500	35,658	24,958	21,875	42,188	34,375	68,750	3547,571	100,000	984
MAD-0.1-agents452-hours4.json	984	793	191	544	452	452	100,000	54	19	19	referenceSolver	17,969	57,801	12,500	37,500	12,500	12,500	9,653	16,858	3,646	37,500	1,563	3,125	706,272	60,163	592
MAD-0.1-agents452-hours4.json	984	793	191	544	452	386	85,398	54	19	19	randomSolver	28,785	59,716	0,000	62,500	87,500	62,500	12,716	19,094	0,000	42,188	56,250	42,188	7326,026	100,000	984
MAD-0.1-agents332-hours8.json	984	793	191	424	332	332	100,000	54	19	19	referenceSolver	19,458	50,303	12,500	12,500	12,500	87,500	9,914	7,336	1,823	1,563	1,563	87,500	538,114	47,967	472
MAD-0.1-agents332-hours8.json	984	793	191	424	332	306	92,169	54	19	19	randomSolver	34,758	55,182	25,000	75,000	87,500	50,000	12,906	10,666	3,646	42,188	56,250	21,875	7093,061	100,000	984
MAD-0.1-agents220-hours8.json	984	793	191	312	220	220	100,000	54	19	19	referenceSolver	21,995	40,073	12,500	87,500	12,500	12,500	12,829	5,844	1,823	87,500	1,563	1,563	643,367	36,585	360
MAD-0.1-agents220-hours8.json	984	793	191	312	220	217	98,636	54	19	19	randomSolver	45,085	52,609	25,000	62,500	75,000	54,167	17,539	11,942	3,646	62,500	64,063	42,188	9069,756	100,000	984
MAD-0.1-agents132-hours6.json	984	793	191	224	132	132	100,000	54	19	19	referenceSolver	25,781	28,571	12,500	12,500	12,500	12,500	17,518	5,556	2,431	1,563	1,563	3,125	235,971	27,642	272
MAD-0.1-agents132-hours6.json	984	793	191	224	132	132	100,000	54	19	19	randomSolver	61,307	52,899	75,000	62,500	50,000	75,000	26,580	16,340	14,583	31,250	31,250	45,313	3940,465	100,000	984
MAD-0.1-agents462-hours6.json	984	793	191	554	462	462	100,000	54	19	19	referenceSolver	17,825	58,481	12,500	25,000	87,500	62,500	8,522	11,371	2,431	15,625	87,500	62,500	786,545	61,179	602
MAD-0.1-agents462-hours6.json	984	793	191	554	462	393	85,065	54	19	19	randomSolver	28,134	59,164	37,500	50,000	62,500	54,167	10,747	12,729	7,292	50,000	51,563	23,438	9447,764	100,000	984
MAD-0.1-agents259-hours4.json	984	793	191	351	259	259	100,000	54	19	19	referenceSolver	20,905	44,123	12,500	12,500	12,500	12,500	12,942	12,869	3,646	3,125	1,563	3,125	555,082	40,549	399
MAD-0.1-agents259-hours4.json	984	793	191	351	259	249	96,139	54	19	19	randomSolver	44,008	59,221	62,500	75,000	87,500	87,500	19,709	19,810	18,229	45,313	45,313	65,625	6864,789	100,000	984
MAD-0.1-agents96-hours4.json	984	793	191	188	96	96	100,000	54	19	19	referenceSolver	28,191	22,642	12,500	87,500	37,500	87,500	21,002	6,604	3,646	87,500	37,500	87,500	166,739	23,984	236
MAD-0.1-agents96-hours4.json	984	793	191	188	96	96	100,000	54	19	19	randomSolver	72,086	55,199	85,606	37,500	75,000	87,500	36,796	25,451	29,167	17,188	35,938	56,250	4316,689	100,000	984
MAD-0.1-agents386-hours6.json	984	793	191	478	386	386	100,000	54	19	19	referenceSolver	18,724	53,911	12,500	12,500	12,500	12,500	9,501	10,483	2,431	1,563	1,563	1,563	373,913	53,455	526
MAD-0.1-agents386-hours6.json	984	793	191	478	386	343	88,860	54	19	19	randomSolver	32,496	59,012	12,500	66,667	66,667	79,167	12,456	12,729	2,431	25,000	54,688	67,188	3415,545	100,000	984
MAD-0.1-agents219-hours6.json	984	793	191	311	219	219	100,000	54	19	19	referenceSolver	22,026	39,964	12,500	12,500	87,500	12,500	13,287	7,771	2,431	1,563	87,500	3,125	205,391	36,484	359
MAD-0.1-agents219-hours6.json	984	793	191	311	219	218	99,543	54	19	19	randomSolver	47,367	55,989	25,000	75,000	62,500	75,000	19,145	14,430	4,861	65,625	32,813	43,750	3306,495	100,000	984
MAD-0.1-agents12-hours8.json	984	793	191	104	12	12	100,000	54	19	19	referenceSolver	40,865	3,529	12,500	50,000	25,000	12,500	34,811	0,515	1,823	40,625	25,000	3,125	17,956	15,447	152
MAD-0.1-agents12-hours8.json	984	793	191	104	12	12	100,000	54	19	19	randomSolver	67,338	29,285	68,970	79,167	50,000	62,500	44,782	26,509	63,802	78,125	29,688	51,563	284,447	54,573	537
MAD-0.1-agents500-hours6.json	984	793	191	592	500	500	100,000	54	19	19	referenceSolver	17,546	60,168	12,500	12,500	87,500	12,500	8,142	11,699	2,431	1,563	87,500	1,563	469,334	65,041	640
MAD-0.1-agents500-hours6.json	984	793	191	592	500	410	82,000	54	19	19	randomSolver	26,260	59,382	0,000	66,667	75,000	87,500	10,057	12,640	0,000	46,875	64,063	48,438	4229,911	100,000	984
MAD-0.1-agents172-hours4.json	984	793	191	264	172	172	100,000	54	19	19	referenceSolver	23,674	34,400	12,500	37,500	87,500	87,500	16,006	10,033	3,646	37,500	87,500	87,500	164,921	31,707	312
MAD-0.1-agents172-hours4.json	984	793	191	264	172	172	100,000	54	19	19	randomSolver	57,244	58,200	75,000	62,500	62,500	50,000	26,203	20,840	21,875	53,125	43,750	29,688	2734,510	100,000	984
MAD-0.1-agents342-hours8.json	984	793	191	434	342	342	100,000	54	19	19	referenceSolver	19,326	50,969	12,500	87,500	25,000	12,500	9,731	7,433	1,823	87,500	25,000	1,563	324,031	48,984	482
MAD-0.1-agents342-hours8.json	984	793	191	434	342	318	92,982	54	19	19	randomSolver	34,760	57,320	12,500	75,000	50,000	75,000	12,609	10,062	1,823	42,188	18,750	43,750	3057,156	100,000	984
MAD-0.1-agents422-hours4.json	984	793	191	514	422	422	100,000	54	19	19	referenceSolver	18,264	56,192	12,500	12,500	12,500	87,500	10,000	16,389	3,646	3,125	1,563	87,500	382,190	57,114	562
MAD-0.1-agents422-hours4.json	984	793	191	514	422	376	89,100	54	19	19	randomSolver	30,847	59,992	25,000	37,500	75,000	87,500	13,459	18,870	7,292	28,125	64,063	76,563	4189,120	100,000	984
MAD-0.1-agents191-hours6.json	984	793	191	283	191	191	100,000	54	19	19	referenceSolver	22,924	36,802	12,500	12,500	12,500	12,500	14,356	7,156	2,431	1,563	1,563	1,563	185,744	33,638	331
MAD-0.1-agents191-hours6.json	984	793	191	283	191	189	98,953	54	19	19	randomSolver	51,420	55,675	67,724	50,000	75,000	87,500	21,039	14,609	17,014	18,750	65,625	54,688	3779,575	100,000	984
MAD-0.1-agents283-hours8.json	984	793	191	375	283	283	100,000	54	19	19	referenceSolver	20,400	46,242	12,500	12,500	12,500	12,500	10,980	6,744	1,823	3,125	3,125	1,563	262,980	42,988	423
MAD-0.1-agents283-hours8.json	984	793	191	375	283	266	93,993	54	19	19	randomSolver	38,804	54,795	12,500	75,000	50,000	75,000	14,592	11,405	1,823	54,688	29,688	34,375	2556,473	100,000	984
MAD-0.1-agents35-hours4.json	984	793	191	127	35	35	100,000	54	19	19	referenceSolver	35,827	9,615	12,500	87,500	37,500	12,500	29,364	2,804	3,646	87,500	37,500	1,563	39,279	17,785	175
MAD-0.1-agents35-hours4.json	984	793	191	127	35	35	100,000	54	19	19	randomSolver	70,252	39,732	81,494	87,500	75,000	87,500	44,595	28,315	36,458	78,125	53,125	68,750	827,615	65,041	640
MAD-0.1-agents405-hours8.json	984	793	191	497	405	405	100,000	54	19	19	referenceSolver	18,436	55,252	12,500	12,500	87,500	12,500	8,726	8,058	1,823	1,563	87,500	3,125	392,520	55,386	545
MAD-0.1-agents405-hours8.json	984	793	191	497	405	354	87,407	54	19	19	randomSolver	30,180	56,516	12,500	75,000	87,500	75,000	11,010	10,330	1,823	46,875	35,938	43,750	3445,024	100,000	984
MAD-0.1-agents365-hours4.json	984	793	191	457	365	365	100,000	54	19	19	referenceSolver	18,982	52,594	12,500	87,500	12,500	37,500	10,789	15,340	3,646	87,500	3,125	37,500	344,526	51,321	505
MAD-0.1-agents365-hours4.json	984	793	191	457	365	335	91,781	54	19	19	randomSolver	34,552	59,991	25,000	62,500	75,000	62,500	15,137	18,825	7,292	51,563	45,313	42,188	5477,904	100,000	984
MAD-0.1-agents155-hours8.json	984	793	191	247	155	155	100,000	54	19	19	referenceSolver	24,595	31,893	12,500	12,500	12,500	12,500	15,738	4,651	1,823	1,563	1,563	1,563	152,762	29,980	295
MAD-0.1-agents155-hours8.json	984	793	191	247	155	155	100,000	54	19	19	randomSolver	53,698	50,365	62,500	62,500	62,500	62,500	22,154	12,905	9,115	42,188	21,875	53,125	2397,099	100,000	984
MAD-0.1-agents88-hours6.json	984	793	191	180	88	88	100,000	54	19	19	referenceSolver	28,958	21,103	12,500	62,500	12,500	87,500	21,188	4,103	2,431	62,500	3,125	87,500	86,250	23,171	228
MAD-0.1-agents88-hours6.json	984	793	191	180	88	88	100,000	54	19	19	randomSolver	67,738	48,491	78,575	75,000	50,000	62,500	33,078	20,310	21,875	23,438	20,313	32,813	867,615	100,000	984
MAD-0.1-agents247-hours6.json	984	793	191	339	247	247	100,000	54	19	19	referenceSolver	21,239	42,882	12,500	12,500	87,500	12,500	12,390	8,338	2,431	1,563	87,500	3,125	230,658	39,329	387
MAD-0.1-agents247-hours6.json	984	793	191	339	247	241	97,571	54	19	19	randomSolver	44,311	56,907	38,177	67,500	75,000	62,500	17,563	14,072	14,583	45,313	64,063	40,625	2228,106	100,000	984
MAD-0.1-agents75-hours6.json	984	793	191	167	75	75	100,000	54	19	19	referenceSolver	30,165	18,610	12,500	87,500	62,500	12,500	22,639	3,619	2,431	87,500	62,500	3,125	78,156	21,850	215
MAD-0.1-agents75-hours6.json	984	793	191	167	75	75	100,000	54	19	19	randomSolver	68,394	47,102	53,279	79,167	62,500	75,000	35,653	22,608	29,167	37,500	53,125	34,375	1075,646	100,000	984
MAD-0.1-agents398-hours4.json	984	793	191	490	398	398	100,000	54	19	19	referenceSolver	18,546	54,746	12,500	87,500	12,500	87,500	10,308	15,967	3,646	87,500	3,125	87,500	359,574	54,675	538
MAD-0.1-agents398-hours4.json	984	793	191	490	398	352	88,442	54	19	19	randomSolver	31,916	59,701	37,500	62,500	75,000	41,667	14,118	19,004	10,938	43,750	54,688	29,688	3651,299	100,000	984
MAD-0.1-agents325-hours6.json	984	793	191	417	325	325	100,000	54	19	19	referenceSolver	19,634	49,618	12,500	87,500	12,500	12,500	10,531	9,648	2,431	87,500	1,563	1,563	302,061	47,256	465
MAD-0.1-agents325-hours6.json	984	793	191	417	325	308	94,769	54	19	19	randomSolver	36,631	58,378	12,500	50,000	62,500	62,500	14,278	13,237	2,431	50,000	42,188	32,813	5540,863	100,000	984
MAD-0.1-agents207-hours4.json	984	793	191	299	207	207	100,000	54	19	19	referenceSolver	22,366	38,692	12,500	25,000	87,500	12,500	14,559	11,285	3,646	15,625	87,500	3,125	199,320	35,264	347
MAD-0.1-agents207-hours4.json	984	793	191	299	207	205	99,034	54	19	19	randomSolver	50,694	58,706	57,447	50,000	87,500	62,500	23,136	20,705	21,875	40,625	65,625	21,875	2651,473	100,000	984
MAD-0.1-agents481-hours4.json	984	793	191	573	481	481	100,000	54	19	19	referenceSolver	17,670	59,383	12,500	87,500	12,500	87,500	9,343	17,320	3,646	87,500	1,563	87,500	456,121	63,110	621
MAD-0.1-agents481-hours4.json	984	793	191	573	481	412	85,655	54	19	19	randomSolver	27,653	60,289	12,500	37,500	62,500	75,000	12,073	18,512	3,646	28,125	32,813	65,625	4579,306	100,000	984
MAD-0.1-agents45-hours4.json	984	793	191	137	45	45	100,000	54	19	19	referenceSolver	34,124	12,032	12,500	37,500	87,500	12,500	27,475	3,509	3,646	37,500	87,500	1,563	50,820	18,801	185
MAD-0.1-agents45-hours4.json	984	793	191	137	45	45	100,000	54	19	19	randomSolver	70,745	44,021	77,794	62,500	75,000	41,667	43,921	29,885	36,458	42,188	54,688	20,313	704,378	74,898	737
MAD-0.1-agents315-hours4.json	984	793	191	407	315	315	100,000	54	19	19	referenceSolver	19,748	48,989	12,500	87,500	87,500	87,500	11,663	14,288	3,646	87,500	87,500	87,500	315,016	46,240	455
MAD-0.1-agents315-hours4.json	984	793	191	407	315	303	96,190	54	19	19	randomSolver	38,189	59,497	12,500	50,000	62,500	62,500	16,997	19,318	3,646	20,313	31,250	32,813	3033,131	100,000	984
MAD-0.1-agents475-hours8.json	984	793	191	567	475	475	100,000	54	19	19	referenceSolver	17,725	59,080	12,500	87,500	12,500	87,500	7,876	8,616	1,823	87,500	1,563	87,500	488,319	62,500	615
MAD-0.1-agents475-hours8.json	984	793	191	567	475	390	82,105	54	19	19	randomSolver	26,527	56,735	50,000	50,000	75,000	87,500	9,651	10,196	7,292	50,000	43,750	45,313	4618,284	100,000	984
MAD-0.1-agents237-hours6.json	984	793	191	329	237	237	100,000	54	19	19	referenceSolver	21,581	41,725	12,500	12,500	12,500	87,500	12,707	8,113	2,431	1,563	1,563	87,500	284,345	38,313	377
MAD-0.1-agents237-hours6.json	984	793	191	329	237	233	98,312	54	19	19	randomSolver	45,087	56,307	54,930	68,750	75,000	62,500	18,097	14,401	14,583	29,688	54,688	42,188	4346,237	100,000	984
MAD-0.1-agents125-hours8.json	984	793	191	217	125	125	100,000	54	19	19	referenceSolver	26,152	27,533	12,500	87,500	12,500	87,500	17,647	4,015	1,823	87,500	1,563	87,500	172,899	26,931	265
MAD-0.1-agents125-hours8.json	984	793	191	217	125	125	100,000	54	19	19	randomSolver	58,655	48,421	37,500	75,000	62,500	75,000	25,217	14,158	5,469	54,688	62,500	65,625	2239,027	100,000	984
MAD-0.1-agents488-hours8.json	984	793	191	580	488	488	100,000	54	19	19	referenceSolver	17,586	59,804	12,500	12,500	12,500	12,500	7,738	8,721	1,823	1,563	1,563	1,563	474,045	63,821	628
MAD-0.1-agents488-hours8.json	984	793	191	580	488	411	84,221	54	19	19	randomSolver	26,549	58,373	50,000	50,000	54,167	50,000	9,435	9,748	7,292	20,313	34,375	29,688	4410,565	100,000	984
MAD-0.1-agents355-hours6.json	984	793	191	447	355	355	100,000	54	19	19	referenceSolver	19,128	51,901	12,500	12,500	12,500	87,500	9,987	10,092	2,431	1,563	1,563	87,500	343,762	50,305	495
MAD-0.1-agents355-hours6.json	984	793	191	447	355	328	92,394	54	19	19	randomSolver	34,554	58,637	62,500	50,000	37,500	87,500	13,320	13,117	12,153	31,250	28,125	87,500	4874,106	100,000	984
MAD-0.1-agents277-hours4.json	984	793	191	369	277	277	100,000	54	19	19	referenceSolver	20,495	45,785	12,500	87,500	87,500	12,500	12,489	13,354	3,646	87,500	87,500	1,563	252,432	42,378	417
MAD-0.1-agents277-hours4.json	984	793	191	369	277	272	98,195	54	19	19	randomSolver	42,027	59,450	25,000	50,000	87,500	75,000	18,747	19,631	7,292	50,000	67,188	45,313	4949,556	100,000	984
MAD-0.1-agents391-hours8.json	984	793	191	483	391	391	100,000	54	19	19	referenceSolver	18,634	54,306	12,500	25,000	87,500	50,000	8,932	7,920	1,823	25,000	87,500	50,000	362,110	53,963	531
MAD-0.1-agents391-hours8.json	984	793	191	483	391	340	86,957	54	19	19	randomSolver	30,929	55,993	25,000	62,500	62,500	62,500	11,329	10,442	3,646	21,875	51,563	53,125	5370,609	100,000	984
MAD-0.1-agents4-hours4.json	984	793	191	96	4	4	100,000	54	19	19	referenceSolver	43,359	1,201	12,500	50,000	12,500	12,500	37,652	0,350	3,646	50,000	1,563	1,563	9,676	14,634	144
MAD-0.1-agents4-hours4.json	984	793	191	96	4	4	100,000	54	19	19	randomSolver	68,335	8,636	72,463	87,500	87,500	62,500	44,032	6,143	47,396	56,250	65,625	42,188	183,271	25,000	246
MAD-0.1-agents450-hours6.json	984	793	191	542	450	450	100,000	54	19	19	referenceSolver	17,966	57,766	12,500	87,500	12,500	87,500	8,660	11,232	2,431	87,500	1,563	87,500	423,634	59,959	590
MAD-0.1-agents450-hours6.json	984	793	191	542	450	385	85,556	54	19	19	randomSolver	28,628	59,118	0,000	75,000	50,000	87,500	10,985	12,878	0,000	23,438	39,063	67,188	3908,651	100,000	984
MAD-0.1-agents100-hours6.json	984	793	191	192	100	100	100,000	54	19	19	referenceSolver	27,930	23,310	12,500	87,500	37,500	12,500	20,016	4,533	2,431	87,500	37,500	3,125	98,289	24,390	240
MAD-0.1-agents100-hours6.json	984	793	191	192	100	100	100,000	54	19	19	randomSolver	65,669	49,703	50,000	75,000	75,000	62,500	31,010	19,146	9,722	54,688	46,875	51,563	1723,176	100,000	984
MAD-0.1-agents212-hours8.json	984	793	191	304	212	212	100,000	54	19	19	referenceSolver	22,286	39,114	12,500	12,500	12,500	12,500	13,124	5,704	1,823	3,125	1,563	1,563	216,446	35,772	352
MAD-0.1-agents212-hours8.json	984	793	191	304	212	209	98,585	54	19	19	randomSolver	46,772	53,461	37,500	75,000	62,500	62,500	18,000	11,114	5,469	53,125	51,563	40,625	4041,533	100,000	984
MAD-0.1-agents19-hours6.json	984	793	191	111	19	19	100,000	54	19	19	referenceSolver	39,189	5,460	12,500	87,500	87,500	62,500	32,863	1,062	2,431	87,500	87,500	62,500	23,382	16,159	159
MAD-0.1-agents19-hours6.json	984	793	191	111	19	19	100,000	54	19	19	randomSolver	67,490	30,946	65,753	87,500	50,000	75,000	44,399	25,845	51,042	57,813	40,625	54,688	494,865	57,114	562
MAD-0.1-agents494-hours8.json	984	793	191	586	494	494	100,000	54	19	19	referenceSolver	17,555	60,024	12,500	12,500	12,500	87,500	7,683	8,754	1,823	3,125	1,563	87,500	491,481	64,431	634
MAD-0.1-agents494-hours8.json	984	793	191	586	494	399	80,769	54	19	19	randomSolver	26,073	57,523	25,000	37,500	87,500	75,000	9,338	9,972	3,646	37,500	57,813	53,125	4340,447	100,000	984
MAD-0.1-agents349-hours6.json	984	793	191	441	349	349	100,000	54	19	19	referenceSolver	19,189	51,551	12,500	87,500	12,500	12,500	10,083	10,024	2,431	87,500	1,563	1,563	330,154	49,695	489
MAD-0.1-agents349-hours6.json	984	793	191	441	349	327	93,696	54	19	19	randomSolver	34,684	58,253	25,000	50,000	87,500	62,500	13,501	13,147	4,861	18,750	67,188	40,625	3452,757	100,000	984
MAD-0.1-agents59-hours4.json	984	793	191	151	59	59	100,000	54	19	19	referenceSolver	32,119	15,206	12,500	12,500	87,500	87,500	25,266	4,435	3,646	3,125	87,500	87,500	62,806	20,224	199
MAD-0.1-agents59-hours4.json	984	793	191	151	59	59	100,000	54	19	19	randomSolver	72,137	49,186	79,178	62,500	75,000	75,000	42,650	30,710	47,396	32,813	53,125	64,063	824,980	86,687	853
MAD-0.1-agents296-hours4.json	984	793	191	388	296	296	100,000	54	19	19	referenceSolver	20,103	47,436	12,500	87,500	12,500	12,500	12,056	13,835	3,646	87,500	3,125	3,125	291,403	44,309	436
MAD-0.1-agents296-hours4.json	984	793	191	388	296	284	95,946	54	19	19	randomSolver	40,193	59,470	50,000	50,000	62,500	37,500	17,829	19,541	14,583	39,063	40,625	17,188	2675,101	100,000	984
MAD-0.1-agents469-hours8.json	984	793	191	561	469	469	100,000	54	19	19	referenceSolver	17,758	58,846	12,500	12,500	12,500	87,500	7,938	8,582	1,823	1,563	1,563	87,500	449,728	61,890	609
MAD-0.1-agents469-hours8.json	984	793	191	561	469	385	82,090	54	19	19	randomSolver	26,646	56,794	12,500	50,000	75,000	87,500	9,754	10,308	1,823	40,625	56,250	78,125	4774,288	100,000	984
MAD-0.1-agents309-hours4.json	984	793	191	401	309	309	100,000	54	19	19	referenceSolver	19,857	48,509	12,500	87,500	12,500	87,500	11,783	14,148	3,646	87,500	1,563	87,500	311,851	45,630	449
MAD-0.1-agents309-hours4.json	984	793	191	401	309	293	94,822	54	19	19	randomSolver	39,126	59,865	37,500	81,250	87,500	75,000	17,251	19,004	10,938	59,375	65,625	65,625	3349,971	100,000	984
MAD-0.1-agents139-hours8.json	984	793	191	231	139	139	100,000	54	19	19	referenceSolver	25,271	29,764	12,500	12,500	12,500	12,500	16,675	4,341	1,823	1,563	1,563	1,563	134,954	28,354	279
MAD-0.1-agents139-hours8.json	984	793	191	231	139	139	100,000	54	19	19	randomSolver	56,903	49,338	45,333	87,500	87,500	62,500	23,689	13,330	12,760	46,875	46,875	32,813	2744,835	100,000	984
MAD-0.1-agents20-hours8.json	984	793	191	112	20	20	100,000	54	19	19	referenceSolver	38,839	5,747	12,500	87,500	87,500	12,500	32,454	0,838	1,823	87,500	87,500	1,563	24,841	16,260	160
MAD-0.1-agents20-hours8.json	984	793	191	112	20	20	100,000	54	19	19	randomSolver	65,362	34,462	62,318	37,500	75,000	62,500	44,269	30,038	45,573	28,125	45,313	51,563	740,718	71,341	702
MAD-0.1-agents410-hours4.json	984	793	191	502	410	410	100,000	54	19	19	referenceSolver	18,376	55,556	12,500	87,500	87,500	87,500	10,146	16,204	3,646	87,500	87,500	87,500	399,965	55,894	550
MAD-0.1-agents410-hours4.json	984	793	191	502	410	365	89,024	54	19	19	randomSolver	31,347	60,049	12,500	75,000	87,500	75,000	13,780	18,736	3,646	43,750	67,188	43,750	4272,514	100,000	984
MAD-0.1-agents370-hours8.json	984	793	191	462	370	370	100,000	54	19	19	referenceSolver	18,885	53,009	12,500	87,500	87,500	12,500	9,249	7,730	1,823	87,500	87,500	1,563	377,776	51,829	510
MAD-0.1-agents370-hours8.json	984	793	191	462	370	339	91,622	54	19	19	randomSolver	32,722	56,804	25,000	42,500	62,500	75,000	11,844	10,241	3,646	21,875	32,813	56,250	3844,336	100,000	984
MAD-0.1-agents140-hours4.json	984	793	191	232	140	140	100,000	54	19	19	referenceSolver	25,269	29,851	12,500	12,500	12,500	87,500	17,724	8,706	3,646	1,563	3,125	87,500	135,712	28,455	280
MAD-0.1-agents140-hours4.json	984	793	191	232	140	140	100,000	54	19	19	randomSolver	62,942	57,340	75,000	75,000	87,500	75,000	29,818	21,959	21,875	53,125	57,813	56,250	1840,731	100,000	984
MAD-0.1-agents420-hours6.json	984	793	191	512	420	420	100,000	54	19	19	referenceSolver	18,262	56,150	12,500	87,500	87,500	12,500	9,022	10,918	2,431	87,500	87,500	1,563	482,353	56,911	560
MAD-0.1-agents420-hours6.json	984	793	191	512	420	367	87,381	54	19	19	randomSolver	30,413	58,972	0,000	87,500	87,500	62,500	11,629	12,908	0,000	56,250	45,313	20,313	4153,930	100,000	984
MAD-0.1-agents262-hours8.json	984	793	191	354	262	262	100,000	54	19	19	referenceSolver	20,869	44,332	12,500	12,500	12,500	12,500	11,519	6,465	1,823	1,563	1,563	1,563	262,184	40,854	402
MAD-0.1-agents262-hours8.json	984	793	191	354	262	253	96,565	54	19	19	randomSolver	41,166	54,719	32,778	87,500	75,000	62,500	15,458	11,091	7,292	78,125	37,500	42,188	2545,076	100,000	984
MAD-0.1-agents170-hours6.json	984	793	191	262	170	170	100,000	54	19	19	referenceSolver	23,807	34,068	12,500	12,500	87,500	12,500	15,318	6,624	2,431	1,563	87,500	1,563	164,190	31,504	310
MAD-0.1-agents170-hours6.json	984	793	191	262	170	169	99,412	54	19	19	randomSolver	54,635	54,951	25,000	62,500	54,167	62,500	22,725	15,206	4,861	53,125	43,750	53,125	1925,868	100,000	984
MAD-0.1-agents69-hours6.json	984	793	191	161	69	69	100,000	54	19	19	referenceSolver	30,823	17,380	12,500	87,500	87,500	87,500	23,392	3,380	2,431	87,500	87,500	87,500	72,609	21,240	209
MAD-0.1-agents69-hours6.json	984	793	191	161	69	69	100,000	54	19	19	randomSolver	69,188	46,197	66,199	75,000	75,000	62,500	36,981	24,250	31,597	34,375	64,063	29,688	856,897	100,000	984
MAD-0.1-agents384-hours4.json	984	793	191	476	384	384	100,000	54	19	19	referenceSolver	18,750	53,782	12,500	87,500	87,500	12,500	10,511	15,686	3,646	87,500	87,500	1,563	389,222	53,252	524
MAD-0.1-agents384-hours4.json	984	793	191	476	384	347	90,365	54	19	19	randomSolver	32,802	59,843	12,500	62,500	75,000	87,500	14,533	18,959	3,646	51,563	37,500	48,438	3499,758	100,000	984
MAD-0.1-agents339-hours6.json	984	793	191	431	339	339	100,000	54	19	19	referenceSolver	19,374	50,749	12,500	12,500	12,500	87,500	10,268	9,868	2,431	1,563	1,563	87,500	341,107	48,679	479
MAD-0.1-agents339-hours6.json	984	793	191	431	339	319	94,100	54	19	19	randomSolver	35,735	58,261	25,000	62,500	62,500	87,500	13,814	13,296	4,861	42,188	53,125	48,438	6404,966	100,000	984
MAD-0.1-agents29-hours4.json	984	793	191	121	29	29	100,000	54	19	19	referenceSolver	36,983	8,101	12,500	87,500	12,500	12,500	30,626	2,363	3,646	87,500	1,563	1,563	33,875	17,175	169
MAD-0.1-agents29-hours4.json	984	793	191	121	29	29	100,000	54	19	19	randomSolver	69,778	37,135	74,359	37,500	75,000	37,500	44,968	27,608	51,042	26,563	54,688	28,125	432,560	58,841	579
MAD-0.1-agents379-hours4.json	984	793	191	471	379	379	100,000	54	19	19	referenceSolver	18,790	53,531	12,500	12,500	87,500	12,500	10,577	15,613	3,646	1,563	87,500	1,563	356,796	52,744	519
MAD-0.1-agents379-hours4.json	984	793	191	471	379	338	89,182	54	19	19	randomSolver	33,529	60,297	37,500	75,000	87,500	75,000	14,687	18,601	10,938	43,750	45,313	54,688	4036,913	100,000	984
MAD-0.1-agents419-hours8.json	984	793	191	511	419	419	100,000	54	19	19	referenceSolver	18,273	56,091	12,500	12,500	12,500	12,500	8,537	8,180	1,823	1,563	3,125	1,563	406,872	56,809	559
MAD-0.1-agents419-hours8.json	984	793	191	511	419	361	86,158	54	19	19	randomSolver	29,196	56,260	50,000	62,500	75,000	87,500	10,709	10,241	7,292	32,813	75,000	56,250	5935,494	100,000	984
MAD-0.1-agents149-hours8.json	984	793	191	241	149	149	100,000	54	19	19	referenceSolver	24,793	31,172	12,500	12,500	12,500	12,500	16,065	4,546	1,823	1,563	3,125	1,563	150,522	29,370	289
MAD-0.1-agents149-hours8.json	984	793	191	241	149	149	100,000	54	19	19	randomSolver	55,854	50,860	60,606	75,000	62,500	87,500	22,706	12,591	10,938	64,063	32,813	57,813	1648,474	100,000	984
MAD-0.1-agents94-hours6.json	984	793	191	186	94	94	100,000	54	19	19	referenceSolver	28,360	22,275	12,500	87,500	87,500	12,500	20,575	4,331	2,431	87,500	87,500	3,125	95,560	23,780	234
MAD-0.1-agents94-hours6.json	984	793	191	186	94	94	100,000	54	19	19	randomSolver	67,226	49,238	81,863	87,500	62,500	75,000	32,011	19,385	19,444	50,000	62,500	34,375	1079,966	100,000	984
MAD-0.1-agents50-hours8.json	984	793	191	142	50	50	100,000	54	19	19	referenceSolver	33,275	13,228	12,500	12,500	37,500	12,500	25,983	1,929	1,823	1,563	37,500	3,125	51,599	19,309	190
MAD-0.1-agents50-hours8.json	984	793	191	142	50	50	100,000	54	19	19	randomSolver	64,006	37,850	35,873	75,000	75,000	62,500	38,536	24,567	32,813	65,625	34,375	42,188	1314,793	100,000	984
MAD-0.1-agents300-hours8.json	984	793	191	392	300	300	100,000	54	19	19	referenceSolver	20,057	47,695	12,500	12,500	87,500	87,500	10,579	6,955	1,823	1,563	87,500	87,500	387,036	44,715	440
MAD-0.1-agents300-hours8.json	984	793	191	392	300	288	96,000	54	19	19	randomSolver	37,144	54,798	37,500	62,500	62,500	75,000	13,960	10,957	5,469	51,563	62,500	45,313	5054,229	100,000	984
MAD-0.1-agents460-hours4.json	984	793	191	552	460	460	100,000	54	19	19	referenceSolver	17,867	58,302	12,500	12,500	12,500	12,500	9,560	17,005	3,646	1,563	1,563	3,125	440,875	60,976	600
MAD-0.1-agents460-hours4.json	984	793	191	552	460	380	82,609	54	19	19	randomSolver	28,332	59,948	12,500	50,000	62,500	50,000	12,532	18,959	3,646	18,750	51,563	20,313	4039,351	100,000	984
MAD-0.1-agents130-hours4.json	984	793	191	222	130	130	100,000	54	19	19	referenceSolver	25,788	28,384	12,500	87,500	87,500	12,500	18,344	8,279	3,646	87,500	87,500	3,125	128,474	27,439	270
MAD-0.1-agents130-hours4.json	984	793	191	222	130	130	100,000	54	19	19	randomSolver	66,268	57,485	75,000	68,750	75,000	75,000	31,161	21,780	21,875	46,875	23,438	54,688	1691,823	100,000	984
MAD-0.1-agents483-hours6.json	984	793	191	575	483	483	100,000	54	19	19	referenceSolver	17,652	59,483	12,500	12,500	12,500	87,500	8,305	11,566	2,431	3,125	1,563	87,500	488,221	63,313	623
MAD-0.1-agents483-hours6.json	984	793	191	575	483	413	85,507	54	19	19	randomSolver	27,116	58,930	37,500	75,000	75,000	87,500	10,355	12,849	7,292	43,750	45,313	65,625	4516,958	100,000	984
MAD-0.1-agents77-hours4.json	984	793	191	169	77	77	100,000	54	19	19	referenceSolver	29,956	19,012	12,500	87,500	87,500	87,500	22,954	5,545	3,646	87,500	87,500	87,500	78,054	22,053	217
MAD-0.1-agents77-hours4.json	984	793	191	169	77	77	100,000	54	19	19	randomSolver	73,801	52,608	80,402	62,500	50,000	75,000	40,717	29,573	36,458	40,625	29,688	45,313	1491,049	98,984	974
MAD-0.1-agents117-hours8.json	984	793	191	209	117	117	100,000	54	19	19	referenceSolver	26,675	26,233	12,500	37,500	12,500	12,500	18,245	3,826	1,823	37,500	1,563	1,563	115,223	26,118	257
MAD-0.1-agents117-hours8.json	984	793	191	209	117	117	100,000	54	19	19	randomSolver	59,461	46,794	79,605	62,500	75,000	75,000	26,182	14,158	14,583	42,188	65,625	56,250	1304,333	100,000	984
MAD-0.1-agents205-hours6.json	984	793	191	297	205	205	100,000	54	19	19	referenceSolver	22,433	38,462	12,500	12,500	87,500	37,500	13,794	7,479	2,431	1,563	87,500	37,500	210,284	35,061	345
MAD-0.1-agents205-hours6.json	984	793	191	297	205	203	99,024	54	19	19	randomSolver	49,243	56,079	50,000	62,500	75,000	87,500	20,047	14,401	9,722	62,500	32,813	67,188	2927,201	100,000	984
MAD-0.1-agents447-hours8.json	984	793	191	539	447	447	100,000	54	19	19	referenceSolver	18,019	57,529	12,500	12,500	12,500	12,500	8,194	8,390	1,823	3,125	1,563	1,563	443,796	59,654	587
MAD-0.1-agents447-hours8.json	984	793	191	539	447	370	82,774	54	19	19	randomSolver	28,156	57,073	12,500	75,000	62,500	62,500	10,152	10,062	1,823	25,000	40,625	31,250	5834,708	100,000	984
MAD-0.1-agents327-hours4.json	984	793	191	419	327	327	100,000	54	19	19	referenceSolver	19,570	49,848	12,500	87,500	12,500	12,500	11,437	14,539	3,646	87,500	1,563	1,563	329,275	47,459	467
MAD-0.1-agents327-hours4.json	984	793	191	419	327	311	95,107	54	19	19	randomSolver	37,156	59,378	50,000	62,500	87,500	62,500	16,510	19,407	14,583	42,188	34,375	31,250	3641,778	100,000	984
MAD-0.1-agents37-hours6.json	984	793	191	129	37	37	100,000	54	19	19	referenceSolver	35,465	10,109	12,500	87,500	12,500	87,500	28,604	1,966	2,431	87,500	3,125	87,500	42,906	17,988	177
MAD-0.1-agents37-hours6.json	984	793	191	129	37	37	100,000	54	19	19	randomSolver	66,326	39,221	68,881	75,000	62,500	87,500	42,632	29,376	48,611	45,313	53,125	56,250	914,672	80,996	797
MAD-0.1-agents245-hours4.json	984	793	191	337	245	245	100,000	54	19	19	referenceSolver	21,291	42,683	12,500	87,500	12,500	12,500	13,338	12,449	3,646	87,500	1,563	1,563	284,403	39,126	385
MAD-0.1-agents245-hours4.json	984	793	191	337	245	241	98,367	54	19	19	randomSolver	46,211	59,347	62,500	81,250	75,000	75,000	20,527	19,452	18,229	48,438	64,063	46,875	2224,679	100,000	984
MAD-0.1-agents367-hours6.json	984	793	191	459	367	367	100,000	54	19	19	referenceSolver	18,927	52,806	12,500	12,500	12,500	12,500	9,783	10,268	2,431	1,563	3,125	3,125	364,937	51,524	507
MAD-0.1-agents367-hours6.json	984	793	191	459	367	325	88,556	54	19	19	randomSolver	33,738	58,758	25,000	50,000	87,500	62,500	12,972	13,057	4,861	40,625	87,500	32,813	3286,260	100,000	984
MAD-0.1-agents193-hours4.json	984	793	191	285	193	193	100,000	54	19	19	referenceSolver	22,895	36,973	12,500	87,500	12,500	62,500	15,101	10,784	3,646	87,500	1,563	62,500	196,737	33,841	333
MAD-0.1-agents193-hours4.json	984	793	191	285	193	192	99,482	54	19	19	randomSolver	52,445	58,136	37,500	75,000	37,500	75,000	24,273	21,019	10,938	53,125	15,625	75,000	2607,970	100,000	984
MAD-0.1-agents275-hours6.json	984	793	191	367	275	275	100,000	54	19	19	referenceSolver	20,538	45,605	12,500	12,500	87,500	12,500	11,626	8,868	2,431	1,563	87,500	3,125	265,639	42,175	415
MAD-0.1-agents275-hours6.json	984	793	191	367	275	263	95,636	54	19	19	randomSolver	41,113	57,167	37,500	50,000	62,500	50,000	16,223	13,744	7,292	29,688	32,813	39,063	2476,423	100,000	984
MAD-0.1-agents167-hours8.json	984	793	191	259	167	167	100,000	54	19	19	referenceSolver	23,986	33,602	12,500	87,500	87,500	12,500	15,087	4,900	1,823	87,500	87,500	1,563	176,376	31,199	307
MAD-0.1-agents167-hours8.json	984	793	191	259	167	167	100,000	54	19	19	randomSolver	52,665	51,377	34,578	62,500	66,667	75,000	21,128	12,278	10,938	62,500	45,313	54,688	1812,108	100,000	984
MAD-0.1-agents357-hours4.json	984	793	191	449	357	357	100,000	54	19	19	referenceSolver	19,126	51,965	12,500	87,500	87,500	87,500	10,924	15,156	3,646	87,500	87,500	87,500	344,276	50,508	497
MAD-0.1-agents357-hours4.json	984	793	191	449	357	325	91,036	54	19	19	randomSolver	34,938	59,781	50,000	87,500	62,500	37,500	15,407	19,004	14,583	57,813	40,625	37,500	5030,118	100,000	984
MAD-0.1-agents437-hours8.json	984	793	191	529	437	437	100,000	54	19	19	referenceSolver	18,124	56,975	12,500	12,500	12,500	12,500	8,317	8,309	1,823	1,563	3,125	1,563	450,788	58,638	577
MAD-0.1-agents437-hours8.json	984	793	191	529	437	374	85,584	54	19	19	randomSolver	28,643	56,987	12,500	50,000	87,500	87,500	10,344	10,196	1,823	40,625	59,375	54,688	4931,214	100,000	984
MAD-0.1-agents288-hours6.json	984	793	191	380	288	288	100,000	54	19	19	referenceSolver	20,263	46,753	12,500	87,500	12,500	87,500	11,312	9,091	2,431	87,500	1,563	87,500	293,365	43,496	428
MAD-0.1-agents288-hours6.json	984	793	191	380	288	283	98,264	54	19	19	randomSolver	40,556	58,580	25,000	50,000	41,667	50,000	15,668	13,147	4,861	18,750	29,688	31,250	4735,258	100,000	984
MAD-0.1-agents47-hours6.json	984	793	191	139	47	47	100,000	54	19	19	referenceSolver	33,813	12,500	12,500	87,500	87,500	12,500	26,721	2,431	2,431	87,500	87,500	1,563	50,536	19,004	187
MAD-0.1-agents47-hours6.json	984	793	191	139	47	47	100,000	54	19	19	randomSolver	66,875	42,181	62,190	62,500	62,500	75,000	41,383	29,772	34,028	23,438	31,250	54,688	514,622	91,565	901
MAD-0.1-agents235-hours4.json	984	793	191	327	235	235	100,000	54	19	19	referenceSolver	21,521	41,741	12,500	12,500	87,500	87,500	13,624	12,174	3,646	1,563	87,500	87,500	227,255	38,110	375
MAD-0.1-agents235-hours4.json	984	793	191	327	235	233	99,149	54	19	19	randomSolver	47,031	59,191	50,000	80,000	87,500	87,500	21,155	19,676	14,583	59,375	87,500	37,500	3744,957	100,000	984
MAD-0.1-agents317-hours6.json	984	793	191	409	317	317	100,000	54	19	19	referenceSolver	19,743	49,071	12,500	12,500	87,500	87,500	10,686	9,542	2,431	1,563	87,500	87,500	312,428	46,443	457
MAD-0.1-agents317-hours6.json	984	793	191	409	317	300	94,637	54	19	19	randomSolver	37,069	57,845	12,500	37,500	75,000	62,500	14,557	13,505	2,431	17,188	64,063	42,188	3584,558	100,000	984
MAD-0.1-agents83-hours8.json	984	793	191	175	83	83	100,000	54	19	19	referenceSolver	29,429	20,146	12,500	87,500	12,500	12,500	21,436	2,938	1,823	87,500	3,125	3,125	94,239	22,663	223
MAD-0.1-agents83-hours8.json	984	793	191	175	83	83	100,000	54	19	19	randomSolver	64,983	43,161	53,766	50,000	75,000	62,500	31,269	17,269	16,406	9,375	53,125	42,188	1732,484	100,000	984
MAD-0.1-agents350-hours6.json	984	793	191	442	350	350	100,000	54	19	19	referenceSolver	19,231	51,471	12,500	87,500	12,500	87,500	10,073	10,008	2,431	87,500	3,125	87,500	378,835	49,797	490
MAD-0.1-agents350-hours6.json	984	793	191	442	350	323	92,286	54	19	19	randomSolver	34,665	58,328	25,000	62,500	62,500	50,000	13,471	13,087	4,861	21,875	29,688	17,188	4575,437	100,000	984
MAD-0.1-agents272-hours4.json	984	793	191	364	272	272	100,000	54	19	19	referenceSolver	20,604	45,333	12,500	12,500	87,500	12,500	12,610	13,222	3,646	1,563	87,500	1,563	279,883	41,870	412
MAD-0.1-agents272-hours4.json	984	793	191	364	272	264	97,059	54	19	19	randomSolver	42,299	59,402	62,500	50,000	62,500	75,000	19,005	19,900	18,229	39,063	40,625	31,250	2865,818	100,000	984
MAD-0.1-agents394-hours8.json	984	793	191	486	394	394	100,000	54	19	19	referenceSolver	18,621	54,420	12,500	87,500	12,500	87,500	8,892	7,936	1,823	87,500	3,125	87,500	394,621	54,268	534
MAD-0.1-agents394-hours8.json	984	793	191	486	394	363	92,132	54	19	19	randomSolver	30,874	56,275	25,000	62,500	75,000	87,500	11,260	10,330	3,646	32,813	34,375	68,750	4099,669	100,000	984
MAD-0.1-agents449-hours6.json	984	793	191	541	449	449	100,000	54	19	19	referenceSolver	17,976	57,712	12,500	12,500	12,500	12,500	8,674	11,222	2,431	12,500	1,563	3,125	453,507	59,858	589
MAD-0.1-agents449-hours6.json	984	793	191	541	449	396	88,196	54	19	19	randomSolver	28,809	59,188	25,000	50,000	62,500	66,667	11,006	12,610	4,861	29,688	62,500	32,813	5740,006	100,000	984
MAD-0.1-agents119-hours6.json	984	793	191	211	119	119	100,000	54	19	19	referenceSolver	26,540	26,563	12,500	12,500	12,500	12,500	18,432	5,165	2,431	1,563	3,125	3,125	118,450	26,321	259
MAD-0.1-agents119-hours6.json	984	793	191	211	119	119	100,000	54	19	19	randomSolver	63,196	51,828	60,294	87,500	75,000	62,500	28,218	17,475	14,583	67,188	54,688	51,563	1606,902	100,000	984
MAD-0.1-agents39-hours8.json	984	793	191	131	39	39	100,000	54	19	19	referenceSolver	35,019	10,627	12,500	87,500	87,500	87,500	28,012	1,550	1,823	87,500	87,500	87,500	44,922	18,191	179
MAD-0.1-agents39-hours8.json	984	793	191	131	39	39	100,000	54	19	19	randomSolver	64,651	37,378	57,263	62,500	75,000	75,000	41,201	28,057	34,635	31,250	56,250	43,750	694,161	95,833	943
MAD-0.1-agents409-hours4.json	984	793	191	501	409	409	100,000	54	19	19	referenceSolver	18,388	55,495	12,500	12,500	12,500	12,500	10,159	16,186	3,646	1,563	1,563	3,125	409,394	55,793	549
MAD-0.1-agents409-hours4.json	984	793	191	501	409	369	90,220	54	19	19	randomSolver	31,348	59,945	37,500	75,000	50,000	75,000	13,808	19,049	10,938	26,563	50,000	35,938	4266,611	100,000	984
MAD-0.1-agents369-hours8.json	984	793	191	461	369	369	100,000	54	19	19	referenceSolver	18,899	52,941	12,500	87,500	87,500	62,500	9,265	7,721	1,823	87,500	87,500	62,500	355,798	51,728	509
MAD-0.1-agents369-hours8.json	984	793	191	461	369	338	91,599	54	19	19	randomSolver	32,659	57,304	25,000	75,000	62,500	75,000	11,870	10,129	3,646	37,500	51,563	53,125	4084,466	100,000	984
MAD-0.1-agents159-hours4.json	984	793	191	251	159	159	100,000	54	19	19	referenceSolver	24,353	32,515	12,500	12,500	12,500	12,500	16,665	9,484	3,646	1,563	3,125	1,563	156,140	30,386	299
MAD-0.1-agents159-hours4.json	984	793	191	251	159	159	100,000	54	19	19	randomSolver	59,945	58,468	50,000	54,167	75,000	62,500	27,561	20,571	14,583	14,063	53,125	43,750	1535,129	100,000	984
MAD-0.1-agents40-hours4.json	984	793	191	132	40	40	100,000	54	19	19	referenceSolver	34,943	10,840	12,500	25,000	12,500	12,500	28,389	3,162	3,646	15,625	1,563	3,125	45,143	18,293	180
MAD-0.1-agents40-hours4.json	984	793	191	132	40	40	100,000	54	19	19	randomSolver	70,375	41,817	70,770	87,500	62,500	62,500	44,231	29,398	47,396	68,750	20,313	43,750	639,776	69,919	688
MAD-0.1-agents470-hours8.json	984	793	191	562	470	470	100,000	54	19	19	referenceSolver	17,771	58,824	12,500	25,000	87,500	87,500	7,930	8,578	1,823	25,000	87,500	87,500	471,664	61,992	610
MAD-0.1-agents470-hours8.json	984	793	191	562	470	391	83,191	54	19	19	randomSolver	27,286	57,569	25,000	50,000	50,000	62,500	9,737	9,883	3,646	28,125	17,188	32,813	4549,382	100,000	984
MAD-0.1-agents310-hours4.json	984	793	191	402	310	310	100,000	54	19	19	referenceSolver	19,838	48,589	12,500	12,500	12,500	87,500	11,763	14,172	3,646	3,125	1,563	87,500	308,458	45,732	450
MAD-0.1-agents310-hours4.json	984	793	191	402	310	290	93,548	54	19	19	randomSolver	38,406	59,471	12,500	50,000	87,500	62,500	17,208	19,541	3,646	50,000	48,438	21,875	2906,563	100,000	984
MAD-0.1-agents120-hours8.json	984	793	191	212	120	120	100,000	54	19	19	referenceSolver	26,415	26,786	12,500	12,500	87,500	12,500	18,006	3,906	1,823	1,563	87,500	1,563	127,653	26,423	260
MAD-0.1-agents120-hours8.json	984	793	191	212	120	120	100,000	54	19	19	randomSolver	60,186	47,921	25,000	75,000	87,500	75,000	25,812	13,822	3,646	75,000	48,438	53,125	1547,219	100,000	984
MAD-0.1-agents232-hours6.json	984	793	191	324	232	232	100,000	54	19	19	referenceSolver	21,605	41,429	12,500	87,500	87,500	62,500	12,847	8,056	2,431	87,500	87,500	62,500	287,311	37,805	372
MAD-0.1-agents232-hours6.json	984	793	191	324	232	228	98,276	54	19	19	randomSolver	45,780	56,702	37,500	67,500	75,000	75,000	18,377	14,192	7,292	56,250	54,688	64,063	2392,757	100,000	984
MAD-0.1-agents70-hours6.json	984	793	191	162	70	70	100,000	54	19	19	referenceSolver	30,710	17,588	12,500	12,500	12,500	12,500	23,263	3,420	2,431	3,125	3,125	1,563	74,266	21,341	210
MAD-0.1-agents70-hours6.json	984	793	191	162	70	70	100,000	54	19	19	randomSolver	69,095	46,151	82,778	75,000	75,000	87,500	36,753	23,951	19,444	32,813	64,063	67,188	793,620	100,000	984
MAD-0.1-agents320-hours6.json	984	793	191	412	320	320	100,000	54	19	19	referenceSolver	19,691	49,307	12,500	12,500	12,500	12,500	10,626	9,587	2,431	1,563	1,563	1,563	319,077	46,748	460
MAD-0.1-agents320-hours6.json	984	793	191	412	320	307	95,938	54	19	19	randomSolver	36,504	57,781	12,500	50,000	62,500	75,000	14,451	13,445	2,431	40,625	53,125	53,125	3931,752	100,000	984
MAD-0.1-agents202-hours4.json	984	793	191	294	202	202	100,000	54	19	19	referenceSolver	22,619	37,970	12,500	50,000	87,500	12,500	14,766	11,075	3,646	40,625	87,500	3,125	206,437	34,858	343
MAD-0.1-agents202-hours4.json	984	793	191	294	202	202	100,000	54	19	19	randomSolver	53,017	59,576	86,667	75,000	75,000	75,000	23,530	19,452	29,167	34,375	42,188	32,813	2724,631	100,000	984
MAD-0.1-agents484-hours4.json	984	793	191	576	484	484	100,000	54	19	19	referenceSolver	17,665	59,459	12,500	87,500	87,500	62,500	9,319	17,342	3,646	87,500	87,500	62,500	506,228	63,415	624
MAD-0.1-agents484-hours4.json	984	793	191	576	484	402	83,058	54	19	19	randomSolver	27,484	60,194	12,500	25,000	75,000	62,500	12,010	18,512	3,646	15,625	65,625	53,125	4995,179	100,000	984
MAD-0.1-agents439-hours6.json	984	793	191	531	439	439	100,000	54	19	19	referenceSolver	18,079	57,161	12,500	12,500	12,500	12,500	8,789	11,115	2,431	1,563	3,125	3,125	445,461	58,841	579
MAD-0.1-agents439-hours6.json	984	793	191	531	439	380	86,560	54	19	19	randomSolver	29,214	58,791	37,500	75,000	87,500	87,500	11,213	12,849	7,292	54,688	45,313	37,500	4168,620	100,000	984
MAD-0.1-agents169-hours6.json	984	793	191	261	169	169	100,000	54	19	19	referenceSolver	23,851	33,936	12,500	12,500	12,500	12,500	15,367	6,599	2,431	1,563	1,563	1,563	181,904	31,402	309
MAD-0.1-agents169-hours6.json	984	793	191	261	169	169	100,000	54	19	19	randomSolver	54,311	54,489	50,000	75,000	75,000	87,500	22,812	15,505	9,722	65,625	43,750	45,313	1774,385	100,000	984
MAD-0.1-agents286-hours8.json	984	793	191	378	286	286	100,000	54	19	19	referenceSolver	20,304	46,580	12,500	25,000	87,500	87,500	10,899	6,793	1,823	25,000	87,500	87,500	282,007	43,293	426
MAD-0.1-agents286-hours8.json	984	793	191	378	286	275	96,154	54	19	19	randomSolver	38,843	55,140	37,500	87,500	50,000	62,500	14,477	10,800	5,469	43,750	39,063	43,750	3851,060	100,000	984
MAD-0.1-agents49-hours8.json	984	793	191	141	49	49	100,000	54	19	19	referenceSolver	33,422	12,997	12,500	12,500	87,500	87,500	26,154	1,895	1,823	1,563	87,500	87,500	55,425	19,207	189
MAD-0.1-agents49-hours8.json	984	793	191	141	49	49	100,000	54	19	19	randomSolver	65,507	38,720	52,773	75,000	75,000	62,500	38,809	25,126	32,813	53,125	53,125	40,625	1528,962	100,000	984
MAD-0.1-agents194-hours6.json	984	793	191	286	194	194	100,000	54	19	19	referenceSolver	22,858	37,094	12,500	12,500	87,500	12,500	14,236	7,213	2,431	1,563	87,500	3,125	196,249	33,943	334
MAD-0.1-agents194-hours6.json	984	793	191	286	194	193	99,485	54	19	19	randomSolver	51,305	55,741	37,500	66,667	75,000	62,500	20,818	14,490	7,292	45,313	32,813	32,813	1894,012	100,000	984
MAD-0.1-agents319-hours8.json	984	793	191	411	319	319	100,000	54	19	19	referenceSolver	19,678	49,304	12,500	12,500	12,500	50,000	10,170	7,190	1,823	1,563	3,125	50,000	312,412	46,646	459
MAD-0.1-agents319-hours8.json	984	793	191	411	319	300	94,044	54	19	19	randomSolver	35,307	54,753	25,000	50,000	62,500	75,000	13,314	10,912	3,646	29,688	53,125	43,750	5337,632	100,000	984
MAD-0.1-agents479-hours4.json	984	793	191	571	479	479	100,000	54	19	19	referenceSolver	17,688	59,282	12,500	12,500	87,500	12,500	9,363	17,291	3,646	3,125	87,500	1,563	467,958	62,907	619
MAD-0.1-agents479-hours4.json	984	793	191	571	479	396	82,672	54	19	19	randomSolver	27,437	59,989	12,500	75,000	62,500	50,000	12,115	19,004	7,292	53,125	51,563	29,688	5184,125	100,000	984
MAD-0.1-agents129-hours4.json	984	793	191	221	129	129	100,000	54	19	19	referenceSolver	25,962	28,105	12,500	62,500	87,500	87,500	18,425	8,197	3,646	53,125	87,500	87,500	132,768	27,337	269
MAD-0.1-agents129-hours4.json	984	793	191	221	129	129	100,000	54	19	19	randomSolver	66,531	57,873	87,500	75,000	75,000	50,000	31,302	22,228	25,521	53,125	34,375	21,875	1573,862	100,000	984
MAD-0.1-agents30-hours4.json	984	793	191	122	30	30	100,000	54	19	19	referenceSolver	36,680	8,380	12,500	87,500	87,500	12,500	30,392	2,444	3,646	87,500	87,500	1,563	35,498	17,276	170
MAD-0.1-agents30-hours4.json	984	793	191	122	30	30	100,000	54	19	19	randomSolver	69,807	37,635	81,616	62,500	75,000	75,000	44,898	27,432	58,333	21,875	46,875	54,688	693,693	59,858	589
MAD-0.1-agents360-hours4.json	984	793	191	452	360	360	100,000	54	19	19	referenceSolver	19,027	52,326	12,500	12,500	87,500	50,000	10,865	15,262	3,646	3,125	87,500	50,000	350,960	50,813	500
MAD-0.1-agents360-hours4.json	984	793	191	452	360	337	93,611	54	19	19	randomSolver	34,812	59,808	25,000	62,500	75,000	75,000	15,305	18,959	7,292	23,438	37,500	54,688	3526,237	100,000	984
MAD-0.1-agents400-hours8.json	984	793	191	492	400	400	100,000	54	19	19	referenceSolver	18,521	54,870	12,500	12,500	12,500	12,500	8,802	8,002	1,823	3,125	1,563	1,563	431,924	54,878	540
MAD-0.1-agents400-hours8.json	984	793	191	492	400	355	88,750	54	19	19	randomSolver	30,639	56,471	25,000	50,000	87,500	62,500	11,122	10,218	3,646	31,250	59,375	31,250	8442,044	100,000	984
MAD-0.1-agents242-hours6.json	984	793	191	334	242	242	100,000	54	19	19	referenceSolver	21,332	42,456	12,500	12,500	12,500	87,500	12,535	8,255	2,431	1,563	3,125	87,500	284,730	38,821	382
MAD-0.1-agents242-hours6.json	984	793	191	334	242	236	97,521	54	19	19	randomSolver	44,585	56,733	50,000	62,500	75,000	87,500	17,826	14,042	9,722	51,563	56,250	48,438	2546,456	100,000	984
MAD-0.1-agents150-hours8.json	984	793	191	242	150	150	100,000	54	19	19	referenceSolver	24,690	31,381	12,500	25,000	87,500	37,500	15,999	4,576	1,823	25,000	87,500	37,500	152,222	29,472	290
MAD-0.1-agents150-hours8.json	984	793	191	242	150	149	99,333	54	19	19	randomSolver	54,250	49,040	75,000	75,000	62,500	62,500	22,612	13,419	10,938	25,000	62,500	43,750	1935,737	100,000	984
MAD-0.1-agents383-hours6.json	984	793	191	475	383	383	100,000	54	19	19	referenceSolver	18,711	53,868	12,500	12,500	12,500	87,500	9,535	10,474	2,431	3,125	1,563	87,500	439,623	53,150	523
MAD-0.1-agents383-hours6.json	984	793	191	475	383	346	90,339	54	19	19	randomSolver	32,275	58,155	37,500	75,000	62,500	50,000	12,535	13,117	7,292	43,750	34,375	28,125	3781,104	100,000	984
MAD-0.1-agents17-hours8.json	984	793	191	109	17	17	100,000	54	19	19	referenceSolver	39,679	4,913	12,500	12,500	12,500	12,500	33,312	0,717	1,823	1,563	1,563	3,125	22,601	15,955	157
MAD-0.1-agents17-hours8.json	984	793	191	109	17	17	100,000	54	19	19	randomSolver	66,236	32,845	58,691	87,500	62,500	62,500	44,567	29,046	54,687	48,438	62,500	20,313	340,842	65,752	647
MAD-0.1-agents177-hours4.json	984	793	191	269	177	177	100,000	54	19	19	referenceSolver	23,513	34,980	12,500	87,500	12,500	12,500	15,788	10,203	3,646	87,500	3,125	1,563	179,761	32,215	317
MAD-0.1-agents177-hours4.json	984	793	191	269	177	177	100,000	54	19	19	randomSolver	55,521	58,099	37,500	62,500	87,500	62,500	25,716	21,019	10,938	40,625	59,375	31,250	2345,487	100,000	984
MAD-0.1-agents427-hours4.json	984	793	191	519	427	427	100,000	54	19	19	referenceSolver	18,184	56,556	12,500	12,500	12,500	12,500	9,933	16,496	3,646	1,563	1,563	1,563	489,429	57,622	567
MAD-0.1-agents427-hours4.json	984	793	191	519	427	365	85,480	54	19	19	randomSolver	30,429	59,960	50,000	62,500	62,500	87,500	13,329	18,780	14,583	42,188	29,688	68,750	7048,191	100,000	984
MAD-0.1-agents347-hours8.json	984	793	191	439	347	347	100,000	54	19	19	referenceSolver	19,248	51,331	12,500	87,500	87,500	12,500	9,645	7,486	1,823	87,500	87,500	1,563	425,968	49,492	487
MAD-0.1-agents347-hours8.json	984	793	191	439	347	312	89,914	54	19	19	randomSolver	34,433	56,488	12,500	87,500	87,500	87,500	12,465	10,174	1,823	37,500	34,375	76,563	3542,901	100,000	984
MAD-0.1-agents137-hours6.json	984	793	191	229	137	137	100,000	54	19	19	referenceSolver	25,437	29,399	12,500	12,500	87,500	87,500	17,175	5,716	2,431	1,563	87,500	87,500	143,152	28,150	277
MAD-0.1-agents137-hours6.json	984	793	191	229	137	137	100,000	54	19	19	randomSolver	61,404	53,501	37,500	75,000	75,000	87,500	26,000	15,863	7,292	32,813	64,063	45,313	2382,856	100,000	984
MAD-0.1-agents225-hours8.json	984	793	191	317	225	225	100,000	54	19	19	referenceSolver	21,845	40,614	12,500	12,500	12,500	87,500	12,650	5,923	1,823	3,125	1,563	87,500	250,241	37,093	365
MAD-0.1-agents225-hours8.json	984	793	191	317	225	221	98,222	54	19	19	randomSolver	44,897	53,762	25,000	62,500	62,500	75,000	17,262	11,539	3,646	20,313	42,188	25,000	4032,674	100,000	984
MAD-0.1-agents467-hours6.json	984	793	191	559	467	467	100,000	54	19	19	referenceSolver	17,800	58,668	12,500	12,500	12,500	87,500	8,473	11,408	2,431	1,563	3,125	87,500	516,143	61,687	607
MAD-0.1-agents467-hours6.json	984	793	191	559	467	402	86,081	54	19	19	randomSolver	27,696	58,514	12,500	37,500	37,500	50,000	10,651	12,968	2,431	17,188	26,563	50,000	5205,643	100,000	984
MAD-0.1-agents93-hours4.json	984	793	191	185	93	93	100,000	54	19	19	referenceSolver	28,446	22,090	12,500	87,500	87,500	87,500	21,284	6,443	3,646	87,500	87,500	87,500	99,863	23,679	233
MAD-0.1-agents93-hours4.json	984	793	191	185	93	93	100,000	54	19	19	randomSolver	72,106	54,583	80,972	62,500	62,500	66,667	37,393	26,481	32,813	42,188	43,750	54,688	1319,600	100,000	984
MAD-0.1-agents3-hours6.json	984	793	191	95	3	3	100,000	54	19	19	referenceSolver	43,684	0,904	12,500	25,000	12,500	12,500	37,988	0,176	2,431	15,625	1,563	1,563	10,003	14,533	143
MAD-0.1-agents3-hours6.json	984	793	191	95	3	3	100,000	54	19	19	randomSolver	66,198	6,957	58,537	75,000	66,667	75,000	43,894	6,049	51,042	43,750	56,250	65,625	209,376	25,407	250
MAD-0.1-agents67-hours8.json	984	793	191	159	67	67	100,000	54	19	19	referenceSolver	31,289	16,834	12,500	12,500	87,500	87,500	23,439	2,455	1,823	3,125	87,500	87,500	82,308	21,037	207
MAD-0.1-agents67-hours8.json	984	793	191	159	67	67	100,000	54	19	19	randomSolver	65,253	40,196	47,667	87,500	62,500	75,000	34,416	19,553	14,583	46,875	31,250	75,000	905,551	100,000	984
MAD-0.1-agents107-hours4.json	984	793	191	199	107	107	100,000	54	19	19	referenceSolver	27,450	24,485	12,500	87,500	87,500	87,500	20,059	7,141	3,646	87,500	87,500	87,500	114,477	25,102	247
MAD-0.1-agents107-hours4.json	984	793	191	199	107	107	100,000	54	19	19	randomSolver	70,308	55,962	75,000	25,000	87,500	75,000	34,762	24,287	21,875	25,000	54,688	54,688	1374,584	100,000	984
MAD-0.1-agents337-hours8.json	984	793	191	429	337	337	100,000	54	19	19	referenceSolver	19,435	50,525	12,500	25,000	12,500	87,500	9,827	7,368	1,823	25,000	3,125	87,500	379,522	48,476	477
MAD-0.1-agents337-hours8.json	984	793	191	429	337	303	89,911	54	19	19	randomSolver	34,095	55,337	37,500	50,000	87,500	62,500	12,756	10,890	5,469	50,000	78,125	43,750	4159,024	100,000	984
MAD-0.1-agents457-hours4.json	984	793	191	549	457	457	100,000	54	19	19	referenceSolver	17,896	58,142	12,500	87,500	87,500	12,500	9,595	16,958	3,646	87,500	87,500	1,563	455,686	60,671	597
MAD-0.1-agents457-hours4.json	984	793	191	549	457	388	84,902	54	19	19	randomSolver	28,516	59,992	0,000	62,500	62,500	75,000	12,601	19,004	0,000	31,250	62,500	53,125	4275,497	100,000	984
MAD-0.1-agents255-hours8.json	984	793	191	347	255	255	100,000	54	19	19	referenceSolver	21,001	43,739	12,500	50,000	87,500	87,500	11,710	6,379	1,823	40,625	87,500	87,500	260,421	40,142	395
MAD-0.1-agents255-hours8.json	984	793	191	347	255	247	96,863	54	19	19	randomSolver	41,934	54,407	25,000	75,000	62,500	62,500	15,770	10,912	3,646	43,750	43,750	31,250	4122,263	100,000	984
MAD-0.1-agents147-hours6.json	984	793	191	239	147	147	100,000	54	19	19	referenceSolver	24,843	30,947	12,500	62,500	87,500	12,500	16,551	6,018	2,431	62,500	87,500	3,125	159,719	29,167	287
MAD-0.1-agents147-hours6.json	984	793	191	239	147	147	100,000	54	19	19	randomSolver	58,749	54,209	55,303	75,000	62,500	75,000	24,912	15,833	14,583	54,688	53,125	65,625	4053,846	100,000	984
MAD-0.1-agents417-hours6.json	984	793	191	509	417	417	100,000	54	19	19	referenceSolver	18,320	55,898	12,500	87,500	12,500	12,500	9,067	10,869	2,431	87,500	1,563	1,563	422,127	56,606	557
MAD-0.1-agents417-hours6.json	984	793	191	509	417	363	87,050	54	19	19	randomSolver	30,152	58,508	37,500	87,500	75,000	75,000	11,697	13,237	7,292	57,813	65,625	53,125	3969,423	100,000	984
MAD-0.1-agents291-hours6.json	984	793	191	383	291	291	100,000	54	19	19	referenceSolver	20,235	46,935	12,500	87,500	87,500	87,500	11,246	9,126	2,431	87,500	87,500	87,500	346,404	43,801	431
MAD-0.1-agents291-hours6.json	984	793	191	383	291	272	93,471	54	19	19	randomSolver	39,012	56,847	12,500	37,500	75,000	62,500	15,546	14,013	2,431	18,750	54,688	42,188	3022,901	100,000	984
MAD-0.1-agents183-hours8.json	984	793	191	275	183	183	100,000	54	19	19	referenceSolver	23,273	35,742	12,500	12,500	12,500	12,500	14,304	5,212	1,823	1,563	1,563	1,563	186,460	32,825	323
MAD-0.1-agents183-hours8.json	984	793	191	275	183	182	99,454	54	19	19	randomSolver	49,552	50,667	70,109	75,000	75,000	62,500	19,899	12,457	14,583	65,625	26,563	32,813	1928,863	100,000	984
MAD-0.1-agents42-hours6.json	984	793	191	134	42	42	100,000	54	19	19	referenceSolver	34,515	11,351	12,500	87,500	50,000	12,500	27,616	2,207	2,431	87,500	50,000	1,563	51,967	18,496	182
MAD-0.1-agents42-hours6.json	984	793	191	134	42	42	100,000	54	19	19	randomSolver	66,662	40,648	79,165	75,000	50,000	62,500	42,220	29,883	29,167	45,313	29,688	42,188	634,479	87,602	862
MAD-0.1-agents230-hours4.json	984	793	191	322	230	230	100,000	54	19	19	referenceSolver	21,700	41,145	12,500	12,500	87,500	87,500	13,784	12,001	3,646	1,563	87,500	87,500	255,151	37,602	370
MAD-0.1-agents230-hours4.json	984	793	191	322	230	224	97,391	54	19	19	randomSolver	48,101	59,548	12,500	87,500	50,000	75,000	21,484	19,810	3,646	56,250	29,688	43,750	2542,072	100,000	984
MAD-0.1-agents312-hours6.json	984	793	191	404	312	312	100,000	54	19	19	referenceSolver	19,864	48,598	12,500	12,500	87,500	37,500	10,796	9,450	2,431	1,563	87,500	37,500	318,416	45,935	452
MAD-0.1-agents312-hours6.json	984	793	191	404	312	294	94,231	54	19	19	randomSolver	37,934	58,362	50,000	75,000	75,000	87,500	14,738	13,147	9,722	35,938	35,938	48,438	5842,422	100,000	984
MAD-0.1-agents86-hours8.json	984	793	191	178	86	86	100,000	54	19	19	referenceSolver	29,073	20,773	12,500	87,500	12,500	87,500	21,097	3,029	1,823	87,500	1,563	87,500	92,603	22,967	226
MAD-0.1-agents86-hours8.json	984	793	191	178	86	86	100,000	54	19	19	randomSolver	63,529	42,654	64,796	62,500	87,500	87,500	30,742	16,799	16,406	34,375	59,375	35,938	992,086	100,000	984
MAD-0.1-agents249-hours8.json	984	793	191	341	249	249	100,000	54	19	19	referenceSolver	21,151	43,154	12,500	12,500	12,500	87,500	11,884	6,293	1,823	1,563	1,563	87,500	280,156	39,533	389
MAD-0.1-agents249-hours8.json	984	793	191	341	249	241	96,787	54	19	19	randomSolver	42,193	53,791	37,500	75,000	62,500	50,000	16,047	11,002	5,469	34,375	42,188	20,313	3394,069	100,000	984
MAD-0.1-agents162-hours8.json	984	793	191	254	162	162	100,000	54	19	19	referenceSolver	24,114	33,061	12,500	50,000	87,500	12,500	15,330	4,821	1,823	50,000	87,500	3,125	177,219	30,691	302
MAD-0.1-agents162-hours8.json	984	793	191	254	162	161	99,383	54	19	19	randomSolver	54,261	51,815	62,500	62,500	75,000	50,000	21,544	12,345	9,115	32,813	45,313	29,688	2400,085	100,000	984
MAD-0.1-agents270-hours6.json	984	793	191	362	270	270	100,000	54	19	19	referenceSolver	20,718	45,000	12,500	87,500	12,500	87,500	11,766	8,750	2,431	87,500	1,563	87,500	272,557	41,667	410
MAD-0.1-agents270-hours6.json	984	793	191	362	270	258	95,556	54	19	19	randomSolver	41,231	56,741	12,500	75,000	75,000	75,000	16,447	13,863	2,431	25,000	21,875	42,188	2589,027	100,000	984
MAD-0.1-agents432-hours8.json	984	793	191	524	432	432	100,000	54	19	19	referenceSolver	18,154	56,767	12,500	87,500	87,500	87,500	8,373	8,279	1,823	87,500	87,500	87,500	444,925	58,130	572
MAD-0.1-agents432-hours8.json	984	793	191	524	432	365	84,491	54	19	19	randomSolver	28,528	56,268	25,000	56,250	87,500	75,000	10,443	10,241	3,646	34,375	87,500	34,375	4266,469	100,000	984
MAD-0.1-agents352-hours4.json	984	793	191	444	352	352	100,000	54	19	19	referenceSolver	19,144	51,765	12,500	12,500	12,500	87,500	10,995	15,098	3,646	1,563	1,563	87,500	395,217	50,000	492
MAD-0.1-agents352-hours4.json	984	793	191	444	352	329	93,466	54	19	19	randomSolver	35,154	59,504	12,500	50,000	87,500	75,000	15,580	19,452	3,646	31,250	54,688	42,188	4642,245	100,000	984
MAD-0.1-agents32-hours6.json	984	793	191	124	32	32	100,000	54	19	19	referenceSolver	36,391	8,864	12,500	87,500	12,500	12,500	29,672	1,724	2,431	87,500	1,563	1,563	42,434	17,480	172
MAD-0.1-agents32-hours6.json	984	793	191	124	32	32	100,000	54	19	19	randomSolver	67,208	38,200	62,639	75,000	62,500	62,500	43,233	29,102	38,889	64,063	31,250	40,625	899,132	75,203	740
MAD-0.1-agents240-hours4.json	984	793	191	332	240	240	100,000	54	19	19	referenceSolver	21,386	42,254	12,500	12,500	87,500	12,500	13,474	12,324	3,646	1,563	87,500	1,563	245,231	38,618	380
MAD-0.1-agents240-hours4.json	984	793	191	332	240	237	98,750	54	19	19	randomSolver	46,274	59,078	37,500	62,500	62,500	62,500	20,836	20,034	10,938	31,250	53,125	53,125	2464,893	100,000	984
MAD-0.1-agents362-hours6.json	984	793	191	454	362	362	100,000	54	19	19	referenceSolver	18,998	52,464	12,500	87,500	87,500	87,500	9,864	10,201	2,431	87,500	87,500	87,500	365,401	51,016	502
MAD-0.1-agents362-hours6.json	984	793	191	454	362	335	92,541	54	19	19	randomSolver	33,838	58,056	50,000	75,000	75,000	87,500	13,115	13,207	9,722	35,938	56,250	67,188	3415,626	100,000	984
MAD-0.1-agents196-hours4.json	984	793	191	288	196	196	100,000	54	19	19	referenceSolver	22,830	37,262	12,500	12,500	12,500	87,500	14,987	10,868	3,646	3,125	1,563	87,500	218,773	34,146	336
MAD-0.1-agents196-hours4.json	984	793	191	288	196	196	100,000	54	19	19	randomSolver	53,409	59,004	37,500	75,000	50,000	75,000	24,020	19,944	10,938	54,688	40,625	65,625	3185,297	100,000	984
MAD-0.1-agents239-hours8.json	984	793	191	331	239	239	100,000	54	19	19	referenceSolver	21,412	42,152	12,500	87,500	87,500	12,500	12,188	6,147	1,823	87,500	87,500	1,563	241,048	38,516	379
MAD-0.1-agents239-hours8.json	984	793	191	331	239	234	97,908	54	19	19	randomSolver	43,431	53,955	42,045	54,167	62,500	62,500	16,532	11,002	9,115	43,750	42,188	51,563	3748,255	100,000	984
MAD-0.1-agents486-hours6.json	984	793	191	578	486	486	100,000	54	19	19	referenceSolver	17,625	59,632	12,500	87,500	87,500	12,500	8,272	11,595	2,431	87,500	87,500	1,563	511,312	63,618	626
MAD-0.1-agents486-hours6.json	984	793	191	578	486	400	82,305	54	19	19	randomSolver	27,159	59,379	0,000	50,000	87,500	75,000	10,301	12,610	0,000	39,063	78,125	53,125	6339,085	100,000	984
MAD-0.1-agents72-hours4.json	984	793	191	164	72	72	100,000	54	19	19	referenceSolver	30,488	18,000	12,500	12,500	87,500	12,500	23,542	5,250	3,646	3,125	87,500	3,125	86,413	21,545	212
MAD-0.1-agents72-hours4.json	984	793	191	164	72	72	100,000	54	19	19	randomSolver	72,627	51,652	83,392	87,500	37,500	75,000	41,403	30,317	36,458	39,063	37,500	56,250	1705,918	96,443	949
MAD-0.1-agents200-hours6.json	984	793	191	292	200	200	100,000	54	19	19	referenceSolver	22,603	37,879	12,500	12,500	12,500	87,500	13,988	7,365	2,431	3,125	3,125	87,500	205,065	34,553	340
MAD-0.1-agents200-hours6.json	984	793	191	292	200	200	100,000	54	19	19	randomSolver	49,541	55,437	37,500	50,000	75,000	62,500	20,390	14,759	7,292	40,625	54,688	31,250	2507,745	100,000	984
MAD-0.1-agents112-hours8.json	984	793	191	204	112	112	100,000	54	19	19	referenceSolver	27,022	25,397	12,500	87,500	87,500	12,500	18,648	3,704	1,823	87,500	87,500	1,563	114,685	25,610	252
MAD-0.1-agents112-hours8.json	984	793	191	204	112	112	100,000	54	19	19	randomSolver	60,719	47,126	48,106	50,000	79,167	75,000	26,824	14,807	9,115	50,000	68,750	32,813	2304,929	100,000	984
MAD-0.1-agents322-hours4.json	984	793	191	414	322	322	100,000	54	19	19	referenceSolver	19,656	49,462	12,500	87,500	87,500	87,500	11,531	14,427	3,646	87,500	87,500	87,500	354,455	46,951	462
MAD-0.1-agents322-hours4.json	984	793	191	414	322	300	93,168	54	19	19	randomSolver	37,844	59,998	12,500	75,000	75,000	87,500	16,709	19,004	3,646	43,750	45,313	46,875	3387,693	100,000	984
MAD-0.1-agents442-hours8.json	984	793	191	534	442	442	100,000	54	19	19	referenceSolver	18,024	57,403	12,500	12,500	87,500	12,500	8,248	8,371	1,823	1,563	87,500	3,125	451,812	59,146	582
MAD-0.1-agents442-hours8.json	984	793	191	534	442	372	84,163	54	19	19	randomSolver	27,955	56,317	12,500	75,000	75,000	75,000	10,247	10,330	1,823	43,750	34,375	64,063	4240,273	100,000	984
MAD-0.1-agents91-hours6.json	984	793	191	183	91	91	100,000	54	19	19	referenceSolver	28,620	21,718	12,500	87,500	12,500	87,500	20,872	4,223	2,431	87,500	3,125	87,500	97,039	23,476	231
MAD-0.1-agents91-hours6.json	984	793	191	183	91	91	100,000	54	19	19	randomSolver	67,349	49,123	75,000	87,500	87,500	37,500	32,535	20,161	14,583	65,625	67,188	37,500	1034,122	100,000	984
MAD-0.1-agents55-hours8.json	984	793	191	147	55	55	100,000	54	19	19	referenceSolver	32,738	14,286	12,500	12,500	87,500	12,500	25,193	2,083	1,823	1,563	87,500	1,563	60,501	19,817	195
MAD-0.1-agents55-hours8.json	984	793	191	147	55	55	100,000	54	19	19	randomSolver	64,055	38,132	53,870	62,500	62,500	62,500	37,225	22,955	18,229	21,875	43,750	51,563	651,862	100,000	984
MAD-0.1-agents188-hours6.json	984	793	191	280	188	188	100,000	54	19	19	referenceSolver	23,036	36,434	12,500	12,500	87,500	12,500	14,484	7,084	2,431	3,125	87,500	1,563	197,993	33,333	328
MAD-0.1-agents188-hours6.json	984	793	191	280	188	187	99,468	54	19	19	randomSolver	51,459	55,333	30,556	87,500	62,500	62,500	21,264	15,147	9,722	57,813	21,875	40,625	2152,220	100,000	984
MAD-0.1-agents465-hours4.json	984	793	191	557	465	465	100,000	54	19	19	referenceSolver	17,796	58,638	12,500	87,500	87,500	12,500	9,504	17,103	3,646	87,500	87,500	1,563	506,583	61,484	605
MAD-0.1-agents465-hours4.json	984	793	191	557	465	388	83,441	54	19	19	randomSolver	28,341	60,028	0,000	62,500	62,500	50,000	12,420	18,736	0,000	42,188	42,188	31,250	5965,812	100,000	984
MAD-0.1-agents305-hours8.json	984	793	191	397	305	305	100,000	54	19	19	referenceSolver	19,962	48,107	12,500	87,500	25,000	87,500	10,472	7,016	1,823	87,500	25,000	87,500	322,875	45,224	445
MAD-0.1-agents305-hours8.json	984	793	191	397	305	291	95,410	54	19	19	randomSolver	37,372	56,000	37,500	75,000	87,500	62,500	13,784	10,577	5,469	43,750	65,625	42,188	3187,402	100,000	984
MAD-0.1-agents135-hours4.json	984	793	191	227	135	135	100,000	54	19	19	referenceSolver	25,496	29,158	12,500	87,500	12,500	87,500	18,020	8,504	3,646	87,500	1,563	87,500	140,837	27,947	275
MAD-0.1-agents135-hours4.json	984	793	191	227	135	135	100,000	54	19	19	randomSolver	65,009	57,541	75,000	62,500	62,500	87,500	30,474	21,869	21,875	62,500	34,375	59,375	2002,659	100,000	984
MAD-0.1-agents498-hours4.json	984	793	191	590	498	498	100,000	54	19	19	referenceSolver	17,500	60,291	12,500	87,500	62,500	37,500	9,176	17,585	3,646	87,500	62,500	37,500	502,701	64,837	638
MAD-0.1-agents498-hours4.json	984	793	191	590	498	423	84,940	54	19	19	randomSolver	26,741	60,312	0,000	62,500	50,000	87,500	11,725	18,422	0,000	42,188	40,625	29,688	4858,018	100,000	984
MAD-0.1-agents425-hours6.json	984	793	191	517	425	425	100,000	54	19	19	referenceSolver	18,206	56,441	12,500	12,500	25,000	12,500	8,958	10,975	2,431	1,563	25,000	3,125	426,974	57,419	565
MAD-0.1-agents425-hours6.json	984	793	191	517	425	367	86,353	54	19	19	randomSolver	29,989	58,585	25,000	50,000	79,167	75,000	11,516	12,938	4,861	31,250	46,875	54,688	4238,028	100,000	984
MAD-0.1-agents175-hours6.json	984	793	191	267	175	175	100,000	54	19	19	referenceSolver	23,596	34,722	12,500	12,500	12,500	87,500	15,076	6,752	2,431	1,563	1,563	87,500	199,436	32,012	315
MAD-0.1-agents175-hours6.json	984	793	191	267	175	174	99,429	54	19	19	randomSolver	54,543	55,717	62,500	75,000	37,500	75,000	22,300	14,818	12,153	54,688	28,125	45,313	2110,714	100,000	984
MAD-0.1-agents267-hours8.json	984	793	191	359	267	267	100,000	54	19	19	referenceSolver	20,717	44,874	12,500	12,500	87,500	87,500	11,379	6,544	1,823	1,563	87,500	87,500	274,631	41,362	407
MAD-0.1-agents267-hours8.json	984	793	191	359	267	253	94,757	54	19	19	randomSolver	39,894	54,167	47,500	62,500	75,000	41,667	15,243	11,338	9,115	62,500	75,000	40,625	3246,228	100,000	984
MAD-0.1-agents8-hours8.json	984	793	191	100	8	8	100,000	54	19	19	referenceSolver	42,125	2,374	12,500	12,500	12,500	12,500	36,161	0,346	1,823	3,125	3,125	3,125	14,072	15,041	148
MAD-0.1-agents8-hours8.json	984	793	191	100	8	8	100,000	54	19	19	randomSolver	66,592	22,849	59,589	79,167	75,000	50,000	44,549	20,965	54,687	68,750	23,438	40,625	304,336	43,293	426
MAD-0.1-agents381-hours4.json	984	793	191	473	381	381	100,000	54	19	19	referenceSolver	18,763	53,662	12,500	87,500	12,500	87,500	10,551	15,651	3,646	87,500	1,563	87,500	459,586	52,947	521
MAD-0.1-agents381-hours4.json	984	793	191	473	381	340	89,239	54	19	19	randomSolver	32,776	59,335	25,000	50,000	62,500	50,000	14,625	19,631	7,292	20,313	21,875	50,000	3534,117	100,000	984
MAD-0.1-agents293-hours4.json	984	793	191	385	293	293	100,000	54	19	19	referenceSolver	20,195	47,106	12,500	87,500	87,500	12,500	12,125	13,739	3,646	87,500	87,500	3,125	293,545	44,004	433
MAD-0.1-agents293-hours4.json	984	793	191	385	293	276	94,198	54	19	19	randomSolver	40,672	59,724	37,500	81,250	66,667	62,500	17,968	19,183	10,938	50,000	56,250	40,625	3065,077	100,000	984
MAD-0.1-agents25-hours8.json	984	793	191	117	25	25	100,000	54	19	19	referenceSolver	37,714	7,082	12,500	25,000	62,500	87,500	31,145	1,033	1,823	25,000	62,500	87,500	33,805	16,768	165
MAD-0.1-agents25-hours8.json	984	793	191	117	25	25	100,000	54	19	19	randomSolver	65,078	34,240	52,143	87,500	87,500	62,500	43,561	29,339	45,573	59,375	76,563	40,625	432,289	79,065	778
MAD-0.1-agents375-hours8.json	984	793	191	467	375	375	100,000	54	19	19	referenceSolver	18,844	53,267	12,500	25,000	12,500	12,500	9,173	7,768	1,823	25,000	1,563	3,125	431,734	52,337	515
MAD-0.1-agents375-hours8.json	984	793	191	467	375	338	90,133	54	19	19	randomSolver	32,091	56,338	12,500	75,000	87,500	75,000	11,718	10,263	1,823	56,250	56,250	56,250	4375,066	100,000	984
MAD-0.1-agents415-hours4.json	984	793	191	507	415	415	100,000	54	19	19	referenceSolver	18,368	55,705	12,500	87,500	12,500	12,500	10,091	16,247	3,646	87,500	1,563	1,563	414,423	56,402	555
MAD-0.1-agents415-hours4.json	984	793	191	507	415	371	89,398	54	19	19	randomSolver	30,986	59,969	12,500	62,500	75,000	87,500	13,644	19,049	3,646	43,750	64,063	65,625	3823,800	100,000	984
MAD-0.1-agents145-hours4.json	984	793	191	237	145	145	100,000	54	19	19	referenceSolver	25,000	30,591	12,500	12,500	87,500	12,500	17,420	8,922	3,646	1,563	87,500	1,563	150,782	28,963	285
MAD-0.1-agents145-hours4.json	984	793	191	237	145	145	100,000	54	19	19	randomSolver	62,372	57,558	62,500	68,750	62,500	62,500	29,189	21,780	18,229	67,188	42,188	42,188	2133,242	100,000	984
MAD-0.1-agents1-hours4.json	984	793	191	93	1	1	100,000	54	19	19	referenceSolver	44,355	0,303	12,500	87,500	87,500	87,500	38,749	0,088	3,646	87,500	87,500	87,500	6,755	14,329	141
MAD-0.1-agents1-hours4.json	984	793	191	93	1	1	100,000	54	19	19	randomSolver	68,489	2,390	91,563	87,500	62,500	75,000	43,845	1,559	51,042	56,250	42,188	35,938	129,883	20,833	205
MAD-0.1-agents388-hours8.json	984	793	191	480	388	388	100,000	54	19	19	referenceSolver	18,672	54,114	12,500	12,500	12,500	12,500	8,977	7,892	1,823	1,563	3,125	1,563	393,801	53,659	528
MAD-0.1-agents388-hours8.json	984	793	191	480	388	344	88,660	54	19	19	randomSolver	31,319	56,268	30,738	62,500	62,500	87,500	11,400	10,286	7,292	21,875	43,750	76,563	4087,296	100,000	984
MAD-0.1-agents455-hours6.json	984	793	191	547	455	455	100,000	54	19	19	referenceSolver	17,916	58,036	12,500	87,500	87,500	87,500	8,603	11,285	2,431	87,500	87,500	87,500	477,446	60,467	595
MAD-0.1-agents455-hours6.json	984	793	191	547	455	385	84,615	54	19	19	randomSolver	28,295	58,808	25,000	87,500	75,000	62,500	10,885	13,028	4,861	57,813	46,875	31,250	4278,613	100,000	984
MAD-0.1-agents217-hours8.json	984	793	191	309	217	217	100,000	54	19	19	referenceSolver	22,087	39,744	12,500	12,500	87,500	12,500	12,931	5,796	1,823	1,563	87,500	1,563	242,255	36,280	357
MAD-0.1-agents217-hours8.json	984	793	191	309	217	216	99,539	54	19	19	randomSolver	46,657	54,126	37,500	62,500	87,500	79,167	17,709	11,136	5,469	32,813	67,188	46,875	2753,738	100,000	984
MAD-0.1-agents105-hours6.json	984	793	191	197	105	105	100,000	54	19	19	referenceSolver	27,538	24,194	12,500	12,500	87,500	87,500	19,570	4,704	2,431	3,125	87,500	87,500	109,005	24,898	245
MAD-0.1-agents105-hours6.json	984	793	191	197	105	105	100,000	54	19	19	randomSolver	65,769	50,331	53,534	62,500	75,000	75,000	30,223	18,668	17,014	23,438	64,063	45,313	1231,860	100,000	984
MAD-0.1-agents491-hours8.json	984	793	191	583	491	491	100,000	54	19	19	referenceSolver	17,560	59,951	12,500	87,500	87,500	12,500	7,708	8,743	1,823	87,500	87,500	1,563	552,217	64,126	631
MAD-0.1-agents491-hours8.json	984	793	191	583	491	398	81,059	54	19	19	randomSolver	25,882	57,034	18,981	87,500	25,000	75,000	9,386	10,218	5,469	56,250	25,000	64,063	4667,983	100,000	984
MAD-0.1-agents84-hours6.json	984	793	191	176	84	84	100,000	54	19	19	referenceSolver	29,261	20,388	12,500	12,500	12,500	87,500	21,606	3,964	2,431	1,563	1,563	87,500	93,658	22,764	224
MAD-0.1-agents84-hours6.json	984	793	191	176	84	84	100,000	54	19	19	randomSolver	68,502	48,025	79,930	75,000	75,000	62,500	33,830	20,787	19,444	43,750	75,000	62,500	1422,505	100,000	984
MAD-0.1-agents159-hours8.json	984	793	191	251	159	159	100,000	54	19	19	referenceSolver	24,303	32,582	12,500	12,500	87,500	50,000	15,504	4,752	1,823	3,125	87,500	50,000	164,627	30,386	299
MAD-0.1-agents159-hours8.json	984	793	191	251	159	159	100,000	54	19	19	randomSolver	54,478	52,077	50,000	62,500	87,500	50,000	21,801	12,255	7,292	53,125	17,188	29,688	1767,174	100,000	984
MAD-0.1-agents369-hours4.json	984	793	191	461	369	369	100,000	54	19	19	referenceSolver	18,953	52,790	12,500	87,500	87,500	12,500	10,731	15,397	3,646	87,500	87,500	1,563	366,720	51,728	509
MAD-0.1-agents369-hours4.json	984	793	191	461	369	337	91,328	54	19	19	randomSolver	34,135	60,200	37,500	50,000	50,000	66,667	15,006	18,736	10,938	18,750	29,688	34,375	4839,111	100,000	984
MAD-0.1-agents409-hours8.json	984	793	191	501	409	409	100,000	54	19	19	referenceSolver	18,413	55,420	12,500	87,500	12,500	50,000	8,674	8,082	1,823	87,500	3,125	50,000	416,363	55,793	549
MAD-0.1-agents409-hours8.json	984	793	191	501	409	365	89,242	54	19	19	randomSolver	30,488	57,578	0,000	50,000	75,000	62,500	10,922	9,950	0,000	50,000	45,313	53,125	4158,921	100,000	984
MAD-0.1-agents39-hours4.json	984	793	191	131	39	39	100,000	54	19	19	referenceSolver	35,019	10,627	12,500	87,500	12,500	87,500	28,554	3,099	3,646	87,500	1,563	87,500	47,631	18,191	179
MAD-0.1-agents39-hours4.json	984	793	191	131	39	39	100,000	54	19	19	randomSolver	70,123	41,558	71,590	87,500	75,000	62,500	44,291	29,167	51,042	68,750	54,688	40,625	489,216	68,902	678
MAD-0.1-agents120-hours4.json	984	793	191	212	120	120	100,000	54	19	19	referenceSolver	26,415	26,786	12,500	87,500	87,500	87,500	19,037	7,812	3,646	87,500	87,500	87,500	126,582	26,423	260
MAD-0.1-agents120-hours4.json	984	793	191	212	120	120	100,000	54	19	19	randomSolver	66,640	56,117	62,500	62,500	50,000	37,500	32,631	24,018	18,229	31,250	40,625	28,125	2199,240	100,000	984
MAD-0.1-agents310-hours8.json	984	793	191	402	310	310	100,000	54	19	19	referenceSolver	19,869	48,513	12,500	12,500	87,500	12,500	10,365	7,075	1,823	1,563	87,500	3,125	314,636	45,732	450
MAD-0.1-agents310-hours8.json	984	793	191	402	310	296	95,484	54	19	19	randomSolver	36,540	55,523	12,500	75,000	62,500	62,500	13,612	10,621	1,823	75,000	29,688	42,188	3078,354	100,000	984
MAD-0.1-agents470-hours4.json	984	793	191	562	470	470	100,000	54	19	19	referenceSolver	17,749	58,897	12,500	87,500	12,500	37,500	9,452	17,178	3,646	87,500	3,125	37,500	482,894	61,992	610
MAD-0.1-agents470-hours4.json	984	793	191	562	470	406	86,383	54	19	19	randomSolver	28,122	60,137	12,500	62,500	87,500	62,500	12,309	18,736	3,646	40,625	56,250	62,500	5216,500	100,000	984
MAD-0.1-agents40-hours8.json	984	793	191	132	40	40	100,000	54	19	19	referenceSolver	34,943	10,840	12,500	87,500	12,500	87,500	27,825	1,581	1,823	87,500	1,563	87,500	45,935	18,293	180
MAD-0.1-agents40-hours8.json	984	793	191	132	40	40	100,000	54	19	19	randomSolver	63,663	36,638	54,893	66,667	62,500	75,000	40,972	27,603	38,281	56,250	53,125	53,125	877,716	96,443	949
MAD-0.1-agents272-hours8.json	984	793	191	364	272	272	100,000	54	19	19	referenceSolver	20,604	45,333	12,500	87,500	87,500	12,500	11,248	6,611	1,823	87,500	87,500	1,563	278,337	41,870	412
MAD-0.1-agents272-hours8.json	984	793	191	364	272	263	96,691	54	19	19	randomSolver	39,180	53,716	25,000	75,000	66,667	87,500	15,033	11,405	3,646	43,750	45,313	57,813	3591,094	100,000	984
MAD-0.1-agents160-hours6.json	984	793	191	252	160	160	100,000	54	19	19	referenceSolver	24,306	32,653	12,500	12,500	87,500	12,500	15,841	6,349	2,431	1,563	87,500	1,563	171,068	30,488	300
MAD-0.1-agents160-hours6.json	984	793	191	252	160	159	99,375	54	19	19	randomSolver	56,353	54,563	25,000	50,000	62,500	50,000	23,627	15,236	4,861	29,688	34,375	40,625	3083,743	100,000	984
MAD-0.1-agents430-hours6.json	984	793	191	522	430	430	100,000	54	19	19	referenceSolver	18,199	56,579	12,500	12,500	12,500	12,500	8,905	11,001	2,431	1,563	1,563	1,563	436,510	57,927	570
MAD-0.1-agents430-hours6.json	984	793	191	522	430	373	86,744	54	19	19	randomSolver	29,753	58,990	37,500	75,000	50,000	75,000	11,406	12,759	7,292	35,938	18,750	56,250	7543,029	100,000	984
MAD-0.1-agents329-hours6.json	984	793	191	421	329	329	100,000	54	19	19	referenceSolver	19,507	50,076	12,500	37,500	25,000	87,500	10,447	9,737	2,431	28,125	25,000	87,500	334,808	47,663	469
MAD-0.1-agents329-hours6.json	984	793	191	421	329	303	92,097	54	19	19	randomSolver	35,950	57,724	0,000	75,000	75,000	37,500	14,143	13,296	0,000	65,625	53,125	26,563	3788,894	100,000	984
MAD-0.1-agents394-hours4.json	984	793	191	486	394	394	100,000	54	19	19	referenceSolver	18,621	54,420	12,500	87,500	87,500	87,500	10,366	15,872	3,646	87,500	87,500	87,500	380,480	54,268	534
MAD-0.1-agents394-hours4.json	984	793	191	486	394	353	89,594	54	19	19	randomSolver	32,180	59,889	25,000	62,500	62,500	75,000	14,234	19,183	7,292	29,688	43,750	43,750	9406,577	100,000	984
MAD-0.1-agents79-hours6.json	984	793	191	171	79	79	100,000	54	19	19	referenceSolver	29,825	19,363	12,500	12,500	12,500	12,500	22,176	3,765	2,431	12,500	3,125	3,125	82,956	22,256	219
MAD-0.1-agents79-hours6.json	984	793	191	171	79	79	100,000	54	19	19	randomSolver	68,898	47,407	73,106	50,000	37,500	62,500	34,819	21,772	17,014	40,625	26,563	32,813	1113,068	100,000	984
MAD-0.1-agents129-hours8.json	984	793	191	221	129	129	100,000	54	19	19	referenceSolver	25,962	28,105	12,500	12,500	87,500	12,500	17,368	4,099	1,823	1,563	87,500	1,563	151,048	27,337	269
MAD-0.1-agents129-hours8.json	984	793	191	221	129	129	100,000	54	19	19	randomSolver	58,608	49,319	55,526	67,500	75,000	50,000	24,761	13,822	12,760	45,313	34,375	50,000	3110,120	100,000	984
MAD-0.1-agents479-hours8.json	984	793	191	571	479	479	100,000	54	19	19	referenceSolver	17,666	59,356	12,500	87,500	12,500	12,500	7,831	8,656	1,823	87,500	3,125	1,563	474,326	62,907	619
MAD-0.1-agents479-hours8.json	984	793	191	571	479	402	83,925	54	19	19	randomSolver	26,682	57,768	12,500	62,500	75,000	75,000	9,583	10,017	1,823	32,813	54,688	34,375	5445,348	100,000	984
MAD-0.1-agents319-hours4.json	984	793	191	411	319	319	100,000	54	19	19	referenceSolver	19,678	49,304	12,500	87,500	50,000	87,500	11,585	14,380	3,646	87,500	50,000	87,500	328,778	46,646	459
MAD-0.1-agents319-hours4.json	984	793	191	411	319	303	94,984	54	19	19	randomSolver	38,073	59,748	12,500	50,000	75,000	41,667	16,831	19,228	3,646	40,625	64,063	29,688	2921,557	100,000	984
MAD-0.1-agents49-hours4.json	984	793	191	141	49	49	100,000	54	19	19	referenceSolver	33,599	12,929	12,500	87,500	87,500	87,500	26,821	3,771	3,646	87,500	87,500	87,500	54,000	19,207	189
MAD-0.1-agents49-hours4.json	984	793	191	141	49	49	100,000	54	19	19	randomSolver	70,974	45,917	88,295	50,000	62,500	62,500	43,451	30,080	43,750	40,625	51,563	32,813	592,650	77,947	767
MAD-0.1-agents286-hours4.json	984	793	191	378	286	286	100,000	54	19	19	referenceSolver	20,337	46,504	12,500	12,500	87,500	87,500	12,286	13,564	3,646	3,125	87,500	87,500	285,851	43,293	426
MAD-0.1-agents286-hours4.json	984	793	191	378	286	271	94,755	54	19	19	randomSolver	41,374	59,732	37,500	75,000	75,000	75,000	18,301	19,228	10,938	53,125	56,250	65,625	3750,929	100,000	984
MAD-0.1-agents150-hours4.json	984	793	191	242	150	150	100,000	54	19	19	referenceSolver	24,690	31,381	12,500	12,500	87,500	87,500	17,129	9,153	3,646	1,563	87,500	87,500	145,351	29,472	290
MAD-0.1-agents150-hours4.json	984	793	191	242	150	150	100,000	54	19	19	randomSolver	62,077	58,097	37,500	62,500	75,000	87,500	28,586	20,929	10,938	23,438	46,875	43,750	1464,382	100,000	984
MAD-0.1-agents400-hours4.json	984	793	191	492	400	400	100,000	54	19	19	referenceSolver	18,572	54,720	12,500	12,500	12,500	12,500	10,291	15,960	3,646	1,563	1,563	1,563	392,882	54,878	540
MAD-0.1-agents400-hours4.json	984	793	191	492	400	357	89,250	54	19	19	randomSolver	31,613	59,480	12,500	37,500	50,000	62,500	14,060	19,362	3,646	26,563	21,875	62,500	4170,137	100,000	984
MAD-0.1-agents360-hours8.json	984	793	191	452	360	360	100,000	54	19	19	referenceSolver	19,054	52,250	12,500	87,500	87,500	12,500	9,416	7,620	1,823	87,500	87,500	1,563	425,090	50,813	500
MAD-0.1-agents360-hours8.json	984	793	191	452	360	325	90,278	54	19	19	randomSolver	32,940	56,360	6,140	75,000	75,000	87,500	12,106	10,666	3,646	54,688	56,250	67,188	3359,552	100,000	984
MAD-0.1-agents30-hours8.json	984	793	191	122	30	30	100,000	54	19	19	referenceSolver	36,783	8,357	12,500	87,500	87,500	37,500	29,969	1,219	1,823	87,500	87,500	37,500	38,125	17,276	170
MAD-0.1-agents30-hours8.json	984	793	191	122	30	30	100,000	54	19	19	randomSolver	64,720	35,485	50,138	50,000	62,500	79,167	42,792	29,405	45,573	21,875	29,688	68,750	675,428	85,976	846
MAD-0.1-agents110-hours6.json	984	793	191	202	110	110	100,000	54	19	19	referenceSolver	27,166	25,057	12,500	87,500	12,500	12,500	19,145	4,872	2,431	87,500	3,125	1,563	135,016	25,407	250
MAD-0.1-agents110-hours6.json	984	793	191	202	110	110	100,000	54	19	19	randomSolver	64,333	51,253	87,500	75,000	75,000	62,500	29,475	18,430	17,014	32,813	54,688	43,750	1927,681	100,000	984
MAD-0.1-agents202-hours8.json	984	793	191	294	202	202	100,000	54	19	19	referenceSolver	22,534	38,113	12,500	87,500	12,500	12,500	13,492	5,558	1,823	87,500	1,563	1,563	210,671	34,756	342
MAD-0.1-agents202-hours8.json	984	793	191	294	202	199	98,515	54	19	19	randomSolver	47,958	53,183	0,000	87,500	87,500	62,500	18,613	11,629	0,000	46,875	78,125	53,125	2488,382	100,000	984
MAD-0.1-agents440-hours6.json	984	793	191	532	440	440	100,000	54	19	19	referenceSolver	18,045	57,292	12,500	12,500	12,500	12,500	8,774	11,140	2,431	1,563	1,563	1,563	513,654	58,943	580
MAD-0.1-agents440-hours6.json	984	793	191	532	440	383	87,045	54	19	19	randomSolver	29,413	59,289	12,500	87,500	62,500	87,500	11,192	12,789	2,431	68,750	62,500	67,188	4344,476	100,000	984
MAD-0.1-agents359-hours6.json	984	793	191	451	359	359	100,000	54	19	19	referenceSolver	19,069	52,180	12,500	87,500	12,500	12,500	9,917	10,146	2,431	87,500	1,563	3,125	436,554	50,711	499
MAD-0.1-agents359-hours6.json	984	793	191	451	359	329	91,643	54	19	19	randomSolver	34,094	58,394	25,000	75,000	87,500	62,500	13,202	13,117	4,861	34,375	48,438	42,188	5001,677	100,000	984
MAD-0.1-agents484-hours8.json	984	793	191	576	484	484	100,000	54	19	19	referenceSolver	17,643	59,533	12,500	87,500	87,500	12,500	7,782	8,682	1,823	87,500	87,500	1,563	504,091	63,415	624
MAD-0.1-agents484-hours8.json	984	793	191	576	484	403	83,264	54	19	19	randomSolver	26,554	57,774	12,500	41,667	62,500	75,000	9,500	9,793	1,823	31,250	42,188	45,313	4652,679	100,000	984
MAD-0.1-agents307-hours6.json	984	793	191	399	307	307	100,000	54	19	19	referenceSolver	19,925	48,270	12,500	12,500	12,500	87,500	10,897	9,386	2,431	1,563	3,125	87,500	320,374	45,427	447
MAD-0.1-agents307-hours6.json	984	793	191	399	307	294	95,765	54	19	19	randomSolver	38,403	58,438	37,500	62,500	75,000	12,500	14,922	13,147	7,292	31,250	54,688	3,125	3145,231	100,000	984
MAD-0.1-agents225-hours4.json	984	793	191	317	225	225	100,000	54	19	19	referenceSolver	21,806	40,687	12,500	87,500	12,500	12,500	13,939	11,867	3,646	87,500	1,563	1,563	228,088	37,093	365
MAD-0.1-agents225-hours4.json	984	793	191	317	225	225	100,000	54	19	19	randomSolver	48,390	58,762	37,500	62,500	75,000	50,000	21,822	20,079	10,938	42,188	65,625	40,625	3398,219	100,000	984
MAD-0.1-agents298-hours6.json	984	793	191	390	298	298	100,000	54	19	19	referenceSolver	20,096	47,528	12,500	12,500	87,500	12,500	11,088	9,242	2,431	1,563	87,500	1,563	349,424	44,512	438
MAD-0.1-agents298-hours6.json	984	793	191	390	298	283	94,966	54	19	19	randomSolver	38,736	57,591	50,000	62,500	62,500	62,500	15,267	13,595	9,722	31,250	40,625	43,750	2853,635	100,000	984
MAD-0.1-agents57-hours6.json	984	793	191	149	57	57	100,000	54	19	19	referenceSolver	32,383	14,767	12,500	87,500	12,500	87,500	25,091	2,871	2,431	87,500	1,563	87,500	60,968	20,020	197
MAD-0.1-agents57-hours6.json	984	793	191	149	57	57	100,000	54	19	19	randomSolver	66,381	42,494	61,068	62,500	37,500	87,500	39,715	27,114	34,028	53,125	28,125	87,500	1826,283	98,476	969
MAD-0.1-agents93-hours8.json	984	793	191	185	93	93	100,000	54	19	19	referenceSolver	28,446	22,090	12,500	87,500	87,500	12,500	20,367	3,221	1,823	87,500	87,500	1,563	120,237	23,679	233
MAD-0.1-agents93-hours8.json	984	793	191	185	93	93	100,000	54	19	19	randomSolver	63,348	44,424	68,056	75,000	62,500	75,000	29,579	16,217	12,760	43,750	53,125	54,688	1533,278	100,000	984
MAD-0.1-agents347-hours4.json	984	793	191	439	347	347	100,000	54	19	19	referenceSolver	19,220	51,407	12,500	87,500	87,500	50,000	11,079	14,994	3,646	87,500	87,500	50,000	333,230	49,492	487
MAD-0.1-agents347-hours4.json	984	793	191	439	347	320	92,219	54	19	19	randomSolver	35,803	59,979	37,500	62,500	50,000	62,500	15,758	18,691	10,938	21,875	39,063	53,125	4936,336	100,000	984
MAD-0.1-agents427-hours8.json	984	793	191	519	427	427	100,000	54	19	19	referenceSolver	18,208	56,481	12,500	87,500	87,500	12,500	8,436	8,237	1,823	87,500	87,500	3,125	447,713	57,622	567
MAD-0.1-agents427-hours8.json	984	793	191	519	427	369	86,417	54	19	19	randomSolver	28,821	56,411	12,500	50,000	75,000	75,000	10,544	10,286	1,823	40,625	45,313	64,063	7288,389	100,000	984
MAD-0.1-agents265-hours6.json	984	793	191	357	265	265	100,000	54	19	19	referenceSolver	20,763	44,688	12,500	25,000	87,500	87,500	11,884	8,689	2,431	25,000	87,500	87,500	268,194	41,159	405
MAD-0.1-agents265-hours6.json	984	793	191	357	265	259	97,736	54	19	19	randomSolver	41,798	56,978	25,000	62,500	75,000	62,500	16,678	14,132	4,861	42,188	65,625	31,250	2670,976	100,000	984
MAD-0.1-agents177-hours8.json	984	793	191	269	177	177	100,000	54	19	19	referenceSolver	23,513	34,980	12,500	12,500	12,500	50,000	14,588	5,101	1,823	3,125	1,563	50,000	182,984	32,215	317
MAD-0.1-agents177-hours8.json	984	793	191	269	177	176	99,435	54	19	19	randomSolver	51,072	51,538	43,333	50,000	75,000	87,500	20,343	12,233	9,115	32,813	34,375	67,188	1775,932	100,000	984
MAD-0.1-agents17-hours4.json	984	793	191	109	17	17	100,000	54	19	19	referenceSolver	39,564	4,928	12,500	87,500	87,500	12,500	33,582	1,437	3,646	87,500	87,500	3,125	22,703	15,955	157
MAD-0.1-agents17-hours4.json	984	793	191	109	17	17	100,000	54	19	19	randomSolver	68,707	28,486	72,417	37,500	50,000	62,500	45,203	22,000	54,688	17,188	28,125	51,563	255,029	44,512	438
MAD-0.1-agents377-hours6.json	984	793	191	469	377	377	100,000	54	19	19	referenceSolver	18,817	53,399	12,500	12,500	12,500	12,500	9,630	10,383	2,431	1,563	1,563	3,125	370,509	52,541	517
MAD-0.1-agents377-hours6.json	984	793	191	469	377	343	90,981	54	19	19	randomSolver	32,893	58,158	32,447	50,000	75,000	87,500	12,695	13,057	9,722	50,000	45,313	57,813	3480,579	100,000	984
MAD-0.1-agents255-hours4.json	984	793	191	347	255	255	100,000	54	19	19	referenceSolver	21,073	43,590	12,500	87,500	87,500	87,500	13,063	12,714	3,646	87,500	87,500	87,500	248,926	40,142	395
MAD-0.1-agents255-hours4.json	984	793	191	347	255	250	98,039	54	19	19	randomSolver	44,946	59,575	37,500	75,000	75,000	87,500	19,936	19,541	10,938	21,875	75,000	67,188	3729,701	100,000	984
MAD-0.1-agents27-hours6.json	984	793	191	119	27	27	100,000	54	19	19	referenceSolver	37,395	7,584	12,500	12,500	12,500	87,500	30,804	1,475	2,431	1,563	3,125	87,500	32,770	16,972	167
MAD-0.1-agents27-hours6.json	984	793	191	119	27	27	100,000	54	19	19	randomSolver	66,477	36,261	64,882	62,500	62,500	75,000	43,886	28,992	34,028	40,625	32,813	34,375	664,483	69,411	683
MAD-0.1-agents183-hours4.json	984	793	191	275	183	183	100,000	54	19	19	referenceSolver	23,227	35,812	12,500	12,500	87,500	12,500	15,511	10,445	3,646	3,125	87,500	1,563	183,495	32,825	323
MAD-0.1-agents183-hours4.json	984	793	191	275	183	183	100,000	54	19	19	randomSolver	55,011	58,474	50,000	50,000	54,167	75,000	25,155	20,661	14,583	39,063	42,188	56,250	2984,310	100,000	984
MAD-0.1-agents493-hours6.json	984	793	191	585	493	493	100,000	54	19	19	referenceSolver	17,543	60,049	12,500	87,500	12,500	87,500	8,199	11,676	2,431	87,500	3,125	87,500	503,395	64,329	633
MAD-0.1-agents493-hours6.json	984	793	191	585	493	400	81,136	54	19	19	randomSolver	26,435	58,767	0,000	75,000	75,000	62,500	10,178	12,789	0,000	45,313	64,063	42,188	4737,344	100,000	984
MAD-0.1-agents457-hours8.json	984	793	191	549	457	457	100,000	54	19	19	referenceSolver	17,873	58,217	12,500	87,500	12,500	50,000	8,072	8,490	1,823	87,500	1,563	50,000	463,712	60,671	597
MAD-0.1-agents457-hours8.json	984	793	191	549	457	383	83,807	54	19	19	randomSolver	27,615	57,137	41,618	87,500	75,000	75,000	9,967	10,062	9,115	76,563	45,313	31,250	4212,851	100,000	984
MAD-0.1-agents337-hours4.json	984	793	191	429	337	337	100,000	54	19	19	referenceSolver	19,406	50,601	12,500	50,000	87,500	37,500	11,259	14,759	3,646	40,625	87,500	37,500	358,526	48,476	477
MAD-0.1-agents337-hours4.json	984	793	191	429	337	313	92,878	54	19	19	randomSolver	36,176	59,285	25,000	75,000	62,500	75,000	16,125	19,541	7,292	64,063	32,813	46,875	3874,866	100,000	984
MAD-0.1-agents107-hours8.json	984	793	191	199	107	107	100,000	54	19	19	referenceSolver	27,450	24,485	12,500	87,500	12,500	12,500	19,086	3,571	1,823	87,500	3,125	1,563	114,358	25,102	247
MAD-0.1-agents107-hours8.json	984	793	191	199	107	107	100,000	54	19	19	randomSolver	61,272	46,525	64,957	50,000	75,000	75,000	27,498	15,501	16,406	29,688	45,313	45,313	1700,598	100,000	984
MAD-0.1-agents215-hours6.json	984	793	191	307	215	215	100,000	54	19	19	referenceSolver	22,150	39,522	12,500	12,500	12,500	12,500	13,429	7,685	2,431	1,563	1,563	1,563	221,305	36,077	355
MAD-0.1-agents215-hours6.json	984	793	191	307	215	214	99,535	54	19	19	randomSolver	48,057	56,070	37,500	62,500	62,500	75,000	19,394	14,490	7,292	32,813	42,188	75,000	3645,969	100,000	984
MAD-0.1-agents67-hours4.json	984	793	191	159	67	67	100,000	54	19	19	referenceSolver	31,211	16,877	12,500	12,500	12,500	87,500	24,197	4,922	3,646	3,125	1,563	87,500	70,452	21,037	207
MAD-0.1-agents67-hours4.json	984	793	191	159	67	67	100,000	54	19	19	randomSolver	71,474	50,591	70,625	75,000	75,000	62,500	42,132	31,185	47,396	32,813	45,313	32,813	1209,281	93,902	924
MAD-0.1-agents209-hours6.json	984	793	191	301	209	209	100,000	54	19	19	referenceSolver	22,342	38,848	12,500	12,500	12,500	87,500	13,648	7,554	2,431	3,125	1,563	87,500	220,627	35,467	349
MAD-0.1-agents209-hours6.json	984	793	191	301	209	206	98,565	54	19	19	randomSolver	49,041	56,304	32,609	62,500	62,500	87,500	19,781	14,371	9,722	31,250	53,125	59,375	3434,736	100,000	984
MAD-0.1-agents396-hours6.json	984	793	191	488	396	396	100,000	54	19	19	referenceSolver	18,545	54,696	12,500	12,500	12,500	12,500	9,346	10,635	2,431	1,563	1,563	3,125	382,115	54,472	536
MAD-0.1-agents396-hours6.json	984	793	191	488	396	352	88,889	54	19	19	randomSolver	31,717	58,783	25,000	75,000	75,000	87,500	12,201	13,087	4,861	53,125	53,125	56,250	3452,292	100,000	984
MAD-0.1-agents352-hours8.json	984	793	191	444	352	352	100,000	54	19	19	referenceSolver	19,144	51,765	12,500	87,500	37,500	12,500	9,550	7,549	1,823	87,500	37,500	1,563	344,306	50,000	492
MAD-0.1-agents352-hours8.json	984	793	191	444	352	321	91,193	54	19	19	randomSolver	33,134	55,310	0,000	75,000	75,000	75,000	12,325	10,823	0,000	45,313	37,500	53,125	3219,774	100,000	984
MAD-0.1-agents432-hours4.json	984	793	191	524	432	432	100,000	54	19	19	referenceSolver	18,154	56,767	12,500	87,500	87,500	12,500	9,876	16,557	3,646	87,500	87,500	1,563	412,265	58,130	572
MAD-0.1-agents432-hours4.json	984	793	191	524	432	375	86,806	54	19	19	randomSolver	30,235	59,995	12,500	62,500	62,500	62,500	13,202	18,780	3,646	32,813	43,750	42,188	4554,688	100,000	984
MAD-0.1-agents162-hours4.json	984	793	191	254	162	162	100,000	54	19	19	referenceSolver	24,114	33,061	12,500	37,500	87,500	87,500	16,492	9,643	3,646	37,500	87,500	87,500	160,416	30,691	302
MAD-0.1-agents162-hours4.json	984	793	191	254	162	162	100,000	54	19	19	randomSolver	57,833	57,909	25,000	50,000	75,000	62,500	27,235	22,138	7,292	50,000	64,063	40,625	2022,238	100,000	984
MAD-0.1-agents472-hours6.json	984	793	191	564	472	472	100,000	54	19	19	referenceSolver	17,730	59,000	12,500	12,500	25,000	87,500	8,414	11,472	2,431	1,563	25,000	87,500	463,425	62,195	612
MAD-0.1-agents472-hours6.json	984	793	191	564	472	388	82,203	54	19	19	randomSolver	27,417	58,511	37,500	75,000	75,000	87,500	10,557	12,998	7,292	65,625	65,625	56,250	4409,315	100,000	984
MAD-0.1-agents230-hours8.json	984	793	191	322	230	230	100,000	54	19	19	referenceSolver	21,700	41,145	12,500	12,500	87,500	12,500	12,487	6,000	1,823	1,563	87,500	1,563	227,858	37,602	370
MAD-0.1-agents230-hours8.json	984	793	191	322	230	225	97,826	54	19	19	randomSolver	44,100	52,867	25,000	62,500	62,500	62,500	16,994	11,629	3,646	29,688	42,188	29,688	2539,484	100,000	984
MAD-0.1-agents122-hours6.json	984	793	191	214	122	122	100,000	54	19	19	referenceSolver	26,343	27,051	12,500	87,500	87,500	12,500	18,215	5,260	2,431	87,500	87,500	1,563	131,129	26,626	262
MAD-0.1-agents122-hours6.json	984	793	191	214	122	122	100,000	54	19	19	randomSolver	62,253	51,518	62,500	62,500	66,667	50,000	27,822	17,415	12,153	32,813	54,688	50,000	2083,573	100,000	984
MAD-0.1-agents249-hours4.json	984	793	191	341	249	249	100,000	54	19	19	referenceSolver	21,188	43,080	12,500	87,500	12,500	12,500	13,224	12,565	3,646	87,500	1,563	1,563	243,422	39,533	389
MAD-0.1-agents249-hours4.json	984	793	191	341	249	241	96,787	54	19	19	randomSolver	44,890	58,897	25,000	50,000	75,000	75,000	20,287	20,123	7,292	28,125	54,688	45,313	2930,141	100,000	984
MAD-0.1-agents86-hours4.json	984	793	191	178	86	86	100,000	54	19	19	referenceSolver	29,143	20,723	12,500	25,000	12,500	12,500	21,986	6,044	3,646	25,000	3,125	3,125	89,177	22,967	226
MAD-0.1-agents86-hours4.json	984	793	191	178	86	86	100,000	54	19	19	randomSolver	72,955	54,521	85,294	62,500	87,500	62,500	38,864	27,779	29,167	51,563	65,625	53,125	1024,761	100,000	984
MAD-0.1-agents279-hours6.json	984	793	191	371	279	279	100,000	54	19	19	referenceSolver	20,451	45,964	12,500	12,500	12,500	87,500	11,527	8,937	2,431	1,563	3,125	87,500	281,945	42,581	419
MAD-0.1-agents279-hours6.json	984	793	191	371	279	268	96,057	54	19	19	randomSolver	40,340	57,257	25,000	55,000	66,667	50,000	16,048	13,744	4,861	14,063	65,625	40,625	2585,369	100,000	984
MAD-0.1-agents442-hours4.json	984	793	191	534	442	442	100,000	54	19	19	referenceSolver	18,048	57,328	12,500	12,500	12,500	87,500	9,759	16,721	3,646	1,563	1,563	87,500	433,073	59,146	582
MAD-0.1-agents442-hours4.json	984	793	191	534	442	378	85,520	54	19	19	randomSolver	29,264	59,562	25,000	75,000	87,500	75,000	12,955	19,139	7,292	35,938	56,250	42,188	4787,357	100,000	984
MAD-0.1-agents322-hours8.json	984	793	191	414	322	322	100,000	54	19	19	referenceSolver	19,716	49,311	12,500	87,500	12,500	87,500	10,125	7,191	1,823	87,500	1,563	87,500	330,502	46,951	462
MAD-0.1-agents322-hours8.json	984	793	191	414	322	296	91,925	54	19	19	randomSolver	35,432	55,380	37,500	50,000	87,500	87,500	13,218	10,800	5,469	40,625	68,750	35,938	5007,284	100,000	984
MAD-0.1-agents112-hours4.json	984	793	191	204	112	112	100,000	54	19	19	referenceSolver	27,022	25,397	12,500	12,500	12,500	12,500	19,649	7,407	3,646	1,563	3,125	1,563	117,938	25,610	252
MAD-0.1-agents112-hours4.json	984	793	191	204	112	112	100,000	54	19	19	randomSolver	69,473	56,045	69,947	75,000	75,000	79,167	33,910	23,436	25,521	25,000	45,313	48,438	1532,893	100,000	984
MAD-0.1-agents72-hours8.json	984	793	191	164	72	72	100,000	54	19	19	referenceSolver	30,488	18,000	12,500	12,500	25,000	12,500	22,742	2,625	1,823	1,563	25,000	1,563	77,781	21,545	212
MAD-0.1-agents72-hours8.json	984	793	191	164	72	72	100,000	54	19	19	randomSolver	65,681	41,882	51,857	87,500	87,500	75,000	33,367	18,277	23,698	57,813	35,938	43,750	1069,292	100,000	984
MAD-0.1-agents402-hours6.json	984	793	191	494	402	402	100,000	54	19	19	referenceSolver	18,472	55,068	12,500	12,500	12,500	87,500	9,262	10,708	2,431	1,563	1,563	87,500	413,953	55,081	542
MAD-0.1-agents402-hours6.json	984	793	191	494	402	357	88,806	54	19	19	randomSolver	31,194	58,427	25,000	56,250	75,000	75,000	12,053	13,028	4,861	45,313	46,875	64,063	4831,757	100,000	984
MAD-0.1-agents152-hours6.json	984	793	191	244	152	152	100,000	54	19	19	referenceSolver	24,693	31,535	12,500	87,500	87,500	12,500	16,281	6,132	2,431	87,500	87,500	1,563	162,860	29,675	292
MAD-0.1-agents152-hours6.json	984	793	191	244	152	152	100,000	54	19	19	randomSolver	57,137	53,992	25,000	75,000	54,167	50,000	24,402	15,893	4,861	45,313	42,188	29,688	2580,677	100,000	984
MAD-0.1-agents240-hours8.json	984	793	191	332	240	240	100,000	54	19	19	referenceSolver	21,386	42,254	12,500	12,500	87,500	12,500	12,156	6,162	1,823	1,563	87,500	3,125	251,588	38,618	380
MAD-0.1-agents240-hours8.json	984	793	191	332	240	232	96,667	54	19	19	randomSolver	43,243	54,184	12,500	75,000	87,500	62,500	16,482	11,226	1,823	25,000	65,625	62,500	2800,719	100,000	984
MAD-0.1-agents239-hours4.json	984	793	191	331	239	239	100,000	54	19	19	referenceSolver	21,412	42,152	12,500	12,500	87,500	12,500	13,504	12,294	3,646	1,563	87,500	3,125	241,784	38,516	379
MAD-0.1-agents239-hours4.json	984	793	191	331	239	239	100,000	54	19	19	randomSolver	46,208	58,748	50,000	87,500	62,500	50,000	20,899	20,213	14,583	57,813	42,188	39,063	3708,034	100,000	984
MAD-0.1-agents196-hours8.json	984	793	191	288	196	196	100,000	54	19	19	referenceSolver	22,786	37,333	12,500	87,500	87,500	12,500	13,746	5,444	1,823	87,500	87,500	3,125	264,315	34,146	336
MAD-0.1-agents196-hours8.json	984	793	191	288	196	193	98,469	54	19	19	randomSolver	48,964	53,072	37,500	62,500	87,500	50,000	19,000	11,539	5,469	43,750	65,625	28,125	3256,947	100,000	984
MAD-0.1-agents284-hours6.json	984	793	191	376	284	284	100,000	54	19	19	referenceSolver	20,346	46,405	12,500	87,500	12,500	12,500	11,406	9,023	2,431	87,500	1,563	1,563	306,225	43,089	424
MAD-0.1-agents284-hours6.json	984	793	191	376	284	272	95,775	54	19	19	randomSolver	40,119	57,236	37,500	50,000	62,500	62,500	15,835	13,475	7,292	39,063	40,625	51,563	2746,750	100,000	984
MAD-0.1-agents267-hours4.json	984	793	191	359	267	267	100,000	54	19	19	referenceSolver	20,717	44,874	12,500	87,500	87,500	87,500	12,735	13,088	3,646	87,500	87,500	87,500	268,780	41,362	407
MAD-0.1-agents267-hours4.json	984	793	191	359	267	259	97,004	54	19	19	randomSolver	43,350	59,652	50,000	62,500	87,500	62,500	19,269	19,452	14,583	53,125	56,250	43,750	3041,873	100,000	984
MAD-0.1-agents345-hours6.json	984	793	191	437	345	345	100,000	54	19	19	referenceSolver	19,279	51,187	12,500	87,500	87,500	12,500	10,160	9,953	2,431	87,500	87,500	3,125	358,758	49,289	485
MAD-0.1-agents345-hours6.json	984	793	191	437	345	316	91,594	54	19	19	randomSolver	34,806	58,241	25,000	50,000	75,000	50,000	13,625	13,147	4,861	40,625	45,313	29,688	3803,862	100,000	984
MAD-0.1-agents498-hours8.json	984	793	191	590	498	498	100,000	54	19	19	referenceSolver	17,542	60,145	12,500	12,500	87,500	12,500	7,643	8,771	1,823	3,125	87,500	1,563	529,022	64,837	638
MAD-0.1-agents498-hours8.json	984	793	191	590	498	397	79,719	54	19	19	randomSolver	26,228	58,328	0,000	50,000	87,500	62,500	9,275	9,815	0,000	18,750	76,563	32,813	4862,195	100,000	984
MAD-0.1-agents15-hours6.json	984	793	191	107	15	15	100,000	54	19	19	referenceSolver	40,187	4,360	12,500	12,500	87,500	12,500	33,986	0,848	2,431	1,563	87,500	3,125	22,845	15,752	155
MAD-0.1-agents15-hours6.json	984	793	191	107	15	15	100,000	54	19	19	randomSolver	66,881	27,799	53,631	50,000	50,000	50,000	44,605	23,633	43,750	20,313	31,250	31,250	423,694	50,610	498
MAD-0.1-agents381-hours8.json	984	793	191	473	381	381	100,000	54	19	19	referenceSolver	18,790	53,586	12,500	12,500	87,500	12,500	9,086	7,815	1,823	1,563	87,500	1,563	405,066	52,947	521
MAD-0.1-agents381-hours8.json	984	793	191	473	381	338	88,714	54	19	19	randomSolver	31,838	57,074	12,500	50,000	75,000	75,000	11,569	10,286	1,823	40,625	43,750	53,125	5038,330	100,000	984
MAD-0.1-agents8-hours4.json	984	793	191	100	8	8	100,000	54	19	19	referenceSolver	42,000	2,381	12,500	12,500	87,500	12,500	36,276	0,694	3,646	1,563	87,500	1,563	14,380	15,041	148
MAD-0.1-agents8-hours4.json	984	793	191	100	8	8	100,000	54	19	19	randomSolver	69,489	16,514	79,673	75,000	50,000	87,500	44,531	12,513	69,271	45,313	50,000	56,250	210,888	31,301	308
MAD-0.1-agents227-hours6.json	984	793	191	319	227	227	100,000	54	19	19	referenceSolver	21,748	40,901	12,500	12,500	62,500	12,500	13,010	7,953	2,431	1,563	62,500	1,563	238,916	37,297	367
MAD-0.1-agents227-hours6.json	984	793	191	319	227	223	98,238	54	19	19	randomSolver	46,405	56,679	10,294	87,500	41,667	62,500	18,665	14,102	4,861	67,188	29,688	53,125	3531,434	100,000	984
MAD-0.1-agents135-hours8.json	984	793	191	227	135	135	100,000	54	19	19	referenceSolver	25,661	28,970	12,500	12,500	12,500	87,500	16,964	4,225	1,823	1,563	1,563	87,500	140,629	27,947	275
MAD-0.1-agents135-hours8.json	984	793	191	227	135	135	100,000	54	19	19	randomSolver	56,600	49,289	50,000	59,167	41,667	87,500	24,106	13,688	7,292	37,500	31,250	57,813	3443,321	100,000	984
MAD-0.1-agents305-hours4.json	984	793	191	397	305	305	100,000	54	19	19	referenceSolver	19,931	48,183	12,500	12,500	12,500	87,500	11,865	14,053	3,646	1,563	1,563	87,500	307,876	45,224	445
MAD-0.1-agents305-hours4.json	984	793	191	397	305	296	97,049	54	19	19	randomSolver	39,382	59,537	25,000	79,167	75,000	75,000	17,425	19,318	7,292	57,813	35,938	32,813	5032,097	100,000	984
MAD-0.1-agents465-hours8.json	984	793	191	557	465	465	100,000	54	19	19	referenceSolver	17,819	58,564	12,500	12,500	12,500	37,500	7,988	8,541	1,823	1,563	1,563	37,500	481,069	61,484	605
MAD-0.1-agents465-hours8.json	984	793	191	557	465	386	83,011	54	19	19	randomSolver	26,971	56,379	12,500	62,500	75,000	62,500	9,824	10,330	1,823	42,188	56,250	62,500	4345,797	100,000	984
MAD-0.1-agents55-hours4.json	984	793	191	147	55	55	100,000	54	19	19	referenceSolver	32,568	14,360	12,500	37,500	12,500	87,500	25,843	4,188	3,646	28,125	1,563	87,500	60,075	19,817	195
MAD-0.1-agents55-hours4.json	984	793	191	147	55	55	100,000	54	19	19	randomSolver	70,986	47,426	81,027	62,500	87,500	75,000	43,066	30,852	40,104	42,188	56,250	54,688	775,102	83,638	823
MAD-0.1-agents217-hours4.json	984	793	191	309	217	217	100,000	54	19	19	referenceSolver	22,087	39,744	12,500	87,500	12,500	12,500	14,211	11,592	3,646	87,500	3,125	1,563	224,596	36,280	357
MAD-0.1-agents217-hours4.json	984	793	191	309	217	216	99,539	54	19	19	randomSolver	49,248	59,045	37,500	75,000	75,000	50,000	22,387	19,900	10,938	23,438	65,625	39,063	2234,117	100,000	984
MAD-0.1-agents335-hours6.json	984	793	191	427	335	335	100,000	54	19	19	referenceSolver	19,409	50,528	12,500	12,500	87,500	50,000	10,334	9,825	2,431	1,563	87,500	50,000	347,079	48,272	475
MAD-0.1-agents335-hours6.json	984	793	191	427	335	310	92,537	54	19	19	randomSolver	35,776	57,727	37,500	50,000	87,500	62,500	13,944	13,535	7,292	18,750	67,188	31,250	5272,999	100,000	984
MAD-0.1-agents388-hours4.json	984	793	191	480	388	388	100,000	54	19	19	referenceSolver	18,672	54,114	12,500	87,500	12,500	87,500	10,447	15,783	3,646	87,500	3,125	87,500	402,572	53,659	528
MAD-0.1-agents388-hours4.json	984	793	191	480	388	353	90,979	54	19	19	randomSolver	32,675	59,978	0,000	75,000	62,500	50,000	14,412	18,736	0,000	56,250	43,750	39,063	3605,747	100,000	984
MAD-0.1-agents65-hours6.json	984	793	191	157	65	65	100,000	54	19	19	referenceSolver	31,529	16,414	12,500	87,500	12,500	12,500	23,966	3,192	2,431	87,500	1,563	1,563	71,232	20,833	205
MAD-0.1-agents65-hours6.json	984	793	191	157	65	65	100,000	54	19	19	randomSolver	68,617	44,759	70,138	87,500	66,667	62,500	37,908	25,149	31,597	65,625	56,250	42,188	1687,829	99,898	983
MAD-0.1-agents1-hours8.json	984	793	191	93	1	1	100,000	54	19	19	referenceSolver	44,220	0,304	12,500	12,500	87,500	12,500	38,712	0,044	1,823	3,125	87,500	3,125	6,674	14,329	141
MAD-0.1-agents1-hours8.json	984	793	191	93	1	1	100,000	54	19	19	randomSolver	68,430	4,070	72,330	62,500	62,500	62,500	43,904	3,585	56,510	53,125	43,750	62,500	135,335	22,561	222
MAD-0.1-agents491-hours4.json	984	793	191	583	491	491	100,000	54	19	19	referenceSolver	17,603	59,805	12,500	37,500	87,500	87,500	9,251	17,443	3,646	37,500	87,500	87,500	503,510	64,126	631
MAD-0.1-agents491-hours4.json	984	793	191	583	491	408	83,096	54	19	19	randomSolver	27,081	60,217	25,000	62,500	87,500	87,500	11,866	18,780	7,292	51,563	87,500	54,688	4473,663	100,000	984
MAD-0.1-agents181-hours6.json	984	793	191	273	181	181	100,000	54	19	19	referenceSolver	23,352	35,490	12,500	12,500	12,500	87,500	14,804	6,901	2,431	1,563	1,563	87,500	190,585	32,622	321
MAD-0.1-agents181-hours6.json	984	793	191	273	181	181	100,000	54	19	19	randomSolver	52,928	55,173	55,556	75,000	50,000	62,500	21,809	14,938	14,583	56,250	28,125	62,500	2014,111	100,000	984
MAD-0.1-agents293-hours8.json	984	793	191	385	293	293	100,000	54	19	19	referenceSolver	20,195	47,106	12,500	12,500	12,500	12,500	10,738	6,870	1,823	1,563	3,125	3,125	304,059	44,004	433
MAD-0.1-agents293-hours8.json	984	793	191	385	293	275	93,857	54	19	19	randomSolver	37,831	54,809	12,500	87,500	87,500	62,500	14,213	11,024	1,823	57,813	57,813	31,250	3841,056	100,000	984
MAD-0.1-agents98-hours6.json	984	793	191	190	98	98	100,000	54	19	19	referenceSolver	28,026	23,005	12,500	50,000	87,500	12,500	20,193	4,473	2,431	50,000	87,500	1,563	104,874	24,187	238
MAD-0.1-agents98-hours6.json	984	793	191	190	98	98	100,000	54	19	19	randomSolver	66,583	49,546	48,611	50,000	75,000	62,500	31,337	18,997	17,014	40,625	35,938	42,188	1197,430	100,000	984
MAD-0.1-agents145-hours8.json	984	793	191	237	145	145	100,000	54	19	19	referenceSolver	24,947	30,655	12,500	25,000	87,500	87,500	16,299	4,471	1,823	25,000	87,500	87,500	151,921	28,963	285
MAD-0.1-agents145-hours8.json	984	793	191	237	145	144	99,310	54	19	19	randomSolver	54,054	48,347	62,500	54,167	75,000	62,500	23,089	13,464	9,115	43,750	45,313	42,188	1582,074	100,000	984
MAD-0.1-agents257-hours6.json	984	793	191	349	257	257	100,000	54	19	19	referenceSolver	20,953	43,932	12,500	12,500	12,500	87,500	12,101	8,542	2,431	1,563	1,563	87,500	277,129	40,346	397
MAD-0.1-agents257-hours6.json	984	793	191	349	257	250	97,276	54	19	19	randomSolver	42,845	57,276	20,833	50,000	62,500	62,500	17,060	14,102	9,722	40,625	62,500	62,500	2771,618	100,000	984
MAD-0.1-agents415-hours8.json	984	793	191	507	415	415	100,000	54	19	19	referenceSolver	18,368	55,705	12,500	12,500	12,500	87,500	8,599	8,124	1,823	1,563	1,563	87,500	424,434	56,402	555
MAD-0.1-agents415-hours8.json	984	793	191	507	415	369	88,916	54	19	19	randomSolver	29,766	57,034	12,500	62,500	87,500	50,000	10,793	10,263	1,823	21,875	68,750	39,063	5959,841	100,000	984
MAD-0.1-agents375-hours4.json	984	793	191	467	375	375	100,000	54	19	19	referenceSolver	18,817	53,343	12,500	12,500	50,000	12,500	10,633	15,558	3,646	3,125	50,000	1,563	394,872	52,337	515
MAD-0.1-agents375-hours4.json	984	793	191	467	375	349	93,067	54	19	19	randomSolver	33,910	60,229	0,000	87,500	50,000	62,500	14,813	18,691	0,000	67,188	29,688	32,813	9806,227	100,000	984
MAD-0.1-agents25-hours4.json	984	793	191	117	25	25	100,000	54	19	19	referenceSolver	37,821	7,062	12,500	50,000	87,500	12,500	31,548	2,060	3,646	50,000	87,500	1,563	31,179	16,768	165
MAD-0.1-agents25-hours4.json	984	793	191	117	25	25	100,000	54	19	19	randomSolver	69,868	35,040	80,424	62,500	75,000	87,500	45,041	26,082	40,104	32,813	54,688	67,188	637,122	54,065	532
MAD-0.1-agents136-hours8.json	984	793	191	228	136	136	100,000	54	19	19	referenceSolver	25,493	29,247	12,500	12,500	87,500	87,500	16,877	4,265	1,823	1,563	87,500	87,500	145,351	28,049	276
MAD-0.1-agents136-hours8.json	984	793	191	228	136	136	100,000	54	19	19	randomSolver	56,870	48,664	54,605	87,500	87,500	75,000	24,001	13,397	10,938	29,688	56,250	34,375	2098,409	100,000	984
MAD-0.1-agents224-hours6.json	984	793	191	316	224	224	100,000	54	19	19	referenceSolver	21,875	40,506	12,500	12,500	87,500	87,500	13,115	7,876	2,431	1,563	87,500	87,500	232,095	36,992	364
MAD-0.1-agents224-hours6.json	984	793	191	316	224	220	98,214	54	19	19	randomSolver	46,668	55,901	46,959	62,500	50,000	87,500	18,842	14,371	12,153	62,500	50,000	39,063	3162,380	100,000	984
MAD-0.1-agents466-hours8.json	984	793	191	558	466	466	100,000	54	19	19	referenceSolver	17,787	58,690	12,500	12,500	87,500	37,500	7,971	8,559	1,823	3,125	87,500	37,500	474,481	61,585	606
MAD-0.1-agents466-hours8.json	984	793	191	558	466	394	84,549	54	19	19	randomSolver	27,320	57,190	37,500	62,500	75,000	75,000	9,807	9,950	5,469	42,188	43,750	75,000	4481,736	100,000	984
MAD-0.1-agents306-hours4.json	984	793	191	398	306	306	100,000	54	19	19	referenceSolver	19,943	48,189	12,500	12,500	12,500	37,500	11,852	14,055	3,646	3,125	1,563	37,500	308,400	45,325	446
MAD-0.1-agents306-hours4.json	984	793	191	398	306	294	96,078	54	19	19	randomSolver	39,216	59,772	12,500	75,000	87,500	75,000	17,381	19,318	3,646	26,563	56,250	32,813	3248,139	100,000	984
MAD-0.1-agents56-hours4.json	984	793	191	148	56	56	100,000	54	19	19	referenceSolver	32,686	14,470	12,500	12,500	12,500	87,500	25,736	4,220	3,646	1,563	1,563	87,500	64,319	19,919	196
MAD-0.1-agents56-hours4.json	984	793	191	148	56	56	100,000	54	19	19	randomSolver	71,865	48,140	80,884	56,250	75,000	50,000	42,898	30,692	32,813	34,375	75,000	39,063	582,523	84,146	828
MAD-0.1-agents299-hours4.json	984	793	191	391	299	299	100,000	54	19	19	referenceSolver	20,045	47,687	12,500	87,500	87,500	12,500	11,991	13,909	3,646	87,500	87,500	3,125	299,679	44,614	439
MAD-0.1-agents299-hours4.json	984	793	191	391	299	284	94,983	54	19	19	randomSolver	39,547	59,352	50,000	75,000	62,500	50,000	17,692	19,452	14,583	45,313	40,625	28,125	3073,889	100,000	984
MAD-0.1-agents382-hours8.json	984	793	191	474	382	382	100,000	54	19	19	referenceSolver	18,750	53,727	12,500	87,500	25,000	12,500	9,067	7,835	1,823	87,500	25,000	1,563	394,643	53,049	522
MAD-0.1-agents382-hours8.json	984	793	191	474	382	333	87,173	54	19	19	randomSolver	31,512	56,122	12,500	62,500	75,000	50,000	11,545	10,375	1,823	51,563	45,313	39,063	5774,101	100,000	984
MAD-0.1-agents264-hours4.json	984	793	191	356	264	264	100,000	54	19	19	referenceSolver	20,822	44,519	12,500	12,500	12,500	12,500	12,816	12,985	3,646	1,563	3,125	3,125	263,449	41,057	404
MAD-0.1-agents264-hours4.json	984	793	191	356	264	261	98,864	54	19	19	randomSolver	43,741	59,415	50,000	50,000	62,500	75,000	19,432	19,541	14,583	28,125	62,500	23,438	2724,016	100,000	984
MAD-0.1-agents346-hours6.json	984	793	191	438	346	346	100,000	54	19	19	referenceSolver	19,235	51,335	12,500	87,500	12,500	37,500	10,136	9,982	2,431	87,500	1,563	37,500	357,474	49,390	486
MAD-0.1-agents346-hours6.json	984	793	191	438	346	317	91,618	54	19	19	randomSolver	35,037	58,153	12,500	62,500	75,000	50,000	13,594	13,117	2,431	42,188	56,250	28,125	5990,120	100,000	984
MAD-0.1-agents16-hours6.json	984	793	191	108	16	16	100,000	54	19	19	referenceSolver	39,815	4,651	12,500	87,500	87,500	87,500	33,679	0,904	2,431	87,500	87,500	87,500	22,258	15,854	156
MAD-0.1-agents16-hours6.json	984	793	191	108	16	16	100,000	54	19	19	randomSolver	67,773	29,299	68,844	62,500	75,000	62,500	44,530	24,119	43,750	32,813	54,688	42,188	434,100	52,134	513
MAD-0.1-agents254-hours6.json	984	793	191	346	254	254	100,000	54	19	19	referenceSolver	21,026	43,643	12,500	12,500	12,500	12,500	12,184	8,486	2,431	1,563	1,563	3,125	260,165	40,041	394
MAD-0.1-agents254-hours6.json	984	793	191	346	254	250	98,425	54	19	19	randomSolver	43,328	57,411	33,333	75,000	75,000	79,167	17,208	13,774	9,722	53,125	43,750	57,813	2518,828	100,000	984
MAD-0.1-agents146-hours8.json	984	793	191	238	146	146	100,000	54	19	19	referenceSolver	24,895	30,802	12,500	12,500	12,500	87,500	16,238	4,492	1,823	1,563	1,563	87,500	144,425	29,065	286
MAD-0.1-agents146-hours8.json	984	793	191	238	146	146	100,000	54	19	19	randomSolver	54,924	49,535	50,000	75,000	62,500	62,500	22,992	13,240	7,292	32,813	51,563	31,250	1944,585	100,000	984
MAD-0.1-agents376-hours4.json	984	793	191	468	376	376	100,000	54	19	19	referenceSolver	18,830	53,333	12,500	12,500	87,500	12,500	10,625	15,556	3,646	1,563	87,500	1,563	367,018	52,439	516
MAD-0.1-agents376-hours4.json	984	793	191	468	376	336	89,362	54	19	19	randomSolver	33,542	59,742	37,500	75,000	62,500	75,000	14,781	19,049	10,938	53,125	53,125	56,250	3275,061	100,000	984
MAD-0.1-agents416-hours8.json	984	793	191	508	416	416	100,000	54	19	19	referenceSolver	18,332	55,839	12,500	37,500	87,500	75,000	8,582	8,143	1,823	37,500	87,500	75,000	429,272	56,504	556
MAD-0.1-agents416-hours8.json	984	793	191	508	416	363	87,260	54	19	19	randomSolver	29,607	56,750	0,000	75,000	75,000	62,500	10,772	10,196	0,000	54,688	54,688	43,750	4657,291	100,000	984
MAD-0.1-agents26-hours4.json	984	793	191	118	26	26	100,000	54	19	19	referenceSolver	37,606	7,324	12,500	87,500	87,500	12,500	31,325	2,136	3,646	87,500	87,500	1,563	32,818	16,870	166
MAD-0.1-agents26-hours4.json	984	793	191	118	26	26	100,000	54	19	19	randomSolver	69,579	35,667	70,694	41,667	54,167	75,000	45,092	26,604	51,042	9,375	34,375	46,875	1041,071	55,488	546
MAD-0.1-agents290-hours8.json	984	793	191	382	290	290	100,000	54	19	19	referenceSolver	20,255	46,850	12,500	87,500	87,500	12,500	10,808	6,832	1,823	87,500	87,500	1,563	294,099	43,699	430
MAD-0.1-agents290-hours8.json	984	793	191	382	290	272	93,793	54	19	19	randomSolver	38,449	55,447	12,500	62,500	37,500	87,500	14,325	10,823	1,823	21,875	17,188	43,750	3482,485	100,000	984
MAD-0.1-agents182-hours6.json	984	793	191	274	182	182	100,000	54	19	19	referenceSolver	23,312	35,616	12,500	87,500	87,500	12,500	14,753	6,925	2,431	87,500	87,500	1,563	193,761	32,724	322
MAD-0.1-agents182-hours6.json	984	793	191	274	182	182	100,000	54	19	19	randomSolver	52,743	55,380	68,534	50,000	62,500	62,500	21,730	14,848	17,014	40,625	53,125	31,250	2469,918	100,000	984
MAD-0.1-agents492-hours4.json	984	793	191	584	492	492	100,000	54	19	19	referenceSolver	17,573	59,927	12,500	87,500	50,000	87,500	9,236	17,479	3,646	87,500	50,000	87,500	507,222	64,228	632
MAD-0.1-agents492-hours4.json	984	793	191	584	492	415	84,350	54	19	19	randomSolver	27,039	60,145	25,000	62,500	50,000	62,500	11,845	18,557	7,292	32,813	39,063	23,438	4516,765	100,000	984
MAD-0.1-agents214-hours4.json	984	793	191	306	214	214	100,000	54	19	19	referenceSolver	22,181	39,411	12,500	87,500	25,000	12,500	14,320	11,495	3,646	87,500	25,000	3,125	220,312	35,976	354
MAD-0.1-agents214-hours4.json	984	793	191	306	214	212	99,065	54	19	19	randomSolver	49,959	58,895	62,500	62,500	87,500	50,000	22,607	20,079	18,229	43,750	56,250	21,875	2472,390	100,000	984
MAD-0.1-agents336-hours6.json	984	793	191	428	336	336	100,000	54	19	19	referenceSolver	19,451	50,450	12,500	87,500	87,500	12,500	10,327	9,810	2,431	87,500	87,500	1,563	349,378	48,374	476
MAD-0.1-agents336-hours6.json	984	793	191	428	336	312	92,857	54	19	19	randomSolver	35,774	58,056	0,000	75,000	50,000	75,000	13,911	13,356	0,000	45,313	17,188	45,313	3332,824	100,000	984
MAD-0.1-agents66-hours6.json	984	793	191	158	66	66	100,000	54	19	19	referenceSolver	31,250	16,709	12,500	87,500	87,500	12,500	23,810	3,249	2,431	87,500	87,500	1,563	70,474	20,935	206
MAD-0.1-agents66-hours6.json	984	793	191	158	66	66	100,000	54	19	19	randomSolver	68,353	45,460	61,680	75,000	37,500	87,500	37,684	25,235	36,458	53,125	26,563	56,250	1921,946	100,000	984
MAD-0.1-agents2-hours8.json	984	793	191	94	2	2	100,000	54	19	19	referenceSolver	44,282	0,601	12,500	12,500	12,500	12,500	38,387	0,088	1,823	1,563	1,563	1,563	7,476	14,431	142
MAD-0.1-agents2-hours8.json	984	793	191	94	2	2	100,000	54	19	19	randomSolver	67,430	7,044	70,440	62,500	62,500	87,500	43,980	6,177	54,687	21,875	53,125	54,688	138,971	25,407	250
MAD-0.1-agents368-hours6.json	984	793	191	460	368	368	100,000	54	19	19	referenceSolver	18,940	52,798	12,500	12,500	12,500	62,500	9,771	10,266	2,431	1,563	1,563	62,500	372,110	51,626	508
MAD-0.1-agents368-hours6.json	984	793	191	460	368	331	89,946	54	19	19	randomSolver	33,518	57,972	25,000	62,500	62,500	62,500	12,943	13,117	4,861	31,250	53,125	14,063	5659,338	100,000	984
MAD-0.1-agents85-hours4.json	984	793	191	177	85	85	100,000	54	19	19	referenceSolver	29,308	20,482	12,500	12,500	87,500	12,500	22,099	5,974	3,646	1,563	87,500	1,563	89,903	22,866	225
MAD-0.1-agents85-hours4.json	984	793	191	177	85	85	100,000	54	19	19	randomSolver	73,395	54,126	81,246	75,000	62,500	50,000	39,083	27,779	32,813	64,063	42,188	50,000	832,628	100,000	984
MAD-0.1-agents38-hours6.json	984	793	191	130	38	38	100,000	54	19	19	referenceSolver	35,192	10,383	12,500	12,500	87,500	87,500	28,391	2,019	2,431	1,563	87,500	87,500	44,248	18,089	178
MAD-0.1-agents38-hours6.json	984	793	191	130	38	38	100,000	54	19	19	randomSolver	66,717	39,905	72,873	50,000	54,167	87,500	42,472	29,365	34,028	29,688	20,313	56,250	853,308	81,911	806
MAD-0.1-agents471-hours6.json	984	793	191	563	471	471	100,000	54	19	19	referenceSolver	17,762	58,875	12,500	12,500	87,500	12,500	8,428	11,448	2,431	1,563	87,500	3,125	488,386	62,093	611
MAD-0.1-agents471-hours6.json	984	793	191	563	471	405	85,987	54	19	19	randomSolver	27,703	59,175	37,500	62,500	62,500	87,500	10,575	12,729	7,292	40,625	40,625	56,250	4300,472	100,000	984
MAD-0.1-agents121-hours6.json	984	793	191	213	121	121	100,000	54	19	19	referenceSolver	26,408	26,889	12,500	50,000	50,000	87,500	18,289	5,228	2,431	40,625	50,000	87,500	126,935	26,524	261
MAD-0.1-agents121-hours6.json	984	793	191	213	121	121	100,000	54	19	19	randomSolver	62,668	51,714	50,000	62,500	62,500	75,000	27,953	17,355	9,722	32,813	62,500	37,500	2541,862	100,000	984
MAD-0.1-agents233-hours8.json	984	793	191	325	233	233	100,000	54	19	19	referenceSolver	21,577	41,533	12,500	12,500	87,500	87,500	12,379	6,057	1,823	3,125	87,500	87,500	245,644	37,907	373
MAD-0.1-agents233-hours8.json	984	793	191	325	233	227	97,425	54	19	19	randomSolver	43,319	52,774	31,250	50,000	50,000	50,000	16,837	11,651	7,292	29,688	28,125	29,688	2384,742	100,000	984
MAD-0.1-agents431-hours4.json	984	793	191	523	431	431	100,000	54	19	19	referenceSolver	18,164	56,711	12,500	12,500	12,500	12,500	9,888	16,541	3,646	3,125	1,563	3,125	430,584	58,028	571
MAD-0.1-agents431-hours4.json	984	793	191	523	431	379	87,935	54	19	19	randomSolver	30,062	59,889	25,000	62,500	87,500	87,500	13,227	19,049	7,292	40,625	65,625	78,125	3868,869	100,000	984
MAD-0.1-agents351-hours8.json	984	793	191	443	351	351	100,000	54	19	19	referenceSolver	19,187	51,618	12,500	87,500	87,500	12,500	9,574	7,528	1,823	87,500	87,500	3,125	368,397	49,898	491
MAD-0.1-agents351-hours8.json	984	793	191	443	351	320	91,168	54	19	19	randomSolver	33,501	56,081	12,500	75,000	75,000	75,000	12,352	10,375	1,823	45,313	56,250	54,688	6693,773	100,000	984
MAD-0.1-agents161-hours4.json	984	793	191	253	161	161	100,000	54	19	19	referenceSolver	24,209	32,857	12,500	87,500	12,500	87,500	16,556	9,583	3,646	87,500	3,125	87,500	165,791	30,589	301
MAD-0.1-agents161-hours4.json	984	793	191	253	161	161	100,000	54	19	19	randomSolver	59,569	58,252	75,000	62,500	75,000	50,000	27,343	20,974	21,875	40,625	45,313	50,000	2017,762	100,000	984
MAD-0.1-agents448-hours8.json	984	793	191	540	448	448	100,000	54	19	19	referenceSolver	18,009	57,584	12,500	12,500	12,500	87,500	8,185	8,398	1,823	1,563	3,125	87,500	490,128	59,756	588
MAD-0.1-agents448-hours8.json	984	793	191	540	448	374	83,482	54	19	19	randomSolver	27,920	57,244	37,500	50,000	75,000	62,500	10,134	10,129	5,469	18,750	54,688	62,500	8837,154	100,000	984
MAD-0.1-agents328-hours4.json	984	793	191	420	328	328	100,000	54	19	19	referenceSolver	19,554	49,924	12,500	87,500	87,500	87,500	11,422	14,561	3,646	87,500	87,500	87,500	338,540	47,561	468
MAD-0.1-agents328-hours4.json	984	793	191	420	328	308	93,902	54	19	19	randomSolver	37,175	59,703	25,000	75,000	50,000	75,000	16,471	19,183	7,292	35,938	29,688	46,875	5651,983	100,000	984
MAD-0.1-agents118-hours8.json	984	793	191	210	118	118	100,000	54	19	19	referenceSolver	26,548	26,457	12,500	87,500	87,500	12,500	18,160	3,858	1,823	87,500	87,500	3,125	129,976	26,220	258
MAD-0.1-agents118-hours8.json	984	793	191	210	118	118	100,000	54	19	19	randomSolver	59,791	47,507	43,333	62,500	62,500	75,000	26,058	14,516	9,115	42,188	31,250	34,375	1791,806	100,000	984
MAD-0.1-agents78-hours4.json	984	793	191	170	78	78	100,000	54	19	19	referenceSolver	29,926	19,165	12,500	12,500	87,500	12,500	22,849	5,590	3,646	1,563	87,500	1,563	82,190	22,154	218
MAD-0.1-agents78-hours4.json	984	793	191	170	78	78	100,000	54	19	19	randomSolver	73,545	53,470	75,650	50,000	50,000	62,500	40,521	29,572	40,104	39,063	28,125	51,563	1174,251	99,187	976
MAD-0.1-agents395-hours6.json	984	793	191	487	395	395	100,000	54	19	19	referenceSolver	18,609	54,483	12,500	12,500	12,500	87,500	9,367	10,594	2,431	1,563	3,125	87,500	407,706	54,370	535
MAD-0.1-agents395-hours6.json	984	793	191	487	395	357	90,380	54	19	19	randomSolver	31,698	58,450	25,000	50,000	75,000	66,667	12,226	13,057	4,861	29,688	45,313	54,688	6484,833	100,000	984
MAD-0.1-agents318-hours6.json	984	793	191	410	318	318	100,000	54	19	19	referenceSolver	19,726	49,150	12,500	87,500	12,500	87,500	10,666	9,557	2,431	87,500	1,563	87,500	333,351	46,545	458
MAD-0.1-agents318-hours6.json	984	793	191	410	318	298	93,711	54	19	19	randomSolver	36,816	57,738	25,000	62,500	62,500	75,000	14,522	13,535	4,861	21,875	43,750	64,063	5562,968	100,000	984
MAD-0.1-agents287-hours6.json	984	793	191	379	287	287	100,000	54	19	19	referenceSolver	20,317	46,591	12,500	12,500	12,500	12,500	11,339	9,059	2,431	1,563	3,125	3,125	300,241	43,394	427
MAD-0.1-agents287-hours6.json	984	793	191	379	287	278	96,864	54	19	19	randomSolver	39,617	57,101	37,500	62,500	75,000	75,000	15,710	13,863	7,292	40,625	34,375	56,250	2723,881	100,000	984
MAD-0.1-agents195-hours8.json	984	793	191	287	195	195	100,000	54	19	19	referenceSolver	22,866	37,143	12,500	12,500	50,000	12,500	13,793	5,417	1,823	1,563	50,000	1,563	199,191	34,045	335
MAD-0.1-agents195-hours8.json	984	793	191	287	195	194	99,487	54	19	19	randomSolver	48,114	51,533	25,000	62,500	87,500	41,667	19,067	12,121	3,646	53,125	56,250	40,625	2107,614	100,000	984
MAD-0.1-agents48-hours6.json	984	793	191	140	48	48	100,000	54	19	19	referenceSolver	33,571	12,766	12,500	12,500	12,500	87,500	26,536	2,482	2,431	3,125	1,563	87,500	54,651	19,106	188
MAD-0.1-agents48-hours6.json	984	793	191	140	48	48	100,000	54	19	19	randomSolver	68,098	43,475	71,256	75,000	37,500	62,500	41,313	29,884	26,736	23,438	6,250	51,563	609,775	92,886	914
MAD-0.1-agents401-hours6.json	984	793	191	493	401	401	100,000	54	19	19	referenceSolver	18,484	55,007	12,500	12,500	87,500	87,500	9,276	10,696	2,431	3,125	87,500	87,500	424,886	54,980	541
MAD-0.1-agents401-hours6.json	984	793	191	493	401	351	87,531	54	19	19	randomSolver	31,184	58,551	0,000	87,500	62,500	66,667	12,077	13,177	0,000	68,750	32,813	14,063	5841,935	100,000	984
MAD-0.1-agents243-hours8.json	984	793	191	335	243	243	100,000	54	19	19	referenceSolver	21,343	42,483	12,500	87,500	12,500	12,500	12,073	6,195	1,823	87,500	1,563	3,125	248,602	38,923	383
MAD-0.1-agents243-hours8.json	984	793	191	335	243	233	95,885	54	19	19	randomSolver	42,803	53,745	55,556	75,000	62,500	75,000	16,335	11,226	10,938	46,875	53,125	56,250	2780,853	100,000	984
MAD-0.1-agents151-hours6.json	984	793	191	243	151	151	100,000	54	19	19	referenceSolver	24,743	31,393	12,500	87,500	12,500	50,000	16,344	6,104	2,431	87,500	1,563	50,000	157,924	29,675	292
MAD-0.1-agents151-hours6.json	984	793	191	243	151	151	100,000	54	19	19	randomSolver	57,653	54,324	37,500	75,000	50,000	87,500	24,502	15,833	7,292	43,750	29,688	56,250	1753,338	100,000	984
MAD-0.1-agents321-hours8.json	984	793	191	413	321	321	100,000	54	19	19	referenceSolver	19,643	49,461	12,500	12,500	12,500	87,500	10,130	7,213	1,823	1,563	3,125	87,500	332,779	46,850	461
MAD-0.1-agents321-hours8.json	984	793	191	413	321	302	94,081	54	19	19	randomSolver	35,390	55,122	56,481	62,500	75,000	75,000	13,250	10,733	12,760	43,750	54,688	46,875	3096,626	100,000	984
MAD-0.1-agents441-hours4.json	984	793	191	533	441	441	100,000	54	19	19	referenceSolver	18,058	57,273	12,500	87,500	37,500	12,500	9,774	16,705	3,646	87,500	37,500	1,563	443,468	59,045	581
MAD-0.1-agents441-hours4.json	984	793	191	533	441	379	85,941	54	19	19	randomSolver	29,496	59,883	12,500	75,000	62,500	87,500	12,979	19,139	3,646	56,250	23,438	67,188	4033,575	100,000	984
MAD-0.1-agents111-hours4.json	984	793	191	203	111	111	100,000	54	19	19	referenceSolver	27,217	25,113	12,500	37,500	87,500	87,500	19,758	7,325	3,646	28,125	87,500	87,500	115,234	25,610	252
MAD-0.1-agents111-hours4.json	984	793	191	203	111	111	100,000	54	19	19	randomSolver	69,348	56,128	72,794	75,000	50,000	62,500	34,077	24,108	25,521	54,688	17,188	31,250	1470,759	100,000	984
MAD-0.1-agents71-hours8.json	984	793	191	163	71	71	100,000	54	19	19	referenceSolver	30,675	17,750	12,500	12,500	12,500	12,500	22,880	2,589	1,823	1,563	3,125	1,563	76,555	21,443	211
MAD-0.1-agents71-hours8.json	984	793	191	163	71	71	100,000	54	19	19	randomSolver	64,563	40,768	67,320	75,000	50,000	87,500	33,571	18,903	21,875	56,250	9,375	78,125	985,628	100,000	984
MAD-0.1-agents358-hours4.json	984	793	191	450	358	358	100,000	54	19	19	referenceSolver	19,083	52,111	12,500	87,500	37,500	12,500	10,900	15,199	3,646	87,500	37,500	3,125	359,932	50,610	498
MAD-0.1-agents358-hours4.json	984	793	191	450	358	329	91,899	54	19	19	randomSolver	34,774	59,906	25,000	75,000	75,000	87,500	15,373	19,094	7,292	75,000	42,188	46,875	4749,827	100,000	984
MAD-0.1-agents438-hours8.json	984	793	191	530	438	438	100,000	54	19	19	referenceSolver	18,066	57,180	12,500	12,500	12,500	87,500	8,296	8,339	1,823	3,125	1,563	87,500	466,989	58,740	578
MAD-0.1-agents438-hours8.json	984	793	191	530	438	381	86,986	54	19	19	randomSolver	28,722	57,388	37,500	62,500	75,000	87,500	10,325	9,995	5,469	18,750	53,125	54,688	6909,369	100,000	984
MAD-0.1-agents168-hours8.json	984	793	191	260	168	168	100,000	54	19	19	referenceSolver	23,846	33,871	12,500	12,500	12,500	87,500	15,018	4,940	1,823	1,563	1,563	87,500	172,361	31,301	308
MAD-0.1-agents168-hours8.json	984	793	191	260	168	166	98,810	54	19	19	randomSolver	51,733	50,016	37,500	54,167	87,500	75,000	21,047	12,748	5,469	14,063	57,813	54,688	3128,670	100,000	984
MAD-0.1-agents424-hours8.json	984	793	191	516	424	424	100,000	54	19	19	referenceSolver	18,217	56,383	12,500	87,500	12,500	87,500	8,472	8,223	1,823	87,500	1,563	87,500	436,694	57,317	564
MAD-0.1-agents424-hours8.json	984	793	191	516	424	359	84,670	54	19	19	randomSolver	29,094	56,362	17,969	62,500	75,000	75,000	10,605	10,465	5,469	53,125	43,750	53,125	3977,837	100,000	984
MAD-0.1-agents344-hours4.json	984	793	191	436	344	344	100,000	54	19	19	referenceSolver	19,295	51,114	12,500	12,500	12,500	12,500	11,133	14,908	3,646	1,563	3,125	1,563	357,909	49,187	484
MAD-0.1-agents344-hours4.json	984	793	191	436	344	326	94,767	54	19	19	randomSolver	35,666	59,960	12,500	25,000	62,500	50,000	15,866	19,004	3,646	15,625	51,563	50,000	6245,214	100,000	984
MAD-0.1-agents174-hours8.json	984	793	191	266	174	174	100,000	54	19	19	referenceSolver	23,637	34,592	12,500	12,500	87,500	87,500	14,726	5,045	1,823	1,563	87,500	87,500	178,482	31,911	314
MAD-0.1-agents174-hours8.json	984	793	191	266	174	173	99,425	54	19	19	randomSolver	51,299	51,039	25,000	75,000	87,500	87,500	20,572	12,457	3,646	42,188	46,875	57,813	3729,761	100,000	984
MAD-0.1-agents266-hours6.json	984	793	191	358	266	266	100,000	54	19	19	referenceSolver	20,775	44,706	12,500	87,500	12,500	12,500	11,862	8,693	2,431	87,500	1,563	1,563	265,040	41,260	406
MAD-0.1-agents266-hours6.json	984	793	191	358	266	260	97,744	54	19	19	randomSolver	42,689	57,705	50,000	75,000	62,500	62,500	16,631	13,445	9,722	54,688	31,250	21,875	2679,885	100,000	984
MAD-0.1-agents14-hours4.json	984	793	191	106	14	14	100,000	54	19	19	referenceSolver	40,330	4,094	12,500	37,500	12,500	87,500	34,429	1,194	3,646	37,500	1,563	87,500	19,757	15,650	154
MAD-0.1-agents14-hours4.json	984	793	191	106	14	14	100,000	54	19	19	randomSolver	68,185	24,649	75,089	75,000	66,667	50,000	45,037	19,213	47,396	54,688	35,938	31,250	399,904	40,244	396
MAD-0.1-agents9-hours6.json	984	793	191	101	9	9	100,000	54	19	19	referenceSolver	41,708	2,671	12,500	87,500	12,500	87,500	35,845	0,519	2,431	87,500	1,563	87,500	14,082	15,142	149
MAD-0.1-agents9-hours6.json	984	793	191	101	9	9	100,000	54	19	19	randomSolver	67,405	21,085	68,937	50,000	75,000	87,500	44,511	18,061	63,194	50,000	65,625	57,813	317,275	39,024	384
MAD-0.1-agents90-hours8.json	984	793	191	182	90	90	100,000	54	19	19	referenceSolver	28,777	21,480	12,500	12,500	87,500	87,500	20,682	3,132	1,823	1,563	87,500	87,500	92,377	23,374	230
MAD-0.1-agents90-hours8.json	984	793	191	182	90	90	100,000	54	19	19	randomSolver	62,826	43,378	50,000	50,000	75,000	62,500	30,067	16,464	7,292	29,688	65,625	21,875	1680,695	100,000	984
MAD-0.1-agents304-hours6.json	984	793	191	396	304	304	100,000	54	19	19	referenceSolver	19,949	48,101	12,500	12,500	87,500	12,500	10,953	9,353	2,431	1,563	87,500	3,125	314,566	45,122	444
MAD-0.1-agents304-hours6.json	984	793	191	396	304	293	96,382	54	19	19	randomSolver	38,220	57,475	12,500	87,500	75,000	79,167	15,035	13,595	2,431	54,688	34,375	56,250	2875,529	100,000	984
MAD-0.1-agents226-hours4.json	984	793	191	318	226	226	100,000	54	19	19	referenceSolver	21,777	40,794	12,500	12,500	87,500	87,500	13,907	11,898	3,646	1,563	87,500	87,500	229,847	37,195	366
MAD-0.1-agents226-hours4.json	984	793	191	318	226	222	98,230	54	19	19	randomSolver	48,117	58,818	12,500	75,000	87,500	87,500	21,754	20,303	3,646	56,250	56,250	67,188	3194,266	100,000	984
MAD-0.1-agents189-hours8.json	984	793	191	281	189	189	100,000	54	19	19	referenceSolver	22,998	36,557	12,500	12,500	87,500	12,500	14,032	5,331	1,823	1,563	87,500	1,563	188,972	33,435	329
MAD-0.1-agents189-hours8.json	984	793	191	281	189	189	100,000	54	19	19	randomSolver	48,849	51,727	50,000	80,000	75,000	62,500	19,474	12,479	7,292	56,250	34,375	31,250	2605,279	100,000	984
MAD-0.1-agents54-hours6.json	984	793	191	146	54	54	100,000	54	19	19	referenceSolver	32,791	14,099	12,500	87,500	87,500	12,500	25,557	2,742	2,431	87,500	87,500	1,563	60,974	19,715	194
MAD-0.1-agents54-hours6.json	984	793	191	146	54	54	100,000	54	19	19	randomSolver	67,642	43,120	77,599	50,000	62,500	50,000	40,348	28,215	31,597	28,125	40,625	20,313	869,803	97,358	958
MAD-0.1-agents334-hours4.json	984	793	191	426	334	334	100,000	54	19	19	referenceSolver	19,425	50,453	12,500	87,500	50,000	87,500	11,306	14,716	3,646	87,500	50,000	87,500	327,035	48,171	474
MAD-0.1-agents334-hours4.json	984	793	191	426	334	317	94,910	54	19	19	randomSolver	36,695	60,065	37,500	75,000	75,000	75,000	16,239	18,870	10,938	45,313	45,313	75,000	3797,713	100,000	984
MAD-0.1-agents454-hours8.json	984	793	191	546	454	454	100,000	54	19	19	referenceSolver	17,903	58,056	12,500	87,500	12,500	12,500	8,106	8,467	1,823	87,500	3,125	1,563	466,661	60,366	594
MAD-0.1-agents454-hours8.json	984	793	191	546	454	379	83,480	54	19	19	randomSolver	27,515	56,711	25,000	62,500	75,000	62,500	10,022	10,196	3,646	53,125	65,625	42,188	4226,919	100,000	984
MAD-0.1-agents216-hours6.json	984	793	191	308	216	216	100,000	54	19	19	referenceSolver	22,078	39,706	12,500	12,500	87,500	12,500	13,388	7,721	2,431	1,563	87,500	1,563	219,701	36,179	356
MAD-0.1-agents216-hours6.json	984	793	191	308	216	216	100,000	54	19	19	randomSolver	47,670	56,210	37,500	87,500	79,167	62,500	19,331	14,281	7,292	57,813	67,188	62,500	2065,657	100,000	984
MAD-0.1-agents104-hours8.json	984	793	191	196	104	104	100,000	54	19	19	referenceSolver	27,615	24,018	12,500	12,500	12,500	87,500	19,343	3,503	1,823	1,563	3,125	87,500	110,177	24,797	244
MAD-0.1-agents104-hours8.json	984	793	191	196	104	104	100,000	54	19	19	randomSolver	62,438	45,887	62,276	75,000	62,500	50,000	27,919	15,031	18,229	23,438	21,875	29,688	2206,787	100,000	984
MAD-0.1-agents64-hours4.json	984	793	191	156	64	64	100,000	54	19	19	referenceSolver	31,571	16,244	12,500	50,000	12,500	87,500	24,593	4,738	3,646	50,000	3,125	87,500	73,095	20,732	204
MAD-0.1-agents64-hours4.json	984	793	191	156	64	64	100,000	54	19	19	randomSolver	71,756	49,685	76,890	87,500	50,000	62,500	42,334	31,036	36,458	68,750	28,125	42,188	863,617	91,260	898
MAD-0.1-agents389-hours6.json	984	793	191	481	389	389	100,000	54	19	19	referenceSolver	18,659	54,178	12,500	12,500	12,500	87,500	9,450	10,535	2,431	1,563	1,563	87,500	396,806	53,760	529
MAD-0.1-agents389-hours6.json	984	793	191	481	389	346	88,946	54	19	19	randomSolver	32,026	58,410	12,500	50,000	75,000	87,500	12,378	13,057	2,431	6,250	45,313	48,438	4029,416	100,000	984
MAD-0.1-agents490-hours6.json	984	793	191	582	490	490	100,000	54	19	19	referenceSolver	17,590	59,829	12,500	37,500	87,500	12,500	8,232	11,633	2,431	28,125	87,500	1,563	489,368	64,024	630
MAD-0.1-agents490-hours6.json	984	793	191	582	490	406	82,857	54	19	19	randomSolver	26,353	58,664	12,500	50,000	66,667	62,500	10,230	12,849	2,431	50,000	56,250	31,250	4812,928	100,000	984
MAD-0.1-agents180-hours4.json	984	793	191	272	180	180	100,000	54	19	19	referenceSolver	23,346	35,433	12,500	12,500	12,500	50,000	15,642	10,335	3,646	1,563	1,563	50,000	181,815	32,520	320
MAD-0.1-agents180-hours4.json	984	793	191	272	180	180	100,000	54	19	19	randomSolver	55,516	58,576	12,500	75,000	75,000	75,000	25,433	21,064	3,646	54,688	42,188	34,375	1700,306	100,000	984
MAD-0.1-agents374-hours6.json	984	793	191	466	374	374	100,000	54	19	19	referenceSolver	18,830	53,276	12,500	12,500	87,500	87,500	9,673	10,359	2,431	1,563	87,500	87,500	382,209	52,236	514
MAD-0.1-agents374-hours6.json	984	793	191	466	374	338	90,374	54	19	19	randomSolver	33,057	58,366	25,000	50,000	62,500	62,500	12,777	13,237	4,861	20,313	51,563	51,563	5575,913	100,000	984
MAD-0.1-agents256-hours4.json	984	793	191	348	256	256	100,000	54	19	19	referenceSolver	21,013	43,761	12,500	12,500	12,500	12,500	13,027	12,764	3,646	1,563	1,563	1,563	259,819	40,244	396
MAD-0.1-agents256-hours4.json	984	793	191	348	256	251	98,047	54	19	19	randomSolver	44,384	59,378	25,000	87,500	75,000	75,000	19,878	19,586	7,292	56,250	54,688	53,125	2364,473	100,000	984
MAD-0.1-agents99-hours4.json	984	793	191	191	99	99	100,000	54	19	19	referenceSolver	27,945	23,185	12,500	12,500	87,500	87,500	20,730	6,762	3,646	1,563	87,500	87,500	99,788	24,289	239
MAD-0.1-agents99-hours4.json	984	793	191	191	99	99	100,000	54	19	19	randomSolver	72,206	55,781	72,794	75,000	50,000	75,000	36,218	24,779	25,521	45,313	39,063	54,688	2532,785	100,000	984
MAD-0.1-agents24-hours6.json	984	793	191	116	24	24	100,000	54	19	19	referenceSolver	38,147	6,780	12,500	87,500	87,500	87,500	31,551	1,318	2,431	87,500	87,500	87,500	31,257	16,667	164
MAD-0.1-agents24-hours6.json	984	793	191	116	24	24	100,000	54	19	19	randomSolver	66,614	34,145	60,591	62,500	87,500	75,000	44,183	28,176	43,750	43,750	67,188	26,563	594,610	65,346	643
MAD-0.1-agents208-hours4.json	984	793	191	300	208	208	100,000	54	19	19	referenceSolver	22,333	38,806	12,500	62,500	12,500	12,500	14,523	11,318	3,646	62,500	3,125	1,563	212,150	35,366	348
MAD-0.1-agents208-hours4.json	984	793	191	300	208	205	98,558	54	19	19	randomSolver	50,975	58,892	37,500	75,000	75,000	62,500	23,059	20,123	10,938	23,438	32,813	42,188	2414,621	100,000	984
MAD-0.1-agents397-hours4.json	984	793	191	489	397	397	100,000	54	19	19	referenceSolver	18,533	54,759	12,500	87,500	87,500	12,500	10,319	15,971	3,646	87,500	87,500	1,563	392,966	54,573	537
MAD-0.1-agents397-hours4.json	984	793	191	489	397	352	88,665	54	19	19	randomSolver	32,320	60,181	25,000	50,000	62,500	75,000	14,147	18,691	7,292	50,000	51,563	46,875	7857,612	100,000	984
MAD-0.1-agents163-hours6.json	984	793	191	255	163	163	100,000	54	19	19	referenceSolver	24,069	33,198	12,500	87,500	87,500	12,500	15,665	6,455	2,431	87,500	87,500	3,125	168,427	30,793	303
MAD-0.1-agents163-hours6.json	984	793	191	255	163	163	100,000	54	19	19	randomSolver	55,503	54,813	37,500	50,000	75,000	87,500	23,349	15,296	7,292	10,938	64,063	57,813	2927,447	100,000	984
MAD-0.1-agents271-hours8.json	984	793	191	363	271	271	100,000	54	19	19	referenceSolver	20,661	45,167	12,500	87,500	37,500	87,500	11,278	6,587	1,823	87,500	37,500	87,500	281,848	41,768	411
MAD-0.1-agents271-hours8.json	984	793	191	363	271	261	96,310	54	19	19	randomSolver	39,681	54,680	41,768	62,500	87,500	87,500	15,075	11,181	9,115	34,375	87,500	29,688	4130,767	100,000	984
MAD-0.1-agents433-hours6.json	984	793	191	525	433	433	100,000	54	19	19	referenceSolver	18,143	56,824	12,500	87,500	62,500	12,500	8,862	11,049	2,431	87,500	62,500	1,563	445,504	58,232	573
MAD-0.1-agents433-hours6.json	984	793	191	525	433	381	87,991	54	19	19	randomSolver	29,467	59,052	37,500	37,500	62,500	87,500	11,341	12,908	7,292	15,625	40,625	65,625	4131,874	100,000	984
MAD-0.1-agents123-hours4.json	984	793	191	215	123	123	100,000	54	19	19	referenceSolver	26,279	27,212	12,500	12,500	87,500	37,500	18,837	7,937	3,646	3,125	87,500	37,500	122,339	26,728	263
MAD-0.1-agents123-hours4.json	984	793	191	215	123	123	100,000	54	19	19	randomSolver	66,562	56,298	62,500	62,500	62,500	62,500	32,175	23,078	18,229	62,500	29,688	62,500	2103,553	100,000	984
MAD-0.1-agents473-hours4.json	984	793	191	565	473	473	100,000	54	19	19	referenceSolver	17,743	58,978	12,500	12,500	12,500	37,500	9,427	17,202	3,646	3,125	3,125	37,500	514,338	62,297	613
MAD-0.1-agents473-hours4.json	984	793	191	565	473	393	83,087	54	19	19	randomSolver	27,757	59,961	25,000	62,500	62,500	62,500	12,244	18,870	7,292	21,875	23,438	51,563	4207,025	100,000	984
MAD-0.1-agents313-hours8.json	984	793	191	405	313	313	100,000	54	19	19	referenceSolver	19,784	48,830	12,500	87,500	87,500	87,500	10,294	7,121	1,823	87,500	87,500	87,500	332,988	46,037	453
MAD-0.1-agents313-hours8.json	984	793	191	405	313	297	94,888	54	19	19	randomSolver	36,028	55,494	25,000	62,500	62,500	87,500	13,511	10,756	3,646	34,375	53,125	68,750	3651,434	100,000	984
MAD-0.1-agents43-hours8.json	984	793	191	135	43	43	100,000	54	19	19	referenceSolver	34,352	11,590	12,500	87,500	87,500	12,500	27,236	1,690	1,823	87,500	87,500	1,563	48,945	18,598	183
MAD-0.1-agents43-hours8.json	984	793	191	135	43	43	100,000	54	19	19	randomSolver	63,995	36,658	59,914	37,500	62,500	87,500	40,237	26,469	30,990	17,188	23,438	54,688	1219,284	97,764	962
MAD-0.1-agents87-hours6.json	984	793	191	179	87	87	100,000	54	19	19	referenceSolver	28,980	20,964	12,500	87,500	12,500	12,500	21,284	4,076	2,431	87,500	1,563	1,563	93,967	23,069	227
MAD-0.1-agents87-hours6.json	984	793	191	179	87	87	100,000	54	19	19	randomSolver	68,139	48,668	76,273	75,000	87,500	75,000	33,263	20,280	24,306	65,625	56,250	53,125	967,018	100,000	984
MAD-0.1-agents248-hours6.json	984	793	191	340	248	248	100,000	54	19	19	referenceSolver	21,176	43,056	12,500	37,500	87,500	87,500	12,357	8,372	2,431	37,500	87,500	87,500	258,207	39,431	388
MAD-0.1-agents248-hours6.json	984	793	191	340	248	244	98,387	54	19	19	randomSolver	44,306	56,849	21,037	75,000	87,500	75,000	17,512	13,774	7,292	21,875	56,250	64,063	4595,561	100,000	984
MAD-0.1-agents278-hours4.json	984	793	191	370	278	278	100,000	54	19	19	referenceSolver	20,507	45,799	12,500	12,500	87,500	87,500	12,473	13,358	3,646	1,563	87,500	87,500	286,823	42,480	418
MAD-0.1-agents278-hours4.json	984	793	191	370	278	270	97,122	54	19	19	randomSolver	42,385	59,851	25,000	62,500	62,500	75,000	18,697	19,407	7,292	29,688	42,188	75,000	2941,971	100,000	984
MAD-0.1-agents487-hours8.json	984	793	191	579	487	487	100,000	54	19	19	referenceSolver	17,660	59,535	12,500	12,500	87,500	12,500	7,759	8,682	1,823	3,125	87,500	1,563	501,805	63,720	627
MAD-0.1-agents487-hours8.json	984	793	191	579	487	398	81,725	54	19	19	randomSolver	25,847	56,578	25,000	62,500	75,000	62,500	9,451	10,263	3,646	31,250	54,688	62,500	4679,490	100,000	984
MAD-0.1-agents201-hours8.json	984	793	191	293	201	201	100,000	54	19	19	referenceSolver	22,611	37,925	12,500	12,500	12,500	12,500	13,537	5,531	1,823	1,563	12,500	1,563	209,642	34,654	341
MAD-0.1-agents201-hours8.json	984	793	191	293	201	200	99,502	54	19	19	randomSolver	48,028	53,387	53,977	75,000	75,000	62,500	18,676	11,942	10,938	56,250	45,313	42,188	3357,260	100,000	984
MAD-0.1-agents113-hours6.json	984	793	191	205	113	113	100,000	54	19	19	referenceSolver	26,951	25,566	12,500	12,500	87,500	87,500	18,908	4,971	2,431	1,563	87,500	87,500	121,058	25,711	253
MAD-0.1-agents113-hours6.json	984	793	191	205	113	113	100,000	54	19	19	randomSolver	64,999	51,547	61,533	50,000	50,000	87,500	29,044	17,534	19,444	40,625	40,625	46,875	1376,801	100,000	984
MAD-0.1-agents443-hours6.json	984	793	191	535	443	443	100,000	54	19	19	referenceSolver	18,014	57,458	12,500	12,500	87,500	87,500	8,739	11,172	2,431	1,563	87,500	87,500	465,623	59,248	583
MAD-0.1-agents443-hours6.json	984	793	191	535	443	373	84,199	54	19	19	randomSolver	28,826	58,737	37,500	75,000	87,500	87,500	11,129	13,028	7,292	75,000	56,250	78,125	4619,400	100,000	984
MAD-0.1-agents153-hours4.json	984	793	191	245	153	153	100,000	54	19	19	referenceSolver	24,643	31,677	12,500	12,500	87,500	87,500	16,977	9,239	3,646	1,563	87,500	87,500	154,283	29,776	293
MAD-0.1-agents153-hours4.json	984	793	191	245	153	153	100,000	54	19	19	randomSolver	60,656	57,644	50,000	75,000	62,500	62,500	28,236	21,287	14,583	45,313	53,125	31,250	2177,333	100,000	984
MAD-0.1-agents363-hours8.json	984	793	191	455	363	363	100,000	54	19	19	referenceSolver	19,038	52,381	12,500	62,500	12,500	12,500	9,373	7,639	1,823	53,125	1,563	1,563	375,721	51,118	503
MAD-0.1-agents363-hours8.json	984	793	191	455	363	334	92,011	54	19	19	randomSolver	32,687	56,336	0,000	37,500	75,000	87,500	12,027	10,554	0,000	7,813	56,250	67,188	3616,592	100,000	984
MAD-0.1-agents403-hours4.json	984	793	191	495	403	403	100,000	54	19	19	referenceSolver	18,460	55,130	12,500	87,500	12,500	25,000	10,238	16,080	3,646	87,500	1,563	25,000	403,513	55,183	543
MAD-0.1-agents403-hours4.json	984	793	191	495	403	364	90,323	54	19	19	randomSolver	31,657	59,792	12,500	62,500	75,000	62,500	13,975	18,825	3,646	29,688	54,688	31,250	4644,159	100,000	984
MAD-0.1-agents33-hours8.json	984	793	191	125	33	33	100,000	54	19	19	referenceSolver	36,100	9,141	12,500	87,500	87,500	87,500	29,269	1,333	1,823	87,500	87,500	87,500	37,997	17,581	173
MAD-0.1-agents33-hours8.json	984	793	191	125	33	33	100,000	54	19	19	randomSolver	64,011	35,760	58,998	62,500	87,500	75,000	42,217	28,850	40,104	23,438	48,438	64,063	482,139	89,126	877
MAD-0.1-agents238-hours6.json	984	793	191	330	238	238	100,000	54	19	19	referenceSolver	21,477	41,975	12,500	12,500	87,500	12,500	12,662	8,162	2,431	3,125	87,500	1,563	245,977	38,415	378
MAD-0.1-agents238-hours6.json	984	793	191	330	238	236	99,160	54	19	19	randomSolver	44,916	56,313	50,000	62,500	62,500	75,000	18,042	14,132	9,722	21,875	53,125	42,188	2745,577	100,000	984
MAD-0.1-agents285-hours4.json	984	793	191	377	285	285	100,000	54	19	19	referenceSolver	20,424	46,266	12,500	12,500	12,500	87,500	12,318	13,494	3,646	1,563	1,563	87,500	296,978	43,191	425
MAD-0.1-agents285-hours4.json	984	793	191	377	285	273	95,789	54	19	19	randomSolver	41,188	59,529	50,000	87,500	75,000	62,500	18,349	19,362	14,583	54,688	45,313	32,813	4518,964	100,000	984
MAD-0.1-agents382-hours4.json	984	793	191	474	382	382	100,000	54	19	19	referenceSolver	18,724	53,803	12,500	87,500	50,000	12,500	10,530	15,692	3,646	87,500	50,000	1,563	390,823	53,049	522
MAD-0.1-agents382-hours4.json	984	793	191	474	382	345	90,314	54	19	19	randomSolver	33,222	59,846	12,500	62,500	87,500	87,500	14,594	18,915	3,646	40,625	78,125	46,875	4086,813	100,000	984
MAD-0.1-agents426-hours6.json	984	793	191	518	426	426	100,000	54	19	19	referenceSolver	18,195	56,499	12,500	87,500	12,500	12,500	8,946	10,986	2,431	87,500	1,563	1,563	432,942	57,520	566
MAD-0.1-agents426-hours6.json	984	793	191	518	426	379	88,967	54	19	19	randomSolver	30,004	58,964	12,500	62,500	62,500	75,000	11,494	12,938	2,431	31,250	31,250	43,750	4112,469	100,000	984
MAD-0.1-agents264-hours8.json	984	793	191	356	264	264	100,000	54	19	19	referenceSolver	20,822	44,519	12,500	12,500	12,500	12,500	11,464	6,492	1,823	3,125	3,125	1,563	272,176	41,057	404
MAD-0.1-agents264-hours8.json	984	793	191	356	264	257	97,348	54	19	19	randomSolver	41,306	55,263	37,500	75,000	87,500	87,500	15,371	10,845	5,469	54,688	26,563	57,813	2617,386	100,000	984
MAD-0.1-agents176-hours6.json	984	793	191	268	176	176	100,000	54	19	19	referenceSolver	23,507	34,921	12,500	12,500	62,500	87,500	15,023	6,790	2,431	1,563	62,500	87,500	181,341	32,114	316
MAD-0.1-agents176-hours6.json	984	793	191	268	176	175	99,432	54	19	19	randomSolver	53,401	54,682	62,500	50,000	75,000	75,000	22,216	15,177	12,153	28,125	45,313	56,250	2378,040	100,000	984
MAD-0.1-agents299-hours8.json	984	793	191	391	299	299	100,000	54	19	19	referenceSolver	20,077	47,611	12,500	87,500	87,500	87,500	10,601	6,943	1,823	87,500	87,500	87,500	303,016	44,614	439
MAD-0.1-agents299-hours8.json	984	793	191	391	299	287	95,987	54	19	19	randomSolver	38,008	56,472	21,250	62,500	79,167	50,000	13,995	10,644	7,292	43,750	57,813	40,625	3251,991	100,000	984
MAD-0.1-agents56-hours8.json	984	793	191	148	56	56	100,000	54	19	19	referenceSolver	32,517	14,545	12,500	12,500	37,500	12,500	25,014	2,121	1,823	1,563	37,500	1,563	62,319	19,919	196
MAD-0.1-agents56-hours8.json	984	793	191	148	56	56	100,000	54	19	19	randomSolver	65,759	39,065	83,140	75,000	50,000	87,500	36,974	22,776	18,229	64,063	50,000	57,813	940,625	100,000	984
MAD-0.1-agents306-hours8.json	984	793	191	398	306	306	100,000	54	19	19	referenceSolver	19,912	48,265	12,500	12,500	87,500	12,500	10,443	7,039	1,823	3,125	87,500	12,500	313,260	45,325	446
MAD-0.1-agents306-hours8.json	984	793	191	398	306	294	96,078	54	19	19	randomSolver	37,079	55,658	25,000	50,000	62,500	62,500	13,749	10,487	3,646	50,000	53,125	53,125	3452,267	100,000	984
MAD-0.1-agents466-hours4.json	984	793	191	558	466	466	100,000	54	19	19	referenceSolver	17,787	58,690	12,500	12,500	87,500	12,500	9,494	17,118	3,646	1,563	87,500	3,125	462,513	61,585	606
MAD-0.1-agents466-hours4.json	984	793	191	558	466	394	84,549	54	19	19	randomSolver	27,855	59,684	12,500	62,500	62,500	62,500	12,397	19,273	3,646	32,813	43,750	42,188	4208,534	100,000	984
MAD-0.1-agents136-hours4.json	984	793	191	228	136	136	100,000	54	19	19	referenceSolver	25,493	29,247	12,500	87,500	62,500	87,500	17,971	8,530	3,646	87,500	62,500	87,500	132,736	28,049	276
MAD-0.1-agents136-hours4.json	984	793	191	228	136	136	100,000	54	19	19	randomSolver	64,647	57,868	50,000	62,500	75,000	75,000	30,341	22,004	14,583	43,750	65,625	64,063	1380,338	100,000	984
MAD-0.1-agents92-hours6.json	984	793	191	184	92	92	100,000	54	19	19	referenceSolver	28,533	21,905	12,500	87,500	87,500	12,500	20,772	4,259	2,431	87,500	87,500	1,563	96,882	23,577	232
MAD-0.1-agents92-hours6.json	984	793	191	184	92	92	100,000	54	19	19	randomSolver	67,688	49,230	70,489	50,000	66,667	62,500	32,359	19,743	29,167	29,688	35,938	43,750	1441,281	100,000	984
MAD-0.1-agents492-hours8.json	984	793	191	584	492	492	100,000	54	19	19	referenceSolver	17,573	59,927	12,500	12,500	12,500	12,500	7,703	8,739	1,823	3,125	1,563	1,563	529,299	64,228	632
MAD-0.1-agents492-hours8.json	984	793	191	584	492	404	82,114	54	19	19	randomSolver	25,984	57,498	25,000	70,833	62,500	75,000	9,370	9,905	3,646	32,813	32,813	53,125	4949,556	100,000	984
MAD-0.1-agents2-hours4.json	984	793	191	94	2	2	100,000	54	19	19	referenceSolver	44,016	0,604	12,500	12,500	12,500	87,500	38,392	0,176	3,646	1,563	1,563	87,500	8,025	14,431	142
MAD-0.1-agents2-hours4.json	984	793	191	94	2	2	100,000	54	19	19	randomSolver	68,397	4,126	88,107	87,500	62,500	87,500	43,805	2,453	43,750	45,313	51,563	65,625	138,209	21,951	216
MAD-0.1-agents456-hours6.json	984	793	191	548	456	456	100,000	54	19	19	referenceSolver	17,906	58,089	12,500	12,500	12,500	37,500	8,592	11,295	2,431	1,563	1,563	37,500	458,591	60,569	596
MAD-0.1-agents456-hours6.json	984	793	191	548	456	384	84,211	54	19	19	randomSolver	28,523	59,301	37,500	87,500	62,500	75,000	10,865	12,759	7,292	57,813	42,188	54,688	4240,885	100,000	984
MAD-0.1-agents106-hours6.json	984	793	191	198	106	106	100,000	54	19	19	referenceSolver	27,462	24,368	12,500	87,500	12,500	12,500	19,483	4,738	2,431	87,500	3,125	3,125	107,928	25,000	246
MAD-0.1-agents106-hours6.json	984	793	191	198	106	106	100,000	54	19	19	randomSolver	66,059	50,852	68,534	55,000	75,000	87,500	30,071	18,161	17,014	42,188	54,688	56,250	1772,239	100,000	984
MAD-0.1-agents214-hours8.json	984	793	191	306	214	214	100,000	54	19	19	referenceSolver	22,222	39,338	12,500	12,500	87,500	12,500	13,050	5,737	1,823	1,563	87,500	3,125	216,334	35,976	354
MAD-0.1-agents214-hours8.json	984	793	191	306	214	207	96,729	54	19	19	randomSolver	46,328	53,647	62,500	75,000	75,000	50,000	17,883	11,293	9,115	34,375	45,313	28,125	3235,673	100,000	984
MAD-0.1-agents26-hours8.json	984	793	191	118	26	26	100,000	54	19	19	referenceSolver	37,500	7,345	12,500	12,500	87,500	87,500	30,897	1,071	1,823	3,125	87,500	87,500	31,973	16,870	166
MAD-0.1-agents26-hours8.json	984	793	191	118	26	26	100,000	54	19	19	randomSolver	64,891	34,387	47,525	62,500	62,500	75,000	43,315	29,153	41,927	31,250	32,813	43,750	505,291	79,878	786
MAD-0.1-agents416-hours4.json	984	793	191	508	416	416	100,000	54	19	19	referenceSolver	18,332	55,839	12,500	87,500	87,500	50,000	10,075	16,286	3,646	87,500	87,500	50,000	407,962	56,504	556
MAD-0.1-agents416-hours4.json	984	793	191	508	416	367	88,221	54	19	19	randomSolver	30,849	60,034	0,000	66,667	75,000	75,000	13,618	18,780	0,000	45,313	65,625	64,063	4487,054	100,000	984
MAD-0.1-agents376-hours8.json	984	793	191	468	376	376	100,000	54	19	19	referenceSolver	18,857	53,258	12,500	12,500	87,500	87,500	9,160	7,767	1,823	3,125	87,500	87,500	336,914	52,439	516
MAD-0.1-agents376-hours8.json	984	793	191	468	376	343	91,223	54	19	19	randomSolver	31,759	55,921	37,500	50,000	62,500	62,500	11,693	10,509	5,469	31,250	42,188	31,250	3230,663	100,000	984
MAD-0.1-agents146-hours4.json	984	793	191	238	146	146	100,000	54	19	19	referenceSolver	24,947	30,737	12,500	87,500	87,500	12,500	17,363	8,965	3,646	87,500	87,500	1,563	137,878	29,065	286
MAD-0.1-agents146-hours4.json	984	793	191	238	146	146	100,000	54	19	19	randomSolver	62,395	58,486	50,000	62,500	79,167	62,500	29,066	21,243	14,583	31,250	59,375	40,625	1296,759	100,000	984
MAD-0.1-agents290-hours4.json	984	793	191	382	290	290	100,000	54	19	19	referenceSolver	20,223	46,926	12,500	12,500	12,500	87,500	12,188	13,687	3,646	1,563	3,125	87,500	259,975	43,699	430
MAD-0.1-agents290-hours4.json	984	793	191	382	290	277	95,517	54	19	19	randomSolver	40,327	59,424	25,000	87,500	87,500	50,000	18,109	19,497	7,292	37,500	57,813	50,000	2737,907	100,000	984
MAD-0.1-agents273-hours6.json	984	793	191	365	273	273	100,000	54	19	19	referenceSolver	20,582	45,424	12,500	12,500	12,500	12,500	11,677	8,833	2,431	1,563	1,563	1,563	249,399	41,972	413
MAD-0.1-agents273-hours6.json	984	793	191	365	273	268	98,168	54	19	19	randomSolver	42,096	58,373	12,500	25,000	75,000	87,500	16,312	13,266	2,431	4,688	56,250	68,750	4530,450	100,000	984
MAD-0.1-agents161-hours8.json	984	793	191	253	161	161	100,000	54	19	19	referenceSolver	24,160	32,924	12,500	12,500	12,500	87,500	15,383	4,801	1,823	3,125	1,563	87,500	149,318	30,589	301
MAD-0.1-agents161-hours8.json	984	793	191	253	161	160	99,379	54	19	19	randomSolver	54,004	51,468	37,500	75,000	62,500	79,167	21,629	12,143	5,469	53,125	43,750	48,438	2422,147	100,000	984
MAD-0.1-agents351-hours4.json	984	793	191	443	351	351	100,000	54	19	19	referenceSolver	19,159	51,694	12,500	87,500	87,500	87,500	11,012	15,077	3,646	87,500	87,500	87,500	305,561	49,898	491
MAD-0.1-agents351-hours4.json	984	793	191	443	351	326	92,877	54	19	19	randomSolver	35,241	59,878	12,500	75,000	87,500	62,500	15,616	19,228	3,646	56,250	67,188	32,813	2809,661	100,000	984
MAD-0.1-agents431-hours8.json	984	793	191	523	431	431	100,000	54	19	19	referenceSolver	18,164	56,711	12,500	12,500	12,500	12,500	8,389	8,270	1,823	1,563	3,125	1,563	392,652	58,028	571
MAD-0.1-agents431-hours8.json	984	793	191	523	431	375	87,007	54	19	19	randomSolver	28,771	56,782	25,000	75,000	75,000	62,500	10,463	10,263	3,646	64,063	46,875	20,313	4431,767	100,000	984
MAD-0.1-agents78-hours8.json	984	793	191	170	78	78	100,000	54	19	19	referenceSolver	29,853	19,212	12,500	87,500	12,500	12,500	22,004	2,802	1,823	87,500	1,563	3,125	75,593	22,154	218
MAD-0.1-agents78-hours8.json	984	793	191	170	78	78	100,000	54	19	19	randomSolver	65,237	42,189	56,824	50,000	75,000	87,500	32,189	17,650	23,698	28,125	54,688	65,625	997,309	100,000	984
MAD-0.1-agents118-hours4.json	984	793	191	210	118	118	100,000	54	19	19	referenceSolver	26,548	26,457	12,500	87,500	12,500	12,500	19,184	7,717	3,646	87,500	1,563	1,563	106,351	26,220	258
MAD-0.1-agents118-hours4.json	984	793	191	210	118	118	100,000	54	19	19	randomSolver	67,963	56,450	82,306	62,500	50,000	62,500	32,941	23,257	32,813	42,188	29,688	53,125	1365,723	100,000	984
MAD-0.1-agents328-hours8.json	984	793	191	420	328	328	100,000	54	19	19	referenceSolver	19,524	50,000	12,500	87,500	12,500	12,500	9,991	7,292	1,823	87,500	3,125	3,125	294,791	47,561	468
MAD-0.1-agents328-hours8.json	984	793	191	420	328	303	92,378	54	19	19	randomSolver	35,136	55,786	62,500	50,000	75,000	75,000	13,029	10,442	9,115	31,250	75,000	54,688	3431,563	100,000	984
MAD-0.1-agents448-hours4.json	984	793	191	540	448	448	100,000	54	19	19	referenceSolver	18,009	57,584	12,500	12,500	12,500	87,500	9,694	16,795	3,646	1,563	3,125	87,500	393,063	59,756	588
MAD-0.1-agents448-hours4.json	984	793	191	540	448	388	86,607	54	19	19	randomSolver	29,101	59,978	25,000	79,167	75,000	62,500	12,811	18,825	7,292	67,188	56,250	32,813	4643,641	100,000	984
MAD-0.1-agents158-hours6.json	984	793	191	250	158	158	100,000	54	19	19	referenceSolver	24,400	32,377	12,500	12,500	87,500	87,500	15,949	6,296	2,431	3,125	87,500	87,500	147,050	30,285	298
MAD-0.1-agents158-hours6.json	984	793	191	250	158	157	99,367	54	19	19	randomSolver	56,805	54,248	25,000	50,000	75,000	75,000	23,816	15,594	4,861	9,375	65,625	54,688	2414,861	100,000	984
MAD-0.1-agents85-hours8.json	984	793	191	177	85	85	100,000	54	19	19	referenceSolver	29,308	20,482	12,500	12,500	12,500	12,500	21,232	2,987	1,823	1,563	3,125	1,563	79,973	22,866	225
MAD-0.1-agents85-hours8.json	984	793	191	177	85	85	100,000	54	19	19	randomSolver	63,910	43,131	80,645	62,500	62,500	87,500	30,916	17,135	14,583	51,563	51,563	57,813	858,230	100,000	984
MAD-0.1-agents408-hours6.json	984	793	191	500	408	408	100,000	54	19	19	referenceSolver	18,425	55,360	12,500	12,500	12,500	12,500	9,186	10,764	2,431	3,125	1,563	1,563	363,610	55,691	548
MAD-0.1-agents408-hours6.json	984	793	191	500	408	365	89,461	54	19	19	randomSolver	30,822	58,730	25,000	75,000	54,167	87,500	11,908	12,938	4,861	75,000	53,125	65,625	3640,702	100,000	984
MAD-0.1-agents41-hours6.json	984	793	191	133	41	41	100,000	54	19	19	referenceSolver	34,868	11,051	12,500	12,500	12,500	87,500	27,840	2,149	2,431	1,563	3,125	87,500	43,180	18,394	181
MAD-0.1-agents41-hours6.json	984	793	191	133	41	41	100,000	54	19	19	randomSolver	66,575	40,912	57,807	75,000	75,000	62,500	42,135	29,511	46,181	46,875	25,000	31,250	541,460	85,366	840
MAD-0.1-agents233-hours4.json	984	793	191	325	233	233	100,000	54	19	19	referenceSolver	21,577	41,533	12,500	87,500	12,500	12,500	13,686	12,114	3,646	87,500	1,563	1,563	206,088	37,907	373
MAD-0.1-agents233-hours4.json	984	793	191	325	233	229	98,283	54	19	19	randomSolver	47,324	59,165	25,000	50,000	62,500	75,000	21,285	20,034	7,292	40,625	51,563	34,375	2184,344	100,000	984
MAD-0.1-agents311-hours6.json	984	793	191	403	311	311	100,000	54	19	19	referenceSolver	19,820	48,670	12,500	12,500	87,500	50,000	10,805	9,464	2,431	3,125	87,500	50,000	277,130	45,833	451
MAD-0.1-agents311-hours6.json	984	793	191	403	311	294	94,534	54	19	19	randomSolver	37,635	57,810	25,000	62,500	62,500	62,500	14,774	13,386	4,861	42,188	29,688	34,375	3180,799	100,000	984
MAD-0.1-agents71-hours4.json	984	793	191	163	71	71	100,000	54	19	19	referenceSolver	30,675	17,750	12,500	12,500	12,500	12,500	23,674	5,177	3,646	1,563	1,563	3,125	67,872	21,443	211
MAD-0.1-agents71-hours4.json	984	793	191	163	71	71	100,000	54	19	19	randomSolver	72,078	52,198	82,609	81,250	75,000	75,000	41,814	31,363	32,813	57,813	64,063	54,688	1243,233	97,154	956
MAD-0.1-agents111-hours8.json	984	793	191	203	111	111	100,000	54	19	19	referenceSolver	27,032	25,285	12,500	87,500	12,500	12,500	18,723	3,687	1,823	87,500	1,563	3,125	103,120	25,508	251
MAD-0.1-agents111-hours8.json	984	793	191	203	111	111	100,000	54	19	19	randomSolver	60,300	45,914	48,522	87,500	79,167	87,500	26,956	14,762	18,229	56,250	46,875	48,438	1346,156	100,000	984
MAD-0.1-agents203-hours6.json	984	793	191	295	203	203	100,000	54	19	19	referenceSolver	22,500	38,230	12,500	87,500	12,500	87,500	13,871	7,434	2,431	87,500	3,125	87,500	183,918	34,858	343
MAD-0.1-agents203-hours6.json	984	793	191	295	203	199	98,030	54	19	19	randomSolver	49,620	55,634	50,000	87,500	87,500	62,500	20,183	14,878	9,722	65,625	48,438	31,250	1816,012	100,000	984
MAD-0.1-agents441-hours8.json	984	793	191	533	441	441	100,000	54	19	19	referenceSolver	18,035	57,347	12,500	12,500	87,500	12,500	8,260	8,363	1,823	1,563	87,500	3,125	397,783	59,045	581
MAD-0.1-agents441-hours8.json	984	793	191	533	441	377	85,488	54	19	19	randomSolver	28,371	56,611	25,000	50,000	75,000	62,500	10,267	10,218	3,646	29,688	65,625	40,625	5223,816	100,000	984
MAD-0.1-agents321-hours4.json	984	793	191	413	321	321	100,000	54	19	19	referenceSolver	19,643	49,461	12,500	12,500	37,500	87,500	11,547	14,426	3,646	1,563	37,500	87,500	281,045	46,850	461
MAD-0.1-agents321-hours4.json	984	793	191	413	321	307	95,639	54	19	19	randomSolver	37,794	59,690	37,500	87,500	62,500	50,000	16,750	19,228	10,938	67,188	42,188	50,000	5100,186	100,000	984
MAD-0.1-agents485-hours6.json	984	793	191	577	485	485	100,000	54	19	19	referenceSolver	17,634	59,582	12,500	87,500	12,500	12,500	8,282	11,585	2,431	87,500	1,563	3,125	433,490	63,516	625
MAD-0.1-agents485-hours6.json	984	793	191	577	485	391	80,619	54	19	19	randomSolver	26,804	58,610	22,222	50,000	62,500	62,500	10,319	13,147	7,292	31,250	29,688	42,188	3882,272	100,000	984
MAD-0.1-agents168-hours4.json	984	793	191	260	168	168	100,000	54	19	19	referenceSolver	23,894	33,803	12,500	87,500	87,500	12,500	16,202	9,859	3,646	87,500	87,500	1,563	151,133	31,301	308
MAD-0.1-agents168-hours4.json	984	793	191	260	168	168	100,000	54	19	19	randomSolver	56,835	57,552	75,000	62,500	75,000	75,000	26,607	21,556	21,875	42,188	75,000	54,688	1752,785	100,000	984
MAD-0.1-agents438-hours4.json	984	793	191	530	438	438	100,000	54	19	19	referenceSolver	18,090	57,106	12,500	87,500	12,500	87,500	9,808	16,656	3,646	87,500	3,125	87,500	384,529	58,740	578
MAD-0.1-agents438-hours4.json	984	793	191	530	438	375	85,616	54	19	19	randomSolver	29,866	60,013	12,500	62,500	75,000	75,000	13,052	18,736	3,646	43,750	64,063	53,125	6591,111	100,000	984
MAD-0.1-agents358-hours8.json	984	793	191	450	358	358	100,000	54	19	19	referenceSolver	19,056	52,187	12,500	87,500	87,500	50,000	9,447	7,611	1,823	87,500	87,500	50,000	322,244	50,610	498
MAD-0.1-agents358-hours8.json	984	793	191	450	358	323	90,223	54	19	19	randomSolver	32,750	55,985	50,000	87,500	75,000	41,667	12,160	10,487	7,292	28,125	45,313	29,688	5290,251	100,000	984
MAD-0.1-agents195-hours4.json	984	793	191	287	195	195	100,000	54	19	19	referenceSolver	22,822	37,214	12,500	12,500	12,500	87,500	15,026	10,854	3,646	1,563	1,563	87,500	177,928	34,045	335
MAD-0.1-agents195-hours4.json	984	793	191	287	195	195	100,000	54	19	19	randomSolver	52,901	58,466	37,500	62,500	50,000	75,000	24,104	20,437	10,938	31,250	39,063	56,250	2732,853	100,000	984
MAD-0.1-agents128-hours6.json	984	793	191	220	128	128	100,000	54	19	19	referenceSolver	25,966	28,009	12,500	50,000	12,500	12,500	17,778	5,446	2,431	50,000	1,563	1,563	120,619	27,236	268
MAD-0.1-agents128-hours6.json	984	793	191	220	128	128	100,000	54	19	19	randomSolver	63,189	53,404	70,833	87,500	87,500	87,500	27,064	16,221	17,014	34,375	76,563	67,188	1277,179	100,000	984
MAD-0.1-agents478-hours6.json	984	793	191	570	478	478	100,000	54	19	19	referenceSolver	17,697	59,232	12,500	87,500	12,500	87,500	8,357	11,517	2,431	87,500	3,125	87,500	428,391	62,805	618
MAD-0.1-agents478-hours6.json	984	793	191	570	478	411	85,983	54	19	19	randomSolver	27,219	58,684	25,000	75,000	75,000	75,000	10,446	12,878	4,861	64,063	34,375	75,000	4720,803	100,000	984
MAD-0.1-agents31-hours6.json	984	793	191	123	31	31	100,000	54	19	19	referenceSolver	36,687	8,587	12,500	12,500	87,500	87,500	29,906	1,670	2,431	1,563	87,500	87,500	32,834	17,378	171
MAD-0.1-agents31-hours6.json	984	793	191	123	31	31	100,000	54	19	19	randomSolver	67,022	37,727	65,856	62,500	87,500	75,000	43,387	28,972	41,319	31,250	57,813	34,375	410,971	74,187	730
MAD-0.1-agents243-hours4.json	984	793	191	335	243	243	100,000	54	19	19	referenceSolver	21,306	42,557	12,500	12,500	87,500	37,500	13,386	12,412	3,646	3,125	87,500	37,500	217,612	38,923	383
MAD-0.1-agents243-hours4.json	984	793	191	335	243	237	97,531	54	19	19	randomSolver	45,694	59,059	25,000	79,167	75,000	62,500	20,650	19,989	7,292	45,313	54,688	40,625	4738,440	100,000	984
MAD-0.1-agents361-hours6.json	984	793	191	453	361	361	100,000	54	19	19	referenceSolver	19,040	52,319	12,500	87,500	87,500	12,500	9,884	10,173	2,431	87,500	87,500	1,563	325,702	50,915	501
MAD-0.1-agents361-hours6.json	984	793	191	453	361	318	88,089	54	19	19	randomSolver	33,956	58,323	50,000	75,000	62,500	75,000	13,143	13,087	9,722	34,375	31,250	53,125	3355,824	100,000	984
MAD-0.1-agents90-hours4.json	984	793	191	182	90	90	100,000	54	19	19	referenceSolver	28,777	21,480	12,500	12,500	12,500	87,500	21,592	6,265	3,646	1,563	1,563	87,500	85,343	23,374	230
MAD-0.1-agents90-hours4.json	984	793	191	182	90	90	100,000	54	19	19	randomSolver	73,008	54,424	87,500	62,500	75,000	79,167	38,009	26,033	25,521	9,375	45,313	46,875	769,541	100,000	984
MAD-0.1-agents189-hours4.json	984	793	191	281	189	189	100,000	54	19	19	referenceSolver	22,998	36,557	12,500	87,500	12,500	87,500	15,258	10,662	3,646	87,500	1,563	87,500	170,871	33,435	329
MAD-0.1-agents189-hours4.json	984	793	191	281	189	188	99,471	54	19	19	randomSolver	54,095	58,439	37,500	50,000	75,000	87,500	24,618	20,437	10,938	29,688	53,125	68,750	3546,013	100,000	984
MAD-0.1-agents226-hours8.json	984	793	191	318	226	226	100,000	54	19	19	referenceSolver	21,816	40,721	12,500	12,500	50,000	12,500	12,621	5,938	1,823	1,563	50,000	1,563	207,101	37,195	366
MAD-0.1-agents226-hours8.json	984	793	191	318	226	220	97,345	54	19	19	randomSolver	45,625	54,441	50,000	75,000	75,000	75,000	17,208	11,293	7,292	45,313	54,688	56,250	3123,263	100,000	984
MAD-0.1-agents134-hours6.json	984	793	191	226	134	134	100,000	54	19	19	referenceSolver	25,553	29,004	12,500	12,500	12,500	75,000	17,363	5,640	2,431	3,125	1,563	75,000	121,689	27,846	274
MAD-0.1-agents134-hours6.json	984	793	191	226	134	134	100,000	54	19	19	randomSolver	61,772	53,575	49,715	32,500	50,000	75,000	26,345	16,132	17,014	29,688	28,125	35,938	3343,652	100,000	984
MAD-0.1-agents464-hours6.json	984	793	191	556	464	464	100,000	54	19	19	referenceSolver	17,828	58,512	12,500	12,500	87,500	12,500	8,503	11,377	2,431	3,125	87,500	1,563	423,326	61,382	604
MAD-0.1-agents464-hours6.json	984	793	191	556	464	393	84,698	54	19	19	randomSolver	28,267	59,642	0,000	68,750	75,000	62,500	10,709	12,550	0,000	34,375	17,188	53,125	5516,160	100,000	984
MAD-0.1-agents499-hours6.json	984	793	191	591	499	499	100,000	54	19	19	referenceSolver	17,492	60,339	12,500	12,500	37,500	12,500	8,141	11,733	2,431	1,563	37,500	3,125	446,628	64,939	639
MAD-0.1-agents499-hours6.json	984	793	191	591	499	419	83,968	54	19	19	randomSolver	26,429	59,000	12,500	50,000	75,000	75,000	10,074	12,789	2,431	40,625	64,063	54,688	4023,455	100,000	984
MAD-0.1-agents14-hours8.json	984	793	191	106	14	14	100,000	54	19	19	referenceSolver	40,330	4,094	12,500	87,500	12,500	50,000	34,188	0,597	1,823	87,500	1,563	50,000	18,076	15,650	154
MAD-0.1-agents14-hours8.json	984	793	191	106	14	14	100,000	54	19	19	randomSolver	67,178	31,352	63,805	87,500	87,500	87,500	44,745	28,020	47,396	65,625	68,750	56,250	321,561	59,350	584
MAD-0.1-agents174-hours4.json	984	793	191	266	174	174	100,000	54	19	19	referenceSolver	23,637	34,592	12,500	12,500	87,500	87,500	15,919	10,089	3,646	1,563	87,500	87,500	155,019	31,911	314
MAD-0.1-agents174-hours4.json	984	793	191	266	174	174	100,000	54	19	19	randomSolver	56,447	58,477	37,500	75,000	62,500	62,500	26,006	20,929	10,938	54,688	42,188	31,250	1666,068	100,000	984
MAD-0.1-agents344-hours8.json	984	793	191	436	344	344	100,000	54	19	19	referenceSolver	19,323	51,039	12,500	12,500	12,500	87,500	9,702	7,443	1,823	1,563	3,125	87,500	311,000	49,187	484
MAD-0.1-agents344-hours8.json	984	793	191	436	344	315	91,570	54	19	19	randomSolver	34,376	56,365	12,500	87,500	50,000	75,000	12,551	10,263	1,823	68,750	20,313	42,188	3952,878	100,000	984
MAD-0.1-agents424-hours4.json	984	793	191	516	424	424	100,000	54	19	19	referenceSolver	18,241	56,308	12,500	12,500	12,500	12,500	9,973	16,423	3,646	1,563	1,563	1,563	367,523	57,317	564
MAD-0.1-agents424-hours4.json	984	793	191	516	424	385	90,802	54	19	19	randomSolver	30,586	60,106	37,500	62,500	75,000	87,500	13,406	18,915	10,938	42,188	64,063	45,313	5255,891	100,000	984
MAD-0.1-agents380-hours6.json	984	793	191	472	380	380	100,000	54	19	19	referenceSolver	18,776	53,597	12,500	87,500	87,500	12,500	9,584	10,422	2,431	87,500	87,500	1,563	337,445	52,846	520
MAD-0.1-agents380-hours6.json	984	793	191	472	380	353	92,895	54	19	19	randomSolver	32,796	58,718	25,000	62,500	87,500	75,000	12,614	12,878	4,861	31,250	45,313	56,250	3604,472	100,000	984
MAD-0.1-agents180-hours8.json	984	793	191	272	180	180	100,000	54	19	19	referenceSolver	23,483	35,225	12,500	12,500	12,500	12,500	14,459	5,137	1,823	3,125	1,563	1,563	163,987	32,520	320
MAD-0.1-agents180-hours8.json	984	793	191	272	180	179	99,444	54	19	19	randomSolver	50,224	51,568	56,604	75,000	87,500	75,000	20,118	12,434	10,938	43,750	57,813	64,063	2069,579	100,000	984
MAD-0.1-agents292-hours6.json	984	793	191	384	292	292	100,000	54	19	19	referenceSolver	20,182	47,097	12,500	12,500	12,500	12,500	11,219	9,158	2,431	3,125	1,563	3,125	264,249	43,902	432
MAD-0.1-agents292-hours6.json	984	793	191	384	292	281	96,233	54	19	19	randomSolver	39,399	57,823	25,000	62,500	79,167	62,500	15,505	13,535	4,861	32,813	48,438	42,188	3986,786	100,000	984
MAD-0.1-agents144-hours6.json	984	793	191	236	144	144	100,000	54	19	19	referenceSolver	25,053	30,444	12,500	12,500	12,500	12,500	16,737	5,920	2,431	1,563	1,563	3,125	134,762	28,862	284
MAD-0.1-agents144-hours6.json	984	793	191	236	144	144	100,000	54	19	19	randomSolver	59,115	53,696	75,000	75,000	50,000	75,000	25,229	16,012	14,583	42,188	39,063	31,250	1398,509	100,000	984
MAD-0.1-agents99-hours8.json	984	793	191	191	99	99	100,000	54	19	19	referenceSolver	27,945	23,185	12,500	12,500	50,000	12,500	19,785	3,381	1,823	1,563	50,000	1,563	99,004	24,289	239
MAD-0.1-agents99-hours8.json	984	793	191	191	99	99	100,000	54	19	19	randomSolver	62,593	45,051	43,640	75,000	50,000	62,500	28,650	15,591	10,938	34,375	40,625	43,750	1180,308	100,000	984
MAD-0.1-agents256-hours8.json	984	793	191	348	256	256	100,000	54	19	19	referenceSolver	21,013	43,761	12,500	12,500	12,500	12,500	11,690	6,382	1,823	1,563	1,563	3,125	229,502	40,244	396
MAD-0.1-agents256-hours8.json	984	793	191	348	256	243	94,922	54	19	19	randomSolver	41,799	54,293	25,000	75,000	87,500	79,167	15,725	10,979	3,646	53,125	57,813	59,375	4051,201	100,000	984
MAD-0.1-agents414-hours6.json	984	793	191	506	414	414	100,000	54	19	19	referenceSolver	18,355	55,720	12,500	12,500	87,500	12,500	9,106	10,834	2,431	1,563	87,500	3,125	376,471	56,301	554
MAD-0.1-agents414-hours6.json	984	793	191	506	414	357	86,232	54	19	19	randomSolver	30,637	58,986	12,500	62,500	62,500	62,500	11,767	12,819	2,431	40,625	42,188	43,750	4884,388	100,000	984
MAD-0.1-agents64-hours8.json	984	793	191	156	64	64	100,000	54	19	19	referenceSolver	31,410	16,327	12,500	12,500	37,500	87,500	23,815	2,381	1,823	3,125	37,500	87,500	63,431	20,732	204
MAD-0.1-agents64-hours8.json	984	793	191	156	64	64	100,000	54	19	19	randomSolver	65,690	39,906	53,152	50,000	87,500	87,500	35,078	20,470	21,875	29,688	67,188	59,375	1254,833	100,000	984
MAD-0.1-agents104-hours4.json	984	793	191	196	104	104	100,000	54	19	19	referenceSolver	27,551	24,074	12,500	12,500	12,500	87,500	20,294	7,022	3,646	3,125	1,563	87,500	95,479	24,797	244
MAD-0.1-agents104-hours4.json	984	793	191	196	104	104	100,000	54	19	19	randomSolver	70,502	55,694	82,447	75,000	37,500	87,500	35,294	24,287	29,167	54,688	28,125	68,750	1103,425	100,000	984
MAD-0.1-agents454-hours4.json	984	793	191	546	454	454	100,000	54	19	19	referenceSolver	17,926	57,982	12,500	12,500	12,500	12,500	9,625	16,911	3,646	1,563	3,125	1,563	399,650	60,366	594
MAD-0.1-agents454-hours4.json	984	793	191	546	454	391	86,123	54	19	19	randomSolver	28,622	59,743	37,500	37,500	62,500	50,000	12,670	19,273	10,938	26,563	42,188	29,688	4093,123	100,000	984
MAD-0.1-agents334-hours8.json	984	793	191	426	334	334	100,000	54	19	19	referenceSolver	19,484	50,301	12,500	87,500	87,500	87,500	9,887	7,336	1,823	87,500	87,500	87,500	299,174	48,171	474
MAD-0.1-agents334-hours8.json	984	793	191	426	334	310	92,814	54	19	19	randomSolver	34,989	56,241	12,500	25,000	75,000	75,000	12,845	10,577	1,823	3,125	34,375	54,688	2922,248	100,000	984
MAD-0.1-agents43-hours4.json	984	793	191	135	43	43	100,000	54	19	19	referenceSolver	34,352	11,590	12,500	12,500	12,500	12,500	27,816	3,381	3,646	3,125	3,125	3,125	44,531	18,598	183
MAD-0.1-agents43-hours4.json	984	793	191	135	43	43	100,000	54	19	19	randomSolver	70,713	43,875	68,769	62,500	62,500	75,000	43,816	29,223	51,042	31,250	40,625	54,688	387,223	72,053	709
MAD-0.1-agents313-hours4.json	984	793	191	405	313	313	100,000	54	19	19	referenceSolver	19,846	48,678	12,500	87,500	12,500	87,500	11,710	14,198	3,646	87,500	3,125	87,500	277,403	46,037	453
MAD-0.1-agents313-hours4.json	984	793	191	405	313	289	92,332	54	19	19	randomSolver	37,878	59,525	37,500	62,500	87,500	75,000	17,081	19,631	10,938	32,813	76,563	64,063	2582,060	100,000	984
MAD-0.1-agents473-hours8.json	984	793	191	565	473	473	100,000	54	19	19	referenceSolver	17,743	58,978	12,500	12,500	87,500	12,500	7,898	8,601	1,823	1,563	87,500	3,125	429,046	62,297	613
MAD-0.1-agents473-hours8.json	984	793	191	565	473	382	80,761	54	19	19	randomSolver	26,667	56,675	0,000	75,000	62,500	62,500	9,685	10,330	0,000	42,188	29,688	53,125	3857,165	100,000	984
MAD-0.1-agents231-hours6.json	984	793	191	323	231	231	100,000	54	19	19	referenceSolver	21,633	41,324	12,500	12,500	12,500	87,500	12,879	8,035	2,431	1,563	3,125	87,500	209,103	37,703	371
MAD-0.1-agents231-hours6.json	984	793	191	323	231	225	97,403	54	19	19	randomSolver	45,690	56,489	29,930	75,000	66,667	87,500	18,433	14,102	9,722	64,063	46,875	46,875	2270,953	100,000	984
MAD-0.1-agents123-hours8.json	984	793	191	215	123	123	100,000	54	19	19	referenceSolver	26,337	27,152	12,500	87,500	12,500	87,500	17,802	3,960	1,823	87,500	1,563	87,500	112,848	26,728	263
MAD-0.1-agents123-hours8.json	984	793	191	215	123	123	100,000	54	19	19	randomSolver	58,809	47,252	50,000	50,000	87,500	75,000	25,452	14,046	7,292	29,688	67,188	56,250	1576,071	100,000	984
MAD-0.1-agents397-hours8.json	984	793	191	489	397	397	100,000	54	19	19	referenceSolver	18,584	54,608	12,500	12,500	87,500	12,500	8,845	7,964	1,823	1,563	87,500	1,563	354,173	54,573	537
MAD-0.1-agents397-hours8.json	984	793	191	489	397	346	87,154	54	19	19	randomSolver	30,767	56,876	37,500	75,000	50,000	75,000	11,190	10,241	5,469	46,875	40,625	42,188	6347,496	100,000	984
MAD-0.1-agents208-hours8.json	984	793	191	300	208	208	100,000	54	19	19	referenceSolver	22,375	38,734	12,500	87,500	87,500	12,500	13,264	5,649	1,823	87,500	87,500	3,125	192,956	35,366	348
MAD-0.1-agents208-hours8.json	984	793	191	300	208	206	99,038	54	19	19	randomSolver	46,783	52,731	37,500	62,500	87,500	75,000	18,240	12,009	5,469	32,813	39,063	43,750	2328,130	100,000	984
MAD-0.1-agents353-hours6.json	984	793	191	445	353	353	100,000	54	19	19	referenceSolver	19,157	51,760	12,500	12,500	87,500	62,500	10,021	10,064	2,431	1,563	87,500	62,500	316,747	50,102	493
MAD-0.1-agents353-hours6.json	984	793	191	445	353	329	93,201	54	19	19	randomSolver	34,420	58,199	25,000	75,000	66,667	75,000	13,380	13,296	4,861	46,875	56,250	37,500	4962,310	100,000	984
MAD-0.1-agents271-hours4.json	984	793	191	363	271	271	100,000	54	19	19	referenceSolver	20,661	45,167	12,500	87,500	12,500	12,500	12,639	13,174	3,646	87,500	3,125	3,125	242,792	41,768	411
MAD-0.1-agents271-hours4.json	984	793	191	363	271	268	98,893	54	19	19	randomSolver	42,783	59,674	0,000	75,000	62,500	87,500	19,057	19,541	0,000	56,250	42,188	56,250	2974,952	100,000	984
MAD-0.1-agents33-hours4.json	984	793	191	125	33	33	100,000	54	19	19	referenceSolver	36,100	9,141	12,500	37,500	50,000	12,500	29,750	2,666	3,646	37,500	50,000	3,125	35,091	17,581	173
MAD-0.1-agents33-hours4.json	984	793	191	125	33	33	100,000	54	19	19	randomSolver	70,506	39,673	76,797	75,000	75,000	62,500	44,842	28,672	61,979	35,938	64,063	20,313	424,340	63,415	624
MAD-0.1-agents403-hours8.json	984	793	191	495	403	403	100,000	54	19	19	referenceSolver	18,485	55,055	12,500	87,500	12,500	12,500	8,757	8,029	1,823	87,500	1,563	1,563	358,670	55,183	543
MAD-0.1-agents403-hours8.json	984	793	191	495	403	353	87,593	54	19	19	randomSolver	30,283	56,374	12,500	62,500	62,500	75,000	11,055	10,487	1,823	42,188	32,813	45,313	5440,949	100,000	984
MAD-0.1-agents363-hours4.json	984	793	191	455	363	363	100,000	54	19	19	referenceSolver	19,011	52,457	12,500	50,000	12,500	87,500	10,824	15,300	3,646	50,000	1,563	87,500	318,663	51,118	503
MAD-0.1-agents363-hours4.json	984	793	191	455	363	334	92,011	54	19	19	randomSolver	34,344	59,788	50,000	87,500	62,500	62,500	15,204	19,004	14,583	45,313	51,563	51,563	5827,869	100,000	984
MAD-0.1-agents153-hours8.json	984	793	191	245	153	153	100,000	54	19	19	referenceSolver	24,643	31,677	12,500	87,500	12,500	12,500	15,845	4,620	1,823	87,500	1,563	3,125	143,690	29,776	293
MAD-0.1-agents153-hours8.json	984	793	191	245	153	152	99,346	54	19	19	randomSolver	54,703	50,990	62,500	87,500	62,500	50,000	22,335	12,882	9,115	65,625	34,375	29,688	2807,863	100,000	984
MAD-0.1-agents241-hours6.json	984	793	191	333	241	241	100,000	54	19	19	referenceSolver	21,434	42,207	12,500	12,500	87,500	12,500	12,579	8,207	2,431	1,563	87,500	1,563	212,982	38,720	381
MAD-0.1-agents241-hours6.json	984	793	191	333	241	234	97,095	54	19	19	randomSolver	45,009	56,652	50,000	75,000	87,500	87,500	17,880	13,983	9,722	43,750	67,188	48,438	3328,650	100,000	984
MAD-0.1-agents197-hours6.json	984	793	191	289	197	197	100,000	54	19	19	referenceSolver	22,708	37,524	12,500	12,500	87,500	12,500	14,108	7,296	2,431	1,563	87,500	1,563	179,319	34,248	337
MAD-0.1-agents197-hours6.json	984	793	191	289	197	195	98,985	54	19	19	randomSolver	50,376	55,800	50,000	50,000	87,500	62,500	20,602	14,759	9,722	39,063	67,188	32,813	2385,191	100,000	984
MAD-0.1-agents285-hours8.json	984	793	191	377	285	285	100,000	54	19	19	referenceSolver	20,391	46,341	12,500	87,500	12,500	12,500	10,935	6,758	1,823	87,500	1,563	1,563	257,822	43,191	425
MAD-0.1-agents285-hours8.json	984	793	191	377	285	278	97,544	54	19	19	randomSolver	39,559	56,787	42,430	37,500	75,000	75,000	14,515	10,353	9,115	26,563	54,688	65,625	3441,480	100,000	984
MAD-0.1-agents487-hours4.json	984	793	191	579	487	487	100,000	54	19	19	referenceSolver	17,595	59,755	12,500	87,500	12,500	87,500	9,281	17,428	3,646	87,500	1,563	87,500	441,057	63,720	627
MAD-0.1-agents487-hours4.json	984	793	191	579	487	394	80,903	54	19	19	randomSolver	27,080	59,723	12,500	62,500	87,500	79,167	11,948	19,004	3,646	20,313	48,438	46,875	5917,146	100,000	984
MAD-0.1-agents278-hours8.json	984	793	191	370	278	278	100,000	54	19	19	referenceSolver	20,473	45,875	12,500	87,500	12,500	12,500	11,095	6,690	1,823	87,500	3,125	1,563	252,939	42,480	418
MAD-0.1-agents278-hours8.json	984	793	191	370	278	274	98,561	54	19	19	randomSolver	40,242	55,725	37,500	50,000	66,667	62,500	14,790	10,644	5,469	21,875	23,438	62,500	2632,268	100,000	984
MAD-0.1-agents73-hours6.json	984	793	191	165	73	73	100,000	54	19	19	referenceSolver	30,455	18,159	12,500	12,500	87,500	87,500	22,903	3,531	2,431	1,563	87,500	87,500	73,384	21,646	213
MAD-0.1-agents73-hours6.json	984	793	191	165	73	73	100,000	54	19	19	randomSolver	68,616	46,248	61,889	87,500	75,000	87,500	36,085	23,175	21,875	46,875	53,125	59,375	1074,593	100,000	984
MAD-0.1-agents323-hours6.json	984	793	191	415	323	323	100,000	54	19	19	referenceSolver	19,608	49,616	12,500	12,500	12,500	87,500	10,563	9,648	2,431	1,563	3,125	87,500	296,177	47,053	463
MAD-0.1-agents323-hours6.json	984	793	191	415	323	305	94,427	54	19	19	randomSolver	36,852	58,211	35,938	37,500	62,500	75,000	14,347	13,147	9,722	37,500	42,188	65,625	4687,296	100,000	984
MAD-0.1-agents201-hours4.json	984	793	191	293	201	201	100,000	54	19	19	referenceSolver	22,654	37,853	12,500	87,500	87,500	12,500	14,798	11,040	3,646	87,500	87,500	3,125	179,333	34,654	341
MAD-0.1-agents201-hours4.json	984	793	191	293	201	200	99,502	54	19	19	randomSolver	51,954	58,979	25,000	87,500	62,500	25,000	23,610	20,079	7,292	67,188	32,813	4,688	1884,293	100,000	984
MAD-0.1-agents190-hours4.json	984	793	191	282	190	190	100,000	54	19	19	referenceSolver	22,961	36,680	12,500	12,500	12,500	87,500	15,217	10,698	3,646	1,563	3,125	87,500	169,377	33,537	330
MAD-0.1-agents190-hours4.json	984	793	191	282	190	189	99,474	54	19	19	randomSolver	53,065	58,057	50,000	50,000	87,500	58,333	24,531	20,795	14,583	29,688	67,188	28,125	1730,818	100,000	984
MAD-0.1-agents34-hours6.json	984	793	191	126	34	34	100,000	54	19	19	referenceSolver	36,012	9,366	12,500	12,500	50,000	87,500	29,240	1,821	2,431	1,563	50,000	87,500	35,281	17,683	174
MAD-0.1-agents34-hours6.json	984	793	191	126	34	34	100,000	54	19	19	randomSolver	66,979	38,911	64,400	50,000	75,000	87,500	43,203	29,834	38,889	39,063	54,688	56,250	748,488	78,659	774
MAD-0.1-agents246-hours4.json	984	793	191	338	246	246	100,000	54	19	19	referenceSolver	21,228	42,857	12,500	12,500	12,500	87,500	13,300	12,500	3,646	1,563	1,563	87,500	215,730	39,228	386
MAD-0.1-agents246-hours4.json	984	793	191	338	246	241	97,967	54	19	19	randomSolver	46,041	59,397	50,000	87,500	62,500	87,500	20,467	19,407	14,583	65,625	42,188	46,875	3154,580	100,000	984
MAD-0.1-agents89-hours4.json	984	793	191	181	89	89	100,000	54	19	19	referenceSolver	28,867	21,292	12,500	12,500	87,500	12,500	21,682	6,210	3,646	3,125	87,500	3,125	81,674	23,272	229
MAD-0.1-agents89-hours4.json	984	793	191	181	89	89	100,000	54	19	19	randomSolver	72,909	54,266	85,938	37,500	62,500	75,000	38,219	26,928	29,167	17,188	51,563	54,688	1094,340	100,000	984
MAD-0.1-agents364-hours6.json	984	793	191	456	364	364	100,000	54	19	19	referenceSolver	18,969	52,601	12,500	12,500	12,500	12,500	9,831	10,228	2,431	3,125	3,125	3,125	323,331	51,220	504
MAD-0.1-agents364-hours6.json	984	793	191	456	364	334	91,758	54	19	19	randomSolver	33,230	57,825	12,500	75,000	75,000	75,000	13,057	13,326	2,431	65,625	75,000	43,750	3460,058	100,000	984
MAD-0.1-agents399-hours6.json	984	793	191	491	399	399	100,000	54	19	19	referenceSolver	18,559	54,733	12,500	12,500	12,500	12,500	9,313	10,642	2,431	1,563	1,563	1,563	353,203	54,776	539
MAD-0.1-agents399-hours6.json	984	793	191	491	399	357	89,474	54	19	19	randomSolver	32,000	59,254	25,000	75,000	87,500	87,500	12,126	12,759	4,861	65,625	59,375	56,250	4423,984	100,000	984
MAD-0.1-agents74-hours4.json	984	793	191	166	74	74	100,000	54	19	19	referenceSolver	30,422	18,317	12,500	87,500	12,500	87,500	23,331	5,342	3,646	87,500	3,125	87,500	68,659	21,748	214
MAD-0.1-agents74-hours4.json	984	793	191	166	74	74	100,000	54	19	19	randomSolver	72,856	52,922	75,460	57,500	87,500	87,500	41,190	30,624	51,042	32,813	54,688	87,500	890,925	97,764	962
MAD-0.1-agents206-hours6.json	984	793	191	298	206	206	100,000	54	19	19	referenceSolver	22,399	38,577	12,500	12,500	12,500	87,500	13,755	7,501	2,431	1,563	1,563	87,500	184,845	35,163	346
MAD-0.1-agents206-hours6.json	984	793	191	298	206	206	100,000	54	19	19	randomSolver	49,437	56,022	62,500	87,500	62,500	87,500	19,980	14,669	12,153	39,063	51,563	57,813	2163,948	100,000	984
MAD-0.1-agents114-hours8.json	984	793	191	206	114	114	100,000	54	19	19	referenceSolver	26,881	25,734	12,500	87,500	12,500	12,500	18,485	3,753	1,823	87,500	1,563	3,125	104,446	25,813	254
MAD-0.1-agents114-hours8.json	984	793	191	206	114	114	100,000	54	19	19	randomSolver	61,412	47,462	79,023	75,000	75,000	87,500	26,564	14,382	14,583	32,813	35,938	68,750	1195,834	100,000	984
MAD-0.1-agents324-hours4.json	984	793	191	416	324	324	100,000	54	19	19	referenceSolver	19,591	49,693	12,500	87,500	12,500	12,500	11,490	14,494	3,646	87,500	1,563	3,125	285,014	47,154	464
MAD-0.1-agents324-hours4.json	984	793	191	416	324	297	91,667	54	19	19	randomSolver	36,880	59,054	12,500	62,500	75,000	62,500	16,629	19,810	3,646	34,375	65,625	51,563	5126,138	100,000	984
MAD-0.1-agents444-hours8.json	984	793	191	536	444	444	100,000	54	19	19	referenceSolver	18,004	57,513	12,500	12,500	87,500	87,500	8,224	8,387	1,823	3,125	87,500	87,500	404,038	59,350	584
MAD-0.1-agents444-hours8.json	984	793	191	536	444	382	86,036	54	19	19	randomSolver	28,100	56,925	12,500	43,750	75,000	75,000	10,209	10,196	1,823	42,188	34,375	53,125	7375,884	100,000	984
MAD-0.1-agents480-hours6.json	984	793	191	572	480	480	100,000	54	19	19	referenceSolver	17,657	59,406	12,500	12,500	87,500	87,500	8,331	11,551	2,431	3,125	87,500	87,500	432,756	63,008	620
MAD-0.1-agents480-hours6.json	984	793	191	572	480	406	84,583	54	19	19	randomSolver	27,225	58,923	12,500	75,000	75,000	75,000	10,409	12,789	2,431	45,313	25,000	43,750	5066,742	100,000	984
MAD-0.1-agents80-hours8.json	984	793	191	172	80	80	100,000	54	19	19	referenceSolver	29,651	19,608	12,500	87,500	12,500	87,500	21,769	2,859	1,823	87,500	1,563	87,500	76,372	22,358	220
MAD-0.1-agents80-hours8.json	984	793	191	172	80	80	100,000	54	19	19	randomSolver	62,826	41,314	35,876	50,000	50,000	75,000	31,815	17,874	27,344	28,125	40,625	34,375	1067,567	100,000	984
MAD-0.1-agents44-hours6.json	984	793	191	136	44	44	100,000	54	19	19	referenceSolver	34,283	11,796	12,500	62,500	87,500	12,500	27,268	2,294	2,431	62,500	87,500	3,125	43,410	18,699	184
MAD-0.1-agents44-hours6.json	984	793	191	136	44	44	100,000	54	19	19	randomSolver	67,171	41,343	63,564	75,000	79,167	87,500	41,921	30,083	31,597	43,750	34,375	67,188	580,353	89,431	880
MAD-0.1-agents199-hours8.json	984	793	191	291	199	199	100,000	54	19	19	referenceSolver	22,680	37,689	12,500	87,500	87,500	50,000	13,618	5,496	1,823	87,500	87,500	50,000	180,813	34,451	339
MAD-0.1-agents199-hours8.json	984	793	191	291	199	194	97,487	54	19	19	randomSolver	48,468	52,755	37,500	41,667	87,500	75,000	18,805	11,629	5,469	29,688	67,188	35,938	1846,222	100,000	984
MAD-0.1-agents236-hours4.json	984	793	191	328	236	236	100,000	54	19	19	referenceSolver	21,494	41,844	12,500	87,500	87,500	87,500	13,594	12,204	3,646	87,500	87,500	87,500	212,835	38,211	376
MAD-0.1-agents236-hours4.json	984	793	191	328	236	234	99,153	54	19	19	randomSolver	47,068	59,184	50,000	50,000	75,000	75,000	21,091	19,765	14,583	39,063	54,688	46,875	3530,601	100,000	984
MAD-0.1-agents314-hours6.json	984	793	191	406	314	314	100,000	54	19	19	referenceSolver	19,766	48,910	12,500	12,500	87,500	12,500	10,743	9,510	2,431	1,563	87,500	1,563	280,078	46,138	454
MAD-0.1-agents314-hours6.json	984	793	191	406	314	298	94,904	54	19	19	randomSolver	37,356	57,828	37,500	62,500	75,000	75,000	14,665	13,654	7,292	53,125	53,125	54,688	3410,236	100,000	984
MAD-0.1-agents164-hours8.json	984	793	191	256	164	164	100,000	54	19	19	referenceSolver	24,023	33,333	12,500	12,500	12,500	12,500	15,224	4,861	1,823	3,125	1,563	3,125	151,818	30,894	304
MAD-0.1-agents164-hours8.json	984	793	191	256	164	163	99,390	54	19	19	randomSolver	53,350	51,315	37,500	62,500	62,500	75,000	21,376	12,614	5,469	42,188	42,188	46,875	1780,953	100,000	984
MAD-0.1-agents276-hours6.json	984	793	191	368	276	276	100,000	54	19	19	referenceSolver	20,516	45,695	12,500	62,500	87,500	12,500	11,601	8,885	2,431	53,125	87,500	3,125	247,318	42,276	416
MAD-0.1-agents276-hours6.json	984	793	191	368	276	268	97,101	54	19	19	randomSolver	41,118	57,798	25,000	87,500	75,000	87,500	16,179	13,505	4,861	48,438	75,000	56,250	3377,901	100,000	984
MAD-0.1-agents434-hours8.json	984	793	191	526	434	434	100,000	54	19	19	referenceSolver	18,132	56,881	12,500	12,500	12,500	12,500	8,351	8,295	1,823	1,563	3,125	1,563	387,624	58,333	574
MAD-0.1-agents434-hours8.json	984	793	191	526	434	376	86,636	54	19	19	randomSolver	28,529	56,768	0,000	75,000	87,500	75,000	10,403	10,241	0,000	35,938	32,813	53,125	6665,427	100,000	984
MAD-0.1-agents354-hours4.json	984	793	191	446	354	354	100,000	54	19	19	referenceSolver	19,114	51,906	12,500	87,500	87,500	25,000	10,962	15,139	3,646	87,500	87,500	25,000	318,949	50,203	494
MAD-0.1-agents354-hours4.json	984	793	191	446	354	317	89,548	54	19	19	randomSolver	35,157	59,619	50,000	75,000	75,000	62,500	15,511	19,183	14,583	43,750	54,688	53,125	3291,951	100,000	984
MAD-0.1-agents23-hours8.json	984	793	191	115	23	23	100,000	54	19	19	referenceSolver	38,261	6,534	12,500	12,500	50,000	12,500	31,683	0,953	1,823	3,125	50,000	12,500	25,795	16,565	163
MAD-0.1-agents23-hours8.json	984	793	191	115	23	23	100,000	54	19	19	randomSolver	64,964	34,082	67,538	50,000	62,500	75,000	43,890	29,685	40,104	40,625	32,813	26,563	461,922	76,321	751
MAD-0.1-agents373-hours8.json	984	793	191	465	373	373	100,000	54	19	19	referenceSolver	18,871	53,134	12,500	37,500	87,500	87,500	9,204	7,749	1,823	37,500	87,500	87,500	337,342	52,134	513
MAD-0.1-agents373-hours8.json	984	793	191	465	373	334	89,544	54	19	19	randomSolver	32,517	56,998	25,000	75,000	75,000	62,500	11,768	10,330	3,646	54,688	53,125	29,688	3592,040	100,000	984
MAD-0.1-agents413-hours4.json	984	793	191	505	413	413	100,000	54	19	19	referenceSolver	18,342	55,735	12,500	12,500	87,500	87,500	10,107	16,256	3,646	1,563	87,500	87,500	362,584	56,199	553
MAD-0.1-agents413-hours4.json	984	793	191	505	413	366	88,620	54	19	19	randomSolver	31,171	59,774	12,500	75,000	75,000	87,500	13,698	19,094	3,646	53,125	64,063	57,813	3491,695	100,000	984
MAD-0.1-agents143-hours4.json	984	793	191	235	143	143	100,000	54	19	19	referenceSolver	25,160	30,233	12,500	87,500	87,500	12,500	17,551	8,818	3,646	87,500	87,500	1,563	131,137	28,760	283
MAD-0.1-agents143-hours4.json	984	793	191	235	143	143	100,000	54	19	19	randomSolver	62,804	57,573	60,294	62,500	79,167	66,667	29,437	21,646	21,875	21,875	48,438	43,750	1506,701	100,000	984
MAD-0.1-agents295-hours4.json	984	793	191	387	295	295	100,000	54	19	19	referenceSolver	20,187	47,200	12,500	12,500	12,500	12,500	12,090	13,767	3,646	1,563	1,563	1,563	261,797	44,207	435
MAD-0.1-agents295-hours4.json	984	793	191	387	295	284	96,271	54	19	19	randomSolver	39,960	59,357	25,000	62,500	87,500	75,000	17,875	19,586	7,292	32,813	54,688	64,063	4064,393	100,000	984
MAD-0.1-agents228-hours6.json	984	793	191	320	228	228	100,000	54	19	19	referenceSolver	21,758	40,934	12,500	12,500	37,500	12,500	12,982	7,959	2,431	1,563	37,500	1,563	209,884	37,398	368
MAD-0.1-agents228-hours6.json	984	793	191	320	228	224	98,246	54	19	19	randomSolver	45,668	55,761	75,000	75,000	87,500	75,000	18,606	14,818	14,583	54,688	68,750	46,875	2722,596	100,000	984
MAD-0.1-agents497-hours8.json	984	793	191	589	497	497	100,000	54	19	19	referenceSolver	17,530	60,169	12,500	87,500	12,500	12,500	7,650	8,775	1,823	87,500	1,563	1,563	452,998	64,736	637
MAD-0.1-agents497-hours8.json	984	793	191	589	497	393	79,074	54	19	19	randomSolver	25,964	57,367	25,000	75,000	75,000	87,500	9,291	10,017	3,646	32,813	43,750	56,250	4447,932	100,000	984
MAD-0.1-agents268-hours4.json	984	793	191	360	268	268	100,000	54	19	19	referenceSolver	20,694	44,966	12,500	87,500	87,500	87,500	12,710	13,115	3,646	87,500	87,500	87,500	235,638	41,463	408
MAD-0.1-agents268-hours4.json	984	793	191	360	268	258	96,269	54	19	19	randomSolver	42,685	59,114	12,500	87,500	62,500	62,500	19,216	19,900	3,646	67,188	32,813	42,188	2450,401	100,000	984
MAD-0.1-agents7-hours4.json	984	793	191	99	7	7	100,000	54	19	19	referenceSolver	42,551	2,077	12,500	12,500	87,500	87,500	36,637	0,606	3,646	1,563	87,500	87,500	11,655	14,939	147
MAD-0.1-agents7-hours4.json	984	793	191	99	7	7	100,000	54	19	19	randomSolver	68,909	15,020	79,280	75,000	87,500	62,500	44,502	11,591	51,042	65,625	56,250	31,250	348,886	29,980	295
MAD-0.1-agents453-hours6.json	984	793	191	545	453	453	100,000	54	19	19	referenceSolver	17,936	57,928	12,500	87,500	12,500	87,500	8,626	11,264	2,431	87,500	3,125	87,500	406,689	60,264	593
MAD-0.1-agents453-hours6.json	984	793	191	545	453	384	84,768	54	19	19	randomSolver	28,766	59,397	25,000	62,500	75,000	50,000	10,925	12,729	4,861	32,813	32,813	29,688	7791,026	100,000	984
MAD-0.1-agents211-hours8.json	984	793	191	303	211	211	100,000	54	19	19	referenceSolver	22,318	39,002	12,500	12,500	87,500	12,500	13,161	5,688	1,823	1,563	87,500	1,563	193,847	35,671	351
MAD-0.1-agents211-hours8.json	984	793	191	303	211	209	99,052	54	19	19	randomSolver	46,161	52,467	37,500	62,500	75,000	66,667	18,060	11,741	5,469	62,500	53,125	65,625	4332,764	100,000	984
MAD-0.1-agents103-hours6.json	984	793	191	195	103	103	100,000	54	19	19	referenceSolver	27,756	23,788	12,500	12,500	12,500	87,500	19,761	4,625	2,431	1,563	1,563	87,500	96,519	24,695	243
MAD-0.1-agents103-hours6.json	984	793	191	195	103	103	100,000	54	19	19	randomSolver	66,504	50,354	33,607	75,000	75,000	50,000	30,533	18,549	12,153	64,063	54,688	40,625	1806,387	100,000	984
MAD-0.1-agents53-hours8.json	984	793	191	145	53	53	100,000	54	19	19	referenceSolver	32,931	13,874	12,500	87,500	12,500	87,500	25,494	2,023	1,823	87,500	3,125	87,500	50,964	19,614	193
MAD-0.1-agents53-hours8.json	984	793	191	145	53	53	100,000	54	19	19	randomSolver	65,476	38,423	63,549	62,500	87,500	62,500	37,739	23,738	25,521	21,875	37,500	34,375	720,611	100,000	984
MAD-0.1-agents463-hours4.json	984	793	191	555	463	463	100,000	54	19	19	referenceSolver	17,815	58,534	12,500	87,500	87,500	50,000	9,525	17,072	3,646	87,500	87,500	50,000	405,751	61,280	603
MAD-0.1-agents463-hours4.json	984	793	191	555	463	396	85,529	54	19	19	randomSolver	28,505	60,138	12,500	50,000	87,500	75,000	12,464	18,646	3,646	29,688	56,250	54,688	3881,242	100,000	984
MAD-0.1-agents303-hours8.json	984	793	191	395	303	303	100,000	54	19	19	referenceSolver	19,968	48,019	12,500	87,500	12,500	87,500	10,508	7,003	1,823	87,500	3,125	87,500	279,766	45,020	443
MAD-0.1-agents303-hours8.json	984	793	191	395	303	289	95,380	54	19	19	randomSolver	36,558	54,670	25,000	46,875	75,000	62,500	13,854	10,957	3,646	21,875	34,375	31,250	2729,720	100,000	984
MAD-0.1-agents133-hours4.json	984	793	191	225	133	133	100,000	54	19	19	referenceSolver	25,667	28,788	12,500	87,500	12,500	87,500	18,155	8,396	3,646	87,500	1,563	87,500	116,911	27,744	273
MAD-0.1-agents133-hours4.json	984	793	191	225	133	133	100,000	54	19	19	randomSolver	63,706	56,841	60,294	37,500	50,000	75,000	30,745	22,586	21,875	17,188	29,688	25,000	1234,917	100,000	984
MAD-0.1-agents97-hours6.json	984	793	191	189	97	97	100,000	54	19	19	referenceSolver	28,175	22,770	12,500	12,500	37,500	37,500	20,303	4,427	2,431	1,563	37,500	37,500	92,317	24,085	237
MAD-0.1-agents97-hours6.json	984	793	191	189	97	97	100,000	54	19	19	randomSolver	66,279	49,384	54,096	67,500	66,667	75,000	31,503	19,355	17,014	32,813	45,313	45,313	1107,662	100,000	984
MAD-0.1-agents258-hours6.json	984	793	191	350	258	258	100,000	54	19	19	referenceSolver	20,964	43,952	12,500	25,000	12,500	12,500	12,082	8,546	2,431	25,000	1,563	3,125	231,874	40,447	398
MAD-0.1-agents258-hours6.json	984	793	191	350	258	249	96,512	54	19	19	randomSolver	43,234	57,749	43,056	62,500	87,500	75,000	17,011	13,654	12,153	53,125	65,625	54,688	2532,848	100,000	984
MAD-0.1-agents387-hours4.json	984	793	191	479	387	387	100,000	54	19	19	referenceSolver	18,685	54,050	12,500	25,000	87,500	87,500	10,461	15,765	3,646	25,000	87,500	87,500	338,031	53,557	527
MAD-0.1-agents387-hours4.json	984	793	191	479	387	349	90,181	54	19	19	randomSolver	33,008	60,038	25,000	75,000	75,000	62,500	14,442	18,780	7,292	42,188	46,875	53,125	3549,776	100,000	984
MAD-0.1-agents218-hours4.json	984	793	191	310	218	218	100,000	54	19	19	referenceSolver	22,056	39,854	12,500	12,500	87,500	87,500	14,182	11,624	3,646	3,125	87,500	87,500	197,344	36,382	358
MAD-0.1-agents218-hours4.json	984	793	191	310	218	217	99,541	54	19	19	randomSolver	48,792	58,766	50,000	62,500	75,000	62,500	22,315	20,437	14,583	42,188	65,625	32,813	2855,064	100,000	984
MAD-0.1-agents423-hours6.json	984	793	191	515	423	423	100,000	54	19	19	referenceSolver	18,252	56,250	12,500	12,500	12,500	25,000	8,987	10,937	2,431	1,563	3,125	25,000	375,355	57,215	563
MAD-0.1-agents423-hours6.json	984	793	191	515	423	366	86,525	54	19	19	randomSolver	30,096	58,789	25,000	75,000	62,500	25,000	11,561	12,938	4,861	56,250	42,188	25,000	3695,166	100,000	984
MAD-0.1-agents173-hours6.json	984	793	191	265	173	173	100,000	54	19	19	referenceSolver	23,726	34,394	12,500	12,500	12,500	12,500	15,178	6,688	2,431	1,563	3,125	3,125	156,977	31,809	313
MAD-0.1-agents173-hours6.json	984	793	191	265	173	173	100,000	54	19	19	randomSolver	53,965	54,929	39,808	75,000	62,500	75,000	22,468	14,997	14,583	53,125	32,813	53,125	1609,289	100,000	984
MAD-0.1-agents261-hours8.json	984	793	191	353	261	261	100,000	54	19	19	referenceSolver	20,892	44,237	12,500	12,500	87,500	87,500	11,551	6,451	1,823	1,563	87,500	87,500	238,739	40,752	401
MAD-0.1-agents261-hours8.json	984	793	191	353	261	247	94,636	54	19	19	randomSolver	41,365	54,876	25,000	75,000	75,000	75,000	15,502	11,024	3,646	56,250	32,813	65,625	3892,321	100,000	984
MAD-0.1-agents482-hours4.json	984	793	191	574	482	482	100,000	54	19	19	referenceSolver	17,639	59,506	12,500	12,500	12,500	12,500	9,331	17,356	3,646	3,125	3,125	3,125	431,247	63,211	622
MAD-0.1-agents482-hours4.json	984	793	191	574	482	399	82,780	54	19	19	randomSolver	27,453	60,183	0,000	87,500	87,500	62,500	12,052	18,601	0,000	67,188	67,188	32,813	4906,011	100,000	984
MAD-0.1-agents76-hours6.json	984	793	191	168	76	76	100,000	54	19	19	referenceSolver	30,134	18,765	12,500	87,500	50,000	12,500	22,528	3,649	2,431	87,500	50,000	3,125	74,157	21,951	216
MAD-0.1-agents76-hours6.json	984	793	191	168	76	76	100,000	54	19	19	randomSolver	68,920	46,942	70,371	62,500	87,500	62,500	35,440	22,369	26,736	42,188	87,500	43,750	832,787	100,000	984
MAD-0.1-agents326-hours6.json	984	793	191	418	326	326	100,000	54	19	19	referenceSolver	19,587	49,771	12,500	50,000	87,500	12,500	10,512	9,678	2,431	50,000	87,500	1,563	288,362	47,358	466
MAD-0.1-agents326-hours6.json	984	793	191	418	326	306	93,865	54	19	19	randomSolver	36,246	57,751	25,000	87,500	87,500	50,000	14,244	13,445	4,861	48,438	76,563	40,625	2840,735	100,000	984
MAD-0.1-agents204-hours4.json	984	793	191	296	204	204	100,000	54	19	19	referenceSolver	22,508	38,274	12,500	87,500	87,500	87,500	14,680	11,163	3,646	87,500	87,500	87,500	192,899	34,959	344
MAD-0.1-agents204-hours4.json	984	793	191	296	204	203	99,510	54	19	19	randomSolver	51,584	58,955	37,500	75,000	87,500	62,500	23,371	20,347	10,938	34,375	48,438	31,250	4426,169	100,000	984
MAD-0.1-agents36-hours4.json	984	793	191	128	36	36	100,000	54	19	19	referenceSolver	35,645	9,863	12,500	12,500	12,500	87,500	29,150	2,877	3,646	3,125	1,563	87,500	36,759	17,886	176
MAD-0.1-agents36-hours4.json	984	793	191	128	36	36	100,000	54	19	19	randomSolver	70,192	40,077	74,608	37,500	62,500	66,667	44,332	28,196	47,396	18,750	42,188	54,688	616,919	65,346	643
MAD-0.1-agents366-hours4.json	984	793	191	458	366	366	100,000	54	19	19	referenceSolver	18,941	52,738	12,500	12,500	12,500	87,500	10,770	15,382	3,646	1,563	1,563	87,500	316,706	51,423	506
MAD-0.1-agents366-hours4.json	984	793	191	458	366	337	92,077	54	19	19	randomSolver	34,076	59,645	37,500	50,000	62,500	66,667	15,104	19,228	10,938	28,125	53,125	35,938	3488,544	100,000	984
MAD-0.1-agents406-hours8.json	984	793	191	498	406	406	100,000	54	19	19	referenceSolver	18,449	55,238	12,500	87,500	12,500	12,500	8,715	8,056	1,823	87,500	1,563	1,563	364,855	55,488	546
MAD-0.1-agents406-hours8.json	984	793	191	498	406	345	84,975	54	19	19	randomSolver	30,416	57,220	37,500	62,500	62,500	62,500	10,988	9,995	5,469	32,813	53,125	31,250	6531,010	100,000	984
MAD-0.1-agents244-hours6.json	984	793	191	336	244	244	100,000	54	19	19	referenceSolver	21,280	42,657	12,500	50,000	12,500	12,500	12,475	8,294	2,431	50,000	1,563	1,563	221,727	39,024	384
MAD-0.1-agents244-hours6.json	984	793	191	336	244	236	96,721	54	19	19	randomSolver	44,580	57,096	32,000	62,500	75,000	62,500	17,720	13,714	9,722	32,813	54,688	32,813	3137,346	100,000	984
MAD-0.1-agents156-hours8.json	984	793	191	248	156	156	100,000	54	19	19	referenceSolver	24,446	32,165	12,500	87,500	87,500	87,500	15,669	4,691	1,823	87,500	87,500	87,500	142,439	30,081	296
MAD-0.1-agents156-hours8.json	984	793	191	248	156	156	100,000	54	19	19	randomSolver	54,452	50,676	41,433	62,500	50,000	75,000	22,065	12,502	9,115	51,563	18,750	37,500	1483,687	100,000	984
MAD-0.1-agents280-hours8.json	984	793	191	372	280	280	100,000	54	19	19	referenceSolver	20,464	45,977	12,500	50,000	12,500	12,500	11,050	6,705	1,823	40,625	1,563	1,563	250,277	42,683	420
MAD-0.1-agents280-hours8.json	984	793	191	372	280	269	96,071	54	19	19	randomSolver	38,978	54,698	23,106	62,500	87,500	62,500	14,710	11,114	5,469	40,625	45,313	53,125	3764,531	100,000	984
MAD-0.1-agents192-hours6.json	984	793	191	284	192	192	100,000	54	19	19	referenceSolver	22,887	36,923	12,500	12,500	12,500	50,000	14,314	7,179	2,431	1,563	1,563	50,000	172,810	33,740	332
MAD-0.1-agents192-hours6.json	984	793	191	284	192	192	100,000	54	19	19	randomSolver	50,865	55,119	37,500	87,500	75,000	50,000	20,965	15,087	7,292	35,938	35,938	40,625	1723,117	100,000	984
MAD-0.1-agents392-hours8.json	984	793	191	484	392	392	100,000	54	19	19	referenceSolver	18,595	54,444	12,500	87,500	12,500	87,500	8,911	7,940	1,823	87,500	3,125	87,500	348,972	54,065	532
MAD-0.1-agents392-hours8.json	984	793	191	484	392	352	89,796	54	19	19	randomSolver	30,885	56,359	0,000	37,500	75,000	75,000	11,306	10,465	0,000	17,188	65,625	45,313	3363,405	100,000	984
MAD-0.1-agents356-hours6.json	984	793	191	448	356	356	100,000	54	19	19	referenceSolver	19,113	51,971	12,500	87,500	12,500	87,500	9,967	10,105	2,431	87,500	1,563	87,500	320,918	50,407	496
MAD-0.1-agents356-hours6.json	984	793	191	448	356	323	90,730	54	19	19	randomSolver	34,272	58,134	25,000	37,500	62,500	87,500	13,290	13,326	4,861	28,125	51,563	78,125	3121,244	100,000	984
MAD-0.1-agents274-hours4.json	984	793	191	366	274	274	100,000	54	19	19	referenceSolver	20,594	45,439	12,500	25,000	87,500	12,500	12,565	13,253	3,646	15,625	87,500	3,125	242,876	42,073	414
MAD-0.1-agents274-hours4.json	984	793	191	366	274	266	97,080	54	19	19	randomSolver	42,516	59,251	50,000	62,500	75,000	37,500	18,901	19,407	14,583	42,188	43,750	17,188	2308,483	100,000	984
MAD-0.1-agents46-hours4.json	984	793	191	138	46	46	100,000	54	19	19	referenceSolver	33,877	12,299	12,500	87,500	12,500	87,500	27,291	3,587	3,646	87,500	3,125	87,500	46,295	18,902	186
MAD-0.1-agents46-hours4.json	984	793	191	138	46	46	100,000	54	19	19	randomSolver	71,123	44,736	78,500	37,500	62,500	87,500	43,788	29,990	43,750	26,563	42,188	67,188	1378,738	75,610	744
MAD-0.1-agents289-hours4.json	984	793	191	381	289	289	100,000	54	19	19	referenceSolver	20,243	46,840	12,500	87,500	12,500	87,500	12,210	13,662	3,646	87,500	1,563	87,500	258,078	43,598	429
MAD-0.1-agents289-hours4.json	984	793	191	381	289	279	96,540	54	19	19	randomSolver	41,283	59,909	37,500	87,500	37,500	87,500	18,157	18,959	10,938	46,875	26,563	54,688	3445,735	100,000	984
MAD-0.1-agents476-hours8.json	984	793	191	568	476	476	100,000	54	19	19	referenceSolver	17,716	59,130	12,500	12,500	87,500	12,500	7,866	8,623	1,823	1,563	87,500	1,563	424,185	62,602	616
MAD-0.1-agents476-hours8.json	984	793	191	568	476	405	85,084	54	19	19	randomSolver	27,012	57,774	25,000	87,500	75,000	87,500	9,634	9,927	3,646	57,813	56,250	65,625	5886,118	100,000	984
MAD-0.1-agents316-hours4.json	984	793	191	408	316	316	100,000	54	19	19	referenceSolver	19,761	48,992	12,500	12,500	12,500	87,500	11,647	14,289	3,646	1,563	1,563	87,500	279,735	46,341	456
MAD-0.1-agents316-hours4.json	984	793	191	408	316	298	94,304	54	19	19	randomSolver	38,031	59,672	12,500	62,500	50,000	62,500	16,955	19,318	3,646	40,625	50,000	29,688	3176,055	100,000	984
MAD-0.1-agents126-hours8.json	984	793	191	218	126	126	100,000	54	19	19	referenceSolver	26,032	27,753	12,500	12,500	37,500	12,500	17,560	4,047	1,823	1,563	37,500	3,125	115,216	27,033	266
MAD-0.1-agents126-hours8.json	984	793	191	218	126	126	100,000	54	19	19	randomSolver	59,148	48,694	75,000	62,500	87,500	37,500	25,102	13,822	10,938	51,563	46,875	17,188	1743,237	100,000	984
MAD-0.1-agents234-hours6.json	984	793	191	326	234	234	100,000	54	19	19	referenceSolver	21,549	41,637	12,500	12,500	87,500	12,500	12,783	8,096	2,431	1,563	87,500	1,563	208,904	38,008	374
MAD-0.1-agents234-hours6.json	984	793	191	326	234	228	97,436	54	19	19	randomSolver	45,038	56,300	50,000	50,000	62,500	87,500	18,264	14,281	9,722	29,688	42,188	68,750	2073,460	100,000	984
MAD-0.1-agents61-hours8.json	984	793	191	153	61	61	100,000	54	19	19	referenceSolver	31,944	15,601	12,500	12,500	12,500	87,500	24,277	2,275	1,823	1,563	1,563	87,500	59,950	20,427	201
MAD-0.1-agents61-hours8.json	984	793	191	153	61	61	100,000	54	19	19	randomSolver	65,795	39,394	64,617	50,000	62,500	50,000	35,766	21,075	23,698	28,125	29,688	20,313	1077,737	100,000	984
MAD-0.1-agents5-hours6.json	984	793	191	97	5	5	100,000	54	19	19	referenceSolver	42,912	1,502	12,500	12,500	12,500	87,500	37,223	0,292	2,431	3,125	1,563	87,500	9,304	14,736	145
MAD-0.1-agents5-hours6.json	984	793	191	97	5	5	100,000	54	19	19	randomSolver	67,066	12,770	62,999	75,000	75,000	62,500	44,117	10,831	48,611	32,813	53,125	53,125	144,919	29,980	295
MAD-0.1-agents101-hours4.json	984	793	191	193	101	101	100,000	54	19	19	referenceSolver	27,785	23,543	12,500	87,500	87,500	25,000	20,553	6,867	3,646	87,500	87,500	25,000	93,310	24,492	241
MAD-0.1-agents101-hours4.json	984	793	191	193	101	101	100,000	54	19	19	randomSolver	72,270	56,058	70,016	75,000	87,500	75,000	35,843	24,511	29,167	64,063	67,188	42,188	969,950	100,000	984
MAD-0.1-agents331-hours8.json	984	793	191	423	331	331	100,000	54	19	19	referenceSolver	19,504	50,152	12,500	37,500	87,500	25,000	9,941	7,314	1,823	37,500	87,500	25,000	297,830	47,866	471
MAD-0.1-agents331-hours8.json	984	793	191	423	331	308	93,051	54	19	19	randomSolver	34,697	55,231	50,000	79,167	75,000	41,667	12,936	10,935	7,292	68,750	45,313	29,688	2827,901	100,000	984
MAD-0.1-agents451-hours4.json	984	793	191	543	451	451	100,000	54	19	19	referenceSolver	17,933	57,895	12,500	12,500	87,500	12,500	9,655	16,886	3,646	1,563	87,500	3,125	391,363	60,061	591
MAD-0.1-agents451-hours4.json	984	793	191	543	451	397	88,027	54	19	19	randomSolver	29,096	59,977	37,500	75,000	50,000	87,500	12,740	18,691	10,938	43,750	40,625	78,125	4049,712	100,000	984
MAD-0.1-agents18-hours4.json	984	793	191	110	18	18	100,000	54	19	19	referenceSolver	39,545	5,172	12,500	37,500	87,500	12,500	33,352	1,509	3,646	37,500	87,500	1,563	21,544	16,057	158
MAD-0.1-agents18-hours4.json	984	793	191	110	18	18	100,000	54	19	19	randomSolver	69,667	29,342	75,715	50,000	75,000	75,000	45,156	22,559	65,625	29,688	56,250	25,000	210,567	45,630	449
MAD-0.1-agents178-hours8.json	984	793	191	270	178	178	100,000	54	19	19	referenceSolver	23,472	35,108	12,500	12,500	12,500	50,000	14,541	5,120	1,823	1,563	1,563	50,000	161,173	32,317	318
MAD-0.1-agents178-hours8.json	984	793	191	270	178	177	99,438	54	19	19	randomSolver	50,954	52,268	25,000	75,000	62,500	75,000	20,267	12,143	3,646	45,313	51,563	56,250	1647,202	100,000	984
MAD-0.1-agents348-hours4.json	984	793	191	440	348	348	100,000	54	19	19	referenceSolver	19,233	51,403	12,500	12,500	87,500	12,500	11,069	14,993	3,646	3,125	87,500	1,563	309,276	49,593	488
MAD-0.1-agents348-hours4.json	984	793	191	440	348	326	93,678	54	19	19	randomSolver	35,567	59,497	50,000	62,500	75,000	75,000	15,722	19,273	14,583	23,438	26,563	23,438	5287,170	100,000	984
MAD-0.1-agents428-hours8.json	984	793	191	520	428	428	100,000	54	19	19	referenceSolver	18,173	56,614	12,500	87,500	87,500	87,500	8,420	8,256	1,823	87,500	87,500	87,500	387,193	57,724	568
MAD-0.1-agents428-hours8.json	984	793	191	520	428	376	87,850	54	19	19	randomSolver	29,188	57,098	12,500	79,167	75,000	62,500	10,523	10,286	1,823	37,500	43,750	51,563	3540,502	100,000	984
MAD-0.1-agents297-hours6.json	984	793	191	389	297	297	100,000	54	19	19	referenceSolver	20,148	47,368	12,500	12,500	12,500	12,500	11,118	9,211	2,431	1,563	1,563	1,563	265,040	44,411	437
MAD-0.1-agents297-hours6.json	984	793	191	389	297	283	95,286	54	19	19	randomSolver	39,009	57,733	25,000	87,500	62,500	87,500	15,306	13,445	4,861	45,313	31,250	57,813	2577,212	100,000	984
MAD-0.1-agents58-hours6.json	984	793	191	150	58	58	100,000	54	19	19	referenceSolver	32,417	14,910	12,500	87,500	87,500	12,500	24,971	2,899	2,431	87,500	87,500	1,563	59,002	20,122	198
MAD-0.1-agents58-hours6.json	984	793	191	150	58	58	100,000	54	19	19	randomSolver	68,002	44,996	66,905	75,000	75,000	75,000	39,547	27,619	41,319	54,688	64,063	54,688	1053,551	99,085	975
MAD-0.1-agents185-hours8.json	984	793	191	277	185	185	100,000	54	19	19	referenceSolver	23,150	36,062	12,500	12,500	87,500	62,500	14,208	5,259	1,823	1,563	87,500	62,500	173,912	33,028	325
MAD-0.1-agents185-hours8.json	984	793	191	277	185	185	100,000	54	19	19	randomSolver	50,170	52,385	12,500	50,000	87,500	75,000	19,755	12,032	1,823	50,000	59,375	56,250	1673,469	100,000	984
MAD-0.1-agents308-hours6.json	984	793	191	400	308	308	100,000	54	19	19	referenceSolver	19,875	48,428	12,500	12,500	12,500	62,500	10,868	9,416	2,431	1,563	1,563	62,500	278,938	45,528	448
MAD-0.1-agents308-hours6.json	984	793	191	400	308	290	94,156	54	19	19	randomSolver	37,791	57,276	37,500	50,000	87,500	62,500	14,885	13,654	7,292	31,250	37,500	42,188	3572,199	100,000	984
MAD-0.1-agents253-hours8.json	984	793	191	345	253	253	100,000	54	19	19	referenceSolver	21,123	43,396	12,500	12,500	87,500	12,500	11,781	6,329	1,823	3,125	87,500	1,563	230,477	39,939	393
MAD-0.1-agents253-hours8.json	984	793	191	345	253	245	96,838	54	19	19	randomSolver	41,157	53,399	12,500	87,500	62,500	62,500	15,861	11,584	1,823	59,375	42,188	43,750	3296,713	100,000	984
MAD-0.1-agents141-hours6.json	984	793	191	233	141	141	100,000	54	19	19	referenceSolver	25,215	30,000	12,500	12,500	12,500	12,500	16,921	5,833	2,431	1,563	3,125	1,563	129,153	28,557	281
MAD-0.1-agents141-hours6.json	984	793	191	233	141	141	100,000	54	19	19	randomSolver	59,477	53,590	62,500	62,500	87,500	50,000	25,554	16,400	12,153	53,125	67,188	40,625	1783,702	100,000	984
MAD-0.1-agents411-hours6.json	984	793	191	503	411	411	100,000	54	19	19	referenceSolver	18,390	55,541	12,500	87,500	37,500	12,500	9,143	10,800	2,431	87,500	37,500	1,563	367,541	55,996	551
MAD-0.1-agents411-hours6.json	984	793	191	503	411	360	87,591	54	19	19	randomSolver	30,858	58,761	25,000	37,500	75,000	62,500	11,837	12,968	4,861	17,188	56,250	42,188	3561,102	100,000	984
MAD-0.1-agents11-hours8.json	984	793	191	103	11	11	100,000	54	19	19	referenceSolver	41,383	3,226	12,500	87,500	87,500	62,500	35,176	0,470	1,823	87,500	87,500	62,500	15,234	15,346	151
MAD-0.1-agents11-hours8.json	984	793	191	103	11	11	100,000	54	19	19	randomSolver	66,855	27,710	62,963	62,500	75,000	54,167	44,774	25,534	58,333	40,625	35,938	32,813	418,624	52,033	512
MAD-0.1-agents171-hours4.json	984	793	191	263	171	171	100,000	54	19	19	referenceSolver	23,764	34,200	12,500	50,000	87,500	12,500	16,059	9,975	3,646	50,000	87,500	1,563	152,187	31,606	311
MAD-0.1-agents171-hours4.json	984	793	191	263	171	171	100,000	54	19	19	randomSolver	57,580	58,441	62,500	75,000	75,000	79,167	26,303	20,884	18,229	43,750	56,250	48,438	1461,411	100,000	984
MAD-0.1-agents421-hours4.json	984	793	191	513	421	421	100,000	54	19	19	referenceSolver	18,250	56,208	12,500	12,500	12,500	87,500	10,006	16,394	3,646	3,125	3,125	87,500	364,648	57,012	561
MAD-0.1-agents421-hours4.json	984	793	191	513	421	372	88,361	54	19	19	randomSolver	30,399	59,837	25,000	50,000	75,000	75,000	13,485	19,273	7,292	28,125	34,375	34,375	4279,330	100,000	984
MAD-0.1-agents341-hours8.json	984	793	191	433	341	341	100,000	54	19	19	referenceSolver	19,342	50,896	12,500	87,500	87,500	87,500	9,750	7,422	1,823	87,500	87,500	87,500	306,974	48,882	481
MAD-0.1-agents341-hours8.json	984	793	191	433	341	314	92,082	54	19	19	randomSolver	34,623	56,745	37,500	62,500	62,500	87,500	12,638	10,420	5,469	42,188	40,625	67,188	2914,270	100,000	984
MAD-0.1-agents385-hours6.json	984	793	191	477	385	385	100,000	54	19	19	referenceSolver	18,711	53,922	12,500	25,000	87,500	87,500	9,512	10,485	2,431	15,625	87,500	87,500	342,088	53,354	525
MAD-0.1-agents385-hours6.json	984	793	191	477	385	345	89,610	54	19	19	randomSolver	32,360	58,579	12,500	50,000	75,000	75,000	12,482	13,028	2,431	40,625	56,250	45,313	3220,206	100,000	984
MAD-0.1-agents68-hours4.json	984	793	191	160	68	68	100,000	54	19	19	referenceSolver	31,016	17,128	12,500	12,500	12,500	87,500	24,059	4,996	3,646	1,563	1,563	87,500	64,039	21,138	208
MAD-0.1-agents68-hours4.json	984	793	191	160	68	68	100,000	54	19	19	randomSolver	71,885	50,962	77,223	62,500	87,500	87,500	41,982	30,943	36,458	40,625	56,250	59,375	739,729	94,411	929
MAD-0.1-agents108-hours8.json	984	793	191	200	108	108	100,000	54	19	19	referenceSolver	27,250	24,771	12,500	87,500	37,500	12,500	18,977	3,612	1,823	87,500	37,500	1,563	99,484	25,203	248
MAD-0.1-agents108-hours8.json	984	793	191	200	108	108	100,000	54	19	19	randomSolver	62,140	47,500	60,969	50,000	62,500	79,167	27,361	14,718	16,406	31,250	53,125	57,813	2004,572	100,000	984
MAD-0.1-agents458-hours8.json	984	793	191	550	458	458	100,000	54	19	19	referenceSolver	17,864	58,270	12,500	25,000	87,500	87,500	8,061	8,498	1,823	25,000	87,500	87,500	409,972	60,772	598
MAD-0.1-agents458-hours8.json	984	793	191	550	458	393	85,808	54	19	19	randomSolver	27,647	57,003	37,500	87,500	87,500	87,500	9,949	10,129	5,469	37,500	59,375	48,438	5622,032	100,000	984
MAD-0.1-agents338-hours4.json	984	793	191	430	338	338	100,000	54	19	19	referenceSolver	19,390	50,675	12,500	12,500	12,500	12,500	11,242	14,780	3,646	1,563	1,563	1,563	292,049	48,577	478
MAD-0.1-agents338-hours4.json	984	793	191	430	338	312	92,308	54	19	19	randomSolver	36,414	59,629	37,500	75,000	62,500	75,000	16,088	19,094	10,938	35,938	42,188	34,375	3462,779	100,000	984
MAD-0.1-agents28-hours6.json	984	793	191	120	28	28	100,000	54	19	19	referenceSolver	37,083	7,865	12,500	87,500	25,000	87,500	30,554	1,529	2,431	87,500	25,000	87,500	32,127	17,073	168
MAD-0.1-agents28-hours6.json	984	793	191	120	28	28	100,000	54	19	19	randomSolver	67,069	35,526	60,277	87,500	87,500	75,000	43,581	27,996	41,319	57,813	39,063	53,125	337,367	69,715	686
MAD-0.1-agents95-hours4.json	984	793	191	187	95	95	100,000	54	19	19	referenceSolver	28,275	22,459	12,500	12,500	37,500	12,500	21,095	6,550	3,646	1,563	37,500	1,563	87,817	23,882	235
MAD-0.1-agents95-hours4.json	984	793	191	187	95	95	100,000	54	19	19	randomSolver	72,676	55,192	80,685	75,000	45,833	62,500	36,993	25,138	32,813	64,063	43,750	34,375	1569,492	100,000	984
MAD-0.1-agents378-hours6.json	984	793	191	470	378	378	100,000	54	19	19	referenceSolver	18,830	53,390	12,500	87,500	87,500	12,500	9,618	10,381	2,431	87,500	87,500	3,125	336,148	52,642	518
MAD-0.1-agents378-hours6.json	984	793	191	470	378	339	89,683	54	19	19	randomSolver	33,092	58,747	0,000	37,500	62,500	50,000	12,668	13,028	0,000	15,625	21,875	31,250	4472,935	100,000	984
MAD-0.1-agents131-hours6.json	984	793	191	223	131	131	100,000	54	19	19	referenceSolver	25,729	28,540	12,500	87,500	87,500	87,500	17,564	5,550	2,431	87,500	87,500	87,500	118,764	27,541	271
MAD-0.1-agents131-hours6.json	984	793	191	223	131	131	100,000	54	19	19	randomSolver	61,326	52,503	50,000	75,000	62,500	50,000	26,700	16,878	12,153	35,938	43,750	39,063	1196,548	100,000	984
MAD-0.1-agents223-hours8.json	984	793	191	315	223	223	100,000	54	19	19	referenceSolver	21,905	40,399	12,500	12,500	87,500	87,500	12,719	5,891	1,823	1,563	87,500	87,500	203,172	36,890	363
MAD-0.1-agents223-hours8.json	984	793	191	315	223	221	99,103	54	19	19	randomSolver	44,960	52,461	46,474	37,500	87,500	62,500	17,372	11,360	9,115	18,750	76,563	40,625	2068,275	100,000	984
MAD-0.1-agents461-hours6.json	984	793	191	553	461	461	100,000	54	19	19	referenceSolver	17,835	58,428	12,500	87,500	12,500	87,500	8,533	11,361	2,431	87,500	1,563	87,500	410,937	61,077	601
MAD-0.1-agents461-hours6.json	984	793	191	553	461	395	85,683	54	19	19	randomSolver	27,984	58,781	50,000	62,500	62,500	75,000	10,767	12,878	9,722	51,563	32,813	65,625	3918,548	100,000	984
MAD-0.1-agents444-hours4.json	984	793	191	536	444	444	100,000	54	19	19	referenceSolver	18,050	57,364	12,500	87,500	87,500	87,500	9,742	16,731	3,646	87,500	87,500	87,500	393,767	59,350	584
MAD-0.1-agents444-hours4.json	984	793	191	536	444	387	87,162	54	19	19	randomSolver	29,097	59,726	12,500	62,500	75,000	50,000	12,906	19,004	3,646	32,813	21,875	29,688	4910,166	100,000	984
MAD-0.1-agents324-hours8.json	984	793	191	416	324	324	100,000	54	19	19	referenceSolver	19,591	49,693	12,500	37,500	37,500	12,500	10,070	7,247	1,823	37,500	37,500	1,563	294,475	47,154	464
MAD-0.1-agents324-hours8.json	984	793	191	416	324	304	93,827	54	19	19	randomSolver	35,893	56,486	12,500	87,500	62,500	50,000	13,154	10,554	1,823	67,188	42,188	39,063	3638,618	100,000	984
MAD-0.1-agents114-hours4.json	984	793	191	206	114	114	100,000	54	19	19	referenceSolver	26,881	25,734	12,500	87,500	12,500	87,500	19,501	7,506	3,646	87,500	3,125	87,500	106,912	25,813	254
MAD-0.1-agents114-hours4.json	984	793	191	206	114	114	100,000	54	19	19	randomSolver	68,245	56,428	75,000	75,000	62,500	62,500	33,581	23,884	21,875	56,250	29,688	29,688	1458,459	100,000	984
MAD-0.1-agents74-hours8.json	984	793	191	166	74	74	100,000	54	19	19	referenceSolver	30,271	18,408	12,500	87,500	12,500	12,500	22,490	2,684	1,823	87,500	1,563	1,563	70,874	21,748	214
MAD-0.1-agents74-hours8.json	984	793	191	166	74	74	100,000	54	19	19	randomSolver	66,349	42,201	96,250	87,500	62,500	37,500	32,965	18,433	16,406	35,938	40,625	28,125	763,015	100,000	984
MAD-0.1-agents190-hours8.json	984	793	191	282	190	190	100,000	54	19	19	referenceSolver	23,050	36,538	12,500	25,000	12,500	12,500	14,005	5,329	1,823	15,625	1,563	1,563	174,207	33,537	330
MAD-0.1-agents190-hours8.json	984	793	191	282	190	190	100,000	54	19	19	randomSolver	48,798	51,707	50,000	50,000	75,000	75,000	19,405	12,211	7,292	39,063	65,625	32,813	1733,578	100,000	984
MAD-0.1-agents282-hours6.json	984	793	191	374	282	282	100,000	54	19	19	referenceSolver	20,388	46,230	12,500	87,500	25,000	87,500	11,454	8,989	2,431	87,500	25,000	87,500	255,609	42,886	422
MAD-0.1-agents282-hours6.json	984	793	191	374	282	276	97,872	54	19	19	randomSolver	40,294	57,323	37,500	62,500	79,167	75,000	15,920	13,654	7,292	51,563	35,938	35,938	5529,544	100,000	984
MAD-0.1-agents404-hours6.json	984	793	191	496	404	404	100,000	54	19	19	referenceSolver	18,498	55,041	12,500	87,500	87,500	87,500	9,244	10,702	2,431	87,500	87,500	87,500	364,391	55,285	544
MAD-0.1-agents404-hours6.json	984	793	191	496	404	359	88,861	54	19	19	randomSolver	30,927	58,384	37,500	62,500	75,000	75,000	12,004	13,237	7,292	29,688	53,125	54,688	3819,493	100,000	984
MAD-0.1-agents89-hours8.json	984	793	191	181	89	89	100,000	54	19	19	referenceSolver	28,798	21,343	12,500	12,500	62,500	87,500	20,777	3,113	1,823	1,563	62,500	87,500	81,757	23,272	229
MAD-0.1-agents89-hours8.json	984	793	191	181	89	89	100,000	54	19	19	randomSolver	63,698	43,939	43,466	75,000	75,000	62,500	30,233	16,710	10,938	32,813	54,688	42,188	1179,578	100,000	984
MAD-0.1-agents154-hours6.json	984	793	191	246	154	154	100,000	54	19	19	referenceSolver	24,593	31,818	12,500	12,500	12,500	12,500	16,162	6,187	2,431	1,563	1,563	3,125	141,903	29,878	294
MAD-0.1-agents154-hours6.json	984	793	191	246	154	154	100,000	54	19	19	randomSolver	57,382	54,724	35,606	50,000	79,167	75,000	24,203	15,326	9,722	40,625	78,125	21,875	2539,986	100,000	984
MAD-0.1-agents246-hours8.json	984	793	191	338	246	246	100,000	54	19	19	referenceSolver	21,265	42,783	12,500	87,500	87,500	87,500	11,982	6,239	1,823	87,500	87,500	87,500	221,693	39,228	386
MAD-0.1-agents246-hours8.json	984	793	191	338	246	238	96,748	54	19	19	randomSolver	42,651	54,262	0,000	62,500	75,000	50,000	16,190	11,315	0,000	51,563	37,500	50,000	2456,528	100,000	984
MAD-0.1-agents354-hours8.json	984	793	191	446	354	354	100,000	54	19	19	referenceSolver	19,142	51,830	12,500	12,500	12,500	87,500	9,522	7,559	1,823	1,563	3,125	87,500	321,009	50,203	494
MAD-0.1-agents354-hours8.json	984	793	191	446	354	332	93,785	54	19	19	randomSolver	33,379	55,873	37,500	50,000	62,500	79,167	12,269	10,621	5,469	29,688	40,625	46,875	3117,596	100,000	984
MAD-0.1-agents434-hours4.json	984	793	191	526	434	434	100,000	54	19	19	referenceSolver	18,132	56,881	12,500	87,500	12,500	87,500	9,852	16,590	3,646	87,500	1,563	87,500	382,048	58,333	574
MAD-0.1-agents434-hours4.json	984	793	191	526	434	380	87,558	54	19	19	randomSolver	30,122	60,201	0,000	75,000	62,500	50,000	13,152	18,512	0,000	45,313	51,563	31,250	4421,979	100,000	984
MAD-0.1-agents164-hours4.json	984	793	191	256	164	164	100,000	54	19	19	referenceSolver	24,023	33,333	12,500	87,500	12,500	12,500	16,392	9,722	3,646	87,500	3,125	1,563	146,636	30,894	304
MAD-0.1-agents164-hours4.json	984	793	191	256	164	164	100,000	54	19	19	randomSolver	58,854	58,369	25,000	62,500	87,500	50,000	27,022	21,019	7,292	42,188	56,250	31,250	1703,340	100,000	984
MAD-0.1-agents489-hours6.json	984	793	191	581	489	489	100,000	54	19	19	referenceSolver	17,599	59,780	12,500	87,500	87,500	87,500	8,242	11,624	2,431	87,500	87,500	87,500	428,657	63,923	629
MAD-0.1-agents489-hours6.json	984	793	191	581	489	413	84,458	54	19	19	randomSolver	26,367	58,527	0,000	37,500	75,000	66,667	10,248	13,057	0,000	37,500	43,750	54,688	4044,393	100,000	984
MAD-0.1-agents390-hours6.json	984	793	191	482	390	390	100,000	54	19	19	referenceSolver	18,646	54,242	12,500	87,500	12,500	50,000	9,436	10,547	2,431	87,500	3,125	50,000	349,551	53,862	530
MAD-0.1-agents390-hours6.json	984	793	191	482	390	353	90,513	54	19	19	randomSolver	31,810	58,237	37,500	87,500	75,000	54,167	12,353	13,087	7,292	45,313	75,000	31,250	6033,956	100,000	984
MAD-0.1-agents80-hours4.json	984	793	191	172	80	80	100,000	54	19	19	referenceSolver	29,797	19,512	12,500	12,500	87,500	12,500	22,644	5,691	3,646	3,125	87,500	1,563	74,258	22,358	220
MAD-0.1-agents80-hours4.json	984	793	191	172	80	80	100,000	54	19	19	randomSolver	72,513	53,296	82,292	62,500	87,500	75,000	40,198	29,122	29,167	32,813	48,438	53,125	928,233	99,898	983
MAD-0.1-agents474-hours6.json	984	793	191	566	474	474	100,000	54	19	19	referenceSolver	17,734	59,029	12,500	87,500	12,500	87,500	8,396	11,478	2,431	87,500	1,563	87,500	421,245	62,398	614
MAD-0.1-agents474-hours6.json	984	793	191	566	474	393	82,911	54	19	19	randomSolver	27,527	59,077	25,000	62,500	75,000	75,000	10,519	12,699	4,861	42,188	46,875	54,688	4358,697	100,000	984
MAD-0.1-agents236-hours8.json	984	793	191	328	236	236	100,000	54	19	19	referenceSolver	21,532	41,770	12,500	12,500	12,500	87,500	12,287	6,091	1,823	1,563	1,563	87,500	220,448	38,211	376
MAD-0.1-agents236-hours8.json	984	793	191	328	236	230	97,458	54	19	19	randomSolver	43,118	52,972	50,000	25,000	75,000	62,500	16,683	11,472	7,292	15,625	56,250	40,625	2190,746	100,000	984
MAD-0.1-agents124-hours6.json	984	793	191	216	124	124	100,000	54	19	19	referenceSolver	26,215	27,373	12,500	87,500	87,500	87,500	18,062	5,323	2,431	87,500	87,500	87,500	112,537	26,829	264
MAD-0.1-agents124-hours6.json	984	793	191	216	124	124	100,000	54	19	19	randomSolver	62,745	52,333	57,955	87,500	62,500	75,000	27,565	17,236	17,014	67,188	34,375	54,688	1296,691	100,000	984
MAD-0.1-agents199-hours4.json	984	793	191	291	199	199	100,000	54	19	19	referenceSolver	22,680	37,689	12,500	12,500	12,500	87,500	14,864	10,993	3,646	1,563	1,563	87,500	177,491	34,451	339
MAD-0.1-agents199-hours4.json	984	793	191	291	199	199	100,000	54	19	19	randomSolver	51,901	58,499	37,500	75,000	87,500	87,500	23,772	20,705	10,938	43,750	56,250	45,313	1964,287	100,000	984
MAD-0.1-agents268-hours8.json	984	793	191	360	268	268	100,000	54	19	19	referenceSolver	20,694	44,966	12,500	25,000	12,500	12,500	11,353	6,558	1,823	25,000	3,125	1,563	249,458	41,463	408
MAD-0.1-agents268-hours8.json	984	793	191	360	268	258	96,269	54	19	19	randomSolver	40,774	54,984	25,000	62,500	50,000	62,500	15,200	10,979	3,646	42,188	29,688	21,875	3061,336	100,000	984
MAD-0.1-agents497-hours4.json	984	793	191	589	497	497	100,000	54	19	19	referenceSolver	17,530	60,169	12,500	12,500	87,500	37,500	9,188	17,549	3,646	3,125	87,500	37,500	442,219	64,736	637
MAD-0.1-agents497-hours4.json	984	793	191	589	497	408	82,093	54	19	19	randomSolver	26,768	59,891	25,000	75,000	75,000	62,500	11,745	18,825	7,292	45,313	54,688	51,563	4611,646	100,000	984
MAD-0.1-agents211-hours4.json	984	793	191	303	211	211	100,000	54	19	19	referenceSolver	22,277	39,074	12,500	87,500	87,500	87,500	14,420	11,397	3,646	87,500	87,500	87,500	190,431	35,671	351
MAD-0.1-agents211-hours4.json	984	793	191	303	211	209	99,052	54	19	19	randomSolver	50,748	59,070	37,500	37,500	75,000	75,000	22,831	19,989	10,938	17,188	64,063	75,000	2221,673	100,000	984
MAD-0.1-agents333-hours6.json	984	793	191	425	333	333	100,000	54	19	19	referenceSolver	19,471	50,302	12,500	87,500	87,500	87,500	10,379	9,781	2,431	87,500	87,500	87,500	296,892	48,069	473
MAD-0.1-agents333-hours6.json	984	793	191	425	333	304	91,291	54	19	19	randomSolver	35,702	58,051	25,000	50,000	66,667	62,500	14,009	13,505	4,861	39,063	56,250	34,375	3651,896	100,000	984
MAD-0.1-agents7-hours8.json	984	793	191	99	7	7	100,000	54	19	19	referenceSolver	42,551	2,077	12,500	12,500	87,500	87,500	36,508	0,303	1,823	1,563	87,500	87,500	11,674	14,939	147
MAD-0.1-agents7-hours8.json	984	793	191	99	7	7	100,000	54	19	19	randomSolver	67,329	20,550	75,151	75,000	75,000	62,500	44,465	18,861	61,979	34,375	54,688	32,813	252,493	40,346	397
MAD-0.1-agents63-hours6.json	984	793	191	155	63	63	100,000	54	19	19	referenceSolver	31,613	16,071	12,500	87,500	12,500	12,500	24,214	3,125	2,431	87,500	1,563	1,563	60,206	20,630	203
MAD-0.1-agents63-hours6.json	984	793	191	155	63	63	100,000	54	19	19	randomSolver	67,351	43,813	76,085	75,000	75,000	75,000	38,381	25,722	24,306	32,813	43,750	65,625	1349,315	99,797	982
MAD-0.1-agents143-hours8.json	984	793	191	235	143	143	100,000	54	19	19	referenceSolver	25,053	30,361	12,500	87,500	12,500	12,500	16,422	4,428	1,823	87,500	3,125	1,563	129,770	28,760	283
MAD-0.1-agents143-hours8.json	984	793	191	235	143	141	98,601	54	19	19	randomSolver	55,468	49,697	50,000	75,000	75,000	87,500	23,286	13,554	7,292	32,813	53,125	67,188	1476,720	100,000	984
MAD-0.1-agents251-hours6.json	984	793	191	343	251	251	100,000	54	19	19	referenceSolver	21,210	43,127	12,500	12,500	87,500	12,500	12,288	8,386	2,431	1,563	87,500	3,125	231,982	39,736	391
MAD-0.1-agents251-hours6.json	984	793	191	343	251	242	96,414	54	19	19	randomSolver	43,472	56,846	19,947	75,000	87,500	37,500	17,359	14,102	7,292	54,688	46,875	26,563	3754,498	100,000	984
MAD-0.1-agents413-hours8.json	984	793	191	505	413	413	100,000	54	19	19	referenceSolver	18,342	55,735	12,500	12,500	12,500	87,500	8,616	8,128	1,823	3,125	1,563	87,500	404,140	56,199	553
MAD-0.1-agents413-hours8.json	984	793	191	505	413	366	88,620	54	19	19	randomSolver	29,409	56,074	25,000	37,500	75,000	87,500	10,836	10,465	3,646	28,125	42,188	43,750	3409,425	100,000	984
MAD-0.1-agents373-hours4.json	984	793	191	465	373	373	100,000	54	19	19	referenceSolver	18,844	53,210	12,500	12,500	87,500	50,000	10,663	15,519	3,646	1,563	87,500	50,000	321,049	52,134	513
MAD-0.1-agents373-hours4.json	984	793	191	465	373	341	91,421	54	19	19	randomSolver	33,865	59,922	12,500	62,500	75,000	75,000	14,877	18,870	3,646	53,125	21,875	75,000	7124,146	100,000	984
MAD-0.1-agents23-hours4.json	984	793	191	115	23	23	100,000	54	19	19	referenceSolver	38,370	6,516	12,500	12,500	87,500	12,500	32,061	1,900	3,646	1,563	87,500	3,125	26,302	16,565	163
MAD-0.1-agents23-hours4.json	984	793	191	115	23	23	100,000	54	19	19	randomSolver	69,249	32,772	88,447	75,000	50,000	62,500	45,063	25,076	58,333	43,750	9,375	42,188	331,758	51,626	508
MAD-0.1-agents187-hours6.json	984	793	191	279	187	187	100,000	54	19	19	referenceSolver	23,073	36,311	12,500	87,500	87,500	12,500	14,527	7,060	2,431	87,500	87,500	3,125	167,849	33,232	327
MAD-0.1-agents187-hours6.json	984	793	191	279	187	186	99,465	54	19	19	randomSolver	51,657	55,691	50,000	37,500	75,000	75,000	21,340	15,087	9,722	15,625	43,750	56,250	2985,773	100,000	984
MAD-0.1-agents295-hours8.json	984	793	191	387	295	295	100,000	54	19	19	referenceSolver	20,187	47,200	12,500	12,500	12,500	12,500	10,700	6,883	1,823	12,500	1,563	3,125	268,641	44,207	435
MAD-0.1-agents295-hours8.json	984	793	191	387	295	283	95,932	54	19	19	randomSolver	37,916	55,128	50,000	50,000	79,167	75,000	14,140	10,711	7,292	40,625	56,250	65,625	4920,580	100,000	984
MAD-0.1-agents218-hours8.json	984	793	191	310	218	218	100,000	54	19	19	referenceSolver	22,016	39,927	12,500	87,500	12,500	12,500	12,890	5,823	1,823	87,500	1,563	3,125	196,583	36,382	358
MAD-0.1-agents218-hours8.json	984	793	191	310	218	214	98,165	54	19	19	randomSolver	45,885	53,734	41,263	87,500	87,500	87,500	17,652	11,629	9,115	56,250	78,125	59,375	3048,989	100,000	984
MAD-0.1-agents387-hours8.json	984	793	191	479	387	387	100,000	54	19	19	referenceSolver	18,659	54,126	12,500	87,500	12,500	12,500	8,985	7,893	1,823	87,500	1,563	1,563	351,676	53,557	527
MAD-0.1-agents387-hours8.json	984	793	191	479	387	350	90,439	54	19	19	randomSolver	31,067	56,150	25,000	50,000	75,000	79,167	11,424	10,420	3,646	18,750	65,625	57,813	4233,520	100,000	984
MAD-0.1-agents261-hours4.json	984	793	191	353	261	261	100,000	54	19	19	referenceSolver	20,892	44,237	12,500	87,500	12,500	12,500	12,894	12,903	3,646	87,500	1,563	1,563	234,199	40,752	401
MAD-0.1-agents261-hours4.json	984	793	191	353	261	257	98,467	54	19	19	randomSolver	43,602	59,082	12,500	75,000	50,000	62,500	19,597	19,810	3,646	35,938	50,000	42,188	4698,924	100,000	984
MAD-0.1-agents343-hours6.json	984	793	191	435	343	343	100,000	54	19	19	referenceSolver	19,339	50,966	12,500	12,500	87,500	87,500	10,200	9,910	2,431	1,563	87,500	87,500	303,466	49,085	483
MAD-0.1-agents343-hours6.json	984	793	191	435	343	316	92,128	54	19	19	randomSolver	35,302	58,106	12,500	62,500	75,000	87,500	13,687	13,296	2,431	42,188	65,625	35,938	3350,547	100,000	984
MAD-0.1-agents13-hours6.json	984	793	191	105	13	13	100,000	54	19	19	referenceSolver	40,833	3,790	12,500	12,500	12,500	87,500	34,616	0,737	2,431	3,125	1,563	87,500	17,633	15,549	153
MAD-0.1-agents13-hours6.json	984	793	191	105	13	13	100,000	54	19	19	randomSolver	67,350	26,103	62,019	75,000	62,500	62,500	44,598	22,137	43,750	34,375	40,625	43,750	230,501	46,850	461
MAD-0.1-agents221-hours6.json	984	793	191	313	221	221	100,000	54	19	19	referenceSolver	21,965	40,182	12,500	87,500	12,500	12,500	13,218	7,813	2,431	87,500	1,563	1,563	203,027	36,687	361
MAD-0.1-agents221-hours6.json	984	793	191	313	221	216	97,738	54	19	19	randomSolver	47,198	56,333	25,000	87,500	37,500	50,000	19,022	14,311	4,861	65,625	15,625	20,313	1932,592	100,000	984
MAD-0.1-agents133-hours8.json	984	793	191	225	133	133	100,000	54	19	19	referenceSolver	25,667	28,788	12,500	12,500	12,500	87,500	17,078	4,198	1,823	3,125	1,563	87,500	122,462	27,744	273
MAD-0.1-agents133-hours8.json	984	793	191	225	133	133	100,000	54	19	19	randomSolver	57,684	49,135	45,278	87,500	75,000	75,000	24,321	13,688	12,760	67,188	54,688	43,750	1974,840	100,000	984
MAD-0.1-agents303-hours4.json	984	793	191	395	303	303	100,000	54	19	19	referenceSolver	19,968	48,019	12,500	12,500	87,500	12,500	11,907	14,006	3,646	3,125	87,500	1,563	269,305	45,020	443
MAD-0.1-agents303-hours4.json	984	793	191	395	303	285	94,059	54	19	19	randomSolver	39,645	59,630	37,500	50,000	75,000	62,500	17,513	19,049	10,938	29,688	54,688	51,563	2428,361	100,000	984
MAD-0.1-agents463-hours8.json	984	793	191	555	463	463	100,000	54	19	19	referenceSolver	17,815	58,534	12,500	62,500	12,500	87,500	8,004	8,536	1,823	62,500	1,563	87,500	415,329	61,280	603
MAD-0.1-agents463-hours8.json	984	793	191	555	463	381	82,289	54	19	19	randomSolver	26,954	56,732	28,723	75,000	87,500	62,500	9,860	10,286	7,292	56,250	54,688	51,563	6186,311	100,000	984
MAD-0.1-agents53-hours4.json	984	793	191	145	53	53	100,000	54	19	19	referenceSolver	32,931	13,874	12,500	25,000	62,500	87,500	26,160	4,047	3,646	25,000	62,500	87,500	51,334	19,614	193
MAD-0.1-agents53-hours4.json	984	793	191	145	53	53	100,000	54	19	19	randomSolver	71,523	47,056	70,247	75,000	62,500	87,500	43,208	30,568	47,396	45,313	53,125	46,875	807,056	81,809	805
MAD-0.1-agents156-hours4.json	984	793	191	248	156	156	100,000	54	19	19	referenceSolver	24,546	32,033	12,500	12,500	87,500	87,500	16,828	9,343	3,646	1,563	87,500	87,500	139,697	30,081	296
MAD-0.1-agents156-hours4.json	984	793	191	248	156	156	100,000	54	19	19	randomSolver	60,637	58,244	75,000	87,500	62,500	62,500	27,894	21,198	21,875	68,750	51,563	53,125	1355,582	100,000	984
MAD-0.1-agents406-hours4.json	984	793	191	498	406	406	100,000	54	19	19	referenceSolver	18,449	55,238	12,500	25,000	87,500	12,500	10,204	16,111	3,646	15,625	87,500	3,125	356,588	55,488	546
MAD-0.1-agents406-hours4.json	984	793	191	498	406	360	88,670	54	19	19	randomSolver	31,650	60,180	12,500	75,000	54,167	50,000	13,891	18,736	3,646	46,875	34,375	20,313	4023,856	100,000	984
MAD-0.1-agents366-hours8.json	984	793	191	458	366	366	100,000	54	19	19	referenceSolver	18,941	52,738	12,500	87,500	12,500	12,500	9,314	7,691	1,823	87,500	1,563	1,563	327,036	51,423	506
MAD-0.1-agents366-hours8.json	984	793	191	458	366	330	90,164	54	19	19	randomSolver	32,497	55,890	12,500	75,000	12,500	75,000	11,948	10,487	1,823	64,063	3,125	64,063	3440,814	100,000	984
MAD-0.1-agents36-hours8.json	984	793	191	128	36	36	100,000	54	19	19	referenceSolver	35,547	9,890	12,500	12,500	12,500	87,500	28,625	1,442	1,823	12,500	1,563	87,500	37,626	17,886	176
MAD-0.1-agents36-hours8.json	984	793	191	128	36	36	100,000	54	19	19	randomSolver	64,381	36,934	53,328	62,500	50,000	50,000	41,754	28,634	43,750	23,438	40,625	50,000	983,718	92,886	914
MAD-0.1-agents280-hours4.json	984	793	191	372	280	280	100,000	54	19	19	referenceSolver	20,464	45,977	12,500	12,500	12,500	87,500	12,426	13,410	3,646	3,125	1,563	87,500	248,018	42,683	420
MAD-0.1-agents280-hours4.json	984	793	191	372	280	274	97,857	54	19	19	randomSolver	41,929	59,525	37,500	75,000	75,000	87,500	18,596	19,273	10,938	56,250	43,750	57,813	2361,327	100,000	984
MAD-0.1-agents482-hours8.json	984	793	191	574	482	482	100,000	54	19	19	referenceSolver	17,639	59,506	12,500	87,500	87,500	12,500	7,800	8,678	1,823	87,500	87,500	1,563	429,627	63,211	622
MAD-0.1-agents482-hours8.json	984	793	191	574	482	392	81,328	54	19	19	randomSolver	26,620	57,823	12,500	37,500	75,000	79,167	9,533	9,927	1,823	18,750	45,313	46,875	4313,437	100,000	984
MAD-0.1-agents116-hours6.json	984	793	191	208	116	116	100,000	54	19	19	referenceSolver	26,743	26,067	12,500	12,500	12,500	12,500	18,671	5,069	2,431	1,563	3,125	1,563	105,846	26,016	256
MAD-0.1-agents116-hours6.json	984	793	191	208	116	116	100,000	54	19	19	randomSolver	64,056	52,199	60,606	75,000	87,500	75,000	28,625	17,982	14,583	42,188	78,125	65,625	1118,460	100,000	984
MAD-0.1-agents204-hours8.json	984	793	191	296	204	204	100,000	54	19	19	referenceSolver	22,551	38,202	12,500	12,500	87,500	87,500	13,429	5,571	1,823	1,563	87,500	87,500	189,708	34,959	344
MAD-0.1-agents204-hours8.json	984	793	191	296	204	202	99,020	54	19	19	randomSolver	47,152	52,356	50,000	50,000	62,500	75,000	18,487	11,785	7,292	29,688	51,563	54,688	2227,389	100,000	984
MAD-0.1-agents446-hours6.json	984	793	191	538	446	446	100,000	54	19	19	referenceSolver	18,007	57,548	12,500	12,500	12,500	12,500	8,706	11,190	2,431	1,563	3,125	1,563	393,929	59,553	586
MAD-0.1-agents446-hours6.json	984	793	191	538	446	376	84,305	54	19	19	randomSolver	28,684	58,798	37,500	70,000	54,167	75,000	11,067	12,968	7,292	48,438	32,813	43,750	3611,684	100,000	984
MAD-0.1-agents126-hours4.json	984	793	191	218	126	126	100,000	54	19	19	referenceSolver	26,032	27,753	12,500	12,500	87,500	12,500	18,614	8,095	3,646	3,125	87,500	3,125	115,945	27,033	266
MAD-0.1-agents126-hours4.json	984	793	191	218	126	126	100,000	54	19	19	randomSolver	66,933	57,320	62,500	50,000	87,500	37,500	31,733	22,496	18,229	17,188	57,813	26,563	1770,778	100,000	984
MAD-0.1-agents316-hours8.json	984	793	191	408	316	316	100,000	54	19	19	referenceSolver	19,730	49,068	12,500	12,500	12,500	87,500	10,232	7,156	1,823	1,563	1,563	87,500	282,664	46,341	456
MAD-0.1-agents316-hours8.json	984	793	191	408	316	301	95,253	54	19	19	randomSolver	36,564	55,997	37,500	55,000	50,000	62,500	13,412	10,286	5,469	42,188	29,688	42,188	2922,798	100,000	984
MAD-0.1-agents476-hours4.json	984	793	191	568	476	476	100,000	54	19	19	referenceSolver	17,694	59,204	12,500	12,500	50,000	87,500	9,391	17,268	3,646	3,125	50,000	87,500	417,378	62,602	616
MAD-0.1-agents476-hours4.json	984	793	191	568	476	399	83,824	54	19	19	randomSolver	27,898	60,350	12,500	87,500	66,667	62,500	12,179	18,512	3,646	56,250	34,375	31,250	6185,383	100,000	984
MAD-0.1-agents289-hours8.json	984	793	191	381	289	289	100,000	54	19	19	referenceSolver	20,276	46,764	12,500	12,500	12,500	87,500	10,836	6,820	1,823	3,125	3,125	87,500	260,370	43,598	429
MAD-0.1-agents289-hours8.json	984	793	191	381	289	280	96,886	54	19	19	randomSolver	38,403	55,638	37,500	50,000	75,000	29,167	14,363	10,733	5,469	40,625	34,375	28,125	2815,560	100,000	984
MAD-0.1-agents46-hours8.json	984	793	191	138	46	46	100,000	54	19	19	referenceSolver	34,058	12,234	12,500	12,500	12,500	87,500	26,706	1,784	1,823	1,563	1,563	87,500	46,524	18,902	186
MAD-0.1-agents46-hours8.json	984	793	191	138	46	46	100,000	54	19	19	randomSolver	64,111	37,493	49,155	50,000	66,667	62,500	39,574	25,647	32,813	28,125	23,438	18,750	511,277	99,390	978
MAD-0.1-agents82-hours6.json	984	793	191	174	82	82	100,000	54	19	19	referenceSolver	29,598	19,903	12,500	12,500	87,500	87,500	21,853	3,870	2,431	3,125	87,500	87,500	78,621	22,561	222
MAD-0.1-agents82-hours6.json	984	793	191	174	82	82	100,000	54	19	19	randomSolver	68,339	47,920	68,432	87,500	50,000	87,500	34,218	21,295	17,014	37,500	18,750	45,313	1608,488	100,000	984
MAD-0.1-agents392-hours4.json	984	793	191	484	392	392	100,000	54	19	19	referenceSolver	18,673	54,219	12,500	12,500	12,500	87,500	10,404	15,814	3,646	3,125	1,563	87,500	342,354	54,167	533
MAD-0.1-agents392-hours4.json	984	793	191	484	392	340	86,735	54	19	19	randomSolver	32,319	59,838	12,500	62,500	50,000	62,500	14,293	19,139	3,646	40,625	29,688	23,438	4132,264	100,000	984
MAD-0.1-agents274-hours8.json	984	793	191	366	274	274	100,000	54	19	19	referenceSolver	20,697	45,215	12,500	87,500	12,500	87,500	11,222	6,594	1,823	87,500	1,563	87,500	248,204	42,175	415
MAD-0.1-agents274-hours8.json	984	793	191	366	274	269	98,175	54	19	19	randomSolver	39,234	53,720	16,618	50,000	75,000	87,500	14,951	11,159	5,469	39,063	65,625	56,250	3348,252	100,000	984
MAD-0.1-agents166-hours6.json	984	793	191	258	166	166	100,000	54	19	19	referenceSolver	23,934	33,603	12,500	12,500	12,500	87,500	15,511	6,534	2,431	1,563	1,563	87,500	158,717	31,098	306
MAD-0.1-agents166-hours6.json	984	793	191	258	166	166	100,000	54	19	19	randomSolver	55,570	54,854	71,250	62,500	62,500	54,167	23,077	15,206	17,014	53,125	32,813	23,438	1548,607	100,000	984
MAD-0.1-agents436-hours6.json	984	793	191	528	436	436	100,000	54	19	19	referenceSolver	18,087	57,068	12,500	37,500	12,500	12,500	8,822	11,097	2,431	37,500	3,125	1,563	392,814	58,537	576
MAD-0.1-agents436-hours6.json	984	793	191	528	436	378	86,697	54	19	19	randomSolver	29,456	58,828	25,000	75,000	87,500	75,000	11,277	12,878	4,861	34,375	59,375	46,875	5182,049	100,000	984
MAD-0.1-agents468-hours6.json	984	793	191	560	468	468	100,000	54	19	19	referenceSolver	17,790	58,720	12,500	12,500	12,500	87,500	8,460	11,418	2,431	3,125	1,563	87,500	416,012	61,789	608
MAD-0.1-agents468-hours6.json	984	793	191	560	468	398	85,043	54	19	19	randomSolver	27,817	58,988	12,500	50,000	50,000	62,500	10,632	12,759	2,431	28,125	39,063	43,750	3796,815	100,000	984
MAD-0.1-agents138-hours6.json	984	793	191	230	138	138	100,000	54	19	19	referenceSolver	25,380	29,550	12,500	12,500	12,500	87,500	17,111	5,746	2,431	3,125	3,125	87,500	125,608	28,252	278
MAD-0.1-agents138-hours6.json	984	793	191	230	138	138	100,000	54	19	19	randomSolver	60,444	53,517	75,000	75,000	75,000	62,500	25,887	16,221	14,583	34,375	46,875	40,625	1437,461	100,000	984
MAD-0.1-agents185-hours4.json	984	793	191	277	185	185	100,000	54	19	19	referenceSolver	23,195	35,992	12,500	12,500	12,500	12,500	15,431	10,498	3,646	1,563	1,563	1,563	168,627	33,028	325
MAD-0.1-agents185-hours4.json	984	793	191	277	185	183	98,919	54	19	19	randomSolver	55,501	59,068	37,500	62,500	75,000	62,500	24,974	19,944	10,938	62,500	45,313	40,625	1906,980	100,000	984
MAD-0.1-agents371-hours6.json	984	793	191	463	371	371	100,000	54	19	19	referenceSolver	18,898	53,000	12,500	12,500	12,500	87,500	9,726	10,306	2,431	3,125	3,125	87,500	329,498	51,931	511
MAD-0.1-agents371-hours6.json	984	793	191	463	371	335	90,296	54	19	19	randomSolver	33,238	58,159	12,500	62,500	62,500	62,500	12,860	13,177	2,431	23,438	42,188	32,813	3598,681	100,000	984
MAD-0.1-agents253-hours4.json	984	793	191	345	253	253	100,000	54	19	19	referenceSolver	21,123	43,396	12,500	87,500	12,500	12,500	13,117	12,657	3,646	87,500	3,125	1,563	227,939	39,939	393
MAD-0.1-agents253-hours4.json	984	793	191	345	253	246	97,233	54	19	19	randomSolver	44,761	59,180	62,500	25,000	87,500	87,500	20,051	19,721	18,229	4,688	67,188	78,125	2256,458	100,000	984
MAD-0.1-agents21-hours6.json	984	793	191	113	21	21	100,000	54	19	19	referenceSolver	38,717	6,000	12,500	12,500	12,500	87,500	32,324	1,167	2,431	1,563	3,125	87,500	24,471	16,362	161
MAD-0.1-agents21-hours6.json	984	793	191	113	21	21	100,000	54	19	19	randomSolver	66,757	32,264	70,145	62,500	62,500	75,000	44,173	26,305	36,458	40,625	32,813	34,375	640,820	59,756	588
MAD-0.1-agents451-hours8.json	984	793	191	543	451	451	100,000	54	19	19	referenceSolver	17,933	57,895	12,500	12,500	12,500	87,500	8,141	8,443	1,823	1,563	1,563	87,500	405,029	60,061	591
MAD-0.1-agents451-hours8.json	984	793	191	543	451	382	84,701	54	19	19	randomSolver	27,495	56,540	12,500	87,500	75,000	62,500	10,078	10,487	1,823	68,750	54,688	51,563	3804,933	100,000	984
MAD-0.1-agents331-hours4.json	984	793	191	423	331	331	100,000	54	19	19	referenceSolver	19,504	50,152	12,500	87,500	12,500	87,500	11,364	14,628	3,646	87,500	1,563	87,500	297,106	47,866	471
MAD-0.1-agents331-hours4.json	984	793	191	423	331	313	94,562	54	19	19	randomSolver	36,535	59,342	0,000	75,000	54,167	87,500	16,354	19,407	0,000	65,625	43,750	34,375	3121,937	100,000	984
MAD-0.1-agents101-hours8.json	984	793	191	193	101	101	100,000	54	19	19	referenceSolver	27,785	23,543	12,500	87,500	87,500	12,500	19,599	3,433	1,823	87,500	87,500	3,125	95,852	24,492	241
MAD-0.1-agents101-hours8.json	984	793	191	193	101	101	100,000	54	19	19	randomSolver	62,879	45,508	82,955	62,500	87,500	75,000	28,353	15,344	16,406	23,438	46,875	31,250	1224,054	100,000	984
MAD-0.1-agents213-hours6.json	984	793	191	305	213	213	100,000	54	19	19	referenceSolver	22,172	39,372	12,500	12,500	87,500	87,500	13,496	7,656	2,431	3,125	87,500	87,500	194,055	35,874	353
MAD-0.1-agents213-hours6.json	984	793	191	305	213	212	99,531	54	19	19	randomSolver	47,831	56,041	25,000	50,000	75,000	75,000	19,521	14,609	4,861	39,063	46,875	25,000	2074,587	100,000	984
MAD-0.1-agents61-hours4.json	984	793	191	153	61	61	100,000	54	19	19	referenceSolver	31,863	15,641	12,500	87,500	87,500	12,500	24,993	4,562	3,646	87,500	87,500	1,563	61,529	20,427	201
MAD-0.1-agents61-hours4.json	984	793	191	153	61	61	100,000	54	19	19	randomSolver	71,667	49,857	86,667	50,000	62,500	87,500	42,593	31,318	29,167	31,250	42,188	76,563	780,627	88,821	874
MAD-0.1-agents428-hours4.json	984	793	191	520	428	428	100,000	54	19	19	referenceSolver	18,173	56,614	12,500	87,500	12,500	87,500	9,921	16,512	3,646	87,500	3,125	87,500	378,222	57,724	568
MAD-0.1-agents428-hours4.json	984	793	191	520	428	373	87,150	54	19	19	randomSolver	30,007	60,078	12,500	62,500	62,500	66,667	13,303	18,870	3,646	42,188	32,813	34,375	3561,425	100,000	984
MAD-0.1-agents348-hours8.json	984	793	191	440	348	348	100,000	54	19	19	referenceSolver	19,205	51,479	12,500	12,500	12,500	12,500	9,620	7,507	1,823	1,563	1,563	1,563	316,697	49,593	488
MAD-0.1-agents348-hours8.json	984	793	191	440	348	318	91,379	54	19	19	randomSolver	33,726	55,856	50,000	75,000	87,500	62,500	12,437	10,442	7,292	43,750	67,188	42,188	3179,049	100,000	984
MAD-0.1-agents178-hours4.json	984	793	191	270	178	178	100,000	54	19	19	referenceSolver	23,472	35,108	12,500	87,500	87,500	87,500	15,743	10,240	3,646	87,500	87,500	87,500	162,061	32,317	318
MAD-0.1-agents178-hours4.json	984	793	191	270	178	178	100,000	54	19	19	randomSolver	56,229	58,824	62,500	37,500	50,000	50,000	25,621	20,437	18,229	37,500	28,125	40,625	1886,369	100,000	984
MAD-0.1-agents18-hours8.json	984	793	191	110	18	18	100,000	54	19	19	referenceSolver	39,318	5,202	12,500	12,500	12,500	12,500	33,011	0,759	1,823	3,125	12,500	1,563	23,112	16,057	158
MAD-0.1-agents18-hours8.json	984	793	191	110	18	18	100,000	54	19	19	randomSolver	66,952	33,663	65,511	62,500	62,500	87,500	44,444	29,241	47,396	34,375	21,875	67,188	282,773	67,480	664
MAD-0.1-agents495-hours6.json	984	793	191	587	495	495	100,000	54	19	19	referenceSolver	17,568	60,000	12,500	87,500	87,500	12,500	8,188	11,667	2,431	87,500	87,500	1,563	443,493	64,533	635
MAD-0.1-agents495-hours6.json	984	793	191	587	495	408	82,424	54	19	19	randomSolver	26,422	58,749	37,500	87,500	62,500	62,500	10,143	12,938	7,292	68,750	43,750	53,125	4958,708	100,000	984
MAD-0.1-agents418-hours6.json	984	793	191	510	418	418	100,000	54	19	19	referenceSolver	18,309	55,957	12,500	12,500	12,500	87,500	9,054	10,881	2,431	1,563	1,563	87,500	408,525	56,707	558
MAD-0.1-agents418-hours6.json	984	793	191	510	418	360	86,124	54	19	19	randomSolver	30,056	58,061	25,000	75,000	62,500	87,500	11,674	13,266	4,861	25,000	62,500	76,563	3468,168	100,000	984
MAD-0.1-agents95-hours8.json	984	793	191	187	95	95	100,000	54	19	19	referenceSolver	28,275	22,459	12,500	12,500	12,500	12,500	20,169	3,275	1,823	1,563	1,563	1,563	89,018	23,882	235
MAD-0.1-agents95-hours8.json	984	793	191	187	95	95	100,000	54	19	19	randomSolver	63,277	45,111	69,643	37,500	79,167	62,500	29,263	16,016	12,760	37,500	67,188	21,875	1180,217	100,000	984
MAD-0.1-agents148-hours6.json	984	793	191	240	148	148	100,000	54	19	19	referenceSolver	24,844	31,027	12,500	87,500	87,500	12,500	16,499	6,033	2,431	87,500	87,500	3,125	131,273	29,268	288
MAD-0.1-agents148-hours6.json	984	793	191	240	148	148	100,000	54	19	19	randomSolver	59,946	54,976	62,500	62,500	62,500	87,500	24,808	15,177	12,153	23,438	62,500	56,250	1914,443	100,000	984
MAD-0.1-agents301-hours6.json	984	793	191	393	301	301	100,000	54	19	19	referenceSolver	20,038	47,778	12,500	87,500	87,500	87,500	11,022	9,290	2,431	87,500	87,500	87,500	274,221	44,817	441
MAD-0.1-agents301-hours6.json	984	793	191	393	301	284	94,352	54	19	19	randomSolver	38,805	57,933	12,500	87,500	37,500	87,500	15,150	13,416	2,431	45,313	18,750	56,250	4576,851	100,000	984
MAD-0.1-agents223-hours4.json	984	793	191	315	223	223	100,000	54	19	19	referenceSolver	21,865	40,472	12,500	12,500	12,500	87,500	14,005	11,804	3,646	1,563	12,500	87,500	198,684	36,890	363
MAD-0.1-agents223-hours4.json	984	793	191	315	223	223	100,000	54	19	19	randomSolver	49,155	59,527	37,500	75,000	87,500	50,000	21,961	19,586	10,938	54,688	68,750	39,063	2030,002	100,000	984
MAD-0.1-agents51-hours6.json	984	793	191	143	51	51	100,000	54	19	19	referenceSolver	33,217	13,421	12,500	37,500	87,500	12,500	26,042	2,610	2,431	37,500	87,500	3,125	51,814	19,411	191
MAD-0.1-agents51-hours6.json	984	793	191	143	51	51	100,000	54	19	19	randomSolver	67,917	43,082	54,650	75,000	75,000	62,500	40,820	28,958	34,028	20,313	65,625	51,563	547,237	95,122	936
MAD-0.1-agents341-hours4.json	984	793	191	433	341	341	100,000	54	19	19	referenceSolver	19,313	50,972	12,500	50,000	12,500	12,500	11,182	14,867	3,646	50,000	1,563	1,563	338,658	48,882	481
MAD-0.1-agents341-hours4.json	984	793	191	433	341	314	92,082	54	19	19	randomSolver	36,202	59,677	25,000	75,000	75,000	62,500	15,976	19,139	7,292	56,250	32,813	51,563	2699,072	100,000	984
MAD-0.1-agents421-hours8.json	984	793	191	513	421	421	100,000	54	19	19	referenceSolver	18,275	56,133	12,500	87,500	87,500	12,500	8,514	8,186	1,823	87,500	87,500	1,563	377,461	57,012	561
MAD-0.1-agents421-hours8.json	984	793	191	513	421	356	84,561	54	19	19	randomSolver	29,303	56,821	25,000	50,000	87,500	50,000	10,667	10,196	3,646	40,625	78,125	39,063	6151,736	100,000	984
MAD-0.1-agents263-hours6.json	984	793	191	355	263	263	100,000	54	19	19	referenceSolver	20,810	44,501	12,500	87,500	87,500	12,500	11,937	8,653	2,431	87,500	87,500	3,125	239,029	40,955	403
MAD-0.1-agents263-hours6.json	984	793	191	355	263	250	95,057	54	19	19	randomSolver	42,399	57,172	33,974	75,000	75,000	75,000	16,772	13,774	9,722	34,375	45,313	64,063	2261,134	100,000	984
MAD-0.1-agents171-hours8.json	984	793	191	263	171	171	100,000	54	19	19	referenceSolver	23,764	34,200	12,500	87,500	87,500	12,500	14,873	4,988	1,823	87,500	87,500	1,563	158,680	31,606	311
MAD-0.1-agents171-hours8.json	984	793	191	263	171	169	98,830	54	19	19	randomSolver	51,227	50,366	41,146	67,500	87,500	50,000	20,807	12,658	9,115	23,438	48,438	50,000	2511,791	100,000	984
MAD-0.1-agents11-hours4.json	984	793	191	103	11	11	100,000	54	19	19	referenceSolver	41,141	3,245	12,500	12,500	12,500	87,500	35,326	0,946	3,646	1,563	1,563	87,500	15,053	15,346	151
MAD-0.1-agents11-hours4.json	984	793	191	103	11	11	100,000	54	19	19	randomSolver	67,969	21,245	72,534	75,000	87,500	75,000	44,827	16,319	58,333	45,313	45,313	45,313	279,572	35,874	353
MAD-0.1-agents338-hours8.json	984	793	191	430	338	338	100,000	54	19	19	referenceSolver	19,360	50,751	12,500	12,500	50,000	87,500	9,801	7,401	1,823	1,563	50,000	87,500	305,677	48,577	478
MAD-0.1-agents338-hours8.json	984	793	191	430	338	314	92,899	54	19	19	randomSolver	34,569	55,743	25,000	62,500	75,000	62,500	12,726	10,487	3,646	23,438	42,188	31,250	5510,829	100,000	984
MAD-0.1-agents458-hours4.json	984	793	191	550	458	458	100,000	54	19	19	referenceSolver	17,886	58,196	12,500	12,500	87,500	12,500	9,584	16,974	3,646	1,563	87,500	3,125	400,149	60,772	598
MAD-0.1-agents458-hours4.json	984	793	191	550	458	391	85,371	54	19	19	randomSolver	28,503	59,874	37,500	62,500	62,500	75,000	12,578	18,780	10,938	51,563	51,563	53,125	3819,861	100,000	984
MAD-0.1-agents108-hours4.json	984	793	191	200	108	108	100,000	54	19	19	referenceSolver	27,250	24,771	12,500	12,500	62,500	87,500	19,961	7,225	3,646	1,563	62,500	87,500	99,615	25,203	248
MAD-0.1-agents108-hours4.json	984	793	191	200	108	108	100,000	54	19	19	randomSolver	70,284	56,237	79,370	54,167	62,500	50,000	34,589	23,794	32,813	31,250	42,188	28,125	1846,487	100,000	984
MAD-0.1-agents68-hours8.json	984	793	191	160	68	68	100,000	54	19	19	referenceSolver	30,938	17,172	12,500	25,000	50,000	87,500	23,265	2,504	1,823	25,000	50,000	87,500	64,888	21,138	208
MAD-0.1-agents68-hours8.json	984	793	191	160	68	68	100,000	54	19	19	randomSolver	64,628	39,487	70,237	62,500	75,000	50,000	34,201	19,374	18,229	21,875	65,625	39,063	1002,239	100,000	984
MAD-0.1-agents197-hours8.json	984	793	191	289	197	197	100,000	54	19	19	referenceSolver	22,751	37,452	12,500	87,500	12,500	87,500	13,705	5,462	1,823	87,500	3,125	87,500	177,160	34,248	337
MAD-0.1-agents197-hours8.json	984	793	191	289	197	193	97,970	54	19	19	randomSolver	48,418	52,129	0,000	75,000	50,000	75,000	18,935	11,808	0,000	35,938	17,188	65,625	2305,009	100,000	984
MAD-0.1-agents285-hours6.json	984	793	191	377	285	285	100,000	54	19	19	referenceSolver	20,391	46,341	12,500	12,500	12,500	12,500	11,391	9,011	2,431	1,563	1,563	1,563	257,678	43,191	425
MAD-0.1-agents285-hours6.json	984	793	191	377	285	267	93,684	54	19	19	randomSolver	40,220	57,321	0,000	62,500	50,000	75,000	15,793	13,595	0,000	42,188	50,000	56,250	2395,604	100,000	984
MAD-0.1-agents238-hours4.json	984	793	191	330	238	238	100,000	54	19	19	referenceSolver	21,477	41,975	12,500	87,500	62,500	87,500	13,539	12,243	3,646	87,500	62,500	87,500	210,893	38,415	378
MAD-0.1-agents238-hours4.json	984	793	191	330	238	231	97,059	54	19	19	randomSolver	46,269	58,607	12,500	56,250	62,500	75,000	20,963	19,989	3,646	45,313	51,563	56,250	2579,702	100,000	984
MAD-0.1-agents153-hours6.json	984	793	191	245	153	153	100,000	54	19	19	referenceSolver	24,592	31,743	12,500	12,500	87,500	12,500	16,212	6,172	2,431	3,125	87,500	3,125	139,001	29,776	293
MAD-0.1-agents153-hours6.json	984	793	191	245	153	152	99,346	54	19	19	randomSolver	57,134	54,074	37,500	62,500	75,000	75,000	24,302	16,072	7,292	53,125	75,000	45,313	1580,694	100,000	984
MAD-0.1-agents241-hours8.json	984	793	191	333	241	241	100,000	54	19	19	referenceSolver	21,434	42,207	12,500	87,500	87,500	87,500	12,135	6,155	1,823	87,500	87,500	87,500	217,856	38,720	381
MAD-0.1-agents241-hours8.json	984	793	191	333	241	237	98,340	54	19	19	randomSolver	42,874	53,468	50,000	87,500	62,500	75,000	16,433	11,293	7,292	26,563	51,563	45,313	3176,168	100,000	984
MAD-0.1-agents403-hours6.json	984	793	191	495	403	403	100,000	54	19	19	referenceSolver	18,485	55,055	12,500	12,500	12,500	87,500	9,255	10,705	2,431	1,563	3,125	87,500	366,500	55,183	543
MAD-0.1-agents403-hours6.json	984	793	191	495	403	357	88,586	54	19	19	randomSolver	31,396	58,834	37,500	50,000	62,500	75,000	12,028	12,819	7,292	39,063	34,375	35,938	3476,433	100,000	984
MAD-0.1-agents73-hours8.json	984	793	191	165	73	73	100,000	54	19	19	referenceSolver	30,379	18,204	12,500	12,500	87,500	12,500	22,615	2,655	1,823	1,563	87,500	1,563	71,078	21,646	213
MAD-0.1-agents73-hours8.json	984	793	191	165	73	73	100,000	54	19	19	randomSolver	64,906	41,744	59,681	75,000	75,000	62,500	33,164	18,903	18,229	45,313	56,250	42,188	1252,334	100,000	984
MAD-0.1-agents113-hours4.json	984	793	191	205	113	113	100,000	54	19	19	referenceSolver	27,012	25,508	12,500	12,500	12,500	87,500	19,578	7,440	3,646	1,563	1,563	87,500	103,855	25,711	253
MAD-0.1-agents113-hours4.json	984	793	191	205	113	113	100,000	54	19	19	randomSolver	68,668	56,325	82,955	62,500	87,500	75,000	33,745	24,108	29,167	32,813	87,500	45,313	1424,391	100,000	984
MAD-0.1-agents443-hours4.json	984	793	191	535	443	443	100,000	54	19	19	referenceSolver	18,061	57,309	12,500	12,500	87,500	87,500	9,754	16,715	3,646	1,563	87,500	87,500	391,003	59,248	583
MAD-0.1-agents443-hours4.json	984	793	191	535	443	381	86,005	54	19	19	randomSolver	29,158	59,672	12,500	62,500	62,500	87,500	12,930	18,959	3,646	42,188	40,625	67,188	6795,160	100,000	984
MAD-0.1-agents323-hours8.json	984	793	191	415	323	323	100,000	54	19	19	referenceSolver	19,669	49,464	12,500	12,500	12,500	12,500	10,101	7,214	1,823	1,563	3,125	3,125	296,645	47,053	463
MAD-0.1-agents323-hours8.json	984	793	191	415	323	299	92,570	54	19	19	randomSolver	35,715	55,475	37,500	50,000	75,000	62,500	13,186	10,711	5,469	40,625	56,250	40,625	2712,001	100,000	984
MAD-0.1-agents278-hours6.json	984	793	191	370	278	278	100,000	54	19	19	referenceSolver	20,473	45,875	12,500	87,500	75,000	12,500	11,552	8,920	2,431	87,500	75,000	3,125	253,440	42,480	418
MAD-0.1-agents278-hours6.json	984	793	191	370	278	264	94,964	54	19	19	randomSolver	41,096	58,142	0,000	75,000	87,500	54,167	16,092	13,296	0,000	35,938	67,188	32,813	4526,931	100,000	984
MAD-0.1-agents248-hours4.json	984	793	191	340	248	248	100,000	54	19	19	referenceSolver	21,213	42,981	12,500	12,500	25,000	87,500	13,248	12,536	3,646	3,125	25,000	87,500	222,286	39,431	388
MAD-0.1-agents248-hours4.json	984	793	191	340	248	244	98,387	54	19	19	randomSolver	45,654	59,396	12,500	75,000	87,500	75,000	20,346	19,586	3,646	54,688	57,813	65,625	2321,366	100,000	984
MAD-0.1-agents87-hours4.json	984	793	191	179	87	87	100,000	54	19	19	referenceSolver	29,050	20,913	12,500	12,500	87,500	87,500	21,892	6,100	3,646	1,563	87,500	87,500	80,394	23,069	227
MAD-0.1-agents87-hours4.json	984	793	191	179	87	87	100,000	54	19	19	randomSolver	73,413	54,670	86,290	62,500	75,000	75,000	38,646	27,018	29,167	53,125	43,750	25,000	1677,746	100,000	984
MAD-0.1-agents231-hours8.json	984	793	191	323	231	231	100,000	54	19	19	referenceSolver	21,672	41,250	12,500	12,500	87,500	87,500	12,449	6,016	1,823	1,563	87,500	87,500	207,758	37,703	371
MAD-0.1-agents231-hours8.json	984	793	191	323	231	228	98,701	54	19	19	randomSolver	44,881	54,607	37,500	87,500	87,500	75,000	16,942	11,293	5,469	67,188	57,813	35,938	2300,116	100,000	984
MAD-0.1-agents123-hours6.json	984	793	191	215	123	123	100,000	54	19	19	referenceSolver	26,279	27,212	12,500	87,500	12,500	87,500	18,135	5,291	2,431	87,500	1,563	87,500	111,593	26,728	263
MAD-0.1-agents123-hours6.json	984	793	191	215	123	123	100,000	54	19	19	randomSolver	63,441	52,298	56,364	62,500	87,500	87,500	27,693	16,848	14,583	53,125	35,938	78,125	2089,143	100,000	984
MAD-0.1-agents473-hours6.json	984	793	191	565	473	473	100,000	54	19	19	referenceSolver	17,743	58,978	12,500	87,500	12,500	12,500	8,406	11,468	2,431	87,500	1,563	3,125	420,707	62,297	613
MAD-0.1-agents473-hours6.json	984	793	191	565	473	398	84,144	54	19	19	randomSolver	27,617	59,137	37,500	37,500	75,000	62,500	10,538	12,699	7,292	37,500	25,000	51,563	6457,762	100,000	984
MAD-0.1-agents163-hours4.json	984	793	191	255	163	163	100,000	54	19	19	referenceSolver	24,118	33,130	12,500	87,500	87,500	12,500	16,448	9,663	3,646	87,500	87,500	3,125	146,305	30,793	303
MAD-0.1-agents163-hours4.json	984	793	191	255	163	163	100,000	54	19	19	randomSolver	58,187	58,132	72,222	50,000	75,000	75,000	27,128	21,377	25,521	40,625	53,125	34,375	2278,767	100,000	984
MAD-0.1-agents353-hours8.json	984	793	191	445	353	353	100,000	54	19	19	referenceSolver	19,157	51,760	12,500	12,500	87,500	87,500	9,536	7,548	1,823	1,563	87,500	87,500	318,708	50,102	493
MAD-0.1-agents353-hours8.json	984	793	191	445	353	316	89,518	54	19	19	randomSolver	33,362	55,956	25,000	75,000	87,500	87,500	12,297	10,442	3,646	65,625	67,188	57,813	6624,809	100,000	984
MAD-0.1-agents433-hours4.json	984	793	191	525	433	433	100,000	54	19	19	referenceSolver	18,167	56,750	12,500	87,500	12,500	12,500	9,867	16,552	3,646	87,500	3,125	1,563	377,278	58,232	573
MAD-0.1-agents433-hours4.json	984	793	191	525	433	368	84,988	54	19	19	randomSolver	30,124	60,060	32,955	62,500	62,500	62,500	13,177	18,736	14,583	32,813	51,563	42,188	3445,602	100,000	984
MAD-0.1-agents397-hours6.json	984	793	191	489	397	397	100,000	54	19	19	referenceSolver	18,558	54,683	12,500	87,500	12,500	12,500	9,338	10,633	2,431	87,500	3,125	3,125	356,090	54,573	537
MAD-0.1-agents397-hours6.json	984	793	191	489	397	361	90,932	54	19	19	randomSolver	31,771	58,978	12,500	87,500	62,500	75,000	12,176	12,789	2,431	67,188	31,250	35,938	3304,954	100,000	984
MAD-0.1-agents208-hours6.json	984	793	191	300	208	208	100,000	54	19	19	referenceSolver	22,417	38,662	12,500	87,500	12,500	12,500	13,690	7,518	2,431	87,500	1,563	3,125	189,504	35,366	348
MAD-0.1-agents208-hours6.json	984	793	191	300	208	206	99,038	54	19	19	randomSolver	48,774	55,844	44,500	62,500	75,000	50,000	19,847	14,520	12,153	32,813	43,750	29,688	2308,978	100,000	984
MAD-0.1-agents24-hours4.json	984	793	191	116	24	24	100,000	54	19	19	referenceSolver	37,931	6,818	12,500	87,500	12,500	37,500	31,775	1,989	3,646	87,500	1,563	37,500	27,287	16,667	164
MAD-0.1-agents24-hours4.json	984	793	191	116	24	24	100,000	54	19	19	randomSolver	69,987	34,255	77,747	87,500	62,500	75,000	45,084	25,556	58,333	68,750	42,188	43,750	686,737	52,947	521
MAD-0.1-agents414-hours8.json	984	793	191	506	414	414	100,000	54	19	19	referenceSolver	18,379	55,645	12,500	87,500	12,500	87,500	8,609	8,115	1,823	87,500	1,563	87,500	369,941	56,301	554
MAD-0.1-agents414-hours8.json	984	793	191	506	414	354	85,507	54	19	19	randomSolver	29,585	56,555	18,432	87,500	87,500	75,000	10,814	10,308	5,469	40,625	67,188	64,063	3632,795	100,000	984
MAD-0.1-agents374-hours4.json	984	793	191	466	374	374	100,000	54	19	19	referenceSolver	18,857	53,201	12,500	12,500	87,500	12,500	10,651	15,517	3,646	3,125	87,500	1,563	322,754	52,236	514
MAD-0.1-agents374-hours4.json	984	793	191	466	374	342	91,444	54	19	19	randomSolver	33,525	59,660	37,500	75,000	75,000	50,000	14,845	19,094	10,938	54,688	56,250	29,688	3100,443	100,000	984
MAD-0.1-agents99-hours6.json	984	793	191	191	99	99	100,000	54	19	19	referenceSolver	27,945	23,185	12,500	87,500	12,500	12,500	20,100	4,508	2,431	87,500	1,563	1,563	94,819	24,289	239
MAD-0.1-agents99-hours6.json	984	793	191	191	99	99	100,000	54	19	19	randomSolver	65,604	48,814	58,569	25,000	75,000	54,167	31,173	19,355	21,875	4,688	35,938	23,438	916,682	100,000	984
MAD-0.1-agents144-hours8.json	984	793	191	236	144	144	100,000	54	19	19	referenceSolver	25,106	30,380	12,500	12,500	87,500	87,500	16,373	4,430	1,823	1,563	87,500	87,500	131,340	28,862	284
MAD-0.1-agents144-hours8.json	984	793	191	236	144	144	100,000	54	19	19	randomSolver	56,166	49,772	60,938	62,500	75,000	87,500	23,187	12,927	10,938	42,188	64,063	76,563	1348,112	100,000	984
MAD-0.1-agents256-hours6.json	984	793	191	348	256	256	100,000	54	19	19	referenceSolver	21,013	43,761	12,500	87,500	12,500	87,500	12,137	8,509	2,431	87,500	3,125	87,500	229,566	40,244	396
MAD-0.1-agents256-hours6.json	984	793	191	348	256	252	98,438	54	19	19	randomSolver	43,233	56,991	50,000	54,167	62,500	79,167	17,109	13,684	9,722	34,375	42,188	40,625	2234,949	100,000	984
MAD-0.1-agents180-hours6.json	984	793	191	272	180	180	100,000	54	19	19	referenceSolver	23,392	35,363	12,500	87,500	87,500	12,500	14,849	6,876	2,431	87,500	87,500	1,563	162,652	32,520	320
MAD-0.1-agents180-hours6.json	984	793	191	272	180	180	100,000	54	19	19	randomSolver	53,902	55,935	23,901	62,500	75,000	75,000	21,890	14,520	12,153	53,125	34,375	54,688	1652,032	100,000	984
MAD-0.1-agents292-hours8.json	984	793	191	384	292	292	100,000	54	19	19	referenceSolver	20,182	47,097	12,500	12,500	37,500	87,500	10,757	6,868	1,823	1,563	37,500	87,500	262,104	43,902	432
MAD-0.1-agents292-hours8.json	984	793	191	384	292	273	93,493	54	19	19	randomSolver	38,176	55,383	50,000	62,500	75,000	62,500	14,250	10,711	7,292	31,250	43,750	53,125	2900,826	100,000	984
MAD-0.1-agents490-hours4.json	984	793	191	582	490	490	100,000	54	19	19	referenceSolver	17,569	59,902	12,500	12,500	87,500	87,500	9,252	17,471	3,646	1,563	87,500	87,500	430,218	64,024	630
MAD-0.1-agents490-hours4.json	984	793	191	582	490	401	81,837	54	19	19	randomSolver	27,192	60,079	12,500	62,500	87,500	75,000	11,886	18,646	3,646	42,188	26,563	64,063	4799,384	100,000	984
MAD-0.1-agents64-hours6.json	984	793	191	156	64	64	100,000	54	19	19	referenceSolver	31,410	16,327	12,500	87,500	87,500	50,000	24,064	3,175	2,431	87,500	87,500	50,000	62,699	20,732	204
MAD-0.1-agents64-hours6.json	984	793	191	156	64	64	100,000	54	19	19	randomSolver	68,294	45,211	63,267	37,500	50,000	75,000	38,167	25,891	38,889	18,750	17,188	56,250	903,684	100,000	984
MAD-0.1-agents389-hours4.json	984	793	191	481	389	389	100,000	54	19	19	referenceSolver	18,633	54,254	12,500	87,500	12,500	12,500	10,430	15,824	3,646	87,500	3,125	1,563	337,765	53,760	529
MAD-0.1-agents389-hours4.json	984	793	191	481	389	347	89,203	54	19	19	randomSolver	32,813	60,087	25,000	62,500	62,500	62,500	14,382	18,691	7,292	42,188	62,500	40,625	4348,456	100,000	984
MAD-0.1-agents334-hours6.json	984	793	191	426	334	334	100,000	54	19	19	referenceSolver	19,425	50,453	12,500	50,000	12,500	87,500	10,353	9,810	2,431	40,625	3,125	87,500	297,522	48,171	474
MAD-0.1-agents334-hours6.json	984	793	191	426	334	311	93,114	54	19	19	randomSolver	35,907	58,200	12,500	62,500	62,500	75,000	13,977	13,475	2,431	42,188	40,625	32,813	3237,827	100,000	984
MAD-0.1-agents216-hours4.json	984	793	191	308	216	216	100,000	54	19	19	referenceSolver	22,078	39,706	12,500	87,500	87,500	87,500	14,240	11,581	3,646	87,500	87,500	87,500	195,829	36,179	356
MAD-0.1-agents216-hours4.json	984	793	191	308	216	214	99,074	54	19	19	randomSolver	49,111	58,782	12,500	62,500	62,500	50,000	22,460	20,258	3,646	31,250	53,125	29,688	2776,551	100,000	984
MAD-0.1-agents54-hours4.json	984	793	191	146	54	54	100,000	54	19	19	referenceSolver	32,705	14,136	12,500	87,500	37,500	87,500	25,995	4,123	3,646	87,500	37,500	87,500	53,796	19,715	194
MAD-0.1-agents54-hours4.json	984	793	191	146	54	54	100,000	54	19	19	randomSolver	71,577	47,523	76,958	68,750	62,500	62,500	43,136	30,814	47,396	26,563	40,625	40,625	799,755	82,724	814
MAD-0.1-agents304-hours4.json	984	793	191	396	304	304	100,000	54	19	19	referenceSolver	19,949	48,101	12,500	12,500	12,500	87,500	11,886	14,030	3,646	1,563	3,125	87,500	269,196	45,122	444
MAD-0.1-agents304-hours4.json	984	793	191	396	304	297	97,697	54	19	19	randomSolver	39,547	59,839	12,500	75,000	62,500	62,500	17,469	19,407	3,646	31,250	40,625	34,375	4264,757	100,000	984
MAD-0.1-agents464-hours8.json	984	793	191	556	464	464	100,000	54	19	19	referenceSolver	17,851	58,438	12,500	12,500	12,500	12,500	8,002	8,522	1,823	1,563	1,563	1,563	416,752	61,382	604
MAD-0.1-agents464-hours8.json	984	793	191	556	464	393	84,698	54	19	19	randomSolver	27,561	57,636	37,500	62,500	62,500	62,500	9,842	9,905	5,469	42,188	29,688	43,750	3819,263	100,000	984
MAD-0.1-agents226-hours6.json	984	793	191	318	226	226	100,000	54	19	19	referenceSolver	21,816	40,721	12,500	87,500	12,500	12,500	13,048	7,918	2,431	87,500	3,125	3,125	210,007	37,195	366
MAD-0.1-agents226-hours6.json	984	793	191	318	226	223	98,673	54	19	19	randomSolver	45,985	55,960	37,500	87,500	62,500	50,000	18,723	14,460	7,292	59,375	53,125	28,125	2220,565	100,000	984
MAD-0.1-agents134-hours8.json	984	793	191	226	134	134	100,000	54	19	19	referenceSolver	25,553	29,004	12,500	87,500	87,500	87,500	17,003	4,230	1,823	87,500	87,500	87,500	123,545	27,846	274
MAD-0.1-agents134-hours8.json	984	793	191	226	134	134	100,000	54	19	19	randomSolver	57,160	48,669	37,500	41,667	87,500	87,500	24,213	13,598	5,469	29,688	56,250	50,000	1425,027	100,000	984
MAD-0.1-agents9-hours4.json	984	793	191	101	9	9	100,000	54	19	19	referenceSolver	41,708	2,671	12,500	87,500	12,500	12,500	35,953	0,779	3,646	87,500	1,563	1,563	13,075	15,142	149
MAD-0.1-agents9-hours4.json	984	793	191	101	9	9	100,000	54	19	19	randomSolver	69,167	18,456	78,301	37,500	66,667	54,167	44,704	14,040	65,625	17,188	54,688	21,875	203,439	33,028	325
MAD-0.1-agents380-hours8.json	984	793	191	472	380	380	100,000	54	19	19	referenceSolver	18,776	53,597	12,500	87,500	12,500	12,500	9,095	7,816	1,823	87,500	1,563	3,125	339,819	52,846	520
MAD-0.1-agents380-hours8.json	984	793	191	472	380	332	87,368	54	19	19	randomSolver	31,929	57,066	12,500	87,500	62,500	62,500	11,594	10,286	1,823	67,188	43,750	43,750	5175,537	100,000	984
MAD-0.1-agents14-hours6.json	984	793	191	106	14	14	100,000	54	19	19	referenceSolver	40,448	4,082	12,500	12,500	87,500	12,500	34,283	0,794	2,431	1,563	87,500	1,563	17,976	15,650	154
MAD-0.1-agents14-hours6.json	984	793	191	106	14	14	100,000	54	19	19	randomSolver	67,746	27,007	64,957	79,167	75,000	62,500	44,521	22,379	51,042	59,375	53,125	31,250	207,700	48,374	476
MAD-0.1-agents499-hours8.json	984	793	191	591	499	499	100,000	54	19	19	referenceSolver	17,492	60,339	12,500	12,500	12,500	87,500	7,628	8,799	1,823	3,125	3,125	87,500	452,981	64,939	639
MAD-0.1-agents499-hours8.json	984	793	191	591	499	409	81,964	54	19	19	randomSolver	25,867	57,770	12,500	58,333	62,500	62,500	9,259	9,838	1,823	53,125	31,250	21,875	5799,743	100,000	984
MAD-0.1-agents344-hours6.json	984	793	191	436	344	344	100,000	54	19	19	referenceSolver	19,295	51,114	12,500	50,000	87,500	87,500	10,175	9,939	2,431	50,000	87,500	87,500	312,114	49,187	484
MAD-0.1-agents344-hours6.json	984	793	191	436	344	317	92,151	54	19	19	randomSolver	35,544	58,381	25,000	50,000	62,500	87,500	13,656	12,938	4,861	9,375	40,625	37,500	3504,973	100,000	984
MAD-0.1-agents266-hours4.json	984	793	191	358	266	266	100,000	54	19	19	referenceSolver	20,775	44,706	12,500	12,500	37,500	87,500	12,769	13,039	3,646	1,563	37,500	87,500	235,855	41,260	406
MAD-0.1-agents266-hours4.json	984	793	191	358	266	259	97,368	54	19	19	randomSolver	43,179	59,419	62,500	62,500	62,500	62,500	19,323	19,497	18,229	43,750	51,563	51,563	4069,522	100,000	984
MAD-0.1-agents485-hours8.json	984	793	191	577	485	485	100,000	54	19	19	referenceSolver	17,613	59,656	12,500	87,500	87,500	87,500	7,769	8,700	1,823	87,500	87,500	87,500	438,139	63,516	625
MAD-0.1-agents485-hours8.json	984	793	191	577	485	394	81,237	54	19	19	randomSolver	25,907	56,129	12,500	62,500	75,000	62,500	9,484	10,353	1,823	21,875	45,313	32,813	5254,144	100,000	984
MAD-0.1-agents358-hours6.json	984	793	191	450	358	358	100,000	54	19	19	referenceSolver	19,083	52,111	12,500	12,500	87,500	87,500	9,934	10,133	2,431	1,563	87,500	87,500	319,394	50,610	498
MAD-0.1-agents358-hours6.json	984	793	191	450	358	332	92,737	54	19	19	randomSolver	34,102	58,231	25,000	37,500	87,500	62,500	13,231	13,237	4,861	28,125	76,563	40,625	2960,650	100,000	984
MAD-0.1-agents441-hours6.json	984	793	191	533	441	441	100,000	54	19	19	referenceSolver	18,035	57,347	12,500	87,500	87,500	87,500	8,762	11,151	2,431	87,500	87,500	87,500	426,606	59,045	581
MAD-0.1-agents441-hours6.json	984	793	191	533	441	380	86,168	54	19	19	randomSolver	28,942	58,584	25,000	75,000	87,500	62,500	11,171	12,968	4,861	25,000	78,125	51,563	3560,750	100,000	984
MAD-0.1-agents111-hours6.json	984	793	191	203	111	111	100,000	54	19	19	referenceSolver	27,094	25,227	12,500	25,000	87,500	12,500	19,063	4,905	2,431	25,000	87,500	1,563	101,255	25,508	251
MAD-0.1-agents111-hours6.json	984	793	191	203	111	111	100,000	54	19	19	randomSolver	66,360	52,270	64,368	62,500	75,000	62,500	29,330	17,325	21,875	62,500	43,750	32,813	1381,378	100,000	984
MAD-0.1-agents203-hours8.json	984	793	191	295	203	203	100,000	54	19	19	referenceSolver	22,500	38,230	12,500	87,500	12,500	87,500	13,453	5,575	1,823	87,500	3,125	87,500	187,120	34,858	343
MAD-0.1-agents203-hours8.json	984	793	191	295	203	200	98,522	54	19	19	randomSolver	47,444	52,301	50,000	50,000	75,000	50,000	18,550	11,875	7,292	28,125	56,250	20,313	2017,012	100,000	984
MAD-0.1-agents31-hours8.json	984	793	191	123	31	31	100,000	54	19	19	referenceSolver	36,484	8,635	12,500	12,500	87,500	12,500	29,715	1,259	1,823	1,563	87,500	1,563	33,041	17,378	171
MAD-0.1-agents31-hours8.json	984	793	191	123	31	31	100,000	54	19	19	randomSolver	63,947	35,301	49,341	62,500	87,500	75,000	42,607	29,216	41,927	42,188	67,188	54,688	1283,250	87,093	857
MAD-0.1-agents401-hours4.json	984	793	191	493	401	401	100,000	54	19	19	referenceSolver	18,534	54,856	12,500	12,500	12,500	12,500	10,271	16,000	3,646	1,563	3,125	3,125	346,499	54,980	541
MAD-0.1-agents401-hours4.json	984	793	191	493	401	358	89,277	54	19	19	randomSolver	31,696	59,616	25,000	50,000	62,500	87,500	14,032	19,318	7,292	50,000	42,188	46,875	3661,787	100,000	984
MAD-0.1-agents361-hours8.json	984	793	191	453	361	361	100,000	54	19	19	referenceSolver	19,067	52,243	12,500	87,500	12,500	12,500	9,407	7,619	1,823	87,500	3,125	1,563	323,962	50,915	501
MAD-0.1-agents361-hours8.json	984	793	191	453	361	330	91,413	54	19	19	randomSolver	32,734	56,174	25,000	75,000	87,500	62,500	12,080	10,554	3,646	37,500	29,688	42,188	3377,919	100,000	984
MAD-0.1-agents151-hours4.json	984	793	191	243	151	151	100,000	54	19	19	referenceSolver	24,691	31,458	12,500	12,500	12,500	12,500	17,087	9,175	3,646	1,563	1,563	1,563	134,493	29,573	291
MAD-0.1-agents151-hours4.json	984	793	191	243	151	151	100,000	54	19	19	randomSolver	61,126	57,775	62,500	50,000	62,500	62,500	28,468	21,646	18,229	29,688	51,563	20,313	1966,527	100,000	984
MAD-0.1-agents48-hours4.json	984	793	191	140	48	48	100,000	54	19	19	referenceSolver	33,661	12,732	12,500	37,500	12,500	87,500	26,964	3,714	3,646	37,500	1,563	87,500	48,608	19,106	188
MAD-0.1-agents48-hours4.json	984	793	191	140	48	48	100,000	54	19	19	randomSolver	70,818	44,891	76,657	87,500	75,000	75,000	43,709	30,243	36,458	46,875	46,875	54,688	705,323	77,744	765
MAD-0.1-agents287-hours4.json	984	793	191	379	287	287	100,000	54	19	19	referenceSolver	20,317	46,591	12,500	12,500	12,500	87,500	12,264	13,589	3,646	1,563	3,125	87,500	257,687	43,394	427
MAD-0.1-agents287-hours4.json	984	793	191	379	287	275	95,819	54	19	19	randomSolver	40,890	59,627	37,500	50,000	37,500	75,000	18,253	19,273	10,938	29,688	18,750	45,313	3335,991	100,000	984
MAD-0.1-agents478-hours8.json	984	793	191	570	478	478	100,000	54	19	19	referenceSolver	17,719	59,158	12,500	50,000	87,500	87,500	7,847	8,627	1,823	40,625	87,500	87,500	431,890	62,805	618
MAD-0.1-agents478-hours8.json	984	793	191	570	478	395	82,636	54	19	19	randomSolver	26,714	57,246	12,500	62,500	87,500	75,000	9,600	9,972	1,823	32,813	56,250	56,250	4027,478	100,000	984
MAD-0.1-agents318-hours4.json	984	793	191	410	318	318	100,000	54	19	19	referenceSolver	19,726	49,150	12,500	12,500	87,500	87,500	11,608	14,335	3,646	1,563	87,500	87,500	295,192	46,545	458
MAD-0.1-agents318-hours4.json	984	793	191	410	318	300	94,340	54	19	19	randomSolver	38,359	59,966	0,000	75,000	75,000	75,000	16,872	18,959	0,000	35,938	45,313	31,250	4645,803	100,000	984
MAD-0.1-agents128-hours8.json	984	793	191	220	128	128	100,000	54	19	19	referenceSolver	25,909	28,070	12,500	12,500	12,500	87,500	17,417	4,094	1,823	1,563	1,563	87,500	120,813	27,236	268
MAD-0.1-agents128-hours8.json	984	793	191	220	128	128	100,000	54	19	19	randomSolver	57,955	47,419	50,000	79,167	75,000	75,000	24,873	13,621	7,292	35,938	65,625	45,313	1846,083	100,000	984
MAD-0.1-agents78-hours6.json	984	793	191	170	78	78	100,000	54	19	19	referenceSolver	29,853	19,212	12,500	87,500	87,500	37,500	22,282	3,736	2,431	87,500	87,500	37,500	76,571	22,154	218
MAD-0.1-agents78-hours6.json	984	793	191	170	78	78	100,000	54	19	19	randomSolver	68,497	47,022	69,245	62,500	62,500	75,000	35,023	22,310	21,875	9,375	20,313	35,938	810,673	100,000	984
MAD-0.1-agents395-hours4.json	984	793	191	487	395	395	100,000	54	19	19	referenceSolver	18,557	54,633	12,500	37,500	87,500	12,500	10,346	15,935	3,646	37,500	87,500	1,563	341,713	54,370	535
MAD-0.1-agents395-hours4.json	984	793	191	487	395	347	87,848	54	19	19	randomSolver	31,771	59,216	0,000	62,500	75,000	62,500	14,205	19,721	0,000	32,813	23,438	51,563	3987,968	100,000	984
MAD-0.1-agents328-hours6.json	984	793	191	420	328	328	100,000	54	19	19	referenceSolver	19,524	50,000	12,500	12,500	87,500	12,500	10,466	9,722	2,431	1,563	87,500	1,563	296,195	47,561	468
MAD-0.1-agents328-hours6.json	984	793	191	420	328	306	93,293	54	19	19	randomSolver	36,899	58,608	25,000	87,500	75,000	41,667	14,176	12,998	4,861	67,188	46,875	40,625	2855,928	100,000	984
MAD-0.1-agents431-hours6.json	984	793	191	523	431	431	100,000	54	19	19	referenceSolver	18,164	56,711	12,500	12,500	12,500	12,500	8,889	11,027	2,431	1,563	1,563	1,563	394,346	58,028	571
MAD-0.1-agents431-hours6.json	984	793	191	523	431	372	86,311	54	19	19	randomSolver	29,566	58,482	37,500	87,500	62,500	79,167	11,384	13,147	7,292	57,813	32,813	68,750	3664,780	100,000	984
MAD-0.1-agents273-hours8.json	984	793	191	365	273	273	100,000	54	19	19	referenceSolver	20,651	45,274	12,500	62,500	87,500	50,000	11,235	6,602	1,823	62,500	87,500	50,000	245,927	41,972	413
MAD-0.1-agents273-hours8.json	984	793	191	365	273	264	96,703	54	19	19	randomSolver	39,898	55,483	18,981	54,167	87,500	50,000	14,992	10,912	5,469	32,813	57,813	29,688	2410,106	100,000	984
MAD-0.1-agents161-hours6.json	984	793	191	253	161	161	100,000	54	19	19	referenceSolver	24,160	32,924	12,500	12,500	12,500	87,500	15,770	6,402	2,431	3,125	3,125	87,500	149,247	30,589	301
MAD-0.1-agents161-hours6.json	984	793	191	253	161	161	100,000	54	19	19	randomSolver	55,920	54,403	62,500	75,000	87,500	75,000	23,534	15,266	12,153	53,125	68,750	35,938	1586,554	100,000	984
MAD-0.1-agents41-hours8.json	984	793	191	133	41	41	100,000	54	19	19	referenceSolver	34,680	11,111	12,500	87,500	12,500	12,500	27,618	1,620	1,823	87,500	1,563	1,563	41,313	18,394	181
MAD-0.1-agents41-hours8.json	984	793	191	133	41	41	100,000	54	19	19	randomSolver	64,201	37,487	59,701	62,500	75,000	75,000	40,733	27,758	32,813	20,313	23,438	54,688	900,701	96,951	954
MAD-0.1-agents311-hours8.json	984	793	191	403	311	311	100,000	54	19	19	referenceSolver	19,820	48,670	12,500	87,500	87,500	87,500	10,336	7,098	1,823	87,500	87,500	87,500	279,222	45,833	451
MAD-0.1-agents311-hours8.json	984	793	191	403	311	293	94,212	54	19	19	randomSolver	36,921	55,473	25,000	87,500	50,000	87,500	13,578	10,509	3,646	57,813	50,000	67,188	2672,188	100,000	984
MAD-0.1-agents471-hours4.json	984	793	191	563	471	471	100,000	54	19	19	referenceSolver	17,740	58,949	12,500	87,500	75,000	87,500	9,442	17,193	3,646	87,500	75,000	87,500	411,376	62,093	611
MAD-0.1-agents471-hours4.json	984	793	191	563	471	414	87,898	54	19	19	randomSolver	28,372	60,253	12,500	87,500	50,000	62,500	12,287	18,557	3,646	56,250	28,125	40,625	4177,152	100,000	984
MAD-0.1-agents121-hours4.json	984	793	191	213	121	121	100,000	54	19	19	referenceSolver	26,408	26,889	12,500	12,500	12,500	87,500	18,973	7,843	3,646	1,563	1,563	87,500	111,407	26,524	261
MAD-0.1-agents121-hours4.json	984	793	191	213	121	121	100,000	54	19	19	randomSolver	67,928	56,962	62,500	37,500	87,500	62,500	32,478	22,899	18,229	37,500	56,250	51,563	1268,932	100,000	984
MAD-0.1-agents38-hours4.json	984	793	191	130	38	38	100,000	54	19	19	referenceSolver	35,288	10,354	12,500	87,500	87,500	87,500	28,758	3,020	3,646	87,500	87,500	87,500	38,418	18,089	178
MAD-0.1-agents38-hours4.json	984	793	191	130	38	38	100,000	54	19	19	randomSolver	70,398	41,207	85,567	62,500	75,000	62,500	44,407	29,167	51,042	21,875	32,813	31,250	562,232	68,089	670
MAD-0.1-agents368-hours4.json	984	793	191	460	368	368	100,000	54	19	19	referenceSolver	18,913	52,874	12,500	87,500	12,500	12,500	10,739	15,421	3,646	87,500	1,563	1,563	321,213	51,626	508
MAD-0.1-agents368-hours4.json	984	793	191	460	368	336	91,304	54	19	19	randomSolver	33,967	59,694	12,500	50,000	50,000	75,000	15,038	19,183	3,646	29,688	50,000	35,938	6610,948	100,000	984
MAD-0.1-agents408-hours8.json	984	793	191	500	408	408	100,000	54	19	19	referenceSolver	18,450	55,285	12,500	87,500	87,500	12,500	8,694	8,062	1,823	87,500	87,500	1,563	368,664	55,691	548
MAD-0.1-agents408-hours8.json	984	793	191	500	408	357	87,500	54	19	19	randomSolver	30,387	57,118	41,223	75,000	87,500	75,000	10,944	10,174	9,115	56,250	67,188	54,688	4382,673	100,000	984
MAD-0.1-agents85-hours6.json	984	793	191	177	85	85	100,000	54	19	19	referenceSolver	29,308	20,482	12,500	12,500	12,500	87,500	21,524	3,983	2,431	1,563	1,563	87,500	79,653	22,866	225
MAD-0.1-agents85-hours6.json	984	793	191	177	85	85	100,000	54	19	19	randomSolver	67,253	47,778	68,333	66,667	66,667	75,000	33,638	21,265	17,014	54,688	43,750	75,000	801,567	100,000	984
MAD-0.1-agents158-hours8.json	984	793	191	250	158	158	100,000	54	19	19	referenceSolver	24,450	32,311	12,500	12,500	87,500	12,500	15,571	4,712	1,823	1,563	87,500	3,125	144,504	30,285	298
MAD-0.1-agents158-hours8.json	984	793	191	250	158	157	99,367	54	19	19	randomSolver	54,564	50,872	38,978	62,500	50,000	75,000	21,889	12,345	10,938	42,188	40,625	43,750	2914,495	100,000	984
MAD-0.1-agents66-hours4.json	984	793	191	158	66	66	100,000	54	19	19	referenceSolver	31,250	16,709	12,500	62,500	87,500	12,500	24,308	4,873	3,646	62,500	87,500	3,125	64,295	20,935	206
MAD-0.1-agents66-hours4.json	984	793	191	158	66	66	100,000	54	19	19	randomSolver	72,134	51,245	75,194	75,000	87,500	87,500	42,237	31,574	36,458	65,625	76,563	68,750	866,514	93,191	917
MAD-0.1-agents106-hours8.json	984	793	191	198	106	106	100,000	54	19	19	referenceSolver	27,462	24,368	12,500	25,000	12,500	87,500	19,158	3,554	1,823	25,000	3,125	87,500	97,689	25,000	246
MAD-0.1-agents106-hours8.json	984	793	191	198	106	106	100,000	54	19	19	randomSolver	62,637	47,207	46,773	62,500	62,500	75,000	27,637	14,583	14,583	42,188	31,250	54,688	1443,764	100,000	984
MAD-0.1-agents214-hours6.json	984	793	191	306	214	214	100,000	54	19	19	referenceSolver	22,141	39,483	12,500	37,500	12,500	87,500	13,459	7,677	2,431	28,125	1,563	87,500	227,047	35,976	354
MAD-0.1-agents214-hours6.json	984	793	191	306	214	209	97,664	54	19	19	randomSolver	47,569	55,660	37,500	50,000	87,500	50,000	19,457	14,759	7,292	39,063	68,750	40,625	2285,973	100,000	984
MAD-0.1-agents456-hours8.json	984	793	191	548	456	456	100,000	54	19	19	referenceSolver	17,883	58,163	12,500	87,500	12,500	75,000	8,083	8,482	1,823	87,500	3,125	75,000	415,942	60,569	596
MAD-0.1-agents456-hours8.json	984	793	191	548	456	383	83,991	54	19	19	randomSolver	27,913	57,832	25,000	75,000	75,000	54,167	9,986	9,905	3,646	46,875	75,000	43,750	4632,071	100,000	984
MAD-0.1-agents336-hours4.json	984	793	191	428	336	336	100,000	54	19	19	referenceSolver	19,422	50,526	12,500	87,500	12,500	12,500	11,277	14,737	3,646	87,500	1,563	3,125	292,154	48,374	476
MAD-0.1-agents336-hours4.json	984	793	191	428	336	313	93,155	54	19	19	randomSolver	36,266	59,338	25,000	50,000	62,500	62,500	16,163	19,541	7,292	17,188	62,500	34,375	3071,606	100,000	984
MAD-0.1-agents492-hours6.json	984	793	191	584	492	492	100,000	54	19	19	referenceSolver	17,551	60,000	12,500	12,500	87,500	50,000	8,209	11,667	2,431	3,125	87,500	50,000	433,382	64,228	632
MAD-0.1-agents492-hours6.json	984	793	191	584	492	400	81,301	54	19	19	randomSolver	26,590	58,896	37,500	62,500	62,500	75,000	10,195	12,819	7,292	31,250	31,250	46,875	7781,843	100,000	984
MAD-0.1-agents182-hours4.json	984	793	191	274	182	182	100,000	54	19	19	referenceSolver	23,312	35,616	12,500	12,500	87,500	87,500	15,560	10,388	3,646	1,563	87,500	87,500	162,000	32,724	322
MAD-0.1-agents182-hours4.json	984	793	191	274	182	180	98,901	54	19	19	randomSolver	54,809	58,475	62,500	75,000	87,500	62,500	25,247	20,929	18,229	42,188	56,250	42,188	1594,473	100,000	984
MAD-0.1-agents26-hours6.json	984	793	191	118	26	26	100,000	54	19	19	referenceSolver	37,818	7,283	12,500	12,500	12,500	87,500	31,084	1,416	2,431	3,125	1,563	87,500	28,479	16,870	166
MAD-0.1-agents26-hours6.json	984	793	191	118	26	26	100,000	54	19	19	randomSolver	66,681	35,592	66,192	87,500	50,000	87,500	43,866	28,227	46,181	68,750	50,000	57,813	653,219	67,480	664
MAD-0.1-agents254-hours4.json	984	793	191	346	254	254	100,000	54	19	19	referenceSolver	21,026	43,643	12,500	12,500	87,500	87,500	13,077	12,729	3,646	12,500	87,500	87,500	221,980	40,041	394
MAD-0.1-agents254-hours4.json	984	793	191	346	254	246	96,850	54	19	19	randomSolver	44,127	59,033	12,500	75,000	75,000	75,000	19,993	20,034	3,646	45,313	45,313	45,313	2066,906	100,000	984
MAD-0.1-agents376-hours6.json	984	793	191	468	376	376	100,000	54	19	19	referenceSolver	18,857	53,258	12,500	12,500	12,500	12,500	9,652	10,356	2,431	1,563	3,125	3,125	333,658	52,439	516
MAD-0.1-agents376-hours6.json	984	793	191	468	376	338	89,894	54	19	19	randomSolver	32,754	58,330	25,000	75,000	50,000	87,500	12,722	13,147	4,861	42,188	28,125	46,875	3478,705	100,000	984
MAD-0.1-agents16-hours4.json	984	793	191	108	16	16	100,000	54	19	19	referenceSolver	39,931	4,638	12,500	12,500	87,500	87,500	33,873	1,353	3,646	1,563	87,500	87,500	20,047	15,854	156
MAD-0.1-agents16-hours4.json	984	793	191	108	16	16	100,000	54	19	19	randomSolver	67,390	26,983	84,504	50,000	75,000	87,500	45,014	20,563	51,042	29,688	54,688	57,813	219,208	42,683	420
MAD-0.1-agents264-hours6.json	984	793	191	356	264	264	100,000	54	19	19	referenceSolver	20,787	44,595	12,500	37,500	12,500	87,500	11,910	8,671	2,431	37,500	3,125	87,500	270,854	41,057	404
MAD-0.1-agents264-hours6.json	984	793	191	356	264	256	96,970	54	19	19	randomSolver	42,834	57,464	31,250	62,500	75,000	75,000	16,725	13,505	9,722	40,625	54,688	35,938	2522,725	100,000	984
MAD-0.1-agents176-hours8.json	984	793	191	268	176	176	100,000	54	19	19	referenceSolver	23,554	34,851	12,500	87,500	87,500	87,500	14,630	5,083	1,823	87,500	87,500	87,500	165,398	32,114	316
MAD-0.1-agents176-hours8.json	984	793	191	268	176	176	100,000	54	19	19	randomSolver	50,860	51,433	30,526	62,500	62,500	25,000	20,418	12,434	9,115	34,375	31,250	25,000	1719,965	100,000	984
MAD-0.1-agents346-hours4.json	984	793	191	438	346	346	100,000	54	19	19	referenceSolver	19,264	51,259	12,500	12,500	12,500	50,000	11,103	14,951	3,646	3,125	1,563	50,000	303,647	49,390	486
MAD-0.1-agents346-hours4.json	984	793	191	438	346	317	91,618	54	19	19	randomSolver	35,092	59,409	50,000	81,250	79,167	62,500	15,794	19,541	14,583	79,688	46,875	53,125	5458,174	100,000	984
MAD-0.1-agents426-hours8.json	984	793	191	518	426	426	100,000	54	19	19	referenceSolver	18,243	56,349	12,500	12,500	12,500	12,500	8,455	8,218	1,823	1,563	1,563	1,563	379,940	57,520	566
MAD-0.1-agents426-hours8.json	984	793	191	518	426	371	87,089	54	19	19	randomSolver	29,013	56,629	12,500	62,500	50,000	87,500	10,564	10,375	1,823	32,813	20,313	37,500	3623,127	100,000	984
MAD-0.1-agents92-hours8.json	984	793	191	184	92	92	100,000	54	19	19	referenceSolver	28,601	21,853	12,500	12,500	87,500	87,500	20,485	3,187	1,823	1,563	87,500	87,500	87,037	23,577	232
MAD-0.1-agents92-hours8.json	984	793	191	184	92	92	100,000	54	19	19	randomSolver	64,943	45,415	71,250	62,500	75,000	75,000	29,740	16,329	16,406	43,750	43,750	75,000	1775,353	100,000	984
MAD-0.1-agents299-hours6.json	984	793	191	391	299	299	100,000	54	19	19	referenceSolver	20,077	47,611	12,500	12,500	87,500	12,500	11,066	9,258	2,431	1,563	87,500	1,563	274,091	44,614	439
MAD-0.1-agents299-hours6.json	984	793	191	391	299	283	94,649	54	19	19	randomSolver	38,591	57,648	67,969	75,000	87,500	62,500	15,228	13,744	17,014	53,125	67,188	53,125	4049,708	100,000	984
MAD-0.1-agents56-hours6.json	984	793	191	148	56	56	100,000	54	19	19	referenceSolver	32,517	14,545	12,500	12,500	12,500	12,500	25,244	2,828	2,431	1,563	3,125	1,563	56,888	19,919	196
MAD-0.1-agents56-hours6.json	984	793	191	148	56	56	100,000	54	19	19	randomSolver	67,419	43,287	62,141	62,500	75,000	62,500	39,901	27,992	41,319	34,375	32,813	32,813	806,661	97,967	964
MAD-0.1-agents224-hours4.json	984	793	191	316	224	224	100,000	54	19	19	referenceSolver	21,915	40,433	12,500	87,500	87,500	87,500	13,982	11,793	3,646	87,500	87,500	87,500	203,496	36,992	364
MAD-0.1-agents224-hours4.json	984	793	191	316	224	220	98,214	54	19	19	randomSolver	48,502	59,243	12,500	75,000	75,000	87,500	21,891	19,855	3,646	65,625	46,875	87,500	2847,480	100,000	984
MAD-0.1-agents306-hours6.json	984	793	191	398	306	306	100,000	54	19	19	referenceSolver	19,975	48,113	12,500	12,500	87,500	12,500	10,918	9,355	2,431	1,563	87,500	3,125	308,923	45,325	446
MAD-0.1-agents306-hours6.json	984	793	191	398	306	291	95,098	54	19	19	randomSolver	38,195	57,819	37,500	50,000	75,000	62,500	14,960	13,416	7,292	18,750	64,063	43,750	2756,036	100,000	984
MAD-0.1-agents323-hours4.json	984	793	191	415	323	323	100,000	54	19	19	referenceSolver	19,639	49,540	12,500	12,500	12,500	12,500	11,516	14,449	3,646	1,563	3,125	3,125	284,731	47,053	463
MAD-0.1-agents323-hours4.json	984	793	191	415	323	300	92,879	54	19	19	randomSolver	37,584	59,627	0,000	62,500	75,000	75,000	16,669	19,362	0,000	31,250	54,688	43,750	3348,759	100,000	984
MAD-0.1-agents443-hours8.json	984	793	191	535	443	443	100,000	54	19	19	referenceSolver	18,037	57,383	12,500	12,500	12,500	12,500	8,238	8,368	1,823	3,125	1,563	1,563	420,040	59,248	583
MAD-0.1-agents443-hours8.json	984	793	191	535	443	383	86,456	54	19	19	randomSolver	28,409	57,376	25,000	75,000	79,167	75,000	10,228	10,084	3,646	32,813	59,375	64,063	6986,491	100,000	984
MAD-0.1-agents201-hours6.json	984	793	191	293	201	201	100,000	54	19	19	referenceSolver	22,654	37,853	12,500	50,000	12,500	12,500	13,959	7,360	2,431	50,000	1,563	1,563	188,742	34,654	341
MAD-0.1-agents201-hours6.json	984	793	191	293	201	199	99,005	54	19	19	randomSolver	50,080	55,889	50,000	50,000	75,000	75,000	20,321	14,759	9,722	9,375	64,063	65,625	1732,543	100,000	984
MAD-0.1-agents113-hours8.json	984	793	191	205	113	113	100,000	54	19	19	referenceSolver	26,890	25,624	12,500	12,500	87,500	12,500	18,558	3,737	1,823	3,125	87,500	1,563	106,158	25,711	253
MAD-0.1-agents113-hours8.json	984	793	191	205	113	113	100,000	54	19	19	randomSolver	60,459	47,066	45,833	87,500	75,000	62,500	26,693	14,740	9,115	67,188	56,250	29,688	2790,175	100,000	984
MAD-0.1-agents73-hours4.json	984	793	191	165	73	73	100,000	54	19	19	referenceSolver	30,379	18,204	12,500	87,500	87,500	12,500	23,422	5,310	3,646	87,500	87,500	3,125	69,431	21,646	213
MAD-0.1-agents73-hours4.json	984	793	191	165	73	73	100,000	54	19	19	randomSolver	72,881	52,236	82,447	62,500	75,000	87,500	41,285	30,357	29,167	31,250	54,688	78,125	818,996	97,053	955
MAD-0.1-agents487-hours6.json	984	793	191	579	487	487	100,000	54	19	19	referenceSolver	17,617	59,681	12,500	87,500	12,500	12,500	8,262	11,605	2,431	87,500	1,563	3,125	430,716	63,720	627
MAD-0.1-agents487-hours6.json	984	793	191	579	487	414	85,010	54	19	19	randomSolver	26,986	59,478	25,000	62,500	50,000	25,000	10,283	12,669	4,861	43,750	39,063	15,625	6743,111	100,000	984
MAD-0.1-agents238-hours8.json	984	793	191	330	238	238	100,000	54	19	19	referenceSolver	21,477	41,975	12,500	12,500	87,500	12,500	12,224	6,121	1,823	3,125	87,500	1,563	214,242	38,415	378
MAD-0.1-agents238-hours8.json	984	793	191	330	238	235	98,739	54	19	19	randomSolver	42,893	53,892	50,000	50,000	75,000	50,000	16,582	11,315	7,292	40,625	45,313	31,250	2259,423	100,000	984
MAD-0.1-agents197-hours4.json	984	793	191	289	197	197	100,000	54	19	19	referenceSolver	22,794	37,381	12,500	87,500	87,500	12,500	14,947	10,903	3,646	87,500	87,500	3,125	179,474	34,248	337
MAD-0.1-agents197-hours4.json	984	793	191	289	197	196	99,492	54	19	19	randomSolver	52,835	58,699	37,500	50,000	87,500	75,000	23,937	20,123	10,938	21,875	56,250	56,250	3420,974	100,000	984
MAD-0.1-agents363-hours6.json	984	793	191	455	363	363	100,000	54	19	19	referenceSolver	18,984	52,533	12,500	12,500	37,500	12,500	9,848	10,215	2,431	1,563	37,500	1,563	320,864	51,118	503
MAD-0.1-agents363-hours6.json	984	793	191	455	363	327	90,083	54	19	19	randomSolver	33,480	57,774	0,000	87,500	87,500	75,000	13,086	13,684	0,000	59,375	67,188	53,125	3140,554	100,000	984
MAD-0.1-agents241-hours4.json	984	793	191	333	241	241	100,000	54	19	19	referenceSolver	21,396	42,281	12,500	12,500	12,500	87,500	13,449	12,332	3,646	1,563	1,563	87,500	208,176	38,720	381
MAD-0.1-agents241-hours4.json	984	793	191	333	241	239	99,170	54	19	19	randomSolver	45,769	58,698	37,500	62,500	75,000	75,000	20,774	20,526	10,938	53,125	45,313	45,313	2956,260	100,000	984
MAD-0.1-agents33-hours6.json	984	793	191	125	33	33	100,000	54	19	19	referenceSolver	36,200	9,116	12,500	87,500	12,500	12,500	29,442	1,773	2,431	87,500	1,563	1,563	35,512	17,581	173
MAD-0.1-agents33-hours6.json	984	793	191	125	33	33	100,000	54	19	19	randomSolver	66,588	38,370	65,981	50,000	75,000	87,500	43,140	29,312	34,028	17,188	54,688	56,250	415,617	76,524	753
MAD-0.1-agents433-hours8.json	984	793	191	525	433	433	100,000	54	19	19	referenceSolver	18,190	56,675	12,500	12,500	12,500	12,500	8,370	8,265	1,823	1,563	1,563	3,125	390,205	58,232	573
MAD-0.1-agents433-hours8.json	984	793	191	525	433	371	85,681	54	19	19	randomSolver	28,697	56,483	12,500	50,000	87,500	75,000	10,423	10,241	1,823	10,938	68,750	65,625	3580,294	100,000	984
MAD-0.1-agents353-hours4.json	984	793	191	445	353	353	100,000	54	19	19	referenceSolver	19,157	51,760	12,500	12,500	87,500	37,500	10,985	15,097	3,646	1,563	87,500	37,500	307,784	50,102	493
MAD-0.1-agents353-hours4.json	984	793	191	445	353	332	94,051	54	19	19	randomSolver	35,160	59,856	25,000	50,000	75,000	75,000	15,545	19,049	7,292	50,000	65,625	45,313	3087,494	100,000	984
MAD-0.1-agents163-hours8.json	984	793	191	255	163	163	100,000	54	19	19	referenceSolver	24,069	33,198	12,500	87,500	12,500	87,500	15,277	4,841	1,823	87,500	1,563	87,500	148,769	30,793	303
MAD-0.1-agents163-hours8.json	984	793	191	255	163	161	98,773	54	19	19	randomSolver	52,877	50,690	62,500	50,000	87,500	62,500	21,459	12,658	9,115	50,000	48,438	34,375	3096,864	100,000	984
MAD-0.1-agents271-hours6.json	984	793	191	363	271	271	100,000	54	19	19	referenceSolver	20,661	45,167	12,500	50,000	87,500	12,500	11,736	8,782	2,431	40,625	87,500	3,125	244,751	41,768	411
MAD-0.1-agents271-hours6.json	984	793	191	363	271	261	96,310	54	19	19	randomSolver	41,532	57,618	37,500	62,500	62,500	50,000	16,402	13,744	7,292	20,313	51,563	29,688	2855,558	100,000	984
MAD-0.1-agents87-hours8.json	984	793	191	179	87	87	100,000	54	19	19	referenceSolver	28,980	20,964	12,500	87,500	87,500	87,500	20,989	3,057	1,823	87,500	87,500	87,500	82,588	23,069	227
MAD-0.1-agents87-hours8.json	984	793	191	179	87	87	100,000	54	19	19	randomSolver	64,367	43,890	66,652	56,250	75,000	87,500	30,571	16,732	16,406	54,688	34,375	76,563	1172,483	100,000	984
MAD-0.1-agents248-hours8.json	984	793	191	340	248	248	100,000	54	19	19	referenceSolver	21,213	42,981	12,500	87,500	12,500	37,500	11,922	6,268	1,823	87,500	1,563	37,500	218,488	39,431	388
MAD-0.1-agents248-hours8.json	984	793	191	340	248	241	97,177	54	19	19	randomSolver	41,599	53,408	17,169	75,000	62,500	62,500	16,095	11,696	7,292	42,188	32,813	42,188	2569,710	100,000	984
MAD-0.1-agents313-hours6.json	984	793	191	405	313	313	100,000	54	19	19	referenceSolver	19,784	48,830	12,500	87,500	25,000	12,500	10,763	9,495	2,431	87,500	25,000	1,563	280,198	46,037	453
MAD-0.1-agents313-hours6.json	984	793	191	405	313	304	97,125	54	19	19	randomSolver	37,731	58,171	25,000	62,500	50,000	75,000	14,701	13,445	4,861	51,563	40,625	34,375	5517,117	100,000	984
MAD-0.1-agents231-hours4.json	984	793	191	323	231	231	100,000	54	19	19	referenceSolver	21,633	41,324	12,500	12,500	12,500	12,500	13,748	12,053	3,646	1,563	3,125	1,563	208,359	37,703	371
MAD-0.1-agents231-hours4.json	984	793	191	323	231	229	99,134	54	19	19	randomSolver	47,143	58,649	37,500	75,000	62,500	62,500	21,417	20,258	10,938	64,063	53,125	42,188	1962,073	100,000	984
MAD-0.1-agents43-hours6.json	984	793	191	135	43	43	100,000	54	19	19	referenceSolver	34,444	11,559	12,500	12,500	87,500	87,500	27,441	2,248	2,431	1,563	87,500	87,500	43,907	18,598	183
MAD-0.1-agents43-hours6.json	984	793	191	135	43	43	100,000	54	19	19	randomSolver	66,030	40,075	59,410	75,000	62,500	75,000	41,979	29,355	46,181	43,750	42,188	46,875	603,850	88,008	866
MAD-0.1-agents490-hours8.json	984	793	191	582	490	490	100,000	54	19	19	referenceSolver	17,590	59,829	12,500	87,500	12,500	12,500	7,723	8,725	1,823	87,500	1,563	1,563	435,356	64,024	630
MAD-0.1-agents490-hours8.json	984	793	191	582	490	392	80,000	54	19	19	randomSolver	26,240	57,704	0,000	50,000	62,500	75,000	9,402	9,927	0,000	17,188	43,750	45,313	7767,397	100,000	984
MAD-0.1-agents216-hours8.json	984	793	191	308	216	216	100,000	54	19	19	referenceSolver	22,078	39,706	12,500	12,500	87,500	12,500	12,962	5,790	1,823	1,563	87,500	3,125	194,086	36,179	356
MAD-0.1-agents216-hours8.json	984	793	191	308	216	211	97,685	54	19	19	randomSolver	46,490	53,679	50,000	62,500	62,500	62,500	17,767	11,427	7,292	32,813	62,500	51,563	3357,191	100,000	984
MAD-0.1-agents104-hours6.json	984	793	191	196	104	104	100,000	54	19	19	referenceSolver	27,615	24,018	12,500	12,500	12,500	12,500	19,657	4,670	2,431	3,125	1,563	1,563	97,684	24,797	244
MAD-0.1-agents104-hours6.json	984	793	191	196	104	104	100,000	54	19	19	randomSolver	65,010	50,394	74,569	83,333	87,500	75,000	30,378	18,698	17,014	45,313	78,125	64,063	995,996	100,000	984
MAD-0.1-agents454-hours6.json	984	793	191	546	454	454	100,000	54	19	19	referenceSolver	17,926	57,982	12,500	12,500	12,500	12,500	8,617	11,274	2,431	3,125	3,125	1,563	399,356	60,366	594
MAD-0.1-agents454-hours6.json	984	793	191	546	454	387	85,242	54	19	19	randomSolver	28,379	58,540	12,500	75,000	75,000	37,500	10,905	12,968	2,431	45,313	45,313	26,563	3699,004	100,000	984
MAD-0.1-agents389-hours8.json	984	793	191	481	389	389	100,000	54	19	19	referenceSolver	18,659	54,178	12,500	12,500	12,500	87,500	8,962	7,901	1,823	1,563	1,563	87,500	350,607	53,760	529
MAD-0.1-agents389-hours8.json	984	793	191	481	389	347	89,203	54	19	19	randomSolver	31,265	56,767	25,000	62,500	87,500	62,500	11,377	10,442	3,646	32,813	57,813	43,750	3253,246	100,000	984
MAD-0.1-agents144-hours4.json	984	793	191	236	144	144	100,000	54	19	19	referenceSolver	25,053	30,444	12,500	12,500	12,500	12,500	17,479	8,879	3,646	1,563	1,563	1,563	132,655	28,862	284
MAD-0.1-agents144-hours4.json	984	793	191	236	144	144	100,000	54	19	19	randomSolver	62,220	57,377	62,500	87,500	37,500	75,000	29,312	22,004	18,229	35,938	37,500	32,813	2879,268	100,000	984
MAD-0.1-agents374-hours8.json	984	793	191	466	374	374	100,000	54	19	19	referenceSolver	18,857	53,201	12,500	12,500	12,500	87,500	9,192	7,758	1,823	1,563	1,563	87,500	330,717	52,236	514
MAD-0.1-agents374-hours8.json	984	793	191	466	374	337	90,107	54	19	19	randomSolver	32,237	56,799	12,500	75,000	75,000	62,500	11,743	10,308	1,823	42,188	53,125	40,625	3981,601	100,000	984
MAD-0.1-agents414-hours4.json	984	793	191	506	414	414	100,000	54	19	19	referenceSolver	18,355	55,720	12,500	37,500	12,500	12,500	10,098	16,252	3,646	37,500	1,563	1,563	364,226	56,301	554
MAD-0.1-agents414-hours4.json	984	793	191	506	414	370	89,372	54	19	19	randomSolver	30,525	59,630	25,000	62,500	62,500	75,000	13,671	19,407	7,292	21,875	53,125	65,625	4045,169	100,000	984
MAD-0.1-agents24-hours8.json	984	793	191	116	24	24	100,000	54	19	19	referenceSolver	37,931	6,818	12,500	87,500	37,500	12,500	31,398	0,994	1,823	87,500	37,500	3,125	26,752	16,667	164
MAD-0.1-agents24-hours8.json	984	793	191	116	24	24	100,000	54	19	19	randomSolver	65,874	35,589	67,465	62,500	87,500	75,000	43,685	30,124	41,927	31,250	45,313	65,625	450,486	77,439	762
MAD-0.1-agents292-hours4.json	984	793	191	384	292	292	100,000	54	19	19	referenceSolver	20,215	47,021	12,500	12,500	87,500	12,500	12,151	13,714	3,646	1,563	87,500	1,563	260,434	43,902	432
MAD-0.1-agents292-hours4.json	984	793	191	384	292	276	94,521	54	19	19	randomSolver	40,106	59,270	12,500	75,000	75,000	50,000	18,015	19,541	3,646	34,375	56,250	40,625	4061,407	100,000	984
MAD-0.1-agents380-hours4.json	984	793	191	472	380	380	100,000	54	19	19	referenceSolver	18,776	53,597	12,500	87,500	12,500	12,500	10,562	15,632	3,646	87,500	1,563	1,563	328,772	52,846	520
MAD-0.1-agents380-hours4.json	984	793	191	472	380	347	91,316	54	19	19	randomSolver	33,049	59,826	12,500	75,000	50,000	87,500	14,656	19,228	3,646	54,688	39,063	67,188	3800,774	100,000	984
MAD-0.1-agents9-hours8.json	984	793	191	101	9	9	100,000	54	19	19	referenceSolver	41,708	2,671	12,500	12,500	12,500	87,500	35,791	0,389	1,823	1,563	3,125	87,500	13,617	15,142	149
MAD-0.1-agents9-hours8.json	984	793	191	101	9	9	100,000	54	19	19	randomSolver	67,203	24,152	49,878	62,500	75,000	37,500	44,578	22,149	47,396	32,813	43,750	26,563	205,121	45,935	452
MAD-0.1-agents174-hours6.json	984	793	191	266	174	174	100,000	54	19	19	referenceSolver	23,684	34,524	12,500	87,500	87,500	87,500	15,135	6,713	2,431	87,500	87,500	87,500	156,405	31,911	314
MAD-0.1-agents174-hours6.json	984	793	191	266	174	174	100,000	54	19	19	randomSolver	53,319	55,166	62,500	75,000	87,500	62,500	22,383	15,296	12,153	43,750	56,250	43,750	1555,770	100,000	984
MAD-0.1-agents266-hours8.json	984	793	191	358	266	266	100,000	54	19	19	referenceSolver	20,775	44,706	12,500	12,500	12,500	12,500	11,410	6,520	1,823	1,563	1,563	1,563	237,898	41,260	406
MAD-0.1-agents266-hours8.json	984	793	191	358	266	255	95,865	54	19	19	randomSolver	41,122	55,721	50,000	73,750	87,500	75,000	15,285	10,666	7,292	60,938	48,438	45,313	3156,333	100,000	984
MAD-0.1-agents424-hours6.json	984	793	191	516	424	424	100,000	54	19	19	referenceSolver	18,241	56,308	12,500	12,500	12,500	12,500	8,974	10,949	2,431	1,563	1,563	1,563	376,073	57,317	564
MAD-0.1-agents424-hours6.json	984	793	191	516	424	369	87,028	54	19	19	randomSolver	30,180	58,607	50,000	87,500	62,500	75,000	11,539	12,849	9,722	56,250	40,625	54,688	3956,215	100,000	984
MAD-0.1-agents499-hours4.json	984	793	191	591	499	499	100,000	54	19	19	referenceSolver	17,492	60,339	12,500	12,500	12,500	12,500	9,167	17,599	3,646	12,500	3,125	1,563	448,795	64,939	639
MAD-0.1-agents499-hours4.json	984	793	191	591	499	405	81,162	54	19	19	randomSolver	26,835	60,174	50,000	75,000	50,000	62,500	11,705	18,646	14,583	64,063	29,688	42,188	4304,395	100,000	984
MAD-0.1-agents134-hours4.json	984	793	191	226	134	134	100,000	54	19	19	referenceSolver	25,608	28,942	12,500	12,500	87,500	87,500	18,098	8,441	3,646	3,125	87,500	87,500	120,068	27,846	274
MAD-0.1-agents134-hours4.json	984	793	191	226	134	134	100,000	54	19	19	randomSolver	64,554	57,223	75,000	75,000	62,500	62,500	30,609	22,048	21,875	25,000	32,813	51,563	1225,027	100,000	984
MAD-0.1-agents464-hours4.json	984	793	191	556	464	464	100,000	54	19	19	referenceSolver	17,806	58,586	12,500	87,500	87,500	12,500	9,515	17,088	3,646	87,500	87,500	3,125	400,383	61,382	604
MAD-0.1-agents464-hours4.json	984	793	191	556	464	387	83,405	54	19	19	randomSolver	28,412	60,151	37,500	62,500	75,000	75,000	12,442	18,736	10,938	25,000	54,688	45,313	5076,579	100,000	984
MAD-0.1-agents304-hours8.json	984	793	191	396	304	304	100,000	54	19	19	referenceSolver	19,981	48,025	12,500	87,500	37,500	12,500	10,494	7,004	1,823	87,500	37,500	1,563	282,327	45,122	444
MAD-0.1-agents304-hours8.json	984	793	191	396	304	291	95,724	54	19	19	randomSolver	37,100	55,463	12,500	25,000	50,000	87,500	13,819	10,778	1,823	25,000	31,250	45,313	3081,650	100,000	984
MAD-0.1-agents54-hours8.json	984	793	191	146	54	54	100,000	54	19	19	referenceSolver	32,705	14,136	12,500	12,500	12,500	87,500	25,321	2,062	1,823	1,563	3,125	87,500	53,652	19,715	194
MAD-0.1-agents54-hours8.json	984	793	191	146	54	54	100,000	54	19	19	randomSolver	65,234	39,164	69,082	75,000	54,167	54,167	37,480	23,089	21,875	56,250	32,813	32,813	613,533	100,000	984
MAD-0.1-agents189-hours6.json	984	793	191	281	189	189	100,000	54	19	19	referenceSolver	22,998	36,557	12,500	12,500	25,000	87,500	14,441	7,108	2,431	1,563	25,000	87,500	172,664	33,435	329
MAD-0.1-agents189-hours6.json	984	793	191	281	189	188	99,471	54	19	19	randomSolver	50,786	54,546	37,500	62,500	75,000	62,500	21,189	15,236	7,292	31,250	75,000	23,438	2122,205	100,000	984
MAD-0.1-agents90-hours6.json	984	793	191	182	90	90	100,000	54	19	19	referenceSolver	28,777	21,480	12,500	87,500	87,500	12,500	20,991	4,177	2,431	87,500	87,500	1,563	85,099	23,374	230
MAD-0.1-agents90-hours6.json	984	793	191	182	90	90	100,000	54	19	19	randomSolver	67,149	48,693	74,613	62,500	75,000	75,000	32,714	20,220	26,736	34,375	34,375	54,688	1897,547	100,000	984
MAD-0.1-agents243-hours6.json	984	793	191	335	243	243	100,000	54	19	19	referenceSolver	21,381	42,408	12,500	12,500	50,000	12,500	12,519	8,246	2,431	1,563	50,000	1,563	215,506	38,923	383
MAD-0.1-agents243-hours6.json	984	793	191	335	243	237	97,531	54	19	19	randomSolver	44,623	57,059	50,000	75,000	50,000	41,667	17,773	13,983	9,722	43,750	28,125	20,313	2523,124	100,000	984
MAD-0.1-agents151-hours8.json	984	793	191	243	151	151	100,000	54	19	19	referenceSolver	24,691	31,458	12,500	87,500	12,500	87,500	15,948	4,588	1,823	87,500	3,125	87,500	142,421	29,573	291
MAD-0.1-agents151-hours8.json	984	793	191	243	151	151	100,000	54	19	19	randomSolver	54,669	49,973	33,974	87,500	75,000	87,500	22,519	13,240	10,938	45,313	45,313	57,813	1473,188	100,000	984
MAD-0.1-agents361-hours4.json	984	793	191	453	361	361	100,000	54	19	19	referenceSolver	19,040	52,319	12,500	12,500	12,500	87,500	10,856	15,260	3,646	3,125	1,563	87,500	323,059	50,915	501
MAD-0.1-agents361-hours4.json	984	793	191	453	361	331	91,690	54	19	19	randomSolver	34,754	60,025	12,500	87,500	87,500	75,000	15,271	18,915	3,646	56,250	67,188	35,938	4906,061	100,000	984
MAD-0.1-agents401-hours8.json	984	793	191	493	401	401	100,000	54	19	19	referenceSolver	18,484	55,007	12,500	12,500	87,500	87,500	8,782	8,022	1,823	1,563	87,500	87,500	362,249	54,980	541
MAD-0.1-agents401-hours8.json	984	793	191	493	401	357	89,027	54	19	19	randomSolver	30,188	55,909	12,500	62,500	66,667	37,500	11,100	10,353	1,823	32,813	28,125	28,125	3424,595	100,000	984
MAD-0.1-agents31-hours4.json	984	793	191	123	31	31	100,000	54	19	19	referenceSolver	36,484	8,635	12,500	12,500	12,500	87,500	30,174	2,519	3,646	1,563	1,563	87,500	33,184	17,378	171
MAD-0.1-agents31-hours4.json	984	793	191	123	31	31	100,000	54	19	19	randomSolver	70,830	39,016	71,877	75,000	75,000	62,500	44,770	28,084	54,688	53,125	35,938	43,750	526,232	60,671	597
MAD-0.1-agents128-hours4.json	984	793	191	220	128	128	100,000	54	19	19	referenceSolver	25,966	28,009	12,500	87,500	12,500	12,500	18,485	8,169	3,646	87,500	1,563	1,563	114,842	27,236	268
MAD-0.1-agents128-hours4.json	984	793	191	220	128	128	100,000	54	19	19	randomSolver	65,765	56,575	75,000	62,500	75,000	75,000	31,444	22,451	21,875	40,625	43,750	32,813	1193,544	100,000	984
MAD-0.1-agents318-hours8.json	984	793	191	410	318	318	100,000	54	19	19	referenceSolver	19,726	49,150	12,500	12,500	12,500	87,500	10,198	7,168	1,823	1,563	3,125	87,500	285,450	46,545	458
MAD-0.1-agents318-hours8.json	984	793	191	410	318	304	95,597	54	19	19	randomSolver	36,309	56,472	0,000	62,500	66,667	75,000	13,347	10,353	0,000	23,438	45,313	53,125	3242,635	100,000	984
MAD-0.1-agents478-hours4.json	984	793	191	570	478	478	100,000	54	19	19	referenceSolver	17,675	59,305	12,500	12,500	12,500	12,500	9,370	17,297	3,646	1,563	1,563	3,125	416,817	62,805	618
MAD-0.1-agents478-hours4.json	984	793	191	570	478	396	82,845	54	19	19	randomSolver	27,831	60,176	25,000	62,500	62,500	75,000	12,136	18,467	7,292	31,250	18,750	43,750	6444,358	100,000	984
MAD-0.1-agents287-hours8.json	984	793	191	379	287	287	100,000	54	19	19	referenceSolver	20,317	46,591	12,500	12,500	12,500	87,500	10,883	6,795	1,823	1,563	1,563	87,500	256,712	43,394	427
MAD-0.1-agents287-hours8.json	984	793	191	379	287	275	95,819	54	19	19	randomSolver	39,119	55,912	37,500	75,000	50,000	50,000	14,438	10,644	5,469	32,813	29,688	40,625	3468,869	100,000	984
MAD-0.1-agents48-hours8.json	984	793	191	140	48	48	100,000	54	19	19	referenceSolver	33,661	12,732	12,500	12,500	12,500	87,500	26,350	1,857	1,823	1,563	1,563	87,500	48,006	19,106	188
MAD-0.1-agents48-hours8.json	984	793	191	140	48	48	100,000	54	19	19	randomSolver	64,563	37,324	74,062	75,000	62,500	62,500	39,048	24,971	29,167	26,563	62,500	32,813	656,985	99,695	981
MAD-0.1-agents195-hours6.json	984	793	191	287	195	195	100,000	54	19	19	referenceSolver	22,779	37,285	12,500	12,500	12,500	12,500	14,190	7,250	2,431	1,563	1,563	3,125	173,693	34,045	335
MAD-0.1-agents195-hours6.json	984	793	191	287	195	194	99,487	54	19	19	randomSolver	50,317	55,634	37,500	75,000	41,667	75,000	20,746	14,848	7,292	45,313	21,875	65,625	2470,044	100,000	984
MAD-0.1-agents168-hours6.json	984	793	191	260	168	168	100,000	54	19	19	referenceSolver	23,894	33,803	12,500	12,500	87,500	12,500	15,423	6,573	2,431	1,563	87,500	1,563	155,017	31,301	308
MAD-0.1-agents168-hours6.json	984	793	191	260	168	168	100,000	54	19	19	randomSolver	54,883	54,798	62,500	87,500	75,000	62,500	22,900	15,087	12,153	67,188	43,750	51,563	2815,637	100,000	984
MAD-0.1-agents438-hours6.json	984	793	191	530	438	438	100,000	54	19	19	referenceSolver	18,066	57,180	12,500	12,500	12,500	12,500	8,798	11,118	2,431	1,563	1,563	1,563	389,282	58,740	578
MAD-0.1-agents438-hours6.json	984	793	191	530	438	377	86,073	54	19	19	randomSolver	29,391	58,941	25,000	75,000	62,500	62,500	11,234	12,878	4,861	34,375	51,563	62,500	3702,362	100,000	984
MAD-0.1-agents485-hours4.json	984	793	191	577	485	485	100,000	54	19	19	referenceSolver	17,634	59,582	12,500	12,500	12,500	12,500	9,306	17,378	3,646	1,563	1,563	1,563	432,611	63,516	625
MAD-0.1-agents485-hours4.json	984	793	191	577	485	408	84,124	54	19	19	randomSolver	27,499	60,280	25,000	62,500	87,500	62,500	11,989	18,512	7,292	62,500	46,875	53,125	5170,450	100,000	984
MAD-0.1-agents203-hours4.json	984	793	191	295	203	203	100,000	54	19	19	referenceSolver	22,542	38,158	12,500	87,500	12,500	12,500	14,712	11,129	3,646	87,500	1,563	1,563	184,399	34,858	343
MAD-0.1-agents203-hours4.json	984	793	191	295	203	202	99,507	54	19	19	randomSolver	51,413	58,642	25,000	50,000	50,000	50,000	23,450	20,571	7,292	29,688	40,625	29,688	2337,104	100,000	984
MAD-0.1-agents321-hours6.json	984	793	191	413	321	321	100,000	54	19	19	referenceSolver	19,643	49,461	12,500	12,500	87,500	87,500	10,602	9,617	2,431	1,563	87,500	87,500	284,291	46,850	461
MAD-0.1-agents321-hours6.json	984	793	191	413	321	305	95,016	54	19	19	randomSolver	37,184	58,234	37,500	62,500	62,500	62,500	14,416	13,296	7,292	31,250	10,938	42,188	5385,852	100,000	984
MAD-0.1-agents71-hours6.json	984	793	191	163	71	71	100,000	54	19	19	referenceSolver	30,598	17,794	12,500	12,500	12,500	87,500	23,135	3,460	2,431	3,125	3,125	87,500	71,371	21,443	211
MAD-0.1-agents71-hours6.json	984	793	191	163	71	71	100,000	54	19	19	randomSolver	68,643	45,750	66,442	50,000	79,167	62,500	36,528	23,354	24,306	28,125	56,250	32,813	692,957	100,000	984
MAD-0.1-agents121-hours8.json	984	793	191	213	121	121	100,000	54	19	19	referenceSolver	26,408	26,889	12,500	12,500	37,500	87,500	17,944	3,921	1,823	3,125	37,500	87,500	108,365	26,524	261
MAD-0.1-agents121-hours8.json	984	793	191	213	121	121	100,000	54	19	19	randomSolver	59,614	47,820	60,606	50,000	87,500	66,667	25,691	14,292	10,938	29,688	67,188	14,063	1236,597	100,000	984
MAD-0.1-agents233-hours6.json	984	793	191	325	233	233	100,000	54	19	19	referenceSolver	21,615	41,459	12,500	12,500	12,500	12,500	12,824	8,061	2,431	1,563	3,125	3,125	249,141	37,907	373
MAD-0.1-agents233-hours6.json	984	793	191	325	233	229	98,283	54	19	19	randomSolver	45,458	56,337	37,500	50,000	87,500	62,500	18,320	14,251	7,292	29,688	56,250	21,875	2294,047	100,000	984
MAD-0.1-agents471-hours8.json	984	793	191	563	471	471	100,000	54	19	19	referenceSolver	17,740	58,949	12,500	12,500	12,500	12,500	7,917	8,597	1,823	3,125	1,563	3,125	418,302	62,093	611
MAD-0.1-agents471-hours8.json	984	793	191	563	471	381	80,892	54	19	19	randomSolver	27,033	57,582	37,500	75,000	50,000	62,500	9,720	9,972	5,469	53,125	40,625	53,125	3837,334	100,000	984
MAD-0.1-agents311-hours4.json	984	793	191	403	311	311	100,000	54	19	19	referenceSolver	19,820	48,670	12,500	12,500	87,500	87,500	11,743	14,195	3,646	1,563	87,500	87,500	275,487	45,833	451
MAD-0.1-agents311-hours4.json	984	793	191	403	311	291	93,569	54	19	19	randomSolver	38,661	59,675	25,000	58,333	87,500	62,500	17,166	19,228	7,292	42,188	45,313	42,188	3848,411	100,000	984
MAD-0.1-agents41-hours4.json	984	793	191	133	41	41	100,000	54	19	19	referenceSolver	34,868	11,051	12,500	12,500	87,500	87,500	28,203	3,223	3,646	1,563	87,500	87,500	42,358	18,394	181
MAD-0.1-agents41-hours4.json	984	793	191	133	41	41	100,000	54	19	19	randomSolver	71,164	42,895	82,024	62,500	41,667	62,500	43,926	28,819	54,688	62,500	29,688	43,750	750,207	70,020	689
MAD-0.1-agents158-hours4.json	984	793	191	250	158	158	100,000	54	19	19	referenceSolver	24,350	32,444	12,500	12,500	12,500	87,500	16,710	9,463	3,646	1,563	1,563	87,500	140,876	30,285	298
MAD-0.1-agents158-hours4.json	984	793	191	250	158	158	100,000	54	19	19	randomSolver	59,891	58,230	62,500	62,500	62,500	54,167	27,671	20,929	18,229	42,188	53,125	53,125	2520,736	100,000	984
MAD-0.1-agents408-hours4.json	984	793	191	500	408	408	100,000	54	19	19	referenceSolver	18,425	55,360	12,500	87,500	87,500	12,500	10,178	16,147	3,646	87,500	87,500	1,563	352,543	55,691	548
MAD-0.1-agents408-hours4.json	984	793	191	500	408	353	86,520	54	19	19	randomSolver	31,413	59,881	25,000	50,000	62,500	62,500	13,835	18,915	7,292	20,313	53,125	21,875	6912,313	100,000	984
MAD-0.1-agents368-hours8.json	984	793	191	460	368	368	100,000	54	19	19	referenceSolver	18,913	52,874	12,500	87,500	12,500	87,500	9,281	7,711	1,823	87,500	3,125	87,500	334,495	51,626	508
MAD-0.1-agents368-hours8.json	984	793	191	460	368	336	91,304	54	19	19	randomSolver	32,822	57,428	25,000	62,500	62,500	87,500	11,896	10,263	3,646	53,125	51,563	76,563	3012,942	100,000	984
MAD-0.1-agents38-hours8.json	984	793	191	130	38	38	100,000	54	19	19	referenceSolver	35,192	10,383	12,500	12,500	87,500	12,500	28,213	1,514	1,823	1,563	87,500	1,563	39,075	18,089	178
MAD-0.1-agents38-hours8.json	984	793	191	130	38	38	100,000	54	19	19	randomSolver	64,500	38,180	45,981	62,500	87,500	62,500	41,364	28,665	38,281	42,188	56,250	40,625	804,234	94,715	932
MAD-0.1-agents118-hours6.json	984	793	191	210	118	118	100,000	54	19	19	referenceSolver	26,607	26,398	12,500	87,500	87,500	12,500	18,509	5,133	2,431	87,500	87,500	1,563	110,252	26,220	258
MAD-0.1-agents118-hours6.json	984	793	191	210	118	118	100,000	54	19	19	randomSolver	62,971	52,034	56,309	75,000	50,000	75,000	28,352	17,684	19,444	65,625	29,688	53,125	2161,464	100,000	984
MAD-0.1-agents448-hours6.json	984	793	191	540	448	448	100,000	54	19	19	referenceSolver	17,986	57,658	12,500	87,500	12,500	12,500	8,683	11,211	2,431	87,500	3,125	1,563	398,248	59,756	588
MAD-0.1-agents448-hours6.json	984	793	191	540	448	385	85,938	54	19	19	randomSolver	29,029	59,081	25,000	75,000	50,000	75,000	11,026	12,580	4,861	75,000	39,063	65,625	4354,772	100,000	984
MAD-0.1-agents395-hours8.json	984	793	191	487	395	395	100,000	54	19	19	referenceSolver	18,557	54,633	12,500	87,500	12,500	87,500	8,868	7,967	1,823	87,500	1,563	87,500	357,953	54,370	535
MAD-0.1-agents395-hours8.json	984	793	191	487	395	349	88,354	54	19	19	randomSolver	31,283	57,260	25,000	50,000	75,000	87,500	11,236	10,039	3,646	29,688	43,750	78,125	3471,769	100,000	984
MAD-0.1-agents273-hours4.json	984	793	191	365	273	273	100,000	54	19	19	referenceSolver	20,582	45,424	12,500	50,000	87,500	37,500	12,586	13,249	3,646	50,000	87,500	37,500	238,977	41,972	413
MAD-0.1-agents273-hours4.json	984	793	191	365	273	265	97,070	54	19	19	randomSolver	42,553	59,532	37,500	66,667	75,000	75,000	18,953	19,452	10,938	54,688	26,563	54,688	2379,288	100,000	984
MAD-0.1-agents351-hours6.json	984	793	191	443	351	351	100,000	54	19	19	referenceSolver	19,187	51,618	12,500	87,500	87,500	87,500	10,056	10,037	2,431	87,500	87,500	87,500	311,816	49,898	491
MAD-0.1-agents351-hours6.json	984	793	191	443	351	324	92,308	54	19	19	randomSolver	34,422	57,969	25,000	37,500	62,500	87,500	13,440	13,505	4,861	17,188	43,750	67,188	3283,325	100,000	984
MAD-0.1-agents290-hours6.json	984	793	191	382	290	290	100,000	54	19	19	referenceSolver	20,255	46,850	12,500	87,500	87,500	12,500	11,269	9,110	2,431	87,500	87,500	1,563	262,764	43,699	430
MAD-0.1-agents290-hours6.json	984	793	191	382	290	279	96,207	54	19	19	randomSolver	39,404	57,607	37,500	37,500	75,000	62,500	15,586	13,625	7,292	18,750	56,250	62,500	2647,537	100,000	984
MAD-0.1-agents182-hours8.json	984	793	191	274	182	182	100,000	54	19	19	referenceSolver	23,358	35,547	12,500	12,500	87,500	87,500	14,367	5,184	1,823	3,125	87,500	87,500	168,330	32,825	323
MAD-0.1-agents182-hours8.json	984	793	191	274	182	179	98,352	54	19	19	randomSolver	50,817	52,794	37,500	75,000	75,000	66,667	19,971	11,875	5,469	46,875	46,875	43,750	3084,910	100,000	984
MAD-0.1-agents416-hours6.json	984	793	191	508	416	416	100,000	54	19	19	referenceSolver	18,332	55,839	12,500	12,500	87,500	87,500	9,080	10,858	2,431	1,563	87,500	87,500	373,043	56,504	556
MAD-0.1-agents416-hours6.json	984	793	191	508	416	371	89,183	54	19	19	randomSolver	31,004	59,665	18,238	87,500	62,500	79,167	11,720	12,461	7,292	48,438	43,750	45,313	4533,312	100,000	984
MAD-0.1-agents254-hours8.json	984	793	191	346	254	254	100,000	54	19	19	referenceSolver	21,026	43,643	12,500	12,500	12,500	12,500	11,738	6,365	1,823	1,563	3,125	3,125	230,030	40,041	394
MAD-0.1-agents254-hours8.json	984	793	191	346	254	247	97,244	54	19	19	randomSolver	41,973	54,882	34,459	62,500	79,167	75,000	15,815	10,711	7,292	31,250	78,125	42,188	2636,369	100,000	984
MAD-0.1-agents146-hours6.json	984	793	191	238	146	146	100,000	54	19	19	referenceSolver	24,895	30,802	12,500	12,500	87,500	87,500	16,610	5,989	2,431	1,563	87,500	87,500	131,855	29,065	286
MAD-0.1-agents146-hours6.json	984	793	191	238	146	146	100,000	54	19	19	randomSolver	58,219	53,343	62,500	62,500	75,000	75,000	25,017	16,520	12,153	53,125	75,000	54,688	1885,108	100,000	984
MAD-0.1-agents336-hours8.json	984	793	191	428	336	336	100,000	54	19	19	referenceSolver	19,393	50,602	12,500	12,500	87,500	12,500	9,839	7,380	1,823	1,563	87,500	1,563	308,578	48,374	476
MAD-0.1-agents336-hours8.json	984	793	191	428	336	307	91,369	54	19	19	randomSolver	34,399	55,588	25,000	37,500	50,000	87,500	12,785	10,778	3,646	28,125	28,125	37,500	3016,218	100,000	984
MAD-0.1-agents456-hours4.json	984	793	191	548	456	456	100,000	54	19	19	referenceSolver	17,883	58,163	12,500	87,500	87,500	87,500	9,600	16,964	3,646	87,500	87,500	87,500	399,388	60,569	596
MAD-0.1-agents456-hours4.json	984	793	191	548	456	390	85,526	54	19	19	randomSolver	28,871	60,191	0,000	75,000	87,500	75,000	12,624	18,825	0,000	54,688	57,813	46,875	5790,004	100,000	984
MAD-0.1-agents106-hours4.json	984	793	191	198	106	106	100,000	54	19	19	referenceSolver	27,462	24,368	12,500	25,000	37,500	87,500	20,142	7,107	3,646	15,625	37,500	87,500	98,834	25,000	246
MAD-0.1-agents106-hours4.json	984	793	191	198	106	106	100,000	54	19	19	randomSolver	71,304	56,142	65,981	62,500	75,000	75,000	34,938	23,571	32,813	32,813	65,625	64,063	1257,818	100,000	984
MAD-0.1-agents2-hours6.json	984	793	191	94	2	2	100,000	54	19	19	referenceSolver	43,883	0,606	12,500	12,500	12,500	12,500	38,333	0,118	2,431	3,125	1,563	1,563	7,690	14,431	142
MAD-0.1-agents2-hours6.json	984	793	191	94	2	2	100,000	54	19	19	randomSolver	66,636	4,874	64,399	62,500	62,500	75,000	43,896	4,341	48,611	62,500	43,750	64,063	122,962	23,577	232
MAD-0.1-agents66-hours8.json	984	793	191	158	66	66	100,000	54	19	19	referenceSolver	31,250	16,709	12,500	87,500	87,500	12,500	23,556	2,437	1,823	87,500	87,500	1,563	64,982	20,935	206
MAD-0.1-agents66-hours8.json	984	793	191	158	66	66	100,000	54	19	19	randomSolver	65,299	39,802	44,646	62,500	62,500	75,000	34,634	19,508	29,167	29,688	40,625	75,000	1205,902	100,000	984
MAD-0.1-agents92-hours4.json	984	793	191	184	92	92	100,000	54	19	19	referenceSolver	28,601	21,853	12,500	12,500	87,500	87,500	21,397	6,374	3,646	1,563	87,500	87,500	83,018	23,577	232
MAD-0.1-agents92-hours4.json	984	793	191	184	92	92	100,000	54	19	19	randomSolver	73,569	55,390	62,500	62,500	66,667	87,500	37,596	25,943	18,229	32,813	43,750	46,875	805,303	100,000	984
MAD-0.1-agents466-hours6.json	984	793	191	558	466	466	100,000	54	19	19	referenceSolver	17,787	58,690	12,500	12,500	12,500	12,500	8,479	11,412	2,431	1,563	1,563	1,563	422,124	61,585	606
MAD-0.1-agents466-hours6.json	984	793	191	558	466	394	84,549	54	19	19	randomSolver	28,097	59,568	25,000	62,500	62,500	87,500	10,670	12,520	4,861	62,500	32,813	59,375	6331,775	100,000	984
MAD-0.1-agents136-hours6.json	984	793	191	228	136	136	100,000	54	19	19	referenceSolver	25,493	29,247	12,500	87,500	12,500	87,500	17,239	5,687	2,431	87,500	1,563	87,500	123,006	28,049	276
MAD-0.1-agents136-hours6.json	984	793	191	228	136	136	100,000	54	19	19	randomSolver	60,899	52,976	60,938	75,000	87,500	62,500	26,114	16,132	14,583	45,313	87,500	34,375	1257,932	100,000	984
MAD-0.1-agents224-hours8.json	984	793	191	316	224	224	100,000	54	19	19	referenceSolver	21,835	40,580	12,500	87,500	87,500	87,500	12,680	5,918	1,823	87,500	87,500	87,500	202,348	36,992	364
MAD-0.1-agents224-hours8.json	984	793	191	316	224	219	97,768	54	19	19	randomSolver	45,305	54,185	37,500	87,500	50,000	87,500	17,317	11,517	5,469	87,500	29,688	46,875	3454,220	100,000	984
MAD-0.1-agents426-hours4.json	984	793	191	518	426	426	100,000	54	19	19	referenceSolver	18,219	56,424	12,500	12,500	87,500	50,000	9,948	16,457	3,646	3,125	87,500	50,000	374,035	57,520	566
MAD-0.1-agents426-hours4.json	984	793	191	518	426	369	86,620	54	19	19	randomSolver	30,268	60,138	12,500	75,000	75,000	87,500	13,355	18,780	3,646	46,875	34,375	57,813	3482,396	100,000	984
MAD-0.1-agents346-hours8.json	984	793	191	438	346	346	100,000	54	19	19	referenceSolver	19,264	51,259	12,500	12,500	87,500	87,500	9,663	7,475	1,823	1,563	87,500	87,500	311,736	49,390	486
MAD-0.1-agents346-hours8.json	984	793	191	438	346	316	91,329	54	19	19	randomSolver	33,984	55,776	12,500	37,500	75,000	75,000	12,493	10,465	1,823	28,125	75,000	75,000	2911,883	100,000	984
MAD-0.1-agents176-hours4.json	984	793	191	268	176	176	100,000	54	19	19	referenceSolver	23,647	34,714	12,500	12,500	87,500	87,500	15,845	10,125	3,646	1,563	87,500	87,500	155,628	32,114	316
MAD-0.1-agents176-hours4.json	984	793	191	268	176	176	100,000	54	19	19	randomSolver	55,859	58,231	62,500	75,000	75,000	75,000	25,812	21,108	18,229	35,938	43,750	54,688	1899,951	100,000	984
MAD-0.1-agents16-hours8.json	984	793	191	108	16	16	100,000	54	19	19	referenceSolver	39,931	4,638	12,500	12,500	12,500	12,500	33,618	0,676	1,823	3,125	3,125	1,563	19,443	15,854	156
MAD-0.1-agents16-hours8.json	984	793	191	108	16	16	100,000	54	19	19	randomSolver	66,617	32,329	61,293	75,000	62,500	50,000	44,625	28,657	54,688	56,250	40,625	21,875	361,901	63,618	626
MAD-0.1-agents382-hours6.json	984	793	191	474	382	382	100,000	54	19	19	referenceSolver	18,724	53,803	12,500	87,500	12,500	12,500	9,550	10,462	2,431	87,500	1,563	3,125	339,258	53,049	522
MAD-0.1-agents382-hours6.json	984	793	191	474	382	341	89,267	54	19	19	randomSolver	32,397	58,380	12,500	66,667	75,000	62,500	12,561	13,117	2,431	35,938	46,875	40,625	3172,013	100,000	984
MAD-0.1-agents131-hours4.json	984	793	191	223	131	131	100,000	54	19	19	referenceSolver	25,785	28,478	12,500	12,500	12,500	12,500	18,285	8,306	3,646	1,563	3,125	1,563	116,665	27,541	271
MAD-0.1-agents131-hours4.json	984	793	191	223	131	131	100,000	54	19	19	randomSolver	65,111	57,337	60,938	75,000	75,000	50,000	31,021	22,362	21,875	54,688	43,750	28,125	1345,628	100,000	984
MAD-0.1-agents301-hours8.json	984	793	191	393	301	301	100,000	54	19	19	referenceSolver	20,038	47,778	12,500	12,500	87,500	12,500	10,556	6,968	1,823	1,563	87,500	1,563	276,041	44,817	441
MAD-0.1-agents301-hours8.json	984	793	191	393	301	284	94,352	54	19	19	randomSolver	37,566	55,709	37,500	62,500	75,000	75,000	13,924	10,688	5,469	42,188	65,625	54,688	2541,449	100,000	984
MAD-0.1-agents461-hours4.json	984	793	191	553	461	461	100,000	54	19	19	referenceSolver	17,857	58,354	12,500	12,500	12,500	25,000	9,549	17,020	3,646	1,563	1,563	25,000	396,112	61,077	601
MAD-0.1-agents461-hours4.json	984	793	191	553	461	383	83,080	54	19	19	randomSolver	28,227	59,718	25,000	62,500	37,500	62,500	12,509	19,183	7,292	53,125	37,500	62,500	4274,214	100,000	984
MAD-0.1-agents51-hours8.json	984	793	191	143	51	51	100,000	54	19	19	referenceSolver	33,129	13,456	12,500	87,500	37,500	12,500	25,814	1,962	1,823	87,500	37,500	3,125	51,471	19,411	191
MAD-0.1-agents51-hours8.json	984	793	191	143	51	51	100,000	54	19	19	randomSolver	64,487	38,303	47,585	75,000	75,000	75,000	38,267	24,119	29,167	34,375	43,750	56,250	1069,277	100,000	984
MAD-0.1-agents148-hours8.json	984	793	191	240	148	148	100,000	54	19	19	referenceSolver	24,844	31,027	12,500	87,500	87,500	12,500	16,131	4,525	1,823	87,500	87,500	3,125	130,625	29,268	288
MAD-0.1-agents148-hours8.json	984	793	191	240	148	148	100,000	54	19	19	randomSolver	55,688	50,532	62,500	37,500	66,667	87,500	22,801	12,681	9,115	17,188	56,250	67,188	1409,042	100,000	984
MAD-0.1-agents95-hours6.json	984	793	191	187	95	95	100,000	54	19	19	referenceSolver	28,342	22,406	12,500	12,500	87,500	87,500	20,486	4,357	2,431	1,563	87,500	87,500	89,973	23,882	235
MAD-0.1-agents95-hours6.json	984	793	191	187	95	95	100,000	54	19	19	randomSolver	66,860	49,293	54,671	87,500	50,000	87,500	31,840	19,444	21,875	54,688	50,000	68,750	1443,276	100,000	984
MAD-0.1-agents378-hours4.json	984	793	191	470	378	378	100,000	54	19	19	referenceSolver	18,856	53,315	12,500	12,500	12,500	87,500	10,605	15,550	3,646	1,563	3,125	87,500	326,911	52,744	519
MAD-0.1-agents378-hours4.json	984	793	191	470	378	344	91,005	54	19	19	randomSolver	33,318	59,941	37,500	50,000	75,000	62,500	14,719	19,004	10,938	18,750	65,625	34,375	3122,506	100,000	984
MAD-0.1-agents418-hours8.json	984	793	191	510	418	418	100,000	54	19	19	referenceSolver	18,309	55,957	12,500	12,500	37,500	12,500	8,556	8,160	1,823	1,563	37,500	1,563	375,790	56,707	558
MAD-0.1-agents418-hours8.json	984	793	191	510	418	368	88,038	54	19	19	randomSolver	29,475	56,482	0,000	75,000	75,000	62,500	10,730	10,375	0,000	64,063	43,750	40,625	4442,396	100,000	984
MAD-0.1-agents28-hours4.json	984	793	191	120	28	28	100,000	54	19	19	referenceSolver	37,188	7,843	12,500	12,500	12,500	87,500	30,851	2,288	3,646	1,563	1,563	87,500	30,693	17,073	168
MAD-0.1-agents28-hours4.json	984	793	191	120	28	28	100,000	54	19	19	randomSolver	69,948	37,205	77,385	62,500	75,000	75,000	45,009	27,457	43,750	32,813	43,750	34,375	444,023	57,724	568
MAD-0.1-agents338-hours6.json	984	793	191	430	338	338	100,000	54	19	19	referenceSolver	19,360	50,751	12,500	87,500	87,500	87,500	10,279	9,868	2,431	87,500	87,500	87,500	301,375	48,577	478
MAD-0.1-agents338-hours6.json	984	793	191	430	338	312	92,308	54	19	19	randomSolver	35,416	58,100	25,000	50,000	62,500	62,500	13,846	13,505	4,861	20,313	42,188	40,625	4582,589	100,000	984
MAD-0.1-agents385-hours4.json	984	793	191	477	385	385	100,000	54	19	19	referenceSolver	18,711	53,922	12,500	87,500	87,500	37,500	10,490	15,727	3,646	87,500	87,500	37,500	334,138	53,354	525
MAD-0.1-agents385-hours4.json	984	793	191	477	385	354	91,948	54	19	19	randomSolver	32,995	60,131	50,000	62,500	75,000	54,167	14,503	18,736	14,583	53,125	35,938	53,125	3356,821	100,000	984
MAD-0.1-agents68-hours6.json	984	793	191	160	68	68	100,000	54	19	19	referenceSolver	30,938	17,172	12,500	12,500	87,500	12,500	23,523	3,339	2,431	3,125	87,500	1,563	66,914	21,138	208
MAD-0.1-agents68-hours6.json	984	793	191	160	68	68	100,000	54	19	19	randomSolver	68,805	45,523	61,533	87,500	75,000	75,000	37,212	24,459	26,736	78,125	46,875	65,625	995,205	100,000	984
MAD-0.1-agents263-hours8.json	984	793	191	355	263	263	100,000	54	19	19	referenceSolver	20,845	44,426	12,500	87,500	87,500	87,500	11,491	6,479	1,823	87,500	87,500	87,500	234,558	40,955	403
MAD-0.1-agents263-hours8.json	984	793	191	355	263	252	95,817	54	19	19	randomSolver	40,807	54,937	37,500	62,500	50,000	62,500	15,414	11,024	5,469	21,875	39,063	32,813	4378,076	100,000	984
MAD-0.1-agents171-hours6.json	984	793	191	263	171	171	100,000	54	19	19	referenceSolver	23,764	34,200	12,500	87,500	12,500	12,500	15,269	6,650	2,431	87,500	3,125	1,563	155,890	31,606	311
MAD-0.1-agents171-hours6.json	984	793	191	263	171	170	99,415	54	19	19	randomSolver	54,583	55,284	62,500	75,000	75,000	75,000	22,639	15,177	12,153	34,375	64,063	56,250	2252,911	100,000	984
MAD-0.1-agents421-hours6.json	984	793	191	513	421	421	100,000	54	19	19	referenceSolver	18,250	56,208	12,500	12,500	87,500	87,500	9,009	10,929	2,431	3,125	87,500	87,500	373,594	57,012	561
MAD-0.1-agents421-hours6.json	984	793	191	513	421	372	88,361	54	19	19	randomSolver	30,583	59,533	25,000	68,750	75,000	50,000	11,606	12,640	4,861	46,875	46,875	31,250	4894,740	100,000	984
MAD-0.1-agents141-hours4.json	984	793	191	233	141	141	100,000	54	19	19	referenceSolver	25,268	29,936	12,500	87,500	87,500	87,500	17,670	8,731	3,646	87,500	87,500	87,500	129,828	28,557	281
MAD-0.1-agents141-hours4.json	984	793	191	233	141	141	100,000	54	19	19	randomSolver	63,647	57,970	50,000	75,000	79,167	75,000	29,690	21,825	14,583	34,375	57,813	75,000	2766,816	100,000	984
MAD-0.1-agents411-hours4.json	984	793	191	503	411	411	100,000	54	19	19	referenceSolver	18,365	55,616	12,500	12,500	12,500	87,500	10,133	16,221	3,646	3,125	1,563	87,500	359,362	55,996	551
MAD-0.1-agents411-hours4.json	984	793	191	503	411	358	87,105	54	19	19	randomSolver	31,556	60,180	25,000	62,500	75,000	62,500	13,753	18,646	7,292	51,563	35,938	53,125	5784,193	100,000	984
MAD-0.1-agents371-hours8.json	984	793	191	463	371	371	100,000	54	19	19	referenceSolver	18,898	53,000	12,500	87,500	12,500	87,500	9,236	7,729	1,823	87,500	1,563	87,500	353,585	51,931	511
MAD-0.1-agents371-hours8.json	984	793	191	463	371	341	91,914	54	19	19	randomSolver	32,440	57,276	50,000	75,000	87,500	75,000	11,819	10,106	7,292	56,250	59,375	54,688	6607,647	100,000	984
MAD-0.1-agents21-hours8.json	984	793	191	113	21	21	100,000	54	19	19	referenceSolver	38,717	6,000	12,500	12,500	12,500	87,500	32,197	0,875	1,823	3,125	1,563	87,500	24,393	16,362	161
MAD-0.1-agents21-hours8.json	984	793	191	113	21	21	100,000	54	19	19	randomSolver	65,385	33,370	54,114	75,000	66,667	75,000	44,070	29,265	45,573	35,938	23,438	45,313	291,969	72,561	714
MAD-0.1-agents138-hours8.json	984	793	191	230	138	138	100,000	54	19	19	referenceSolver	25,326	29,614	12,500	12,500	87,500	87,500	16,739	4,319	1,823	1,563	87,500	87,500	124,501	28,252	278
MAD-0.1-agents138-hours8.json	984	793	191	230	138	138	100,000	54	19	19	randomSolver	56,168	48,828	50,000	75,000	62,500	62,500	23,792	13,710	7,292	23,438	32,813	43,750	1900,144	100,000	984
MAD-0.1-agents468-hours8.json	984	793	191	560	468	468	100,000	54	19	19	referenceSolver	17,813	58,647	12,500	87,500	12,500	12,500	7,955	8,553	1,823	87,500	1,563	1,563	449,199	61,789	608
MAD-0.1-agents468-hours8.json	984	793	191	560	468	386	82,479	54	19	19	randomSolver	26,977	57,138	0,000	87,500	62,500	75,000	9,772	10,174	0,000	76,563	42,188	35,938	4672,899	100,000	984
MAD-0.1-agents308-hours4.json	984	793	191	400	308	308	100,000	54	19	19	referenceSolver	19,906	48,352	12,500	12,500	87,500	12,500	11,807	14,103	3,646	1,563	87,500	1,563	272,567	45,528	448
MAD-0.1-agents308-hours4.json	984	793	191	400	308	288	93,506	54	19	19	randomSolver	39,283	59,588	25,000	62,500	75,000	87,500	17,294	19,318	7,292	42,188	54,688	57,813	3129,875	100,000	984
MAD-0.1-agents58-hours4.json	984	793	191	150	58	58	100,000	54	19	19	referenceSolver	32,250	14,987	12,500	12,500	87,500	87,500	25,410	4,371	3,646	1,563	87,500	87,500	56,714	20,122	198
MAD-0.1-agents58-hours4.json	984	793	191	150	58	58	100,000	54	19	19	randomSolver	71,949	49,292	81,331	75,000	75,000	62,500	42,691	31,124	32,813	64,063	65,625	32,813	839,197	85,671	843
MAD-0.1-agents297-hours4.json	984	793	191	389	297	297	100,000	54	19	19	referenceSolver	20,116	47,444	12,500	37,500	87,500	87,500	12,042	13,838	3,646	37,500	87,500	87,500	259,171	44,411	437
MAD-0.1-agents297-hours4.json	984	793	191	389	297	284	95,623	54	19	19	randomSolver	40,114	59,748	25,000	62,500	62,500	87,500	17,783	19,362	7,292	42,188	31,250	57,813	3901,198	100,000	984
MAD-0.1-agents348-hours6.json	984	793	191	440	348	348	100,000	54	19	19	referenceSolver	19,233	51,403	12,500	12,500	12,500	87,500	10,104	9,995	2,431	1,563	1,563	87,500	311,383	49,593	488
MAD-0.1-agents348-hours6.json	984	793	191	440	348	318	91,379	54	19	19	randomSolver	34,866	58,267	37,500	87,500	75,000	66,667	13,532	13,177	7,292	46,875	45,313	25,000	3583,037	100,000	984
MAD-0.1-agents495-hours8.json	984	793	191	587	495	495	100,000	54	19	19	referenceSolver	17,547	60,073	12,500	12,500	87,500	12,500	7,670	8,761	1,823	1,563	87,500	1,563	447,110	64,533	635
MAD-0.1-agents495-hours8.json	984	793	191	587	495	408	82,424	54	19	19	randomSolver	25,958	57,413	25,000	75,000	75,000	50,000	9,322	10,039	3,646	34,375	43,750	29,688	4273,823	100,000	984
MAD-0.1-agents18-hours6.json	984	793	191	110	18	18	100,000	54	19	19	referenceSolver	39,318	5,202	12,500	12,500	50,000	12,500	33,111	1,012	2,431	1,563	50,000	3,125	21,822	16,057	158
MAD-0.1-agents18-hours6.json	984	793	191	110	18	18	100,000	54	19	19	randomSolver	67,271	30,715	67,133	62,500	87,500	87,500	44,405	25,122	48,611	53,125	76,563	15,625	409,454	55,285	544
MAD-0.1-agents101-hours6.json	984	793	191	193	101	101	100,000	54	19	19	referenceSolver	27,785	23,543	12,500	87,500	12,500	12,500	19,917	4,578	2,431	87,500	3,125	1,563	94,629	24,492	241
MAD-0.1-agents101-hours6.json	984	793	191	193	101	101	100,000	54	19	19	randomSolver	66,041	49,963	32,211	62,500	62,500	75,000	30,850	19,056	17,014	43,750	51,563	43,750	1505,513	100,000	984
MAD-0.1-agents213-hours8.json	984	793	191	305	213	213	100,000	54	19	19	referenceSolver	22,172	39,372	12,500	87,500	12,500	12,500	13,071	5,742	1,823	87,500	1,563	3,125	195,258	35,874	353
MAD-0.1-agents213-hours8.json	984	793	191	305	213	210	98,592	54	19	19	randomSolver	46,413	53,278	25,000	75,000	79,167	75,000	17,941	11,696	3,646	43,750	48,438	45,313	2978,647	100,000	984
MAD-0.1-agents451-hours6.json	984	793	191	543	451	451	100,000	54	19	19	referenceSolver	17,956	57,821	12,500	25,000	12,500	12,500	8,649	11,243	2,431	25,000	3,125	1,563	402,106	60,061	591
MAD-0.1-agents451-hours6.json	984	793	191	543	451	382	84,701	54	19	19	randomSolver	28,202	58,483	25,000	66,667	75,000	66,667	10,965	13,087	4,861	54,688	65,625	45,313	4998,835	100,000	984
MAD-0.1-agents5-hours4.json	984	793	191	97	5	5	100,000	54	19	19	referenceSolver	43,041	1,497	12,500	12,500	12,500	12,500	37,301	0,437	3,646	1,563	1,563	1,563	9,804	14,736	145
MAD-0.1-agents5-hours4.json	984	793	191	97	5	5	100,000	54	19	19	randomSolver	67,870	10,876	84,728	50,000	87,500	62,500	44,180	8,082	36,458	39,063	67,188	42,188	302,527	26,626	262
MAD-0.1-agents82-hours8.json	984	793	191	174	82	82	100,000	54	19	19	referenceSolver	29,526	19,951	12,500	87,500	87,500	12,500	21,549	2,910	1,823	87,500	87,500	1,563	79,085	22,561	222
MAD-0.1-agents82-hours8.json	984	793	191	174	82	82	100,000	54	19	19	randomSolver	65,084	43,399	70,235	75,000	62,500	75,000	31,449	17,740	16,406	45,313	42,188	25,000	1053,383	100,000	984
MAD-0.1-agents316-hours6.json	984	793	191	408	316	316	100,000	54	19	19	referenceSolver	19,730	49,068	12,500	12,500	12,500	12,500	10,702	9,541	2,431	3,125	1,563	1,563	283,641	46,341	456
MAD-0.1-agents316-hours6.json	984	793	191	408	316	296	93,671	54	19	19	randomSolver	37,186	57,682	0,000	87,500	87,500	50,000	14,593	13,535	0,000	46,875	56,250	20,313	3355,617	100,000	984
MAD-0.1-agents234-hours4.json	984	793	191	326	234	234	100,000	54	19	19	referenceSolver	21,549	41,637	12,500	12,500	62,500	87,500	13,655	12,144	3,646	3,125	62,500	87,500	207,797	38,008	374
MAD-0.1-agents234-hours4.json	984	793	191	326	234	232	99,145	54	19	19	randomSolver	47,329	59,243	50,000	87,500	75,000	75,000	21,220	19,810	14,583	56,250	64,063	54,688	2511,131	100,000	984
MAD-0.1-agents289-hours6.json	984	793	191	381	289	289	100,000	54	19	19	referenceSolver	20,308	46,688	12,500	12,500	12,500	12,500	11,301	9,078	2,431	1,563	3,125	1,563	262,356	43,598	429
MAD-0.1-agents289-hours6.json	984	793	191	381	289	279	96,540	54	19	19	randomSolver	39,123	56,901	37,500	50,000	62,500	37,500	15,627	13,953	7,292	29,688	32,813	15,625	4603,049	100,000	984
MAD-0.1-agents46-hours6.json	984	793	191	138	46	46	100,000	54	19	19	referenceSolver	33,967	12,267	12,500	87,500	12,500	12,500	26,897	2,385	2,431	87,500	3,125	3,125	46,366	18,902	186
MAD-0.1-agents46-hours6.json	984	793	191	138	46	46	100,000	54	19	19	randomSolver	67,020	42,052	65,903	62,500	54,167	62,500	41,683	29,581	41,319	31,250	42,188	32,813	1172,469	91,565	901
MAD-0.1-agents356-hours4.json	984	793	191	448	356	356	100,000	54	19	19	referenceSolver	19,085	52,047	12,500	87,500	87,500	12,500	10,929	15,180	3,646	87,500	87,500	1,563	312,268	50,407	496
MAD-0.1-agents356-hours4.json	984	793	191	448	356	332	93,258	54	19	19	randomSolver	35,117	59,944	25,000	68,750	62,500	50,000	15,441	19,004	7,292	57,813	62,500	28,125	4623,083	100,000	984
MAD-0.1-agents436-hours8.json	984	793	191	528	436	436	100,000	54	19	19	referenceSolver	18,134	56,919	12,500	12,500	87,500	87,500	8,329	8,301	1,823	3,125	87,500	87,500	397,318	58,537	576
MAD-0.1-agents436-hours8.json	984	793	191	528	436	368	84,404	54	19	19	randomSolver	28,870	57,405	0,000	75,000	75,000	75,000	10,364	10,062	0,000	35,938	35,938	45,313	5342,219	100,000	984
MAD-0.1-agents274-hours6.json	984	793	191	366	274	274	100,000	54	19	19	referenceSolver	20,560	45,515	12,500	87,500	12,500	87,500	11,651	8,850	2,431	87,500	1,563	87,500	248,071	42,073	414
MAD-0.1-agents274-hours6.json	984	793	191	366	274	264	96,350	54	19	19	randomSolver	40,605	56,506	25,000	62,500	87,500	62,500	16,268	14,251	4,861	32,813	56,250	51,563	2301,233	100,000	984
MAD-0.1-agents166-hours8.json	984	793	191	258	166	166	100,000	54	19	19	referenceSolver	23,934	33,603	12,500	12,500	12,500	87,500	15,120	4,900	1,823	1,563	1,563	87,500	156,791	31,098	306
MAD-0.1-agents166-hours8.json	984	793	191	258	166	164	98,795	54	19	19	randomSolver	52,195	51,242	43,238	75,000	75,000	75,000	21,210	12,748	9,115	45,313	53,125	45,313	2465,858	100,000	984
MAD-0.1-agents192-hours4.json	984	793	191	284	192	192	100,000	54	19	19	referenceSolver	22,887	36,923	12,500	12,500	12,500	87,500	15,135	10,769	3,646	1,563	1,563	87,500	175,621	33,740	332
MAD-0.1-agents192-hours4.json	984	793	191	284	192	192	100,000	54	19	19	randomSolver	54,087	59,014	62,500	62,500	62,500	62,500	24,358	20,123	18,229	53,125	29,688	53,125	3160,603	100,000	984
MAD-0.1-agents366-hours6.json	984	793	191	458	366	366	100,000	54	19	19	referenceSolver	18,941	52,738	12,500	12,500	87,500	87,500	9,799	10,255	2,431	1,563	87,500	87,500	326,591	51,423	506
MAD-0.1-agents366-hours6.json	984	793	191	458	366	340	92,896	54	19	19	randomSolver	33,934	59,025	25,000	25,000	87,500	75,000	13,000	12,849	4,861	25,000	56,250	54,688	3616,751	100,000	984
MAD-0.1-agents244-hours4.json	984	793	191	336	244	244	100,000	54	19	19	referenceSolver	21,354	42,509	12,500	87,500	12,500	12,500	13,371	12,398	3,646	87,500	1,563	1,563	218,137	39,024	384
MAD-0.1-agents244-hours4.json	984	793	191	336	244	240	98,361	54	19	19	randomSolver	45,858	59,263	82,609	50,000	75,000	62,500	20,588	19,765	29,167	39,063	35,938	62,500	2557,232	100,000	984
MAD-0.1-agents36-hours6.json	984	793	191	128	36	36	100,000	54	19	19	referenceSolver	35,645	9,863	12,500	87,500	12,500	12,500	28,821	1,918	2,431	87,500	1,563	3,125	39,147	17,886	176
MAD-0.1-agents36-hours6.json	984	793	191	128	36	36	100,000	54	19	19	randomSolver	66,998	39,521	80,299	62,500	75,000	62,500	42,889	30,076	26,736	51,563	53,125	62,500	410,153	80,589	793
MAD-0.1-agents446-hours8.json	984	793	191	538	446	446	100,000	54	19	19	referenceSolver	18,030	57,474	12,500	12,500	12,500	87,500	8,208	8,382	1,823	1,563	1,563	87,500	400,273	59,553	586
MAD-0.1-agents446-hours8.json	984	793	191	538	446	386	86,547	54	19	19	randomSolver	27,898	56,668	0,000	50,000	75,000	75,000	10,171	10,263	0,000	40,625	56,250	75,000	6978,266	100,000	984
MAD-0.1-agents326-hours4.json	984	793	191	418	326	326	100,000	54	19	19	referenceSolver	19,557	49,847	12,500	87,500	12,500	12,500	11,452	14,539	3,646	87,500	3,125	1,563	295,896	47,358	466
MAD-0.1-agents326-hours4.json	984	793	191	418	326	303	92,945	54	19	19	randomSolver	37,510	59,762	12,500	75,000	50,000	62,500	16,550	19,183	3,646	43,750	17,188	53,125	2589,641	100,000	984
MAD-0.1-agents116-hours8.json	984	793	191	208	116	116	100,000	54	19	19	referenceSolver	26,743	26,067	12,500	12,500	87,500	37,500	18,324	3,801	1,823	1,563	87,500	37,500	107,467	26,016	256
MAD-0.1-agents116-hours8.json	984	793	191	208	116	116	100,000	54	19	19	randomSolver	59,491	47,078	62,500	62,500	75,000	75,000	26,308	14,740	9,115	51,563	54,688	54,688	2104,917	100,000	984
MAD-0.1-agents204-hours6.json	984	793	191	296	204	204	100,000	54	19	19	referenceSolver	22,466	38,346	12,500	12,500	12,500	12,500	13,832	7,456	2,431	3,125	1,563	1,563	188,223	34,959	344
MAD-0.1-agents204-hours6.json	984	793	191	296	204	204	100,000	54	19	19	randomSolver	49,250	56,231	50,000	62,500	75,000	50,000	20,115	14,938	9,722	34,375	43,750	40,625	2127,178	100,000	984
MAD-0.1-agents76-hours4.json	984	793	191	168	76	76	100,000	54	19	19	referenceSolver	30,060	18,812	12,500	87,500	87,500	87,500	23,069	5,487	3,646	87,500	87,500	87,500	71,121	21,951	216
MAD-0.1-agents76-hours4.json	984	793	191	168	76	76	100,000	54	19	19	randomSolver	73,646	53,422	80,833	75,000	75,000	75,000	40,873	30,162	32,813	42,188	46,875	64,063	1626,791	98,577	970
MAD-0.1-agents482-hours6.json	984	793	191	574	482	482	100,000	54	19	19	referenceSolver	17,639	59,506	12,500	12,500	12,500	87,500	8,310	11,571	2,431	1,563	1,563	87,500	433,481	63,211	622
MAD-0.1-agents482-hours6.json	984	793	191	574	482	397	82,365	54	19	19	randomSolver	26,948	58,531	50,000	75,000	75,000	75,000	10,373	13,028	9,722	43,750	43,750	53,125	4109,557	100,000	984
MAD-0.1-agents343-hours8.json	984	793	191	435	343	343	100,000	54	19	19	referenceSolver	19,368	50,890	12,500	87,500	12,500	12,500	9,724	7,421	1,823	87,500	1,563	1,563	312,226	49,085	483
MAD-0.1-agents343-hours8.json	984	793	191	435	343	317	92,420	54	19	19	randomSolver	33,871	55,434	12,500	62,500	75,000	75,000	12,580	10,554	1,823	40,625	54,688	43,750	3235,359	100,000	984
MAD-0.1-agents423-hours4.json	984	793	191	515	423	423	100,000	54	19	19	referenceSolver	18,277	56,175	12,500	87,500	87,500	87,500	9,994	16,384	3,646	87,500	87,500	87,500	369,665	57,317	564
MAD-0.1-agents423-hours4.json	984	793	191	515	423	367	86,761	54	19	19	randomSolver	30,540	60,138	12,500	75,000	87,500	87,500	13,432	18,736	3,646	54,688	76,563	67,188	3489,112	100,000	984
MAD-0.1-agents173-hours4.json	984	793	191	265	173	173	100,000	54	19	19	referenceSolver	23,632	34,531	12,500	87,500	87,500	25,000	15,959	10,072	3,646	87,500	87,500	25,000	156,801	31,809	313
MAD-0.1-agents173-hours4.json	984	793	191	265	173	172	99,422	54	19	19	randomSolver	57,099	58,505	37,500	62,500	62,500	75,000	26,105	20,571	10,938	53,125	43,750	35,938	2466,734	100,000	984
MAD-0.1-agents13-hours8.json	984	793	191	105	13	13	100,000	54	19	19	referenceSolver	40,595	3,812	12,500	12,500	87,500	87,500	34,497	0,556	1,823	3,125	87,500	87,500	17,466	15,549	153
MAD-0.1-agents13-hours8.json	984	793	191	105	13	13	100,000	54	19	19	randomSolver	65,974	30,104	63,240	55,000	62,500	62,500	44,772	27,377	60,156	34,375	40,625	42,188	257,303	57,012	561
MAD-0.1-agents218-hours6.json	984	793	191	310	218	218	100,000	54	19	19	referenceSolver	22,056	39,854	12,500	12,500	87,500	50,000	13,322	7,749	2,431	1,563	87,500	50,000	203,625	36,382	358
MAD-0.1-agents218-hours6.json	984	793	191	310	218	216	99,083	54	19	19	randomSolver	47,237	56,097	25,000	75,000	62,500	75,000	19,206	14,550	4,861	53,125	42,188	54,688	3073,568	100,000	984
MAD-0.1-agents387-hours6.json	984	793	191	479	387	387	100,000	54	19	19	referenceSolver	18,685	54,050	12,500	87,500	12,500	87,500	9,483	10,510	2,431	87,500	3,125	87,500	349,623	53,557	527
MAD-0.1-agents387-hours6.json	984	793	191	479	387	348	89,922	54	19	19	randomSolver	32,436	58,828	37,500	37,500	62,500	62,500	12,430	12,998	7,292	17,188	62,500	40,625	5319,151	100,000	984
MAD-0.1-agents258-hours4.json	984	793	191	350	258	258	100,000	54	19	19	referenceSolver	20,964	43,952	12,500	12,500	12,500	12,500	12,973	12,819	3,646	3,125	1,563	3,125	230,369	40,447	398
MAD-0.1-agents258-hours4.json	984	793	191	350	258	252	97,674	54	19	19	randomSolver	44,325	59,353	37,500	50,000	75,000	87,500	19,765	19,631	10,938	50,000	65,625	67,188	3206,036	100,000	984
MAD-0.1-agents97-hours4.json	984	793	191	189	97	97	100,000	54	19	19	referenceSolver	28,175	22,770	12,500	12,500	87,500	87,500	20,927	6,641	3,646	1,563	87,500	87,500	89,583	24,085	237
MAD-0.1-agents97-hours4.json	984	793	191	189	97	97	100,000	54	19	19	randomSolver	72,502	55,469	86,290	50,000	87,500	75,000	36,602	25,272	29,167	40,625	57,813	64,063	896,911	100,000	984
MAD-0.1-agents463-hours6.json	984	793	191	555	463	463	100,000	54	19	19	referenceSolver	17,838	58,460	12,500	87,500	12,500	12,500	8,514	11,367	2,431	87,500	3,125	1,563	411,690	61,280	603
MAD-0.1-agents463-hours6.json	984	793	191	555	463	394	85,097	54	19	19	randomSolver	28,280	59,263	12,500	66,667	79,167	75,000	10,728	12,699	2,431	56,250	28,125	46,875	4859,384	100,000	984
MAD-0.1-agents221-hours8.json	984	793	191	313	221	221	100,000	54	19	19	referenceSolver	21,965	40,182	12,500	87,500	12,500	87,500	12,789	5,860	1,823	87,500	3,125	87,500	211,971	36,687	361
MAD-0.1-agents221-hours8.json	984	793	191	313	221	218	98,643	54	19	19	randomSolver	45,592	53,354	17,969	75,000	75,000	62,500	17,483	11,517	7,292	32,813	75,000	29,688	2456,139	100,000	984
MAD-0.1-agents133-hours6.json	984	793	191	225	133	133	100,000	54	19	19	referenceSolver	25,611	28,850	12,500	12,500	87,500	12,500	17,430	5,610	2,431	1,563	87,500	1,563	121,173	27,744	273
MAD-0.1-agents133-hours6.json	984	793	191	225	133	133	100,000	54	19	19	randomSolver	60,383	52,459	62,073	75,000	62,500	75,000	26,462	16,639	19,444	26,563	43,750	65,625	1981,152	100,000	984
MAD-0.1-agents453-hours4.json	984	793	191	545	453	453	100,000	54	19	19	referenceSolver	17,913	58,003	12,500	12,500	12,500	87,500	9,633	16,917	3,646	1,563	3,125	87,500	391,226	60,264	593
MAD-0.1-agents453-hours4.json	984	793	191	545	453	381	84,106	54	19	19	randomSolver	28,962	60,302	0,000	50,000	62,500	87,500	12,693	18,512	0,000	40,625	42,188	67,188	3556,137	100,000	984
MAD-0.1-agents333-hours8.json	984	793	191	425	333	333	100,000	54	19	19	referenceSolver	19,471	50,302	12,500	87,500	87,500	87,500	9,903	7,336	1,823	87,500	87,500	87,500	304,223	48,069	473
MAD-0.1-agents333-hours8.json	984	793	191	425	333	314	94,294	54	19	19	randomSolver	35,165	56,130	37,500	62,500	50,000	62,500	12,876	10,397	5,469	51,563	7,813	62,500	2859,279	100,000	984
MAD-0.1-agents103-hours4.json	984	793	191	195	103	103	100,000	54	19	19	referenceSolver	27,692	23,843	12,500	12,500	87,500	12,500	20,387	6,954	3,646	1,563	87,500	1,563	93,483	24,695	243
MAD-0.1-agents103-hours4.json	984	793	191	195	103	103	100,000	54	19	19	randomSolver	70,904	55,562	75,000	87,500	62,500	75,000	35,475	24,824	21,875	50,000	51,563	42,188	897,412	100,000	984
MAD-0.1-agents63-hours8.json	984	793	191	155	63	63	100,000	54	19	19	referenceSolver	31,532	16,113	12,500	12,500	12,500	87,500	23,957	2,350	1,823	1,563	1,563	87,500	61,377	20,630	203
MAD-0.1-agents63-hours8.json	984	793	191	155	63	63	100,000	54	19	19	randomSolver	65,564	39,011	54,748	87,500	62,500	62,500	35,304	20,135	25,521	56,250	42,188	34,375	845,983	100,000	984
MAD-0.1-agents7-hours6.json	984	793	191	99	7	7	100,000	54	19	19	referenceSolver	42,424	2,083	12,500	87,500	87,500	87,500	36,551	0,405	2,431	87,500	87,500	87,500	11,100	14,939	147
MAD-0.1-agents7-hours6.json	984	793	191	99	7	7	100,000	54	19	19	randomSolver	66,845	17,273	62,811	50,000	79,167	75,000	44,355	14,966	48,611	20,313	67,188	64,063	156,918	34,654	341
MAD-0.1-agents268-hours6.json	984	793	191	360	268	268	100,000	54	19	19	referenceSolver	20,729	44,891	12,500	12,500	12,500	12,500	11,814	8,729	2,431	1,563	1,563	1,563	240,300	41,463	408
MAD-0.1-agents268-hours6.json	984	793	191	360	268	262	97,761	54	19	19	randomSolver	42,486	57,643	37,500	75,000	87,500	62,500	16,539	13,416	7,292	31,250	67,188	43,750	3000,273	100,000	984
MAD-0.1-agents228-hours4.json	984	793	191	320	228	228	100,000	54	19	19	referenceSolver	21,719	41,007	12,500	87,500	87,500	87,500	13,843	11,960	3,646	87,500	87,500	87,500	203,915	37,398	368
MAD-0.1-agents228-hours4.json	984	793	191	320	228	225	98,684	54	19	19	randomSolver	47,944	58,859	25,000	75,000	50,000	62,500	21,618	19,944	7,292	54,688	39,063	20,313	2972,767	100,000	984
MAD-0.1-agents187-hours8.json	984	793	191	279	187	187	100,000	54	19	19	referenceSolver	23,163	36,170	12,500	12,500	12,500	12,500	14,136	5,275	1,823	3,125	1,563	3,125	170,792	33,232	327
MAD-0.1-agents187-hours8.json	984	793	191	279	187	187	100,000	54	19	19	randomSolver	49,470	52,210	50,000	84,375	75,000	75,000	19,613	12,300	7,292	29,688	45,313	64,063	1681,464	100,000	984
MAD-0.1-agents295-hours6.json	984	793	191	387	295	295	100,000	54	19	19	referenceSolver	20,123	47,352	12,500	12,500	12,500	37,500	11,151	9,207	2,431	1,563	3,125	37,500	267,871	44,207	435
MAD-0.1-agents295-hours6.json	984	793	191	387	295	284	96,271	54	19	19	randomSolver	39,172	57,146	37,500	50,000	62,500	87,500	15,385	13,565	7,292	20,313	40,625	56,250	3584,145	100,000	984
MAD-0.1-agents413-hours6.json	984	793	191	505	413	413	100,000	54	19	19	referenceSolver	18,366	55,660	12,500	12,500	87,500	12,500	9,120	10,823	2,431	1,563	87,500	1,563	382,329	56,199	553
MAD-0.1-agents413-hours6.json	984	793	191	505	413	362	87,651	54	19	19	randomSolver	30,588	58,979	12,500	62,500	62,500	75,000	11,790	12,789	2,431	34,375	31,250	35,938	3857,598	100,000	984
MAD-0.1-agents143-hours6.json	984	793	191	235	143	143	100,000	54	19	19	referenceSolver	25,053	30,361	12,500	87,500	87,500	12,500	16,792	5,904	2,431	87,500	87,500	1,563	133,052	28,760	283
MAD-0.1-agents143-hours6.json	984	793	191	235	143	143	100,000	54	19	19	randomSolver	59,889	54,039	85,000	87,500	75,000	75,000	25,336	15,744	19,444	48,438	35,938	45,313	1716,345	100,000	984
MAD-0.1-agents251-hours8.json	984	793	191	343	251	251	100,000	54	19	19	referenceSolver	21,137	43,276	12,500	12,500	12,500	87,500	11,834	6,311	1,823	1,563	1,563	87,500	226,382	39,736	391
MAD-0.1-agents251-hours8.json	984	793	191	343	251	246	98,008	54	19	19	randomSolver	42,412	54,898	12,500	62,500	50,000	75,000	15,954	10,868	1,823	31,250	29,688	64,063	2361,877	100,000	984
MAD-0.1-agents390-hours8.json	984	793	191	482	390	390	100,000	54	19	19	referenceSolver	18,620	54,318	12,500	12,500	87,500	12,500	8,941	7,921	1,823	1,563	87,500	1,563	348,451	53,862	530
MAD-0.1-agents390-hours8.json	984	793	191	482	390	349	89,487	54	19	19	randomSolver	31,314	56,946	37,500	58,333	75,000	87,500	11,353	10,106	5,469	26,563	45,313	67,188	3245,466	100,000	984
MAD-0.1-agents276-hours4.json	984	793	191	368	276	276	100,000	54	19	19	referenceSolver	20,516	45,695	12,500	12,500	87,500	12,500	12,513	13,328	3,646	3,125	87,500	1,563	246,696	42,276	416
MAD-0.1-agents276-hours4.json	984	793	191	368	276	267	96,739	54	19	19	randomSolver	42,179	59,336	25,000	37,500	75,000	62,500	18,798	19,631	7,292	26,563	34,375	40,625	2605,998	100,000	984
MAD-0.1-agents354-hours6.json	984	793	191	446	354	354	100,000	54	19	19	referenceSolver	19,142	51,830	12,500	12,500	87,500	12,500	10,001	10,078	2,431	3,125	87,500	1,563	318,426	50,203	494
MAD-0.1-agents354-hours6.json	984	793	191	446	354	330	93,220	54	19	19	randomSolver	34,182	58,145	25,000	75,000	37,500	75,000	13,350	13,296	4,861	53,125	37,500	54,688	5137,109	100,000	984
MAD-0.1-agents489-hours8.json	984	793	191	581	489	489	100,000	54	19	19	referenceSolver	17,577	59,853	12,500	12,500	12,500	12,500	7,728	8,729	1,823	1,563	3,125	1,563	439,390	63,923	629
MAD-0.1-agents489-hours8.json	984	793	191	581	489	387	79,141	54	19	19	randomSolver	26,279	57,671	25,000	50,000	87,500	75,000	9,418	9,950	3,646	50,000	39,063	65,625	4060,802	100,000	984
MAD-0.1-agents236-hours6.json	984	793	191	328	236	236	100,000	54	19	19	referenceSolver	21,494	41,844	12,500	12,500	12,500	12,500	12,720	8,136	2,431	1,563	3,125	1,563	214,322	38,211	376
MAD-0.1-agents236-hours6.json	984	793	191	328	236	232	98,305	54	19	19	randomSolver	45,283	56,751	55,932	67,500	75,000	62,500	18,152	14,192	14,583	45,313	45,313	43,750	3065,310	100,000	984
MAD-0.1-agents124-hours8.json	984	793	191	216	124	124	100,000	54	19	19	referenceSolver	26,215	27,373	12,500	25,000	87,500	87,500	17,713	3,992	1,823	15,625	87,500	87,500	114,477	26,829	264
MAD-0.1-agents124-hours8.json	984	793	191	216	124	124	100,000	54	19	19	randomSolver	58,640	47,044	42,524	75,000	75,000	75,000	25,334	13,800	18,229	53,125	64,063	64,063	1729,144	100,000	984
MAD-0.1-agents314-hours4.json	984	793	191	406	314	314	100,000	54	19	19	referenceSolver	19,797	48,834	12,500	37,500	12,500	12,500	11,691	14,243	3,646	37,500	3,125	1,563	279,354	46,138	454
MAD-0.1-agents314-hours4.json	984	793	191	406	314	296	94,268	54	19	19	randomSolver	38,518	59,799	25,000	62,500	75,000	66,667	17,039	19,183	7,292	34,375	54,688	45,313	4808,286	100,000	984
MAD-0.1-agents474-hours8.json	984	793	191	566	474	474	100,000	54	19	19	referenceSolver	17,712	59,102	12,500	87,500	37,500	87,500	7,884	8,619	1,823	87,500	37,500	87,500	431,033	62,398	614
MAD-0.1-agents474-hours8.json	984	793	191	566	474	383	80,802	54	19	19	randomSolver	26,730	56,836	25,000	87,500	54,167	62,500	9,668	10,084	3,646	43,750	42,188	31,250	3876,298	100,000	984
MAD-0.1-agents44-hours4.json	984	793	191	136	44	44	100,000	54	19	19	referenceSolver	34,283	11,796	12,500	87,500	12,500	12,500	27,662	3,441	3,646	87,500	1,563	1,563	44,976	18,699	184
MAD-0.1-agents44-hours4.json	984	793	191	136	44	44	100,000	54	19	19	randomSolver	71,493	43,934	79,724	50,000	75,000	87,500	43,788	29,447	43,750	29,688	43,750	78,125	578,878	73,171	720
MAD-0.1-agents480-hours4.json	984	793	191	572	480	480	100,000	54	19	19	referenceSolver	17,657	59,406	12,500	12,500	12,500	87,500	9,350	17,327	3,646	1,563	1,563	87,500	415,818	63,008	620
MAD-0.1-agents480-hours4.json	984	793	191	572	480	395	82,292	54	19	19	randomSolver	27,620	59,861	12,500	62,500	62,500	75,000	12,094	18,870	3,646	32,813	32,813	45,313	3760,362	100,000	984
MAD-0.1-agents206-hours4.json	984	793	191	298	206	206	100,000	54	19	19	referenceSolver	22,483	38,433	12,500	12,500	12,500	62,500	14,611	11,210	3,646	1,563	1,563	62,500	186,245	35,163	346
MAD-0.1-agents206-hours4.json	984	793	191	298	206	205	99,515	54	19	19	randomSolver	51,043	58,725	62,500	50,000	75,000	37,500	23,214	20,213	18,229	40,625	54,688	28,125	3239,798	100,000	984
MAD-0.1-agents324-hours6.json	984	793	191	416	324	324	100,000	54	19	19	referenceSolver	19,591	49,693	12,500	87,500	87,500	12,500	10,543	9,663	2,431	87,500	87,500	1,563	323,991	47,154	464
MAD-0.1-agents324-hours6.json	984	793	191	416	324	305	94,136	54	19	19	randomSolver	37,189	58,331	37,500	87,500	75,000	75,000	14,312	13,177	7,292	26,563	54,688	56,250	2651,791	100,000	984
MAD-0.1-agents399-hours4.json	984	793	191	491	399	399	100,000	54	19	19	referenceSolver	18,508	54,883	12,500	12,500	50,000	87,500	10,291	16,008	3,646	1,563	50,000	87,500	345,400	54,776	539
MAD-0.1-agents399-hours4.json	984	793	191	491	399	357	89,474	54	19	19	randomSolver	31,738	59,483	25,000	66,667	75,000	62,500	14,089	19,318	7,292	25,000	54,688	31,250	3261,284	100,000	984
MAD-0.1-agents74-hours6.json	984	793	191	166	74	74	100,000	54	19	19	referenceSolver	30,346	18,362	12,500	12,500	87,500	12,500	22,780	3,570	2,431	1,563	87,500	1,563	72,011	21,748	214
MAD-0.1-agents74-hours6.json	984	793	191	166	74	74	100,000	54	19	19	randomSolver	69,210	46,452	67,918	75,000	75,000	75,000	35,867	23,235	34,028	35,938	54,688	35,938	1533,834	100,000	984
MAD-0.1-agents154-hours8.json	984	793	191	246	154	154	100,000	54	19	19	referenceSolver	24,492	31,950	12,500	12,500	87,500	12,500	15,769	4,659	1,823	1,563	87,500	1,563	139,979	29,878	294
MAD-0.1-agents154-hours8.json	984	793	191	246	154	153	99,351	54	19	19	randomSolver	53,894	49,888	25,000	54,167	75,000	75,000	22,244	13,240	3,646	32,813	43,750	56,250	1542,386	100,000	984
MAD-0.1-agents89-hours6.json	984	793	191	181	89	89	100,000	54	19	19	referenceSolver	28,798	21,343	12,500	87,500	12,500	12,500	21,076	4,150	2,431	87,500	1,563	1,563	84,622	23,272	229
MAD-0.1-agents89-hours6.json	984	793	191	181	89	89	100,000	54	19	19	randomSolver	67,601	47,965	63,051	62,500	87,500	75,000	32,895	20,101	26,736	51,563	65,625	45,313	937,025	100,000	984
MAD-0.1-agents246-hours6.json	984	793	191	338	246	246	100,000	54	19	19	referenceSolver	21,339	42,634	12,500	87,500	12,500	87,500	12,434	8,290	2,431	87,500	3,125	87,500	220,294	39,228	386
MAD-0.1-agents246-hours6.json	984	793	191	338	246	241	97,967	54	19	19	randomSolver	43,659	56,533	75,000	87,500	50,000	75,000	17,615	14,192	14,583	76,563	50,000	43,750	2155,990	100,000	984
MAD-0.1-agents404-hours8.json	984	793	191	496	404	404	100,000	54	19	19	referenceSolver	18,448	55,191	12,500	12,500	87,500	25,000	8,740	8,049	1,823	3,125	87,500	25,000	367,263	55,285	544
MAD-0.1-agents404-hours8.json	984	793	191	496	404	357	88,366	54	19	19	randomSolver	30,427	57,080	25,000	75,000	62,500	87,500	11,033	10,129	3,646	35,938	42,188	46,875	6017,562	100,000	984
MAD-0.1-agents364-hours4.json	984	793	191	456	364	364	100,000	54	19	19	referenceSolver	19,052	52,374	12,500	12,500	87,500	12,500	10,815	15,276	3,646	1,563	87,500	1,563	317,086	51,220	504
MAD-0.1-agents364-hours4.json	984	793	191	456	364	334	91,758	54	19	19	randomSolver	34,044	59,537	25,000	62,500	87,500	75,000	15,170	19,362	7,292	32,813	50,000	64,063	2873,231	100,000	984
MAD-0.1-agents34-hours4.json	984	793	191	126	34	34	100,000	54	19	19	referenceSolver	35,913	9,392	12,500	12,500	87,500	37,500	29,543	2,739	3,646	1,563	87,500	37,500	35,310	17,683	174
MAD-0.1-agents34-hours4.json	984	793	191	126	34	34	100,000	54	19	19	randomSolver	70,260	39,725	77,137	62,500	50,000	50,000	44,573	28,427	54,688	21,875	18,750	31,250	598,268	63,720	627
MAD-0.1-agents190-hours6.json	984	793	191	282	190	190	100,000	54	19	19	referenceSolver	22,961	36,680	12,500	37,500	12,500	87,500	14,398	7,132	2,431	37,500	1,563	87,500	170,522	33,537	330
MAD-0.1-agents190-hours6.json	984	793	191	282	190	189	99,474	54	19	19	randomSolver	51,382	55,398	62,500	50,000	75,000	75,000	21,113	14,789	12,153	18,750	64,063	64,063	3308,172	100,000	984
MAD-0.1-agents282-hours8.json	984	793	191	374	282	282	100,000	54	19	19	referenceSolver	20,388	46,230	12,500	87,500	12,500	12,500	10,996	6,742	1,823	87,500	1,563	1,563	258,069	42,886	422
MAD-0.1-agents282-hours8.json	984	793	191	374	282	267	94,681	54	19	19	randomSolver	38,865	54,735	0,000	87,500	62,500	75,000	14,631	10,935	0,000	65,625	42,188	32,813	2614,323	100,000	984
MAD-0.1-agents385-hours8.json	984	793	191	477	385	385	100,000	54	19	19	referenceSolver	18,684	53,997	12,500	87,500	12,500	87,500	9,015	7,875	1,823	87,500	3,125	87,500	344,036	53,354	525
MAD-0.1-agents385-hours8.json	984	793	191	477	385	341	88,571	54	19	19	randomSolver	31,212	55,937	12,500	50,000	62,500	75,000	11,472	10,375	1,823	39,063	23,438	56,250	3504,683	100,000	984
MAD-0.1-agents458-hours6.json	984	793	191	550	458	458	100,000	54	19	19	referenceSolver	17,886	58,196	12,500	12,500	87,500	37,500	8,572	11,316	2,431	1,563	87,500	37,500	407,651	60,772	598
MAD-0.1-agents458-hours6.json	984	793	191	550	458	397	86,681	54	19	19	randomSolver	28,496	59,425	0,000	75,000	62,500	62,500	10,825	12,789	0,000	32,813	32,813	42,188	6164,835	100,000	984
MAD-0.1-agents108-hours6.json	984	793	191	200	108	108	100,000	54	19	19	referenceSolver	27,313	24,714	12,500	87,500	87,500	50,000	19,320	4,805	2,431	87,500	87,500	50,000	103,851	25,203	248
MAD-0.1-agents108-hours6.json	984	793	191	200	108	108	100,000	54	19	19	randomSolver	66,188	51,257	62,500	50,000	75,000	87,500	29,770	17,713	12,153	40,625	54,688	67,188	1578,426	100,000	984
MAD-0.1-agents11-hours6.json	984	793	191	103	11	11	100,000	54	19	19	referenceSolver	41,262	3,235	12,500	12,500	87,500	12,500	35,211	0,629	2,431	3,125	87,500	3,125	15,047	15,346	151
MAD-0.1-agents11-hours6.json	984	793	191	103	11	11	100,000	54	19	19	randomSolver	67,589	24,058	66,126	75,000	62,500	75,000	44,591	20,334	53,472	31,250	31,250	54,688	337,972	43,089	424
MAD-0.1-agents341-hours6.json	984	793	191	433	341	341	100,000	54	19	19	referenceSolver	19,371	50,820	12,500	25,000	12,500	37,500	10,235	9,882	2,431	25,000	1,563	37,500	301,374	48,882	481
MAD-0.1-agents341-hours6.json	984	793	191	433	341	313	91,789	54	19	19	randomSolver	35,189	57,595	25,000	62,500	75,000	75,000	13,751	13,535	4,861	34,375	45,313	35,938	4270,532	100,000	984
MAD-0.1-agents263-hours4.json	984	793	191	355	263	263	100,000	54	19	19	referenceSolver	20,810	44,501	12,500	87,500	12,500	12,500	12,837	12,979	3,646	87,500	3,125	3,125	268,434	40,955	403
MAD-0.1-agents263-hours4.json	984	793	191	355	263	257	97,719	54	19	19	randomSolver	43,967	59,582	37,500	75,000	66,667	87,500	19,487	19,273	10,938	31,250	54,688	67,188	3181,709	100,000	984
MAD-0.1-agents51-hours4.json	984	793	191	143	51	51	100,000	54	19	19	referenceSolver	33,217	13,421	12,500	12,500	12,500	87,500	26,486	3,914	3,646	3,125	1,563	87,500	49,683	19,411	191
MAD-0.1-agents51-hours4.json	984	793	191	143	51	51	100,000	54	19	19	randomSolver	71,594	46,873	82,121	87,500	50,000	87,500	43,302	30,646	36,458	34,375	40,625	46,875	814,581	79,776	785
MAD-0.1-agents461-hours8.json	984	793	191	553	461	461	100,000	54	19	19	referenceSolver	17,835	58,428	12,500	87,500	87,500	12,500	8,027	8,521	1,823	87,500	87,500	1,563	414,772	61,077	601
MAD-0.1-agents461-hours8.json	984	793	191	553	461	386	83,731	54	19	19	randomSolver	27,307	57,113	5,000	62,500	79,167	62,500	9,895	10,129	3,646	32,813	68,750	40,625	6901,574	100,000	984
MAD-0.1-agents301-hours4.json	984	793	191	393	301	301	100,000	54	19	19	referenceSolver	20,038	47,778	12,500	12,500	87,500	87,500	11,957	13,935	3,646	1,563	87,500	87,500	266,834	44,817	441
MAD-0.1-agents301-hours4.json	984	793	191	393	301	286	95,017	54	19	19	randomSolver	39,393	59,585	37,500	62,500	50,000	50,000	17,602	19,541	10,938	42,188	29,688	39,063	2562,141	100,000	984
MAD-0.1-agents131-hours8.json	984	793	191	223	131	131	100,000	54	19	19	referenceSolver	25,729	28,540	12,500	87,500	12,500	12,500	17,207	4,162	1,823	87,500	1,563	1,563	119,993	27,541	271
MAD-0.1-agents131-hours8.json	984	793	191	223	131	130	99,237	54	19	19	randomSolver	57,978	48,679	50,000	62,500	87,500	75,000	24,539	13,621	7,292	21,875	48,438	56,250	1469,497	100,000	984
MAD-0.1-agents223-hours6.json	984	793	191	315	223	223	100,000	54	19	19	referenceSolver	21,905	40,399	12,500	87,500	87,500	12,500	13,149	7,855	2,431	87,500	87,500	3,125	206,375	36,890	363
MAD-0.1-agents223-hours6.json	984	793	191	315	223	222	99,552	54	19	19	randomSolver	47,518	57,076	35,294	62,500	50,000	62,500	18,902	13,804	9,722	29,688	50,000	29,688	2733,812	100,000	984
MAD-0.1-agents28-hours8.json	984	793	191	120	28	28	100,000	54	19	19	referenceSolver	37,188	7,843	12,500	87,500	50,000	12,500	30,425	1,144	1,823	87,500	50,000	3,125	30,443	17,073	168
MAD-0.1-agents28-hours8.json	984	793	191	120	28	28	100,000	54	19	19	randomSolver	64,454	35,619	55,163	50,000	62,500	62,500	43,171	30,277	32,813	39,063	42,188	32,813	681,256	83,740	824
MAD-0.1-agents418-hours4.json	984	793	191	510	418	418	100,000	54	19	19	referenceSolver	18,333	55,882	12,500	12,500	12,500	12,500	10,053	16,299	3,646	1,563	1,563	3,125	378,739	56,707	558
MAD-0.1-agents418-hours4.json	984	793	191	510	418	378	90,431	54	19	19	randomSolver	30,677	59,860	0,000	50,000	50,000	87,500	13,564	19,004	0,000	40,625	20,313	76,563	3924,555	100,000	984
MAD-0.1-agents378-hours8.json	984	793	191	470	378	378	100,000	54	19	19	referenceSolver	18,777	53,541	12,500	12,500	87,500	12,500	9,122	7,808	1,823	1,563	87,500	1,563	356,413	52,642	518
MAD-0.1-agents378-hours8.json	984	793	191	470	378	338	89,418	54	19	19	randomSolver	32,160	56,744	37,500	50,000	75,000	75,000	11,643	10,174	5,469	31,250	53,125	54,688	4306,879	100,000	984
MAD-0.1-agents148-hours4.json	984	793	191	240	148	148	100,000	54	19	19	referenceSolver	24,844	31,027	12,500	87,500	12,500	12,500	17,248	9,050	3,646	87,500	3,125	3,125	133,165	29,268	288
MAD-0.1-agents148-hours4.json	984	793	191	240	148	148	100,000	54	19	19	randomSolver	62,060	58,159	70,833	62,500	75,000	62,500	28,824	21,108	25,521	42,188	65,625	62,500	1249,862	100,000	984
MAD-0.1-agents495-hours4.json	984	793	191	587	495	495	100,000	54	19	19	referenceSolver	17,526	60,146	12,500	12,500	12,500	87,500	9,205	17,543	3,646	1,563	1,563	87,500	436,778	64,533	635
MAD-0.1-agents495-hours4.json	984	793	191	587	495	402	81,212	54	19	19	randomSolver	27,130	60,401	25,000	62,500	62,500	75,000	11,785	18,288	7,292	34,375	62,500	53,125	4334,556	100,000	984
MAD-0.1-agents428-hours6.json	984	793	191	520	428	428	100,000	54	19	19	referenceSolver	18,221	56,464	12,500	12,500	12,500	87,500	8,930	10,979	2,431	1,563	1,563	87,500	380,234	57,724	568
MAD-0.1-agents428-hours6.json	984	793	191	520	428	362	84,579	54	19	19	randomSolver	29,672	58,586	0,000	87,500	75,000	62,500	11,450	13,117	0,000	56,250	43,750	42,188	3737,851	100,000	984
MAD-0.1-agents178-hours6.json	984	793	191	270	178	178	100,000	54	19	19	referenceSolver	23,472	35,108	12,500	87,500	87,500	12,500	14,941	6,827	2,431	87,500	87,500	3,125	167,799	32,317	318
MAD-0.1-agents178-hours6.json	984	793	191	270	178	177	99,438	54	19	19	randomSolver	52,994	54,897	50,000	75,000	50,000	87,500	22,052	15,117	9,722	65,625	39,063	43,750	1561,377	100,000	984
MAD-0.1-agents5-hours8.json	984	793	191	97	5	5	100,000	54	19	19	referenceSolver	43,170	1,493	12,500	12,500	87,500	12,500	37,240	0,218	1,823	1,563	87,500	1,563	9,689	14,736	145
MAD-0.1-agents5-hours8.json	984	793	191	97	5	5	100,000	54	19	19	randomSolver	67,046	14,910	51,867	50,000	75,000	75,000	44,180	13,689	47,396	28,125	53,125	46,875	179,527	33,841	333
MAD-0.1-agents61-hours6.json	984	793	191	153	61	61	100,000	54	19	19	referenceSolver	31,863	15,641	12,500	12,500	87,500	12,500	24,498	3,041	2,431	3,125	87,500	3,125	59,723	20,427	201
MAD-0.1-agents61-hours6.json	984	793	191	153	61	61	100,000	54	19	19	randomSolver	67,741	44,527	71,432	75,000	37,500	75,000	38,804	26,286	26,736	75,000	26,563	56,250	1038,968	99,289	977
MAD-0.1-agents331-hours6.json	984	793	191	423	331	331	100,000	54	19	19	referenceSolver	19,504	50,152	12,500	12,500	87,500	50,000	10,416	9,752	2,431	1,563	87,500	50,000	296,296	47,866	471
MAD-0.1-agents331-hours6.json	984	793	191	423	331	299	90,332	54	19	19	randomSolver	36,401	58,354	37,500	87,500	75,000	37,500	14,076	13,147	7,292	59,375	42,188	28,125	2870,430	100,000	984
MAD-0.1-agents213-hours4.json	984	793	191	305	213	213	100,000	54	19	19	referenceSolver	22,213	39,299	12,500	12,500	12,500	87,500	14,349	11,462	3,646	3,125	1,563	87,500	190,792	35,874	353
MAD-0.1-agents213-hours4.json	984	793	191	305	213	213	100,000	54	19	19	randomSolver	50,713	59,162	25,000	62,500	62,500	62,500	22,681	19,900	7,292	51,563	23,438	53,125	3092,587	100,000	984
MAD-0.1-agents21-hours4.json	984	793	191	113	21	21	100,000	54	19	19	referenceSolver	38,938	5,966	12,500	12,500	87,500	12,500	32,577	1,740	3,646	1,563	87,500	1,563	23,865	16,362	161
MAD-0.1-agents21-hours4.json	984	793	191	113	21	21	100,000	54	19	19	randomSolver	69,314	32,046	94,398	50,000	75,000	87,500	45,183	24,390	51,042	18,750	42,188	68,750	542,105	49,492	487
MAD-0.1-agents371-hours4.json	984	793	191	463	371	371	100,000	54	19	19	referenceSolver	18,898	53,000	12,500	62,500	12,500	62,500	10,697	15,458	3,646	62,500	1,563	62,500	320,085	51,931	511
MAD-0.1-agents371-hours4.json	984	793	191	463	371	331	89,218	54	19	19	randomSolver	33,783	59,780	12,500	75,000	75,000	50,000	14,941	19,183	3,646	43,750	64,063	17,188	2935,999	100,000	984
MAD-0.1-agents411-hours8.json	984	793	191	503	411	411	100,000	54	19	19	referenceSolver	18,365	55,616	12,500	12,500	87,500	12,500	8,643	8,111	1,823	1,563	87,500	3,125	367,905	55,996	551
MAD-0.1-agents411-hours8.json	984	793	191	503	411	360	87,591	54	19	19	randomSolver	29,968	56,610	12,500	75,000	75,000	87,500	10,879	10,174	1,823	43,750	45,313	67,188	3962,727	100,000	984
MAD-0.1-agents253-hours6.json	984	793	191	345	253	253	100,000	54	19	19	referenceSolver	21,087	43,471	12,500	87,500	12,500	12,500	12,222	8,453	2,431	87,500	1,563	1,563	234,168	39,939	393
MAD-0.1-agents253-hours6.json	984	793	191	345	253	249	98,419	54	19	19	randomSolver	43,370	56,883	82,609	75,000	75,000	75,000	17,258	14,102	19,444	54,688	32,813	43,750	4415,594	100,000	984
MAD-0.1-agents141-hours8.json	984	793	191	233	141	141	100,000	54	19	19	referenceSolver	25,161	30,064	12,500	12,500	37,500	87,500	16,547	4,384	1,823	1,563	37,500	87,500	128,075	28,557	281
MAD-0.1-agents141-hours8.json	984	793	191	233	141	141	100,000	54	19	19	randomSolver	56,528	49,784	75,000	50,000	25,000	50,000	23,486	12,949	10,938	39,063	6,250	29,688	2700,161	100,000	984
MAD-0.1-agents297-hours8.json	984	793	191	389	297	297	100,000	54	19	19	referenceSolver	20,084	47,520	12,500	12,500	87,500	87,500	10,642	6,930	1,823	1,563	87,500	87,500	264,036	44,411	437
MAD-0.1-agents297-hours8.json	984	793	191	389	297	287	96,633	54	19	19	randomSolver	37,921	55,914	62,500	75,000	37,500	37,500	14,067	10,554	9,115	56,250	26,563	7,813	4007,280	100,000	984
MAD-0.1-agents185-hours6.json	984	793	191	277	185	185	100,000	54	19	19	referenceSolver	23,195	35,992	12,500	87,500	12,500	12,500	14,620	6,998	2,431	87,500	1,563	1,563	173,468	33,028	325
MAD-0.1-agents185-hours6.json	984	793	191	277	185	184	99,459	54	19	19	randomSolver	51,870	54,997	50,000	50,000	50,000	75,000	21,495	15,087	9,722	21,875	28,125	46,875	3228,527	100,000	984
MAD-0.1-agents58-hours8.json	984	793	191	150	58	58	100,000	54	19	19	referenceSolver	32,250	14,987	12,500	12,500	87,500	12,500	24,705	2,186	1,823	3,125	87,500	3,125	58,662	20,122	198
MAD-0.1-agents58-hours8.json	984	793	191	150	58	58	100,000	54	19	19	randomSolver	65,526	39,291	62,668	50,000	75,000	50,000	36,481	21,836	27,344	29,688	45,313	31,250	746,886	100,000	984
MAD-0.1-agents308-hours8.json	984	793	191	400	308	308	100,000	54	19	19	referenceSolver	19,906	48,352	12,500	12,500	12,500	12,500	10,404	7,051	1,823	1,563	1,563	1,563	277,311	45,528	448
MAD-0.1-agents308-hours8.json	984	793	191	400	308	290	94,156	54	19	19	randomSolver	36,621	54,907	0,000	62,500	62,500	75,000	13,680	10,890	0,000	40,625	29,688	54,688	4133,342	100,000	984
MAD-0.1-agents468-hours4.json	984	793	191	560	468	468	100,000	54	19	19	referenceSolver	17,790	58,720	12,500	87,500	87,500	12,500	9,478	17,127	3,646	87,500	87,500	3,125	408,665	61,789	608
MAD-0.1-agents468-hours4.json	984	793	191	560	468	397	84,829	54	19	19	randomSolver	28,205	59,989	12,500	50,000	79,167	75,000	12,353	18,736	3,646	40,625	25,000	64,063	4101,889	100,000	984
MAD-0.1-agents138-hours4.json	984	793	191	230	138	138	100,000	54	19	19	referenceSolver	25,380	29,550	12,500	12,500	12,500	87,500	17,846	8,619	3,646	1,563	1,563	87,500	122,626	28,252	278
MAD-0.1-agents138-hours4.json	984	793	191	230	138	138	100,000	54	19	19	randomSolver	64,453	57,705	50,000	75,000	75,000	75,000	30,077	21,735	14,583	54,688	65,625	54,688	1217,079	100,000	984
MAD-0.1-agents166-hours4.json	984	793	191	258	166	166	100,000	54	19	19	referenceSolver	24,031	33,468	12,500	75,000	87,500	87,500	16,305	9,761	3,646	75,000	87,500	87,500	149,590	31,098	306
MAD-0.1-agents166-hours4.json	984	793	191	258	166	166	100,000	54	19	19	randomSolver	58,089	58,133	75,000	62,500	62,500	75,000	26,813	21,332	21,875	32,813	34,375	54,688	1455,222	100,000	984
MAD-0.1-agents436-hours4.json	984	793	191	528	436	436	100,000	54	19	19	referenceSolver	18,087	57,068	12,500	12,500	87,500	12,500	9,826	16,645	3,646	1,563	87,500	3,125	384,740	58,537	576
MAD-0.1-agents436-hours4.json	984	793	191	528	436	381	87,385	54	19	19	randomSolver	30,035	60,204	0,000	75,000	87,500	62,500	13,102	18,557	0,000	64,063	59,375	51,563	4160,907	100,000	984
MAD-0.1-agents356-hours8.json	984	793	191	448	356	356	100,000	54	19	19	referenceSolver	19,085	52,047	12,500	12,500	87,500	12,500	9,481	7,590	1,823	12,500	87,500	3,125	326,358	50,407	496
MAD-0.1-agents356-hours8.json	984	793	191	448	356	322	90,449	54	19	19	randomSolver	33,426	56,770	17,572	62,500	62,500	62,500	12,215	10,532	5,469	42,188	42,188	51,563	3304,467	100,000	984
MAD-0.1-agents392-hours6.json	984	793	191	484	392	392	100,000	54	19	19	referenceSolver	18,621	54,369	12,500	12,500	87,500	87,500	9,407	10,572	2,431	1,563	87,500	87,500	350,390	54,065	532
MAD-0.1-agents392-hours6.json	984	793	191	484	392	359	91,582	54	19	19	randomSolver	31,545	58,373	12,500	79,167	75,000	75,000	12,302	13,237	2,431	46,875	75,000	45,313	3383,803	100,000	984
MAD-0.1-agents82-hours4.json	984	793	191	174	82	82	100,000	54	19	19	referenceSolver	29,526	19,951	12,500	87,500	25,000	12,500	22,417	5,819	3,646	87,500	25,000	3,125	78,078	22,561	222
MAD-0.1-agents82-hours4.json	984	793	191	174	82	82	100,000	54	19	19	randomSolver	72,633	53,505	77,600	62,500	62,500	62,500	39,715	28,270	40,104	40,625	51,563	40,625	1707,516	99,797	982
MAD-0.1-agents126-hours6.json	984	793	191	218	126	126	100,000	54	19	19	referenceSolver	26,032	27,753	12,500	87,500	87,500	12,500	17,911	5,396	2,431	87,500	87,500	3,125	118,183	27,033	266
MAD-0.1-agents126-hours6.json	984	793	191	218	126	126	100,000	54	19	19	randomSolver	62,821	52,944	37,500	62,500	87,500	75,000	27,312	16,878	7,292	42,188	76,563	34,375	2111,742	100,000	984
MAD-0.1-agents234-hours8.json	984	793	191	326	234	234	100,000	54	19	19	referenceSolver	21,626	41,489	12,500	50,000	12,500	12,500	12,356	6,051	1,823	50,000	3,125	3,125	214,313	38,008	374
MAD-0.1-agents234-hours8.json	984	793	191	326	234	228	97,436	54	19	19	randomSolver	43,982	54,403	36,484	62,500	87,500	50,000	16,786	11,315	14,583	43,750	57,813	28,125	4132,775	100,000	984
MAD-0.1-agents476-hours6.json	984	793	191	568	476	476	100,000	54	19	19	referenceSolver	17,716	59,130	12,500	87,500	12,500	87,500	8,375	11,498	2,431	87,500	1,563	87,500	448,364	62,602	616
MAD-0.1-agents476-hours6.json	984	793	191	568	476	390	81,933	54	19	19	randomSolver	27,354	58,747	0,000	62,500	62,500	75,000	10,482	12,908	0,000	53,125	62,500	64,063	4094,262	100,000	984
MAD-0.1-agents76-hours8.json	984	793	191	168	76	76	100,000	54	19	19	referenceSolver	30,134	18,765	12,500	12,500	87,500	12,500	22,263	2,737	1,823	1,563	87,500	1,563	71,180	21,951	216
MAD-0.1-agents76-hours8.json	984	793	191	168	76	76	100,000	54	19	19	randomSolver	64,990	42,025	61,044	87,500	75,000	66,667	32,572	18,366	18,229	56,250	35,938	43,750	837,349	100,000	984
MAD-0.1-agents116-hours4.json	984	793	191	208	116	116	100,000	54	19	19	referenceSolver	26,743	26,067	12,500	87,500	50,000	12,500	19,341	7,603	3,646	87,500	50,000	1,563	103,276	26,016	256
MAD-0.1-agents116-hours4.json	984	793	191	208	116	116	100,000	54	19	19	randomSolver	68,660	56,475	60,606	87,500	62,500	87,500	33,258	23,257	21,875	57,813	40,625	78,125	2051,771	100,000	984
MAD-0.1-agents326-hours8.json	984	793	191	418	326	326	100,000	54	19	19	referenceSolver	19,617	49,695	12,500	12,500	87,500	87,500	10,042	7,247	1,823	1,563	87,500	87,500	295,000	47,358	466
MAD-0.1-agents326-hours8.json	984	793	191	418	326	297	91,104	54	19	19	randomSolver	35,464	56,070	12,500	75,000	87,500	75,000	13,091	10,644	1,823	32,813	57,813	45,313	3412,480	100,000	984
MAD-0.1-agents446-hours4.json	984	793	191	538	446	446	100,000	54	19	19	referenceSolver	17,983	57,623	12,500	12,500	87,500	12,500	9,711	16,807	3,646	1,563	87,500	3,125	391,037	59,553	586
MAD-0.1-agents446-hours4.json	984	793	191	538	446	381	85,426	54	19	19	randomSolver	29,426	60,129	25,000	75,000	87,500	75,000	12,858	18,780	7,292	42,188	78,125	42,188	3567,171	100,000	984
MAD-0.1-agents280-hours6.json	984	793	191	372	280	280	100,000	54	19	19	referenceSolver	20,430	46,053	12,500	87,500	12,500	12,500	11,503	8,955	2,431	87,500	1,563	1,563	250,057	42,683	420
MAD-0.1-agents280-hours6.json	984	793	191	372	280	276	98,571	54	19	19	randomSolver	40,608	57,643	25,000	75,000	75,000	75,000	16,005	13,774	4,861	65,625	53,125	21,875	2487,799	100,000	984
MAD-0.1-agents192-hours8.json	984	793	191	284	192	192	100,000	54	19	19	referenceSolver	22,887	36,923	12,500	12,500	87,500	12,500	13,903	5,385	1,823	1,563	87,500	1,563	173,792	33,740	332
MAD-0.1-agents192-hours8.json	984	793	191	284	192	192	100,000	54	19	19	randomSolver	48,211	52,011	17,361	47,500	62,500	62,500	19,268	12,032	5,469	25,000	53,125	40,625	2185,625	100,000	984
MAD-0.1-agents244-hours8.json	984	793	191	336	244	244	100,000	54	19	19	referenceSolver	21,317	42,583	12,500	12,500	12,500	12,500	12,038	6,210	1,823	1,563	3,125	3,125	219,501	39,024	384
MAD-0.1-agents244-hours8.json	984	793	191	336	244	240	98,361	54	19	19	randomSolver	42,001	53,136	0,000	87,500	62,500	62,500	16,286	11,382	0,000	48,438	53,125	51,563	2683,275	100,000	984
MAD-0.1-agents156-hours6.json	984	793	191	248	156	156	100,000	54	19	19	referenceSolver	24,395	32,231	12,500	87,500	87,500	87,500	16,039	6,267	2,431	87,500	87,500	87,500	180,169	30,081	296
MAD-0.1-agents156-hours6.json	984	793	191	248	156	156	100,000	54	19	19	randomSolver	57,040	54,532	50,000	75,000	75,000	62,500	24,008	15,654	9,722	34,375	65,625	32,813	2619,142	100,000	984
MAD-0.1-agents406-hours6.json	984	793	191	498	406	406	100,000	54	19	19	referenceSolver	18,449	55,238	12,500	12,500	12,500	12,500	9,214	10,741	2,431	1,563	3,125	1,563	365,981	55,488	546
MAD-0.1-agents406-hours6.json	984	793	191	498	406	363	89,409	54	19	19	randomSolver	30,770	58,322	25,000	37,500	87,500	87,500	11,956	13,117	4,861	26,563	78,125	46,875	3332,470	100,000	984
MAD-0.1-agents97-hours8.json	984	793	191	189	97	97	100,000	54	19	19	referenceSolver	28,241	22,717	12,500	12,500	87,500	87,500	20,008	3,313	1,823	1,563	87,500	87,500	91,145	24,187	238
MAD-0.1-agents97-hours8.json	984	793	191	189	97	97	100,000	54	19	19	randomSolver	61,053	44,071	58,045	62,500	87,500	75,000	28,953	16,262	23,698	21,875	76,563	54,688	1418,376	100,000	984
MAD-0.1-agents258-hours8.json	984	793	191	350	258	258	100,000	54	19	19	referenceSolver	20,964	43,952	12,500	12,500	87,500	87,500	11,629	6,410	1,823	1,563	87,500	87,500	231,397	40,447	398
MAD-0.1-agents258-hours8.json	984	793	191	350	258	253	98,062	54	19	19	randomSolver	41,438	54,811	25,000	75,000	75,000	50,000	15,635	10,868	3,646	56,250	54,688	20,313	3385,350	100,000	984
MAD-0.1-agents53-hours6.json	984	793	191	145	53	53	100,000	54	19	19	referenceSolver	33,017	13,838	12,500	12,500	12,500	87,500	25,738	2,691	2,431	1,563	3,125	87,500	51,725	19,614	193
MAD-0.1-agents53-hours6.json	984	793	191	145	53	53	100,000	54	19	19	randomSolver	67,118	43,371	61,080	75,000	75,000	75,000	40,475	28,461	34,028	34,375	54,688	54,688	530,560	96,443	949
MAD-0.1-agents221-hours4.json	984	793	191	313	221	221	100,000	54	19	19	referenceSolver	21,925	40,255	12,500	87,500	87,500	87,500	14,071	11,741	3,646	87,500	87,500	87,500	196,925	36,687	361
MAD-0.1-agents221-hours4.json	984	793	191	313	221	219	99,095	54	19	19	randomSolver	48,643	58,888	75,000	62,500	87,500	25,000	22,101	20,079	21,875	42,188	56,250	25,000	2569,429	100,000	984
MAD-0.1-agents303-hours6.json	984	793	191	395	303	303	100,000	54	19	19	referenceSolver	19,968	48,019	12,500	12,500	12,500	87,500	10,974	9,337	2,431	1,563	1,563	87,500	277,344	45,020	443
MAD-0.1-agents303-hours6.json	984	793	191	395	303	286	94,389	54	19	19	randomSolver	38,512	57,985	50,000	62,500	75,000	50,000	15,073	13,386	9,722	42,188	56,250	17,188	2609,582	100,000	984
MAD-0.1-agents13-hours4.json	984	793	191	105	13	13	100,000	54	19	19	referenceSolver	40,595	3,812	12,500	12,500	87,500	37,500	34,722	1,112	3,646	3,125	87,500	37,500	16,721	15,549	153
MAD-0.1-agents13-hours4.json	984	793	191	105	13	13	100,000	54	19	19	randomSolver	68,084	23,989	77,906	87,500	62,500	75,000	44,945	18,333	54,688	68,750	42,188	64,063	247,129	38,720	381
MAD-0.1-agents173-hours8.json	984	793	191	265	173	173	100,000	54	19	19	referenceSolver	23,632	34,531	12,500	87,500	87,500	25,000	14,769	5,036	1,823	87,500	87,500	25,000	155,620	31,809	313
MAD-0.1-agents173-hours8.json	984	793	191	265	173	173	100,000	54	19	19	randomSolver	50,188	49,688	25,000	62,500	87,500	37,500	20,650	12,770	3,646	40,625	57,813	26,563	2083,888	100,000	984
MAD-0.1-agents261-hours6.json	984	793	191	353	261	261	100,000	54	19	19	referenceSolver	20,928	44,162	12,500	87,500	12,500	12,500	12,004	8,587	2,431	87,500	3,125	1,563	238,855	40,752	401
MAD-0.1-agents261-hours6.json	984	793	191	353	261	253	96,935	54	19	19	randomSolver	42,440	57,214	62,500	75,000	75,000	62,500	16,867	13,863	12,153	43,750	65,625	51,563	2545,448	100,000	984
MAD-0.1-agents423-hours8.json	984	793	191	515	423	423	100,000	54	19	19	referenceSolver	18,252	56,250	12,500	12,500	12,500	12,500	8,488	8,203	1,823	1,563	1,563	1,563	377,493	57,215	563
MAD-0.1-agents423-hours8.json	984	793	191	515	423	366	86,525	54	19	19	randomSolver	29,323	57,100	12,500	25,000	50,000	75,000	10,626	10,039	1,823	25,000	7,813	34,375	3602,957	100,000	984
MAD-0.1-agents343-hours4.json	984	793	191	435	343	343	100,000	54	19	19	referenceSolver	19,282	51,118	12,500	12,500	12,500	12,500	11,147	14,909	3,646	1,563	3,125	1,563	301,812	49,085	483
MAD-0.1-agents343-hours4.json	984	793	191	435	343	318	92,711	54	19	19	randomSolver	35,919	59,663	50,000	62,500	62,500	66,667	15,903	19,139	14,583	42,188	51,563	34,375	3522,595	100,000	984
MAD-0.1-agents187-hours4.json	984	793	191	279	187	187	100,000	54	19	19	referenceSolver	23,208	36,100	12,500	87,500	12,500	12,500	15,369	10,529	3,646	87,500	1,563	3,125	168,053	33,333	328
MAD-0.1-agents187-hours4.json	984	793	191	279	187	187	100,000	54	19	19	randomSolver	54,555	58,928	50,000	75,000	66,667	87,500	24,795	20,392	14,583	75,000	56,250	67,188	3469,890	100,000	984
MAD-0.1-agents228-hours8.json	984	793	191	320	228	228	100,000	54	19	19	referenceSolver	21,719	41,007	12,500	87,500	12,500	50,000	12,544	5,980	1,823	87,500	1,563	50,000	209,918	37,398	368
MAD-0.1-agents228-hours8.json	984	793	191	320	228	224	98,246	54	19	19	randomSolver	44,630	53,650	37,500	75,000	50,000	87,500	17,100	11,382	5,469	64,063	50,000	76,563	3312,536	100,000	984
MAD-0.1-agents23-hours6.json	984	793	191	115	23	23	100,000	54	19	19	referenceSolver	38,370	6,516	12,500	87,500	87,500	12,500	31,818	1,267	2,431	87,500	87,500	1,563	26,000	16,565	163
MAD-0.1-agents23-hours6.json	984	793	191	115	23	23	100,000	54	19	19	randomSolver	66,556	33,584	57,456	62,500	62,500	75,000	43,954	26,947	34,028	62,500	23,438	64,063	324,186	62,398	614
MAD-0.1-agents251-hours4.json	984	793	191	343	251	251	100,000	54	19	19	referenceSolver	21,101	43,351	12,500	12,500	87,500	62,500	13,159	12,644	3,646	1,563	87,500	62,500	223,480	39,736	391
MAD-0.1-agents251-hours4.json	984	793	191	343	251	243	96,813	54	19	19	randomSolver	44,517	59,131	32,778	62,500	87,500	87,500	20,168	19,900	14,583	31,250	78,125	56,250	2753,463	100,000	984
MAD-0.1-agents373-hours6.json	984	793	191	465	373	373	100,000	54	19	19	referenceSolver	18,871	53,134	12,500	37,500	87,500	12,500	9,692	10,332	2,431	28,125	87,500	3,125	329,423	52,134	513
MAD-0.1-agents373-hours6.json	984	793	191	465	373	341	91,421	54	19	19	randomSolver	32,843	58,372	25,000	50,000	75,000	75,000	12,804	13,117	4,861	20,313	37,500	75,000	5689,583	100,000	984
MAD-0.1-agents63-hours4.json	984	793	191	155	63	63	100,000	54	19	19	referenceSolver	31,613	16,071	12,500	12,500	12,500	12,500	24,718	4,688	3,646	1,563	3,125	3,125	61,751	20,630	203
MAD-0.1-agents63-hours4.json	984	793	191	155	63	63	100,000	54	19	19	randomSolver	72,072	49,421	77,367	62,500	62,500	50,000	42,443	31,047	40,104	51,563	32,813	39,063	587,076	90,549	891
MAD-0.1-agents211-hours6.json	984	793	191	303	211	211	100,000	54	19	19	referenceSolver	22,236	39,147	12,500	87,500	12,500	87,500	13,569	7,612	2,431	87,500	3,125	87,500	190,265	35,671	351
MAD-0.1-agents211-hours6.json	984	793	191	303	211	207	98,104	54	19	19	randomSolver	48,384	55,786	37,500	62,500	87,500	37,500	19,650	14,609	7,292	31,250	68,750	17,188	2461,102	100,000	984
MAD-0.1-agents103-hours8.json	984	793	191	195	103	103	100,000	54	19	19	referenceSolver	27,692	23,843	12,500	87,500	12,500	87,500	19,424	3,477	1,823	87,500	3,125	87,500	94,812	24,695	243
MAD-0.1-agents103-hours8.json	984	793	191	195	103	103	100,000	54	19	19	randomSolver	61,855	45,868	47,943	62,500	37,500	87,500	28,062	15,456	14,583	29,688	37,500	87,500	1045,749	100,000	984
MAD-0.1-agents333-hours4.json	984	793	191	425	333	333	100,000	54	19	19	referenceSolver	19,471	50,302	12,500	12,500	12,500	87,500	11,331	14,671	3,646	1,563	3,125	87,500	293,762	48,069	473
MAD-0.1-agents333-hours4.json	984	793	191	425	333	309	92,793	54	19	19	randomSolver	36,780	59,727	0,000	62,500	87,500	75,000	16,277	19,139	0,000	53,125	76,563	64,063	2858,630	100,000	984
MAD-0.1-agents453-hours8.json	984	793	191	545	453	453	100,000	54	19	19	referenceSolver	17,913	58,003	12,500	12,500	87,500	37,500	8,118	8,459	1,823	1,563	87,500	37,500	403,932	60,264	593
MAD-0.1-agents453-hours8.json	984	793	191	545	453	387	85,430	54	19	19	randomSolver	27,972	57,170	12,500	75,000	75,000	75,000	10,041	10,062	1,823	64,063	64,063	65,625	5266,104	100,000	984
MAD-0.1-agents497-hours6.json	984	793	191	589	497	497	100,000	54	19	19	referenceSolver	17,530	60,169	12,500	37,500	75,000	12,500	8,163	11,700	2,431	28,125	75,000	3,125	451,844	64,736	637
MAD-0.1-agents497-hours6.json	984	793	191	589	497	413	83,099	54	19	19	randomSolver	26,578	59,321	25,000	75,000	75,000	87,500	10,109	12,759	4,861	56,250	43,750	54,688	7260,621	100,000	984
MAD-0.1-agents199-hours6.json	984	793	191	291	199	199	100,000	54	19	19	referenceSolver	22,637	37,761	12,500	87,500	62,500	87,500	14,028	7,342	2,431	87,500	62,500	87,500	182,196	34,451	339
MAD-0.1-agents199-hours6.json	984	793	191	291	199	196	98,492	54	19	19	randomSolver	50,333	56,220	54,930	75,000	75,000	62,500	20,460	14,401	14,583	65,625	32,813	53,125	1779,273	100,000	984
MAD-0.1-agents44-hours8.json	984	793	191	136	44	44	100,000	54	19	19	referenceSolver	34,375	11,765	12,500	12,500	12,500	12,500	27,083	1,716	1,823	3,125	1,563	3,125	44,248	18,699	184
MAD-0.1-agents44-hours8.json	984	793	191	136	44	44	100,000	54	19	19	randomSolver	64,195	37,603	50,016	50,000	79,167	62,500	40,062	26,521	30,990	50,000	45,313	42,188	1030,719	98,679	971
MAD-0.1-agents474-hours4.json	984	793	191	566	474	474	100,000	54	19	19	referenceSolver	17,734	59,029	12,500	12,500	12,500	12,500	9,414	17,217	3,646	1,563	3,125	3,125	409,970	62,398	614
MAD-0.1-agents474-hours4.json	984	793	191	566	474	403	85,021	54	19	19	randomSolver	27,887	60,077	12,500	75,000	75,000	87,500	12,222	18,736	3,646	56,250	32,813	67,188	3767,377	100,000	984
MAD-0.1-agents314-hours8.json	984	793	191	406	314	314	100,000	54	19	19	referenceSolver	19,766	48,910	12,500	12,500	12,500	50,000	10,273	7,133	1,823	3,125	1,563	50,000	286,063	46,138	454
MAD-0.1-agents314-hours8.json	984	793	191	406	314	291	92,675	54	19	19	randomSolver	36,440	55,741	37,500	50,000	62,500	62,500	13,478	10,599	5,469	29,688	32,813	51,563	3601,837	100,000	984
MAD-0.1-agents124-hours4.json	984	793	191	216	124	124	100,000	54	19	19	referenceSolver	26,215	27,373	12,500	12,500	12,500	12,500	18,767	7,984	3,646	3,125	1,563	3,125	113,101	26,829	264
MAD-0.1-agents124-hours4.json	984	793	191	216	124	124	100,000	54	19	19	randomSolver	67,056	57,202	54,205	50,000	62,500	41,667	32,026	22,630	25,521	31,250	32,813	29,688	1294,776	100,000	984
MAD-0.1-agents80-hours6.json	984	793	191	172	80	80	100,000	54	19	19	referenceSolver	29,651	19,608	12,500	12,500	25,000	87,500	22,052	3,813	2,431	1,563	25,000	87,500	76,300	22,358	220
MAD-0.1-agents80-hours6.json	984	793	191	172	80	80	100,000	54	19	19	randomSolver	68,086	47,034	68,750	62,500	75,000	75,000	34,616	21,116	17,014	32,813	34,375	45,313	952,258	100,000	984
MAD-0.1-agents390-hours4.json	984	793	191	482	390	390	100,000	54	19	19	referenceSolver	18,646	54,242	12,500	87,500	12,500	50,000	10,422	15,821	3,646	87,500	1,563	50,000	333,739	53,862	530
MAD-0.1-agents390-hours4.json	984	793	191	482	390	356	91,282	54	19	19	randomSolver	32,294	59,854	0,000	62,500	87,500	62,500	14,352	19,094	0,000	42,188	56,250	29,688	5553,253	100,000	984
MAD-0.1-agents489-hours4.json	984	793	191	581	489	489	100,000	54	19	19	referenceSolver	17,599	59,780	12,500	12,500	87,500	12,500	9,267	17,436	3,646	1,563	87,500	1,563	459,430	63,923	629
MAD-0.1-agents489-hours4.json	984	793	191	581	489	415	84,867	54	19	19	randomSolver	27,294	60,270	0,000	75,000	37,500	37,500	11,907	18,377	0,000	43,750	28,125	28,125	4393,399	100,000	984
MAD-0.1-agents434-hours6.json	984	793	191	526	434	434	100,000	54	19	19	referenceSolver	18,132	56,881	12,500	12,500	12,500	50,000	8,850	11,060	2,431	1,563	3,125	50,000	377,798	58,333	574
MAD-0.1-agents434-hours6.json	984	793	191	526	434	371	85,484	54	19	19	randomSolver	29,783	59,216	12,500	62,500	87,500	62,500	11,319	12,640	2,431	32,813	57,813	20,313	4254,147	100,000	984
MAD-0.1-agents164-hours6.json	984	793	191	256	164	164	100,000	54	19	19	referenceSolver	24,023	33,333	12,500	87,500	12,500	12,500	15,613	6,481	2,431	87,500	1,563	1,563	149,099	30,894	304
MAD-0.1-agents164-hours6.json	984	793	191	256	164	164	100,000	54	19	19	randomSolver	55,964	55,134	75,000	50,000	50,000	87,500	23,258	15,177	14,583	20,313	20,313	57,813	1977,101	100,000	984
MAD-0.1-agents276-hours8.json	984	793	191	368	276	276	100,000	54	19	19	referenceSolver	20,550	45,620	12,500	12,500	12,500	12,500	11,154	6,653	1,823	3,125	3,125	1,563	246,800	42,276	416
MAD-0.1-agents276-hours8.json	984	793	191	368	276	265	96,014	54	19	19	randomSolver	40,452	55,737	25,000	62,500	87,500	75,000	14,870	10,644	3,646	25,000	37,500	43,750	2516,088	100,000	984
MAD-0.1-agents34-hours8.json	984	793	191	126	34	34	100,000	54	19	19	referenceSolver	36,111	9,341	12,500	87,500	87,500	87,500	29,088	1,362	1,823	87,500	87,500	87,500	36,264	17,683	174
MAD-0.1-agents34-hours8.json	984	793	191	126	34	34	100,000	54	19	19	randomSolver	64,076	36,698	54,101	50,000	50,000	75,000	42,142	29,287	30,990	39,063	39,063	64,063	528,027	90,955	895
MAD-0.1-agents364-hours8.json	984	793	191	456	364	364	100,000	54	19	19	referenceSolver	18,997	52,525	12,500	87,500	12,500	87,500	9,350	7,660	1,823	87,500	1,563	87,500	326,341	51,220	504
MAD-0.1-agents364-hours8.json	984	793	191	456	364	329	90,385	54	19	19	randomSolver	32,975	56,403	37,500	62,500	75,000	75,000	12,000	10,330	5,469	29,688	45,313	45,313	3307,033	100,000	984
MAD-0.1-agents404-hours4.json	984	793	191	496	404	404	100,000	54	19	19	referenceSolver	18,448	55,191	12,500	12,500	12,500	87,500	10,225	16,097	3,646	1,563	1,563	87,500	349,299	55,285	544
MAD-0.1-agents404-hours4.json	984	793	191	496	404	358	88,614	54	19	19	randomSolver	31,635	60,056	37,500	62,500	50,000	66,667	13,947	18,825	10,938	53,125	40,625	56,250	3863,487	100,000	984
MAD-0.1-agents154-hours4.json	984	793	191	246	154	154	100,000	54	19	19	referenceSolver	24,492	31,950	12,500	87,500	12,500	87,500	16,910	9,319	3,646	87,500	1,563	87,500	137,647	29,878	294
MAD-0.1-agents154-hours4.json	984	793	191	246	154	154	100,000	54	19	19	randomSolver	59,997	57,639	62,500	75,000	87,500	62,500	28,121	21,690	18,229	56,250	68,750	23,438	2142,036	100,000	984
MAD-0.1-agents282-hours4.json	984	793	191	374	282	282	100,000	54	19	19	referenceSolver	20,421	46,154	12,500	87,500	87,500	87,500	12,375	13,462	3,646	87,500	87,500	87,500	244,296	42,886	422
MAD-0.1-agents282-hours4.json	984	793	191	374	282	276	97,872	54	19	19	randomSolver	41,802	59,334	62,500	37,500	62,500	50,000	18,497	19,228	18,229	17,188	42,188	40,625	4256,210	100,000	984
MAD-0.1-agents480-hours8.json	984	793	191	572	480	480	100,000	54	19	19	referenceSolver	17,657	59,406	12,500	12,500	12,500	62,500	7,821	8,663	1,823	1,563	3,125	62,500	426,564	63,008	620
MAD-0.1-agents480-hours8.json	984	793	191	572	480	397	82,708	54	19	19	randomSolver	26,867	58,004	0,000	62,500	75,000	75,000	9,567	9,771	0,000	34,375	53,125	42,188	4017,180	100,000	984
MAD-0.1-agents399-hours8.json	984	793	191	491	399	399	100,000	54	19	19	referenceSolver	18,534	54,808	12,500	87,500	12,500	87,500	8,813	7,993	1,823	87,500	1,563	87,500	358,266	54,776	539
MAD-0.1-agents399-hours8.json	984	793	191	491	399	356	89,223	54	19	19	randomSolver	31,134	58,169	37,500	62,500	75,000	62,500	11,145	9,927	7,292	40,625	42,188	42,188	4996,417	100,000	984
MAD-0.1-agents444-hours6.json	984	793	191	536	444	444	100,000	54	19	19	referenceSolver	18,027	57,439	12,500	87,500	87,500	12,500	8,730	11,169	2,431	87,500	87,500	1,563	394,375	59,350	584
MAD-0.1-agents444-hours6.json	984	793	191	536	444	375	84,459	54	19	19	randomSolver	29,255	59,274	37,500	87,500	75,000	87,500	11,108	12,640	7,292	65,625	34,375	56,250	3783,853	100,000	984
MAD-0.1-agents206-hours8.json	984	793	191	298	206	206	100,000	54	19	19	referenceSolver	22,441	38,505	12,500	12,500	50,000	12,500	13,346	5,615	1,823	3,125	50,000	3,125	189,354	35,163	346
MAD-0.1-agents206-hours8.json	984	793	191	298	206	200	97,087	54	19	19	randomSolver	46,741	52,408	62,500	62,500	62,500	62,500	18,363	11,942	9,115	20,313	29,688	62,500	3187,141	100,000	984
MAD-0.1-agents114-hours6.json	984	793	191	206	114	114	100,000	54	19	19	referenceSolver	26,820	25,792	12,500	12,500	12,500	12,500	18,813	5,015	2,431	3,125	1,563	3,125	103,956	25,813	254
MAD-0.1-agents114-hours6.json	984	793	191	206	114	114	100,000	54	19	19	randomSolver	63,558	50,670	55,645	87,500	54,167	62,500	28,903	17,773	14,583	57,813	32,813	40,625	1153,083	100,000	984
MAD-0.1-agents437-hours6.json	984	793	191	529	437	437	100,000	54	19	19	referenceSolver	18,100	57,050	12,500	12,500	87,500	87,500	8,813	11,093	2,431	12,500	87,500	87,500	388,153	58,638	577
MAD-0.1-agents437-hours6.json	984	793	191	529	437	378	86,499	54	19	19	randomSolver	29,762	59,500	12,500	50,000	75,000	87,500	11,255	12,580	2,431	40,625	64,063	34,375	3523,617	100,000	984
MAD-0.1-agents275-hours8.json	984	793	191	367	275	275	100,000	54	19	19	referenceSolver	20,538	45,605	12,500	12,500	87,500	87,500	11,171	6,651	1,823	3,125	87,500	87,500	248,325	42,175	415
MAD-0.1-agents275-hours8.json	984	793	191	367	275	264	96,000	54	19	19	randomSolver	39,822	55,273	25,000	50,000	87,500	62,500	14,910	10,890	3,646	40,625	59,375	53,125	2797,108	100,000	984
MAD-0.1-agents167-hours6.json	984	793	191	259	167	167	100,000	54	19	19	referenceSolver	23,890	33,737	12,500	87,500	62,500	37,500	15,461	6,560	2,431	87,500	62,500	37,500	152,878	31,199	307
MAD-0.1-agents167-hours6.json	984	793	191	259	167	166	99,401	54	19	19	randomSolver	54,377	54,539	30,738	75,000	62,500	62,500	22,988	15,744	9,722	65,625	29,688	32,813	1823,145	100,000	984
MAD-0.1-agents393-hours4.json	984	793	191	485	393	393	100,000	54	19	19	referenceSolver	18,634	54,357	12,500	12,500	87,500	87,500	10,383	15,854	3,646	3,125	87,500	87,500	342,048	54,167	533
MAD-0.1-agents393-hours4.json	984	793	191	485	393	360	91,603	54	19	19	randomSolver	32,309	59,886	25,000	37,500	50,000	87,500	14,263	18,780	7,292	15,625	50,000	57,813	3073,106	100,000	984
MAD-0.1-agents83-hours6.json	984	793	191	175	83	83	100,000	54	19	19	referenceSolver	29,357	20,195	12,500	12,500	87,500	12,500	21,715	3,927	2,431	1,563	87,500	1,563	81,975	22,663	223
MAD-0.1-agents83-hours6.json	984	793	191	175	83	83	100,000	54	19	19	randomSolver	68,564	48,277	78,711	62,500	75,000	50,000	34,023	21,355	21,875	31,250	43,750	39,063	1101,077	100,000	984
MAD-0.1-agents288-hours8.json	984	793	191	380	288	288	100,000	54	19	19	referenceSolver	20,263	46,753	12,500	12,500	12,500	12,500	10,851	6,818	1,823	3,125	1,563	3,125	289,810	43,496	428
MAD-0.1-agents288-hours8.json	984	793	191	380	288	274	95,139	54	19	19	randomSolver	38,279	54,707	37,500	50,000	62,500	87,500	14,400	10,778	5,469	6,250	40,625	35,938	4561,531	100,000	984
MAD-0.1-agents47-hours8.json	984	793	191	139	47	47	100,000	54	19	19	referenceSolver	33,813	12,500	12,500	87,500	87,500	12,500	26,516	1,823	1,823	87,500	87,500	1,563	48,065	19,004	187
MAD-0.1-agents47-hours8.json	984	793	191	139	47	47	100,000	54	19	19	randomSolver	65,319	38,748	60,550	50,000	62,500	75,000	39,302	25,729	36,458	23,438	43,750	56,250	640,786	99,492	979
MAD-0.1-agents317-hours8.json	984	793	191	409	317	317	100,000	54	19	19	referenceSolver	19,743	49,071	12,500	12,500	87,500	12,500	10,215	7,156	1,823	1,563	87,500	3,125	285,959	46,443	457
MAD-0.1-agents317-hours8.json	984	793	191	409	317	295	93,060	54	19	19	randomSolver	36,065	55,418	25,000	62,500	75,000	75,000	13,379	10,778	3,646	20,313	64,063	64,063	3962,458	100,000	984
MAD-0.1-agents477-hours4.json	984	793	191	569	477	477	100,000	54	19	19	referenceSolver	17,707	59,181	12,500	87,500	12,500	87,500	9,383	17,261	3,646	87,500	1,563	87,500	417,928	62,703	617
MAD-0.1-agents477-hours4.json	984	793	191	569	477	387	81,132	54	19	19	randomSolver	27,603	59,809	0,000	87,500	75,000	75,000	12,158	18,915	0,000	65,625	54,688	43,750	4122,648	100,000	984
MAD-0.1-agents127-hours4.json	984	793	191	219	127	127	100,000	54	19	19	referenceSolver	25,970	27,912	12,500	12,500	12,500	12,500	18,545	8,141	3,646	3,125	1,563	3,125	111,611	27,134	267
MAD-0.1-agents127-hours4.json	984	793	191	219	127	127	100,000	54	19	19	randomSolver	66,026	56,952	75,000	62,500	62,500	54,167	31,588	22,765	21,875	32,813	53,125	34,375	1210,070	100,000	984
MAD-0.1-agents447-hours6.json	984	793	191	539	447	447	100,000	54	19	19	referenceSolver	17,973	57,677	12,500	87,500	37,500	12,500	8,692	11,215	2,431	87,500	37,500	1,563	399,036	59,654	587
MAD-0.1-agents447-hours6.json	984	793	191	539	447	389	87,025	54	19	19	randomSolver	28,828	58,736	12,500	75,000	87,500	37,500	11,046	12,878	2,431	42,188	65,625	28,125	3620,743	100,000	984
MAD-0.1-agents117-hours6.json	984	793	191	209	117	117	100,000	54	19	19	referenceSolver	26,675	26,233	12,500	12,500	12,500	12,500	18,586	5,101	2,431	1,563	3,125	1,563	106,169	26,118	257
MAD-0.1-agents117-hours6.json	984	793	191	209	117	117	100,000	54	19	19	randomSolver	64,186	51,764	54,643	75,000	62,500	50,000	28,488	17,236	17,014	43,750	40,625	18,750	1384,640	100,000	984
MAD-0.1-agents205-hours8.json	984	793	191	297	205	205	100,000	54	19	19	referenceSolver	22,433	38,462	12,500	87,500	12,500	50,000	13,374	5,609	1,823	87,500	1,563	50,000	223,513	35,061	345
MAD-0.1-agents205-hours8.json	984	793	191	297	205	205	100,000	54	19	19	randomSolver	47,325	53,024	50,000	87,500	62,500	87,500	18,425	11,629	7,292	46,875	32,813	57,813	2182,539	100,000	984
MAD-0.1-agents483-hours8.json	984	793	191	575	483	483	100,000	54	19	19	referenceSolver	17,674	59,410	12,500	87,500	87,500	12,500	7,795	8,664	1,823	87,500	87,500	3,125	435,079	63,313	623
MAD-0.1-agents483-hours8.json	984	793	191	575	483	390	80,745	54	19	19	randomSolver	26,545	57,872	25,000	62,500	62,500	75,000	9,517	9,950	3,646	51,563	51,563	54,688	5111,704	100,000	984
MAD-0.1-agents281-hours4.json	984	793	191	373	281	281	100,000	54	19	19	referenceSolver	20,409	46,141	12,500	12,500	87,500	12,500	12,394	13,458	3,646	1,563	87,500	1,563	257,739	42,785	421
MAD-0.1-agents281-hours4.json	984	793	191	373	281	268	95,374	54	19	19	randomSolver	41,576	59,434	62,500	75,000	75,000	62,500	18,546	19,497	18,229	46,875	45,313	29,688	2540,153	100,000	984
MAD-0.1-agents37-hours8.json	984	793	191	129	37	37	100,000	54	19	19	referenceSolver	35,465	10,109	12,500	12,500	87,500	87,500	28,430	1,474	1,823	3,125	87,500	87,500	38,271	17,988	177
MAD-0.1-agents37-hours8.json	984	793	191	129	37	37	100,000	54	19	19	randomSolver	63,972	36,292	62,674	50,000	62,500	87,500	41,501	28,177	32,813	31,250	31,250	46,875	793,784	93,394	919
MAD-0.1-agents407-hours4.json	984	793	191	499	407	407	100,000	54	19	19	referenceSolver	18,412	55,374	12,500	12,500	87,500	12,500	10,185	16,151	3,646	3,125	87,500	1,563	352,909	55,589	547
MAD-0.1-agents407-hours4.json	984	793	191	499	407	360	88,452	54	19	19	randomSolver	31,702	60,273	25,000	62,500	75,000	37,500	13,863	18,691	7,292	42,188	53,125	26,563	3421,744	100,000	984
MAD-0.1-agents367-hours8.json	984	793	191	459	367	367	100,000	54	19	19	referenceSolver	18,927	52,806	12,500	12,500	87,500	87,500	9,297	7,701	1,823	1,563	87,500	87,500	324,020	51,524	507
MAD-0.1-agents367-hours8.json	984	793	191	459	367	341	92,916	54	19	19	randomSolver	32,829	56,805	12,500	50,000	87,500	87,500	11,922	10,308	1,823	40,625	56,250	76,563	5247,962	100,000	984
MAD-0.1-agents157-hours4.json	984	793	191	249	157	157	100,000	54	19	19	referenceSolver	24,347	32,371	12,500	12,500	87,500	12,500	16,750	9,442	3,646	3,125	87,500	3,125	139,179	30,183	297
MAD-0.1-agents157-hours4.json	984	793	191	249	157	156	99,363	54	19	19	randomSolver	59,727	57,727	37,500	62,500	87,500	75,000	27,782	21,466	10,938	51,563	67,188	64,063	1378,658	100,000	984
MAD-0.1-agents69-hours8.json	984	793	191	161	69	69	100,000	54	19	19	referenceSolver	30,901	17,337	12,500	12,500	12,500	12,500	23,141	2,528	1,823	1,563	1,563	3,125	104,267	21,240	209
MAD-0.1-agents69-hours8.json	984	793	191	161	69	69	100,000	54	19	19	randomSolver	65,117	40,356	75,870	75,000	75,000	62,500	33,988	19,262	23,698	26,563	34,375	40,625	743,734	100,000	984
MAD-0.1-agents109-hours4.json	984	793	191	201	109	109	100,000	54	19	19	referenceSolver	27,239	24,886	12,500	12,500	12,500	12,500	19,895	7,258	3,646	3,125	1,563	1,563	97,948	25,305	249
MAD-0.1-agents109-hours4.json	984	793	191	201	109	109	100,000	54	19	19	randomSolver	69,793	55,976	70,640	62,500	62,500	62,500	34,416	24,376	25,521	40,625	53,125	42,188	1943,535	100,000	984
MAD-0.1-agents339-hours8.json	984	793	191	431	339	339	100,000	54	19	19	referenceSolver	19,374	50,749	12,500	12,500	12,500	87,500	9,786	7,401	1,823	3,125	3,125	87,500	305,805	48,679	479
MAD-0.1-agents339-hours8.json	984	793	191	431	339	309	91,150	54	19	19	randomSolver	34,339	56,104	37,500	62,500	75,000	75,000	12,696	10,711	5,469	40,625	43,750	34,375	3589,235	100,000	984
MAD-0.1-agents459-hours4.json	984	793	191	551	459	459	100,000	54	19	19	referenceSolver	17,854	58,323	12,500	87,500	12,500	87,500	9,568	17,011	3,646	87,500	3,125	87,500	397,090	60,874	599
MAD-0.1-agents459-hours4.json	984	793	191	551	459	392	85,403	54	19	19	randomSolver	28,690	60,036	37,500	87,500	75,000	62,500	12,555	18,691	10,938	26,563	45,313	34,375	4810,064	100,000	984
MAD-0.1-agents10-hours4.json	984	793	191	102	10	10	100,000	54	19	19	referenceSolver	41,422	2,959	12,500	87,500	87,500	12,500	35,636	0,863	3,646	87,500	87,500	3,125	14,518	15,244	150
MAD-0.1-agents10-hours4.json	984	793	191	102	10	10	100,000	54	19	19	randomSolver	69,464	20,027	86,996	50,000	50,000	50,000	44,766	15,426	58,333	39,063	39,063	29,688	326,821	34,451	339
MAD-0.1-agents262-hours6.json	984	793	191	354	262	262	100,000	54	19	19	referenceSolver	20,833	44,407	12,500	12,500	87,500	12,500	11,964	8,635	2,431	1,563	87,500	1,563	234,410	40,854	402
MAD-0.1-agents262-hours6.json	984	793	191	354	262	257	98,092	54	19	19	randomSolver	42,776	57,651	12,500	62,500	87,500	75,000	16,819	13,565	2,431	31,250	68,750	54,688	4254,808	100,000	984
MAD-0.1-agents170-hours8.json	984	793	191	262	170	170	100,000	54	19	19	referenceSolver	23,807	34,068	12,500	87,500	12,500	87,500	14,923	4,968	1,823	87,500	1,563	87,500	156,715	31,504	310
MAD-0.1-agents170-hours8.json	984	793	191	262	170	169	99,412	54	19	19	randomSolver	51,823	51,294	50,000	75,000	75,000	79,167	20,886	12,569	7,292	53,125	65,625	57,813	2650,613	100,000	984
MAD-0.1-agents340-hours4.json	984	793	191	432	340	340	100,000	54	19	19	referenceSolver	19,329	50,898	12,500	25,000	87,500	12,500	11,199	14,845	3,646	25,000	87,500	1,563	307,791	48,780	480
MAD-0.1-agents340-hours4.json	984	793	191	432	340	319	93,824	54	19	19	randomSolver	36,350	59,862	25,000	87,500	75,000	75,000	16,013	18,959	7,292	68,750	31,250	53,125	5507,708	100,000	984
MAD-0.1-agents420-hours8.json	984	793	191	512	420	420	100,000	54	19	19	referenceSolver	18,262	56,150	12,500	12,500	12,500	12,500	8,524	8,189	1,823	1,563	1,563	3,125	380,680	56,911	560
MAD-0.1-agents420-hours8.json	984	793	191	512	420	357	85,000	54	19	19	randomSolver	29,654	57,341	37,500	62,500	50,000	87,500	10,688	10,151	5,469	34,375	29,688	78,125	4361,129	100,000	984
MAD-0.1-agents50-hours6.json	984	793	191	142	50	50	100,000	54	19	19	referenceSolver	33,363	13,193	12,500	87,500	25,000	87,500	26,219	2,565	2,431	87,500	25,000	87,500	53,937	19,309	190
MAD-0.1-agents50-hours6.json	984	793	191	142	50	50	100,000	54	19	19	randomSolver	67,805	42,706	67,294	75,000	75,000	75,000	40,971	29,174	26,736	46,875	56,250	45,313	578,546	94,309	928
MAD-0.1-agents222-hours4.json	984	793	191	314	222	222	100,000	54	19	19	referenceSolver	21,935	40,290	12,500	12,500	12,500	12,500	14,043	11,751	3,646	3,125	3,125	3,125	195,027	36,789	362
MAD-0.1-agents222-hours4.json	984	793	191	314	222	220	99,099	54	19	19	randomSolver	48,596	58,976	50,000	62,500	50,000	54,167	22,031	20,168	14,583	51,563	29,688	31,250	2544,745	100,000	984
MAD-0.1-agents300-hours6.json	984	793	191	392	300	300	100,000	54	19	19	referenceSolver	20,057	47,695	12,500	12,500	87,500	50,000	11,044	9,274	2,431	3,125	87,500	50,000	268,399	44,715	440
MAD-0.1-agents300-hours6.json	984	793	191	392	300	286	95,333	54	19	19	randomSolver	38,652	58,013	62,500	62,500	62,500	75,000	15,189	13,595	12,153	31,250	51,563	45,313	3460,222	100,000	984
MAD-0.1-agents94-hours8.json	984	793	191	186	94	94	100,000	54	19	19	referenceSolver	28,360	22,275	12,500	12,500	87,500	87,500	20,268	3,248	1,823	3,125	87,500	87,500	87,457	23,780	234
MAD-0.1-agents94-hours8.json	984	793	191	186	94	94	100,000	54	19	19	randomSolver	62,370	43,781	68,032	87,500	75,000	87,500	29,420	16,352	16,406	37,500	37,500	78,125	1445,330	100,000	984
MAD-0.1-agents149-hours6.json	984	793	191	241	149	149	100,000	54	19	19	referenceSolver	24,741	31,237	12,500	87,500	12,500	87,500	16,434	6,074	2,431	87,500	1,563	87,500	130,880	29,370	289
MAD-0.1-agents149-hours6.json	984	793	191	241	149	149	100,000	54	19	19	randomSolver	58,113	54,042	43,981	75,000	87,500	62,500	24,705	16,042	12,153	54,688	76,563	32,813	2224,362	100,000	984
MAD-0.1-agents419-hours6.json	984	793	191	511	419	419	100,000	54	19	19	referenceSolver	18,297	56,016	12,500	12,500	12,500	12,500	9,038	10,892	2,431	1,563	3,125	3,125	368,462	56,809	559
MAD-0.1-agents419-hours6.json	984	793	191	511	419	354	84,487	54	19	19	randomSolver	30,079	58,877	37,500	37,500	75,000	62,500	11,652	13,087	7,292	37,500	43,750	51,563	3439,431	100,000	984
MAD-0.1-agents494-hours6.json	984	793	191	586	494	494	100,000	54	19	19	referenceSolver	17,534	60,097	12,500	75,000	87,500	12,500	8,190	11,686	2,431	75,000	87,500	1,563	433,702	64,431	634
MAD-0.1-agents494-hours6.json	984	793	191	586	494	411	83,198	54	19	19	randomSolver	26,511	59,124	37,500	62,500	87,500	50,000	10,160	12,669	7,292	42,188	45,313	40,625	4358,959	100,000	984
MAD-0.1-agents19-hours8.json	984	793	191	111	19	19	100,000	54	19	19	referenceSolver	39,189	5,460	12,500	50,000	87,500	87,500	32,744	0,796	1,823	50,000	87,500	87,500	22,861	16,159	159
MAD-0.1-agents19-hours8.json	984	793	191	111	19	19	100,000	54	19	19	randomSolver	65,439	34,114	46,733	87,500	75,000	62,500	44,454	29,919	32,813	48,438	23,438	43,750	269,050	70,020	689
MAD-0.1-agents179-hours4.json	984	793	191	271	179	179	100,000	54	19	19	referenceSolver	23,478	35,167	12,500	12,500	87,500	12,500	15,698	10,257	3,646	1,563	87,500	1,563	157,885	32,419	319
MAD-0.1-agents179-hours4.json	984	793	191	271	179	178	99,441	54	19	19	randomSolver	55,320	58,044	37,500	87,500	75,000	75,000	25,527	21,108	10,938	56,250	53,125	54,688	2594,551	100,000	984
MAD-0.1-agents429-hours4.json	984	793	191	521	429	429	100,000	54	19	19	referenceSolver	18,162	56,671	12,500	12,500	12,500	87,500	9,909	16,529	3,646	1,563	1,563	87,500	379,090	57,825	569
MAD-0.1-agents429-hours4.json	984	793	191	521	429	372	86,713	54	19	19	randomSolver	30,294	60,144	25,000	87,500	75,000	87,500	13,278	18,646	7,292	37,500	43,750	68,750	3563,507	100,000	984
MAD-0.1-agents349-hours8.json	984	793	191	441	349	349	100,000	54	19	19	referenceSolver	19,218	51,475	12,500	12,500	12,500	87,500	9,609	7,507	1,823	1,563	3,125	87,500	310,668	49,695	489
MAD-0.1-agents349-hours8.json	984	793	191	441	349	317	90,831	54	19	19	randomSolver	34,023	56,853	37,500	62,500	75,000	75,000	12,408	10,420	5,469	51,563	34,375	65,625	2937,595	100,000	984
MAD-0.1-agents60-hours4.json	984	793	191	152	60	60	100,000	54	19	19	referenceSolver	31,908	15,464	12,500	87,500	37,500	12,500	25,113	4,510	3,646	87,500	37,500	1,563	57,726	20,325	200
MAD-0.1-agents60-hours4.json	984	793	191	152	60	60	100,000	54	19	19	randomSolver	71,718	49,224	72,440	75,000	62,500	75,000	42,681	31,086	54,688	46,875	42,188	53,125	580,359	88,008	866
MAD-0.1-agents100-hours8.json	984	793	191	192	100	100	100,000	54	19	19	referenceSolver	27,930	23,310	12,500	37,500	87,500	12,500	19,699	3,399	1,823	37,500	87,500	3,125	89,266	24,390	240
MAD-0.1-agents100-hours8.json	984	793	191	192	100	100	100,000	54	19	19	randomSolver	62,609	44,901	47,108	37,500	87,500	75,000	28,501	15,434	14,583	37,500	56,250	45,313	1493,743	100,000	984
MAD-0.1-agents212-hours6.json	984	793	191	304	212	212	100,000	54	19	19	referenceSolver	22,204	39,259	12,500	37,500	87,500	12,500	13,532	7,634	2,431	37,500	87,500	1,563	194,011	35,772	352
MAD-0.1-agents212-hours6.json	984	793	191	304	212	208	98,113	54	19	19	randomSolver	48,430	56,259	69,500	62,500	75,000	87,500	19,586	14,430	17,014	23,438	54,688	67,188	1864,359	100,000	984
MAD-0.1-agents450-hours8.json	984	793	191	542	450	450	100,000	54	19	19	referenceSolver	17,966	57,766	12,500	12,500	87,500	87,500	8,158	8,424	1,823	1,563	87,500	87,500	403,014	59,959	590
MAD-0.1-agents450-hours8.json	984	793	191	542	450	379	84,222	54	19	19	randomSolver	28,196	57,454	0,000	50,000	75,000	87,500	10,096	10,084	0,000	20,313	64,063	67,188	4495,929	100,000	984
MAD-0.1-agents330-hours4.json	984	793	191	422	330	330	100,000	54	19	19	referenceSolver	19,520	50,076	12,500	12,500	62,500	87,500	11,382	14,605	3,646	1,563	62,500	87,500	294,371	47,764	470
MAD-0.1-agents330-hours4.json	984	793	191	422	330	304	92,121	54	19	19	randomSolver	37,303	59,829	25,000	75,000	50,000	75,000	16,393	18,870	7,292	45,313	50,000	32,813	3237,216	100,000	984
MAD-0.1-agents20-hours6.json	984	793	191	112	20	20	100,000	54	19	19	referenceSolver	39,063	5,714	12,500	12,500	12,500	12,500	32,605	1,111	2,431	1,563	3,125	1,563	23,677	16,260	160
MAD-0.1-agents20-hours6.json	984	793	191	112	20	20	100,000	54	19	19	randomSolver	66,052	31,181	60,478	87,500	75,000	75,000	44,263	26,020	55,903	56,250	64,063	65,625	244,729	58,333	574
MAD-0.1-agents252-hours4.json	984	793	191	344	252	252	100,000	54	19	19	referenceSolver	21,112	43,373	12,500	87,500	12,500	87,500	13,140	12,651	3,646	87,500	1,563	87,500	221,334	39,837	392
MAD-0.1-agents252-hours4.json	984	793	191	344	252	245	97,222	54	19	19	randomSolver	44,841	59,296	25,000	75,000	66,667	62,500	20,110	19,631	7,292	35,938	34,375	34,375	2530,070	100,000	984
MAD-0.1-agents370-hours6.json	984	793	191	462	370	370	100,000	54	19	19	referenceSolver	18,912	52,933	12,500	87,500	87,500	12,500	9,739	10,292	2,431	87,500	87,500	1,563	325,922	51,829	510
MAD-0.1-agents370-hours6.json	984	793	191	462	370	341	92,162	54	19	19	randomSolver	33,389	58,744	37,500	75,000	62,500	87,500	12,887	13,057	7,292	56,250	42,188	67,188	3549,877	100,000	984
MAD-0.1-agents184-hours4.json	984	793	191	276	184	184	100,000	54	19	19	referenceSolver	23,234	35,867	12,500	87,500	12,500	87,500	15,474	10,461	3,646	87,500	1,563	87,500	167,846	32,927	324
MAD-0.1-agents184-hours4.json	984	793	191	276	184	184	100,000	54	19	19	randomSolver	54,602	58,334	62,500	75,000	75,000	75,000	25,064	20,795	18,229	54,688	34,375	54,688	1798,340	100,000	984
MAD-0.1-agents139-hours6.json	984	793	191	231	139	139	100,000	54	19	19	referenceSolver	25,325	29,701	12,500	12,500	12,500	87,500	17,054	5,775	2,431	1,563	1,563	87,500	129,461	28,354	279
MAD-0.1-agents139-hours6.json	984	793	191	231	139	139	100,000	54	19	19	randomSolver	59,159	53,160	48,790	50,000	62,500	75,000	25,775	16,758	12,153	31,250	31,250	65,625	2111,713	100,000	984
MAD-0.1-agents469-hours6.json	984	793	191	561	469	469	100,000	54	19	19	referenceSolver	17,781	58,772	12,500	87,500	87,500	87,500	8,449	11,428	2,431	87,500	87,500	87,500	423,887	61,890	609
MAD-0.1-agents469-hours6.json	984	793	191	561	469	392	83,582	54	19	19	randomSolver	27,645	58,537	37,500	62,500	54,167	50,000	10,613	12,998	7,292	32,813	31,250	39,063	6151,657	100,000	984
MAD-0.1-agents198-hours4.json	984	793	191	290	198	198	100,000	54	19	19	referenceSolver	22,672	37,643	12,500	12,500	12,500	12,500	14,898	10,979	3,646	3,125	3,125	1,563	174,767	34,350	338
MAD-0.1-agents198-hours4.json	984	793	191	290	198	198	100,000	54	19	19	randomSolver	52,775	58,906	50,000	50,000	62,500	87,500	23,854	20,213	14,583	29,688	53,125	57,813	1700,944	100,000	984
MAD-0.1-agents237-hours8.json	984	793	191	329	237	237	100,000	54	19	19	referenceSolver	21,467	41,947	12,500	12,500	87,500	50,000	12,251	6,117	1,823	1,563	87,500	50,000	217,592	38,313	377
MAD-0.1-agents237-hours8.json	984	793	191	329	237	230	97,046	54	19	19	randomSolver	42,835	53,169	50,000	62,500	62,500	62,500	16,633	11,718	7,292	51,563	62,500	43,750	2150,644	100,000	984
MAD-0.1-agents125-hours6.json	984	793	191	217	125	125	100,000	54	19	19	referenceSolver	26,152	27,533	12,500	87,500	50,000	87,500	17,990	5,354	2,431	87,500	50,000	87,500	114,660	26,931	265
MAD-0.1-agents125-hours6.json	984	793	191	217	125	125	100,000	54	19	19	randomSolver	63,222	52,909	57,778	75,000	87,500	62,500	27,438	16,908	14,583	46,875	65,625	32,813	2094,209	100,000	984
MAD-0.1-agents475-hours6.json	984	793	191	567	475	475	100,000	54	19	19	referenceSolver	17,725	59,080	12,500	87,500	87,500	87,500	8,388	11,488	2,431	87,500	87,500	87,500	430,493	62,500	615
MAD-0.1-agents475-hours6.json	984	793	191	567	475	398	83,789	54	19	19	randomSolver	27,553	59,400	0,000	37,500	75,000	62,500	10,501	12,610	0,000	28,125	43,750	29,688	4049,297	100,000	984
MAD-0.1-agents81-hours4.json	984	793	191	173	81	81	100,000	54	19	19	referenceSolver	29,624	19,756	12,500	12,500	87,500	87,500	22,516	5,762	3,646	1,563	87,500	87,500	76,536	22,459	221
MAD-0.1-agents81-hours4.json	984	793	191	173	81	81	100,000	54	19	19	randomSolver	73,297	53,495	73,558	87,500	62,500	50,000	39,924	28,718	40,104	35,938	31,250	18,750	919,786	99,695	981
MAD-0.1-agents391-hours6.json	984	793	191	483	391	391	100,000	54	19	19	referenceSolver	18,608	54,381	12,500	12,500	87,500	50,000	9,418	10,574	2,431	1,563	87,500	50,000	347,558	53,963	531
MAD-0.1-agents391-hours6.json	984	793	191	483	391	352	90,026	54	19	19	randomSolver	31,933	58,202	37,500	37,500	62,500	62,500	12,327	13,117	7,292	26,563	53,125	42,188	3173,580	100,000	984
MAD-0.1-agents488-hours6.json	984	793	191	580	488	488	100,000	54	19	19	referenceSolver	17,651	59,585	12,500	87,500	12,500	12,500	8,260	11,586	2,431	87,500	1,563	1,563	431,562	63,821	628
MAD-0.1-agents488-hours6.json	984	793	191	580	488	403	82,582	54	19	19	randomSolver	26,981	59,199	25,000	62,500	50,000	50,000	10,266	12,819	4,861	10,938	10,938	39,063	4766,555	100,000	984
MAD-0.1-agents165-hours4.json	984	793	191	257	165	165	100,000	54	19	19	referenceSolver	24,125	33,266	12,500	50,000	87,500	12,500	16,367	9,703	3,646	50,000	87,500	1,563	151,397	30,996	305
MAD-0.1-agents165-hours4.json	984	793	191	257	165	165	100,000	54	19	19	randomSolver	57,882	57,748	62,500	37,500	75,000	62,500	26,917	21,556	18,229	17,188	54,688	43,750	1467,336	100,000	984
MAD-0.1-agents355-hours8.json	984	793	191	447	355	355	100,000	54	19	19	referenceSolver	19,128	51,901	12,500	12,500	12,500	87,500	9,501	7,569	1,823	1,563	1,563	87,500	319,707	50,305	495
MAD-0.1-agents355-hours8.json	984	793	191	447	355	319	89,859	54	19	19	randomSolver	33,135	55,486	37,500	75,000	75,000	87,500	12,242	10,621	5,469	53,125	45,313	54,688	2993,667	100,000	984
MAD-0.1-agents435-hours4.json	984	793	191	527	435	435	100,000	54	19	19	referenceSolver	18,121	56,937	12,500	87,500	12,500	87,500	9,840	16,607	3,646	87,500	3,125	87,500	410,646	58,435	575
MAD-0.1-agents435-hours4.json	984	793	191	527	435	378	86,897	54	19	19	randomSolver	30,015	60,200	25,000	62,500	87,500	87,500	13,127	18,691	7,292	32,813	37,500	68,750	3681,454	100,000	984
MAD-0.1-agents88-hours8.json	984	793	191	180	88	88	100,000	54	19	19	referenceSolver	28,889	21,154	12,500	87,500	37,500	87,500	20,883	3,085	1,823	87,500	37,500	87,500	84,907	23,171	228
MAD-0.1-agents88-hours8.json	984	793	191	180	88	88	100,000	54	19	19	randomSolver	63,916	43,533	57,000	75,000	62,500	75,000	30,401	16,732	10,938	42,188	53,125	53,125	1113,770	100,000	984
MAD-0.1-agents155-hours6.json	984	793	191	247	155	155	100,000	54	19	19	referenceSolver	24,443	32,091	12,500	87,500	50,000	12,500	16,094	6,240	2,431	87,500	50,000	1,563	142,895	29,980	295
MAD-0.1-agents155-hours6.json	984	793	191	247	155	155	100,000	54	19	19	randomSolver	57,314	54,354	53,542	62,500	75,000	50,000	24,105	15,594	19,444	21,875	64,063	39,063	3789,687	100,000	984
MAD-0.1-agents247-hours8.json	984	793	191	339	247	247	100,000	54	19	19	referenceSolver	21,239	42,882	12,500	87,500	87,500	87,500	11,948	6,254	1,823	87,500	87,500	87,500	222,521	39,329	387
MAD-0.1-agents247-hours8.json	984	793	191	339	247	237	95,951	54	19	19	randomSolver	41,438	53,008	25,000	75,000	37,500	87,500	16,142	11,718	3,646	43,750	28,125	45,313	2464,844	100,000	984
MAD-0.1-agents405-hours6.json	984	793	191	497	405	405	100,000	54	19	19	referenceSolver	18,436	55,252	12,500	87,500	87,500	12,500	9,221	10,744	2,431	87,500	87,500	1,563	362,288	55,386	545
MAD-0.1-agents405-hours6.json	984	793	191	497	405	364	89,877	54	19	19	randomSolver	30,963	58,280	0,000	62,500	75,000	62,500	11,980	13,117	0,000	42,188	46,875	42,188	4552,698	100,000	984
MAD-0.1-agents191-hours8.json	984	793	191	283	191	191	100,000	54	19	19	referenceSolver	23,012	36,660	12,500	12,500	87,500	12,500	13,962	5,346	1,823	3,125	87,500	1,563	175,942	33,638	331
MAD-0.1-agents191-hours8.json	984	793	191	283	191	188	98,429	54	19	19	randomSolver	49,599	52,773	50,000	37,500	87,500	87,500	19,336	11,763	7,292	17,188	56,250	68,750	1958,734	100,000	984
MAD-0.1-agents283-hours6.json	984	793	191	375	283	283	100,000	54	19	19	referenceSolver	20,433	46,166	12,500	62,500	12,500	12,500	11,447	8,977	2,431	53,125	1,563	1,563	255,736	43,089	424
MAD-0.1-agents283-hours6.json	984	793	191	375	283	269	95,053	54	19	19	randomSolver	40,196	57,427	20,455	58,333	75,000	37,500	15,877	13,535	7,292	35,938	21,875	17,188	2663,399	100,000	984
MAD-0.1-agents75-hours8.json	984	793	191	167	75	75	100,000	54	19	19	referenceSolver	30,165	18,610	12,500	12,500	87,500	87,500	22,366	2,714	1,823	1,563	87,500	87,500	71,238	21,850	215
MAD-0.1-agents75-hours8.json	984	793	191	167	75	75	100,000	54	19	19	randomSolver	63,997	41,427	45,009	62,500	62,500	62,500	32,767	18,993	23,698	40,625	42,188	42,188	808,205	100,000	984
MAD-0.1-agents115-hours4.json	984	793	191	207	115	115	100,000	54	19	19	referenceSolver	26,812	25,901	12,500	12,500	87,500	37,500	19,417	7,554	3,646	3,125	87,500	37,500	105,451	25,915	255
MAD-0.1-agents115-hours4.json	984	793	191	207	115	115	100,000	54	19	19	randomSolver	68,819	56,587	87,500	75,000	62,500	62,500	33,419	23,615	25,521	54,688	42,188	9,375	1331,286	100,000	984
MAD-0.1-agents445-hours4.json	984	793	191	537	445	445	100,000	54	19	19	referenceSolver	17,993	57,568	12,500	37,500	87,500	87,500	9,722	16,791	3,646	28,125	87,500	87,500	387,174	59,451	585
MAD-0.1-agents445-hours4.json	984	793	191	537	445	374	84,045	54	19	19	randomSolver	29,238	59,887	12,500	62,500	62,500	75,000	12,882	18,870	3,646	42,188	20,313	34,375	3790,975	100,000	984
MAD-0.1-agents325-hours8.json	984	793	191	417	325	325	100,000	54	19	19	referenceSolver	19,604	49,694	12,500	87,500	12,500	87,500	10,054	7,247	1,823	87,500	3,125	87,500	294,109	47,256	465
MAD-0.1-agents325-hours8.json	984	793	191	417	325	302	92,923	54	19	19	randomSolver	36,256	56,898	50,000	87,500	50,000	37,500	13,123	10,353	7,292	48,438	28,125	26,563	4901,714	100,000	984
MAD-0.1-agents52-hours4.json	984	793	191	144	52	52	100,000	54	19	19	referenceSolver	32,986	13,684	12,500	12,500	25,000	87,500	26,306	3,991	3,646	1,563	25,000	87,500	52,408	19,512	192
MAD-0.1-agents52-hours4.json	984	793	191	144	52	52	100,000	54	19	19	randomSolver	71,394	46,484	80,213	62,500	50,000	50,000	43,305	30,421	40,104	42,188	20,313	29,688	1166,027	80,996	797
MAD-0.1-agents302-hours4.json	984	793	191	394	302	302	100,000	54	19	19	referenceSolver	20,019	47,861	12,500	87,500	25,000	87,500	11,936	13,959	3,646	87,500	25,000	87,500	266,926	44,919	442
MAD-0.1-agents302-hours4.json	984	793	191	394	302	295	97,682	54	19	19	randomSolver	39,309	59,461	11,667	62,500	66,667	62,500	17,558	19,586	7,292	34,375	56,250	43,750	2903,912	100,000	984
MAD-0.1-agents462-hours8.json	984	793	191	554	462	462	100,000	54	19	19	referenceSolver	17,825	58,481	12,500	12,500	12,500	87,500	8,016	8,528	1,823	1,563	1,563	87,500	412,198	61,179	602
MAD-0.1-agents462-hours8.json	984	793	191	554	462	386	83,550	54	19	19	randomSolver	27,478	57,601	0,000	62,500	37,500	87,500	9,878	9,905	0,000	42,188	26,563	54,688	3872,861	100,000	984
MAD-0.1-agents220-hours6.json	984	793	191	312	220	220	100,000	54	19	19	referenceSolver	21,955	40,146	12,500	87,500	87,500	12,500	13,247	7,806	2,431	87,500	87,500	1,563	205,238	36,585	360
MAD-0.1-agents220-hours6.json	984	793	191	312	220	218	99,091	54	19	19	randomSolver	47,528	56,574	37,500	62,500	75,000	75,000	19,083	14,371	7,292	40,625	23,438	35,938	2534,428	100,000	984
MAD-0.1-agents132-hours8.json	984	793	191	224	132	132	100,000	54	19	19	referenceSolver	25,725	28,633	12,500	12,500	87,500	12,500	17,146	4,176	1,823	3,125	87,500	1,563	120,752	27,642	272
MAD-0.1-agents132-hours8.json	984	793	191	224	132	132	100,000	54	19	19	randomSolver	58,746	49,541	37,500	75,000	87,500	62,500	24,429	13,307	5,469	42,188	50,000	29,688	1836,368	100,000	984
MAD-0.1-agents12-hours6.json	984	793	191	104	12	12	100,000	54	19	19	referenceSolver	40,986	3,519	12,500	12,500	37,500	87,500	34,896	0,684	2,431	1,563	37,500	87,500	16,069	15,447	152
MAD-0.1-agents12-hours6.json	984	793	191	104	12	12	100,000	54	19	19	randomSolver	67,034	25,075	71,839	75,000	87,500	79,167	44,630	21,585	55,903	31,250	56,250	50,000	250,490	45,122	444
MAD-0.1-agents342-hours6.json	984	793	191	434	342	342	100,000	54	19	19	referenceSolver	19,326	50,969	12,500	87,500	12,500	12,500	10,210	9,911	2,431	87,500	3,125	1,563	313,128	48,984	482
MAD-0.1-agents342-hours6.json	984	793	191	434	342	320	93,567	54	19	19	randomSolver	35,221	58,150	37,500	62,500	75,000	75,000	13,719	13,356	7,292	32,813	31,250	45,313	2854,171	100,000	984
MAD-0.1-agents260-hours4.json	984	793	191	352	260	260	100,000	54	19	19	referenceSolver	20,916	44,143	12,500	12,500	87,500	50,000	12,920	12,875	3,646	1,563	87,500	50,000	231,062	40,650	400
MAD-0.1-agents260-hours4.json	984	793	191	352	260	254	97,692	54	19	19	randomSolver	43,686	59,009	32,447	87,500	75,000	87,500	19,653	20,079	14,583	65,625	64,063	56,250	4931,663	100,000	984
MAD-0.1-agents500-hours8.json	984	793	191	592	500	500	100,000	54	19	19	referenceSolver	17,504	60,314	12,500	87,500	87,500	87,500	7,621	8,796	1,823	87,500	87,500	87,500	454,560	65,041	640
MAD-0.1-agents500-hours8.json	984	793	191	592	500	410	82,000	54	19	19	randomSolver	26,093	57,845	12,500	37,500	87,500	87,500	9,243	9,726	1,823	17,188	56,250	65,625	7445,542	100,000	984
MAD-0.1-agents386-hours8.json	984	793	191	478	386	386	100,000	54	19	19	referenceSolver	18,672	54,062	12,500	12,500	12,500	12,500	9,000	7,884	1,823	1,563	1,563	12,500	344,163	53,455	526
MAD-0.1-agents386-hours8.json	984	793	191	478	386	345	89,378	54	19	19	randomSolver	31,355	56,369	12,500	29,167	62,500	62,500	11,448	10,308	1,823	17,188	62,500	53,125	3934,169	100,000	984
MAD-0.1-agents219-hours8.json	984	793	191	311	219	219	100,000	54	19	19	referenceSolver	21,986	40,037	12,500	25,000	87,500	12,500	12,854	5,839	1,823	25,000	87,500	1,563	198,366	36,484	359
MAD-0.1-agents219-hours8.json	984	793	191	311	219	214	97,717	54	19	19	randomSolver	45,284	52,708	54,545	54,167	75,000	62,500	17,595	11,629	10,938	42,188	56,250	43,750	2022,658	100,000	984
MAD-0.1-agents186-hours6.json	984	793	191	278	186	186	100,000	54	19	19	referenceSolver	23,112	36,187	12,500	12,500	87,500	50,000	14,570	7,036	2,431	1,563	87,500	50,000	167,702	33,130	326
MAD-0.1-agents186-hours6.json	984	793	191	278	186	185	99,462	54	19	19	randomSolver	51,425	55,174	37,500	75,000	62,500	87,500	21,417	15,177	7,292	45,313	51,563	78,125	3067,146	100,000	984
MAD-0.1-agents294-hours8.json	984	793	191	386	294	294	100,000	54	19	19	referenceSolver	20,142	47,267	12,500	87,500	87,500	12,500	10,711	6,893	1,823	87,500	87,500	3,125	265,696	44,106	434
MAD-0.1-agents294-hours8.json	984	793	191	386	294	281	95,578	54	19	19	randomSolver	38,198	55,389	37,500	25,000	75,000	75,000	14,177	10,711	5,469	14,063	75,000	64,063	2705,441	100,000	984
MAD-0.1-agents22-hours4.json	984	793	191	114	22	22	100,000	54	19	19	referenceSolver	38,377	6,286	12,500	12,500	87,500	12,500	32,269	1,833	3,646	1,563	87,500	1,563	26,153	16,463	162
MAD-0.1-agents22-hours4.json	984	793	191	114	22	22	100,000	54	19	19	randomSolver	68,917	32,856	74,357	75,000	75,000	62,500	45,299	25,193	47,396	34,375	45,313	31,250	342,977	51,118	503
MAD-0.1-agents412-hours8.json	984	793	191	504	412	412	100,000	54	19	19	referenceSolver	18,353	55,676	12,500	87,500	12,500	12,500	8,630	8,119	1,823	87,500	1,563	3,125	380,920	56,098	552
MAD-0.1-agents412-hours8.json	984	793	191	504	412	357	86,650	54	19	19	randomSolver	29,076	55,684	12,500	75,000	75,000	87,500	10,857	10,688	1,823	42,188	64,063	65,625	3988,777	100,000	984
MAD-0.1-agents372-hours4.json	984	793	191	464	372	372	100,000	54	19	19	referenceSolver	18,858	53,143	12,500	12,500	87,500	87,500	10,678	15,500	3,646	1,563	87,500	87,500	324,664	52,033	512
MAD-0.1-agents372-hours4.json	984	793	191	464	372	341	91,667	54	19	19	randomSolver	33,877	59,932	37,500	62,500	75,000	75,000	14,909	18,870	10,938	31,250	53,125	56,250	3214,995	100,000	984
MAD-0.1-agents142-hours8.json	984	793	191	234	142	142	100,000	54	19	19	referenceSolver	25,107	30,213	12,500	12,500	87,500	12,500	16,484	4,406	1,823	1,563	87,500	1,563	126,851	28,659	282
MAD-0.1-agents142-hours8.json	984	793	191	234	142	142	100,000	54	19	19	randomSolver	56,265	49,127	62,500	75,000	75,000	75,000	23,385	13,263	9,115	64,063	56,250	64,063	2966,036	100,000	984
MAD-0.1-agents250-hours6.json	984	793	191	342	250	250	100,000	54	19	19	referenceSolver	21,126	43,253	12,500	87,500	12,500	12,500	12,298	8,410	2,431	87,500	1,563	3,125	227,240	39,634	390
MAD-0.1-agents250-hours6.json	984	793	191	342	250	241	96,400	54	19	19	randomSolver	44,425	57,666	25,000	50,000	62,500	62,500	17,409	13,684	4,861	17,188	21,875	53,125	2660,411	100,000	984
MAD-0.1-agents6-hours8.json	984	793	191	98	6	6	100,000	54	19	19	referenceSolver	42,602	1,796	12,500	12,500	87,500	12,500	36,830	0,262	1,823	1,563	87,500	1,563	10,879	14,837	146
MAD-0.1-agents6-hours8.json	984	793	191	98	6	6	100,000	54	19	19	randomSolver	67,343	17,837	54,716	87,500	75,000	62,500	44,324	16,289	47,396	78,125	23,438	53,125	176,906	37,093	365
MAD-0.1-agents62-hours6.json	984	793	191	154	62	62	100,000	54	19	19	referenceSolver	31,656	15,897	12,500	12,500	37,500	12,500	24,345	3,091	2,431	3,125	37,500	1,563	62,025	20,528	202
MAD-0.1-agents62-hours6.json	984	793	191	154	62	62	100,000	54	19	19	randomSolver	68,748	44,676	67,465	62,500	62,500	62,500	38,599	26,180	31,597	20,313	40,625	53,125	907,433	99,593	980
MAD-0.1-agents332-hours6.json	984	793	191	424	332	332	100,000	54	19	19	referenceSolver	19,458	50,303	12,500	87,500	12,500	12,500	10,390	9,781	2,431	87,500	3,125	1,563	298,421	47,967	472
MAD-0.1-agents332-hours6.json	984	793	191	424	332	314	94,578	54	19	19	randomSolver	35,676	57,777	75,000	45,833	66,667	62,500	14,042	13,445	14,583	23,438	56,250	34,375	2998,327	100,000	984
MAD-0.1-agents210-hours4.json	984	793	191	302	210	210	100,000	54	19	19	referenceSolver	22,268	39,033	12,500	12,500	12,500	87,500	14,451	11,385	3,646	3,125	1,563	87,500	192,522	35,569	350
MAD-0.1-agents210-hours4.json	984	793	191	302	210	207	98,571	54	19	19	randomSolver	50,051	58,716	37,500	75,000	62,500	75,000	22,906	20,482	10,938	75,000	21,875	54,688	1766,134	100,000	984
MAD-0.1-agents496-hours4.json	984	793	191	588	496	496	100,000	54	19	19	referenceSolver	17,517	60,194	12,500	12,500	12,500	12,500	9,195	17,557	3,646	1,563	1,563	3,125	441,539	64,634	636
MAD-0.1-agents496-hours4.json	984	793	191	588	496	403	81,250	54	19	19	randomSolver	26,314	59,908	12,500	75,000	87,500	75,000	11,765	19,228	3,646	37,500	68,750	75,000	7594,300	100,000	984
MAD-0.1-agents269-hours8.json	984	793	191	361	269	269	100,000	54	19	19	referenceSolver	20,706	44,983	12,500	12,500	87,500	87,500	11,331	6,560	1,823	1,563	87,500	87,500	244,402	41,565	409
MAD-0.1-agents269-hours8.json	984	793	191	361	269	263	97,770	54	19	19	randomSolver	40,361	54,870	25,000	62,500	62,500	45,833	15,158	11,159	3,646	21,875	42,188	23,438	3466,820	100,000	984
MAD-0.1-agents127-hours8.json	984	793	191	219	127	127	100,000	54	19	19	referenceSolver	26,027	27,851	12,500	12,500	87,500	87,500	17,495	4,062	1,823	3,125	87,500	87,500	113,061	27,134	267
MAD-0.1-agents127-hours8.json	984	793	191	219	127	127	100,000	54	19	19	randomSolver	59,074	49,009	41,875	50,000	66,667	62,500	24,987	13,554	9,115	28,125	34,375	53,125	2394,409	100,000	984
MAD-0.1-agents235-hours6.json	984	793	191	327	235	235	100,000	54	19	19	referenceSolver	21,598	41,593	12,500	87,500	12,500	87,500	12,761	8,088	2,431	87,500	3,125	87,500	214,416	38,110	375
MAD-0.1-agents235-hours6.json	984	793	191	327	235	231	98,298	54	19	19	randomSolver	45,246	57,030	25,000	62,500	87,500	75,000	18,208	14,401	4,861	29,688	56,250	43,750	2365,310	100,000	984
MAD-0.1-agents477-hours8.json	984	793	191	569	477	477	100,000	54	19	19	referenceSolver	17,728	59,108	12,500	87,500	87,500	87,500	7,858	8,620	1,823	87,500	87,500	87,500	429,032	62,703	617
MAD-0.1-agents477-hours8.json	984	793	191	569	477	392	82,180	54	19	19	randomSolver	26,734	57,539	12,500	37,500	87,500	50,000	9,617	9,995	1,823	37,500	45,313	28,125	4692,932	100,000	984
MAD-0.1-agents317-hours4.json	984	793	191	409	317	317	100,000	54	19	19	referenceSolver	19,743	49,071	12,500	87,500	12,500	87,500	11,632	14,312	3,646	87,500	1,563	87,500	279,006	46,443	457
MAD-0.1-agents317-hours4.json	984	793	191	409	317	301	94,953	54	19	19	randomSolver	37,990	59,401	25,000	87,500	87,500	62,500	16,914	19,407	7,292	31,250	57,813	20,313	3479,862	100,000	984
MAD-0.1-agents47-hours4.json	984	793	191	139	47	47	100,000	54	19	19	referenceSolver	33,813	12,500	12,500	12,500	12,500	12,500	27,132	3,646	3,646	3,125	3,125	3,125	47,770	19,004	187
MAD-0.1-agents47-hours4.json	984	793	191	139	47	47	100,000	54	19	19	randomSolver	71,365	46,095	84,435	87,500	87,500	75,000	43,735	30,526	43,750	45,313	68,750	45,313	995,090	76,626	754
MAD-0.1-agents288-hours4.json	984	793	191	380	288	288	100,000	54	19	19	referenceSolver	20,263	46,753	12,500	25,000	12,500	12,500	12,233	13,636	3,646	25,000	1,563	1,563	257,588	43,496	428
MAD-0.1-agents288-hours4.json	984	793	191	380	288	278	96,528	54	19	19	randomSolver	40,694	59,738	12,500	83,333	41,667	87,500	18,204	19,362	3,646	46,875	40,625	50,000	3959,629	100,000	984
MAD-0.1-agents275-hours4.json	984	793	191	367	275	275	100,000	54	19	19	referenceSolver	20,606	45,455	12,500	87,500	87,500	12,500	12,545	13,258	3,646	87,500	87,500	1,563	245,747	42,175	415
MAD-0.1-agents275-hours4.json	984	793	191	367	275	268	97,455	54	19	19	randomSolver	42,438	59,537	37,500	62,500	62,500	75,000	18,849	19,452	10,938	51,563	40,625	54,688	2266,499	100,000	984
MAD-0.1-agents357-hours6.json	984	793	191	449	357	357	100,000	54	19	19	referenceSolver	19,098	52,041	12,500	87,500	12,500	12,500	9,950	10,119	2,431	87,500	1,563	1,563	321,744	50,508	497
MAD-0.1-agents357-hours6.json	984	793	191	449	357	327	91,597	54	19	19	randomSolver	34,374	58,729	58,333	62,500	75,000	62,500	13,261	13,266	14,583	31,250	43,750	62,500	3193,178	100,000	984
MAD-0.1-agents393-hours8.json	984	793	191	485	393	393	100,000	54	19	19	referenceSolver	18,634	54,357	12,500	12,500	37,500	12,500	8,906	7,927	1,823	1,563	37,500	1,563	351,788	54,167	533
MAD-0.1-agents393-hours8.json	984	793	191	485	393	347	88,295	54	19	19	randomSolver	31,003	56,093	25,000	42,500	62,500	62,500	11,283	10,397	3,646	20,313	29,688	51,563	4805,684	100,000	984
MAD-0.1-agents281-hours8.json	984	793	191	373	281	281	100,000	54	19	19	referenceSolver	20,442	46,066	12,500	12,500	87,500	87,500	11,029	6,718	1,823	3,125	87,500	87,500	252,621	42,785	421
MAD-0.1-agents281-hours8.json	984	793	191	373	281	274	97,509	54	19	19	randomSolver	39,994	56,455	37,500	75,000	62,500	87,500	14,671	10,532	5,469	45,313	43,750	68,750	2505,580	100,000	984
MAD-0.1-agents193-hours6.json	984	793	191	285	193	193	100,000	54	19	19	referenceSolver	22,895	36,973	12,500	12,500	12,500	12,500	14,278	7,189	2,431	1,563	3,125	3,125	174,268	33,841	333
MAD-0.1-agents193-hours6.json	984	793	191	285	193	190	98,446	54	19	19	randomSolver	50,367	55,098	44,011	62,500	75,000	62,500	20,891	15,206	21,875	42,188	21,875	51,563	1765,071	100,000	984
MAD-0.1-agents245-hours6.json	984	793	191	337	245	245	100,000	54	19	19	referenceSolver	21,254	42,757	12,500	87,500	12,500	87,500	12,445	8,314	2,431	87,500	1,563	87,500	221,356	39,126	385
MAD-0.1-agents245-hours6.json	984	793	191	337	245	241	98,367	54	19	19	randomSolver	44,255	56,522	25,000	87,500	75,000	75,000	17,668	13,833	4,861	25,000	45,313	45,313	2450,552	100,000	984
MAD-0.1-agents157-hours8.json	984	793	191	249	157	157	100,000	54	19	19	referenceSolver	24,347	32,371	12,500	87,500	12,500	12,500	15,601	4,721	1,823	87,500	1,563	1,563	148,975	30,183	297
MAD-0.1-agents157-hours8.json	984	793	191	249	157	157	100,000	54	19	19	randomSolver	55,255	51,619	37,500	75,000	75,000	62,500	21,976	12,300	5,469	45,313	21,875	62,500	1635,212	100,000	984
MAD-0.1-agents367-hours4.json	984	793	191	459	367	367	100,000	54	19	19	referenceSolver	18,954	52,730	12,500	87,500	87,500	50,000	10,762	15,380	3,646	87,500	87,500	50,000	323,001	51,524	507
MAD-0.1-agents367-hours4.json	984	793	191	459	367	340	92,643	54	19	19	randomSolver	33,903	59,920	50,000	62,500	75,000	75,000	15,071	19,139	14,583	9,375	45,313	54,688	2951,739	100,000	984
MAD-0.1-agents407-hours8.json	984	793	191	499	407	407	100,000	54	19	19	referenceSolver	18,462	55,224	12,500	12,500	12,500	87,500	8,708	8,053	1,823	3,125	3,125	87,500	368,583	55,589	547
MAD-0.1-agents407-hours8.json	984	793	191	499	407	356	87,469	54	19	19	randomSolver	30,449	57,153	0,000	62,500	75,000	62,500	10,966	9,972	0,000	43,750	65,625	42,188	4987,316	100,000	984
MAD-0.1-agents37-hours4.json	984	793	191	129	37	37	100,000	54	19	19	referenceSolver	35,368	10,137	12,500	37,500	87,500	87,500	28,941	2,957	3,646	37,500	87,500	87,500	38,757	17,988	177
MAD-0.1-agents37-hours4.json	984	793	191	129	37	37	100,000	54	19	19	randomSolver	71,102	41,349	74,221	62,500	87,500	75,000	44,384	29,107	36,458	32,813	67,188	54,688	518,763	66,768	657
MAD-0.1-agents205-hours4.json	984	793	191	297	205	205	100,000	54	19	19	referenceSolver	22,433	38,462	12,500	12,500	12,500	87,500	14,632	11,218	3,646	1,563	3,125	87,500	184,381	35,061	345
MAD-0.1-agents205-hours4.json	984	793	191	297	205	204	99,512	54	19	19	randomSolver	51,303	58,704	50,000	54,167	75,000	62,500	23,292	20,347	14,583	43,750	54,688	51,563	2637,715	100,000	984
MAD-0.1-agents327-hours6.json	984	793	191	419	327	327	100,000	54	19	19	referenceSolver	19,570	49,848	12,500	12,500	12,500	12,500	10,492	9,693	2,431	3,125	1,563	1,563	298,772	47,459	467
MAD-0.1-agents327-hours6.json	984	793	191	419	327	304	92,966	54	19	19	randomSolver	36,486	58,102	0,000	87,500	75,000	62,500	14,210	13,535	0,000	37,500	65,625	31,250	2838,445	100,000	984
MAD-0.1-agents77-hours6.json	984	793	191	169	77	77	100,000	54	19	19	referenceSolver	30,030	18,966	12,500	87,500	87,500	87,500	22,418	3,688	2,431	87,500	87,500	87,500	76,201	22,053	217
MAD-0.1-agents77-hours6.json	984	793	191	169	77	77	100,000	54	19	19	randomSolver	68,695	47,466	73,302	87,500	87,500	75,000	35,231	22,101	24,306	37,500	48,438	34,375	760,748	100,000	984
MAD-0.1-agents483-hours4.json	984	793	191	575	483	483	100,000	54	19	19	referenceSolver	17,652	59,483	12,500	12,500	62,500	12,500	9,326	17,349	3,646	3,125	62,500	3,125	434,012	63,313	623
MAD-0.1-agents483-hours4.json	984	793	191	575	483	396	81,988	54	19	19	randomSolver	27,310	59,609	25,000	50,000	79,167	62,500	12,031	19,004	7,292	18,750	57,813	51,563	5316,789	100,000	984
MAD-0.1-agents460-hours6.json	984	793	191	552	460	460	100,000	54	19	19	referenceSolver	17,844	58,376	12,500	87,500	25,000	12,500	8,544	11,351	2,431	87,500	25,000	3,125	410,228	60,976	600
MAD-0.1-agents460-hours6.json	984	793	191	552	460	397	86,304	54	19	19	randomSolver	28,335	59,149	50,000	75,000	54,167	62,500	10,786	12,729	9,722	43,750	42,188	32,813	4015,689	100,000	984
MAD-0.1-agents130-hours6.json	984	793	191	222	130	130	100,000	54	19	19	referenceSolver	25,901	28,261	12,500	12,500	12,500	12,500	17,654	5,495	2,431	1,563	1,563	1,563	115,111	27,439	270
MAD-0.1-agents130-hours6.json	984	793	191	222	130	130	100,000	54	19	19	randomSolver	61,504	53,046	65,157	50,000	62,500	75,000	26,820	16,699	21,875	39,063	62,500	45,313	1249,632	100,000	984
MAD-0.1-agents222-hours8.json	984	793	191	314	222	222	100,000	54	19	19	referenceSolver	21,975	40,217	12,500	12,500	12,500	12,500	12,769	5,865	1,823	3,125	1,563	1,563	202,895	36,890	363
MAD-0.1-agents222-hours8.json	984	793	191	314	222	216	97,297	54	19	19	randomSolver	45,034	52,787	50,000	50,000	62,500	62,500	17,427	11,629	7,292	18,750	53,125	31,250	2924,524	100,000	984
MAD-0.1-agents379-hours6.json	984	793	191	471	379	379	100,000	54	19	19	referenceSolver	18,763	53,607	12,500	12,500	12,500	12,500	9,596	10,424	2,431	1,563	1,563	1,563	346,548	52,744	519
MAD-0.1-agents379-hours6.json	984	793	191	471	379	342	90,237	54	19	19	randomSolver	32,676	58,468	19,643	75,000	75,000	75,000	12,641	12,998	7,292	32,813	65,625	54,688	3179,439	100,000	984
MAD-0.1-agents94-hours4.json	984	793	191	186	94	94	100,000	54	19	19	referenceSolver	28,427	22,222	12,500	12,500	37,500	12,500	21,197	6,481	3,646	1,563	37,500	3,125	88,573	23,780	234
MAD-0.1-agents94-hours4.json	984	793	191	186	94	94	100,000	54	19	19	randomSolver	72,159	54,819	81,577	62,500	66,667	66,667	37,192	25,899	36,458	32,813	54,688	43,750	1998,325	100,000	984
MAD-0.1-agents29-hours6.json	984	793	191	121	29	29	100,000	54	19	19	referenceSolver	37,087	8,078	12,500	87,500	12,500	87,500	30,360	1,571	2,431	87,500	1,563	87,500	30,821	17,175	169
MAD-0.1-agents29-hours6.json	984	793	191	121	29	29	100,000	54	19	19	randomSolver	67,622	36,888	72,236	50,000	87,500	75,000	43,662	29,025	55,903	28,125	68,750	45,313	1036,223	71,951	708
MAD-0.1-agents459-hours8.json	984	793	191	551	459	459	100,000	54	19	19	referenceSolver	17,877	58,249	12,500	12,500	12,500	12,500	8,055	8,495	1,823	1,563	1,563	3,125	413,006	60,874	599
MAD-0.1-agents459-hours8.json	984	793	191	551	459	373	81,264	54	19	19	randomSolver	27,438	56,798	12,500	50,000	62,500	75,000	9,931	10,174	1,823	28,125	51,563	43,750	5064,333	100,000	984
MAD-0.1-agents339-hours4.json	984	793	191	431	339	339	100,000	54	19	19	referenceSolver	19,374	50,749	12,500	87,500	25,000	12,500	11,220	14,802	3,646	87,500	25,000	3,125	300,090	48,679	479
MAD-0.1-agents339-hours4.json	984	793	191	431	339	313	92,330	54	19	19	randomSolver	35,816	59,262	12,500	75,000	87,500	87,500	16,050	19,855	3,646	43,750	45,313	45,313	2827,940	100,000	984
MAD-0.1-agents109-hours8.json	984	793	191	201	109	109	100,000	54	19	19	referenceSolver	27,239	24,886	12,500	12,500	12,500	12,500	18,907	3,629	1,823	1,563	3,125	3,125	107,720	25,305	249
MAD-0.1-agents109-hours8.json	984	793	191	201	109	109	100,000	54	19	19	randomSolver	61,250	46,974	55,408	87,500	87,500	87,500	27,225	15,456	20,052	78,125	56,250	45,313	1304,976	100,000	984
MAD-0.1-agents69-hours4.json	984	793	191	161	69	69	100,000	54	19	19	referenceSolver	30,823	17,380	12,500	87,500	87,500	12,500	23,913	5,069	3,646	87,500	87,500	3,125	65,299	21,240	209
MAD-0.1-agents69-hours4.json	984	793	191	161	69	69	100,000	54	19	19	randomSolver	72,999	51,508	70,299	75,000	62,500	87,500	41,925	31,255	40,104	64,063	42,188	35,938	879,898	95,325	938
MAD-0.1-agents384-hours6.json	984	793	191	476	384	384	100,000	54	19	19	referenceSolver	18,724	53,857	12,500	87,500	87,500	87,500	9,524	10,472	2,431	87,500	87,500	87,500	347,146	53,252	524
MAD-0.1-agents384-hours6.json	984	793	191	476	384	345	89,844	54	19	19	randomSolver	32,605	58,768	25,000	75,000	87,500	75,000	12,508	12,998	4,861	56,250	65,625	65,625	3147,872	100,000	984
MAD-0.1-agents420-hours4.json	984	793	191	512	420	420	100,000	54	19	19	referenceSolver	18,311	56,000	12,500	12,500	87,500	12,500	10,025	16,333	3,646	1,563	87,500	3,125	369,311	56,911	560
MAD-0.1-agents420-hours4.json	984	793	191	512	420	375	89,286	54	19	19	randomSolver	30,624	60,202	25,000	87,500	75,000	87,500	13,511	18,780	7,292	57,813	45,313	65,625	3422,553	100,000	984
MAD-0.1-agents340-hours8.json	984	793	191	432	340	340	100,000	54	19	19	referenceSolver	19,358	50,822	12,500	12,500	12,500	62,500	9,772	7,412	1,823	1,563	3,125	62,500	304,488	48,780	480
MAD-0.1-agents340-hours8.json	984	793	191	432	340	320	94,118	54	19	19	randomSolver	34,491	56,723	37,500	68,750	62,500	75,000	12,667	10,397	5,469	26,563	29,688	35,938	3388,314	100,000	984
MAD-0.1-agents170-hours4.json	984	793	191	262	170	170	100,000	54	19	19	referenceSolver	23,855	34,000	12,500	12,500	12,500	12,500	16,118	9,917	3,646	1,563	1,563	3,125	151,820	31,504	310
MAD-0.1-agents170-hours4.json	984	793	191	262	170	170	100,000	54	19	19	randomSolver	57,018	58,124	35,938	75,000	75,000	62,500	26,403	21,287	14,583	56,250	53,125	34,375	1583,099	100,000	984
MAD-0.1-agents10-hours8.json	984	793	191	102	10	10	100,000	54	19	19	referenceSolver	41,422	2,959	12,500	87,500	12,500	87,500	35,458	0,431	1,823	87,500	3,125	87,500	14,634	15,244	150
MAD-0.1-agents10-hours8.json	984	793	191	102	10	10	100,000	54	19	19	randomSolver	67,244	27,482	60,119	50,000	75,000	62,500	44,766	24,788	45,573	40,625	46,875	62,500	281,526	49,492	487
MAD-0.1-agents410-hours6.json	984	793	191	502	410	410	100,000	54	19	19	referenceSolver	18,426	55,405	12,500	87,500	87,500	12,500	9,163	10,773	2,431	87,500	87,500	1,563	368,774	55,894	550
MAD-0.1-agents410-hours6.json	984	793	191	502	410	371	90,488	54	19	19	randomSolver	30,742	58,770	25,000	75,000	41,667	62,500	11,861	12,938	4,861	64,063	31,250	32,813	4234,924	100,000	984
MAD-0.1-agents252-hours8.json	984	793	191	344	252	252	100,000	54	19	19	referenceSolver	21,112	43,373	12,500	87,500	12,500	12,500	11,801	6,325	1,823	87,500	1,563	3,125	227,038	39,837	392
MAD-0.1-agents252-hours8.json	984	793	191	344	252	243	96,429	54	19	19	randomSolver	42,218	54,844	62,500	62,500	62,500	62,500	15,907	11,203	9,115	34,375	62,500	51,563	2829,300	100,000	984
MAD-0.1-agents140-hours6.json	984	793	191	232	140	140	100,000	54	19	19	referenceSolver	25,269	29,851	12,500	12,500	12,500	12,500	16,984	5,804	2,431	1,563	1,563	1,563	132,850	28,455	280
MAD-0.1-agents140-hours6.json	984	793	191	232	140	140	100,000	54	19	19	randomSolver	59,746	53,314	50,000	87,500	62,500	62,500	25,664	16,042	9,722	46,875	51,563	40,625	2526,876	100,000	984
MAD-0.1-agents309-hours6.json	984	793	191	401	309	309	100,000	54	19	19	referenceSolver	19,857	48,509	12,500	87,500	87,500	12,500	10,847	9,432	2,431	87,500	87,500	1,563	281,463	45,630	449
MAD-0.1-agents309-hours6.json	984	793	191	401	309	296	95,793	54	19	19	randomSolver	37,950	58,109	50,000	75,000	87,500	87,500	14,848	13,535	9,722	45,313	34,375	46,875	2620,540	100,000	984
MAD-0.1-agents296-hours6.json	984	793	191	388	296	296	100,000	54	19	19	referenceSolver	20,103	47,436	12,500	87,500	12,500	87,500	11,129	9,224	2,431	87,500	1,563	87,500	266,705	44,309	436
MAD-0.1-agents296-hours6.json	984	793	191	388	296	283	95,608	54	19	19	randomSolver	38,979	57,292	50,000	62,500	62,500	62,500	15,345	13,535	9,722	31,250	42,188	31,250	4908,617	100,000	984
MAD-0.1-agents59-hours6.json	984	793	191	151	59	59	100,000	54	19	19	referenceSolver	32,119	15,206	12,500	12,500	87,500	12,500	24,801	2,957	2,431	3,125	87,500	1,563	57,982	20,224	199
MAD-0.1-agents59-hours6.json	984	793	191	151	59	59	100,000	54	19	19	randomSolver	68,168	44,257	63,834	75,000	62,500	75,000	39,253	27,451	46,181	64,063	53,125	75,000	1058,148	98,882	973
MAD-0.1-agents184-hours8.json	984	793	191	276	184	184	100,000	54	19	19	referenceSolver	23,234	35,867	12,500	87,500	87,500	50,000	14,259	5,231	1,823	87,500	87,500	50,000	167,750	32,927	324
MAD-0.1-agents184-hours8.json	984	793	191	276	184	184	100,000	54	19	19	randomSolver	50,426	52,759	30,738	62,500	75,000	75,000	19,827	11,852	7,292	34,375	64,063	56,250	2474,475	100,000	984
MAD-0.1-agents349-hours4.json	984	793	191	441	349	349	100,000	54	19	19	referenceSolver	19,218	51,475	12,500	12,500	12,500	87,500	11,052	15,014	3,646	1,563	3,125	87,500	305,507	49,695	489
MAD-0.1-agents349-hours4.json	984	793	191	441	349	325	93,123	54	19	19	randomSolver	35,685	59,899	37,500	43,750	75,000	75,000	15,686	19,094	10,938	31,250	45,313	65,625	2993,895	100,000	984
MAD-0.1-agents429-hours8.json	984	793	191	521	429	429	100,000	54	19	19	referenceSolver	18,162	56,671	12,500	37,500	12,500	12,500	8,408	8,265	1,823	37,500	1,563	3,125	391,231	57,825	569
MAD-0.1-agents429-hours8.json	984	793	191	521	429	372	86,713	54	19	19	randomSolver	29,001	56,653	25,000	50,000	75,000	62,500	10,503	10,062	3,646	40,625	45,313	42,188	5348,470	100,000	984
MAD-0.1-agents179-hours8.json	984	793	191	271	179	179	100,000	54	19	19	referenceSolver	23,432	35,236	12,500	87,500	87,500	87,500	14,488	5,139	1,823	87,500	87,500	87,500	164,586	32,419	319
MAD-0.1-agents179-hours8.json	984	793	191	271	179	176	98,324	54	19	19	randomSolver	50,105	51,149	32,721	75,000	50,000	75,000	20,192	12,636	9,115	23,438	40,625	75,000	2136,405	100,000	984
MAD-0.1-agents19-hours4.json	984	793	191	111	19	19	100,000	54	19	19	referenceSolver	39,189	5,460	12,500	12,500	12,500	87,500	33,056	1,592	3,646	1,563	3,125	87,500	22,289	16,159	159
MAD-0.1-agents19-hours4.json	984	793	191	111	19	19	100,000	54	19	19	randomSolver	68,368	30,293	76,994	50,000	62,500	75,000	45,242	23,505	47,396	40,625	40,625	46,875	325,427	47,154	464
MAD-0.1-agents330-hours8.json	984	793	191	422	330	330	100,000	54	19	19	referenceSolver	19,491	50,152	12,500	12,500	12,500	37,500	9,953	7,314	1,823	3,125	1,563	37,500	296,244	47,764	470
MAD-0.1-agents330-hours8.json	984	793	191	422	330	304	92,121	54	19	19	randomSolver	35,353	56,234	31,568	75,000	50,000	87,500	12,967	10,465	9,115	23,438	40,625	37,500	3037,382	100,000	984
MAD-0.1-agents450-hours4.json	984	793	191	542	450	450	100,000	54	19	19	referenceSolver	17,943	57,841	12,500	87,500	12,500	87,500	9,666	16,870	3,646	87,500	3,125	87,500	392,540	59,959	590
MAD-0.1-agents450-hours4.json	984	793	191	542	450	377	83,778	54	19	19	randomSolver	29,097	60,138	0,000	50,000	37,500	50,000	12,763	18,780	0,000	39,063	26,563	50,000	6257,123	100,000	984
MAD-0.1-agents100-hours4.json	984	793	191	192	100	100	100,000	54	19	19	referenceSolver	27,930	23,310	12,500	87,500	12,500	12,500	20,649	6,799	3,646	87,500	1,563	1,563	97,351	24,390	240
MAD-0.1-agents100-hours4.json	984	793	191	192	100	100	100,000	54	19	19	randomSolver	72,213	55,653	71,711	62,500	75,000	75,000	36,030	24,735	25,521	10,938	54,688	54,688	1394,462	100,000	984
MAD-0.1-agents60-hours8.json	984	793	191	152	60	60	100,000	54	19	19	referenceSolver	31,990	15,424	12,500	12,500	12,500	87,500	24,404	2,249	1,823	3,125	1,563	87,500	56,732	20,325	200
MAD-0.1-agents60-hours8.json	984	793	191	152	60	60	100,000	54	19	19	randomSolver	65,128	39,787	63,886	50,000	62,500	75,000	36,001	21,657	25,521	40,625	40,625	56,250	668,432	100,000	984
MAD-0.1-agents4-hours6.json	984	793	191	96	4	4	100,000	54	19	19	referenceSolver	43,229	1,205	12,500	50,000	12,500	12,500	37,585	0,234	2,431	50,000	3,125	3,125	8,243	14,634	144
MAD-0.1-agents4-hours6.json	984	793	191	96	4	4	100,000	54	19	19	randomSolver	66,776	9,824	70,938	62,500	75,000	75,000	43,994	8,456	51,042	31,250	54,688	45,313	259,817	27,642	272
MAD-0.1-agents435-hours8.json	984	793	191	527	435	435	100,000	54	19	19	referenceSolver	18,121	56,937	12,500	87,500	12,500	12,500	8,339	8,303	1,823	87,500	3,125	3,125	389,504	58,435	575
MAD-0.1-agents435-hours8.json	984	793	191	527	435	364	83,678	54	19	19	randomSolver	28,911	57,402	25,000	62,500	75,000	62,500	10,384	9,927	3,646	53,125	54,688	53,125	4899,954	100,000	984
MAD-0.1-agents355-hours4.json	984	793	191	447	355	355	100,000	54	19	19	referenceSolver	19,128	51,901	12,500	87,500	87,500	87,500	10,949	15,138	3,646	87,500	87,500	87,500	308,563	50,305	495
MAD-0.1-agents355-hours4.json	984	793	191	447	355	326	91,831	54	19	19	randomSolver	34,851	59,723	25,000	62,500	75,000	62,500	15,476	19,139	7,292	21,875	45,313	43,750	2874,912	100,000	984
MAD-0.1-agents165-hours8.json	984	793	191	257	165	165	100,000	54	19	19	referenceSolver	24,027	33,401	12,500	12,500	87,500	12,500	15,184	4,871	1,823	1,563	87,500	3,125	148,153	30,996	305
MAD-0.1-agents165-hours8.json	984	793	191	257	165	164	99,394	54	19	19	randomSolver	51,891	50,587	30,303	62,500	37,500	75,000	21,292	12,591	7,292	51,563	28,125	75,000	1646,423	100,000	984
MAD-0.1-agents277-hours6.json	984	793	191	369	277	277	100,000	54	19	19	referenceSolver	20,495	45,785	12,500	12,500	87,500	87,500	11,576	8,903	2,431	1,563	87,500	87,500	250,662	42,378	417
MAD-0.1-agents277-hours6.json	984	793	191	369	277	270	97,473	54	19	19	randomSolver	40,774	57,552	25,000	75,000	62,500	75,000	16,135	13,625	4,861	56,250	29,688	45,313	3410,206	100,000	984
MAD-0.1-agents315-hours6.json	984	793	191	407	315	315	100,000	54	19	19	referenceSolver	19,779	48,913	12,500	12,500	12,500	12,500	10,726	9,511	2,431	1,563	1,563	3,125	283,078	46,240	455
MAD-0.1-agents315-hours6.json	984	793	191	407	315	304	96,508	54	19	19	randomSolver	37,757	58,314	44,104	87,500	62,500	75,000	14,629	13,177	12,153	78,125	40,625	45,313	3582,441	100,000	984
MAD-0.1-agents237-hours4.json	984	793	191	329	237	237	100,000	54	19	19	referenceSolver	21,505	41,873	12,500	87,500	87,500	12,500	13,569	12,213	3,646	87,500	87,500	3,125	207,123	38,313	377
MAD-0.1-agents237-hours4.json	984	793	191	329	237	232	97,890	54	19	19	randomSolver	46,286	58,713	37,500	79,167	75,000	87,500	21,026	20,079	10,938	46,875	65,625	57,813	3382,404	100,000	984
MAD-0.1-agents45-hours6.json	984	793	191	137	45	45	100,000	54	19	19	referenceSolver	34,124	12,032	12,500	37,500	87,500	12,500	27,076	2,340	2,431	28,125	87,500	1,563	45,153	18,801	185
MAD-0.1-agents45-hours6.json	984	793	191	137	45	45	100,000	54	19	19	randomSolver	66,195	41,247	78,342	37,500	75,000	75,000	41,650	29,450	38,889	37,500	45,313	42,188	507,150	89,634	882
MAD-0.1-agents198-hours8.json	984	793	191	290	198	198	100,000	54	19	19	referenceSolver	22,716	37,571	12,500	87,500	87,500	37,500	13,658	5,479	1,823	87,500	87,500	37,500	179,706	34,350	338
MAD-0.1-agents198-hours8.json	984	793	191	290	198	197	99,495	54	19	19	randomSolver	48,503	53,197	62,500	50,000	75,000	62,500	18,869	11,741	9,115	21,875	12,500	31,250	2948,980	100,000	984
MAD-0.1-agents81-hours8.json	984	793	191	173	81	81	100,000	54	19	19	referenceSolver	29,552	19,804	12,500	25,000	12,500	87,500	21,654	2,888	1,823	25,000	1,563	87,500	77,699	22,459	221
MAD-0.1-agents81-hours8.json	984	793	191	173	81	81	100,000	54	19	19	randomSolver	64,213	42,889	59,906	75,000	75,000	87,500	31,631	17,493	27,344	54,688	54,688	87,500	1071,913	100,000	984
MAD-0.1-agents481-hours6.json	984	793	191	573	481	481	100,000	54	19	19	referenceSolver	17,692	59,309	12,500	87,500	12,500	12,500	8,326	11,532	2,431	87,500	1,563	1,563	429,055	63,110	621
MAD-0.1-agents481-hours6.json	984	793	191	573	481	407	84,615	54	19	19	randomSolver	26,841	58,460	25,000	75,000	62,500	75,000	10,391	13,147	4,861	65,625	29,688	42,188	4896,604	100,000	984
MAD-0.1-agents325-hours4.json	984	793	191	417	325	325	100,000	54	19	19	referenceSolver	19,574	49,770	12,500	12,500	50,000	87,500	11,471	14,516	3,646	1,563	50,000	87,500	285,321	47,256	465
MAD-0.1-agents325-hours4.json	984	793	191	417	325	305	93,846	54	19	19	randomSolver	37,252	59,772	25,000	62,500	75,000	87,500	16,589	19,228	7,292	32,813	54,688	67,188	6120,240	100,000	984
MAD-0.1-agents445-hours8.json	984	793	191	537	445	445	100,000	54	19	19	referenceSolver	18,017	57,494	12,500	12,500	12,500	12,500	8,215	8,384	1,823	3,125	1,563	1,563	404,942	59,451	585
MAD-0.1-agents445-hours8.json	984	793	191	537	445	378	84,944	54	19	19	randomSolver	28,253	57,139	0,000	50,000	75,000	62,500	10,190	10,062	0,000	7,813	45,313	42,188	4569,940	100,000	984
MAD-0.1-agents207-hours6.json	984	793	191	299	207	207	100,000	54	19	19	referenceSolver	22,366	38,692	12,500	37,500	12,500	87,500	13,718	7,523	2,431	37,500	3,125	87,500	187,763	35,264	347
MAD-0.1-agents207-hours6.json	984	793	191	299	207	207	100,000	54	19	19	randomSolver	49,257	56,053	37,500	62,500	62,500	87,500	19,913	14,341	7,292	53,125	25,000	54,688	2273,939	100,000	984
MAD-0.1-agents115-hours8.json	984	793	191	207	115	115	100,000	54	19	19	referenceSolver	26,812	25,901	12,500	87,500	12,500	87,500	18,412	3,777	1,823	87,500	1,563	87,500	105,707	25,915	255
MAD-0.1-agents115-hours8.json	984	793	191	207	115	115	100,000	54	19	19	randomSolver	62,051	48,166	73,146	34,375	75,000	87,500	26,435	13,889	18,229	10,938	45,313	46,875	1188,435	100,000	984
MAD-0.1-agents75-hours4.json	984	793	191	167	75	75	100,000	54	19	19	referenceSolver	30,240	18,564	12,500	37,500	12,500	50,000	23,204	5,415	3,646	28,125	1,563	50,000	73,121	21,850	215
MAD-0.1-agents75-hours4.json	984	793	191	167	75	75	100,000	54	19	19	randomSolver	72,866	53,065	76,279	50,000	79,167	50,000	41,009	30,439	40,104	29,688	68,750	17,188	960,859	98,069	965
MAD-0.1-agents398-hours6.json	984	793	191	490	398	398	100,000	54	19	19	referenceSolver	18,546	54,746	12,500	12,500	87,500	12,500	9,321	10,645	2,431	3,125	87,500	3,125	391,266	54,675	538
MAD-0.1-agents398-hours6.json	984	793	191	490	398	356	89,447	54	19	19	randomSolver	31,463	58,463	12,500	75,000	75,000	75,000	12,151	13,177	2,431	43,750	54,688	35,938	3583,862	100,000	984
MAD-0.1-agents365-hours6.json	984	793	191	457	365	365	100,000	54	19	19	referenceSolver	18,955	52,670	12,500	12,500	12,500	87,500	9,815	10,241	2,431	1,563	1,563	87,500	327,057	51,321	505
MAD-0.1-agents365-hours6.json	984	793	191	457	365	335	91,781	54	19	19	randomSolver	33,778	58,495	25,000	87,500	62,500	87,500	13,028	12,998	4,861	57,813	42,188	56,250	3075,296	100,000	984
MAD-0.1-agents247-hours4.json	984	793	191	339	247	247	100,000	54	19	19	referenceSolver	21,202	42,957	12,500	12,500	12,500	37,500	13,271	12,529	3,646	1,563	1,563	37,500	220,124	39,329	387
MAD-0.1-agents247-hours4.json	984	793	191	339	247	238	96,356	54	19	19	randomSolver	45,495	59,314	50,000	62,500	87,500	75,000	20,406	19,631	14,583	40,625	26,563	56,250	3567,257	100,000	984
MAD-0.1-agents88-hours4.json	984	793	191	180	88	88	100,000	54	19	19	referenceSolver	28,958	21,103	12,500	87,500	87,500	87,500	21,782	6,155	3,646	87,500	87,500	87,500	80,567	23,171	228
MAD-0.1-agents88-hours4.json	984	793	191	180	88	88	100,000	54	19	19	randomSolver	74,025	55,289	80,099	87,500	87,500	62,500	38,432	26,839	32,813	56,250	67,188	42,188	1046,681	100,000	984
MAD-0.1-agents35-hours6.json	984	793	191	127	35	35	100,000	54	19	19	referenceSolver	35,827	9,615	12,500	12,500	12,500	12,500	29,029	1,870	2,431	1,563	3,125	1,563	35,845	17,785	175
MAD-0.1-agents35-hours6.json	984	793	191	127	35	35	100,000	54	19	19	randomSolver	66,535	38,898	54,267	59,167	75,000	75,000	43,035	29,714	43,750	35,938	43,750	43,750	480,561	79,573	783
MAD-0.1-agents191-hours4.json	984	793	191	283	191	191	100,000	54	19	19	referenceSolver	23,012	36,660	12,500	87,500	12,500	50,000	15,193	10,693	3,646	87,500	3,125	50,000	170,093	33,638	331
MAD-0.1-agents191-hours4.json	984	793	191	283	191	191	100,000	54	19	19	randomSolver	53,523	58,483	37,500	50,000	62,500	50,000	24,444	20,526	10,938	29,688	53,125	40,625	3193,611	100,000	984
MAD-0.1-agents172-hours6.json	984	793	191	264	172	172	100,000	54	19	19	referenceSolver	23,722	34,331	12,500	12,500	87,500	12,500	15,220	6,676	2,431	1,563	87,500	3,125	159,237	31,707	312
MAD-0.1-agents172-hours6.json	984	793	191	264	172	172	100,000	54	19	19	randomSolver	54,254	54,945	50,000	50,000	87,500	50,000	22,553	15,415	9,722	31,250	37,500	39,063	1599,089	100,000	984
MAD-0.1-agents500-hours4.json	984	793	191	592	500	500	100,000	54	19	19	referenceSolver	17,483	60,386	12,500	12,500	12,500	12,500	9,158	17,613	3,646	1,563	1,563	1,563	439,869	65,041	640
MAD-0.1-agents500-hours4.json	984	793	191	592	500	413	82,600	54	19	19	randomSolver	26,658	59,930	25,000	87,500	87,500	62,500	11,685	18,691	7,292	68,750	34,375	10,938	4084,071	100,000	984
MAD-0.1-agents260-hours8.json	984	793	191	352	260	260	100,000	54	19	19	referenceSolver	20,916	44,143	12,500	12,500	12,500	12,500	11,578	6,437	1,823	1,563	1,563	1,563	235,135	40,650	400
MAD-0.1-agents260-hours8.json	984	793	191	352	260	252	96,923	54	19	19	randomSolver	41,346	54,713	41,821	75,000	75,000	75,000	15,546	11,136	9,115	42,188	35,938	64,063	3012,180	100,000	984
MAD-0.1-agents422-hours6.json	984	793	191	514	422	422	100,000	54	19	19	referenceSolver	18,264	56,192	12,500	12,500	12,500	12,500	9,002	10,926	2,431	1,563	1,563	1,563	371,501	57,114	562
MAD-0.1-agents422-hours6.json	984	793	191	514	422	362	85,782	54	19	19	randomSolver	29,929	58,685	25,000	67,500	87,500	62,500	11,584	13,057	4,861	56,250	67,188	42,188	5895,082	100,000	984
MAD-0.1-agents219-hours4.json	984	793	191	311	219	219	100,000	54	19	19	referenceSolver	21,986	40,037	12,500	87,500	12,500	25,000	14,138	11,677	3,646	87,500	1,563	25,000	195,676	36,484	359
MAD-0.1-agents219-hours4.json	984	793	191	311	219	219	100,000	54	19	19	randomSolver	49,731	59,396	62,500	75,000	62,500	75,000	22,243	19,721	18,229	64,063	62,500	46,875	2424,557	100,000	984
MAD-0.1-agents386-hours4.json	984	793	191	478	386	386	100,000	54	19	19	referenceSolver	18,672	54,062	12,500	37,500	12,500	87,500	10,472	15,768	3,646	28,125	1,563	87,500	334,312	53,455	526
MAD-0.1-agents386-hours4.json	984	793	191	478	386	341	88,342	54	19	19	randomSolver	32,700	59,537	37,500	43,750	50,000	62,500	14,472	19,273	10,938	20,313	50,000	53,125	4168,208	100,000	984
MAD-0.1-agents96-hours6.json	984	793	191	188	96	96	100,000	54	19	19	referenceSolver	28,258	22,588	12,500	87,500	12,500	87,500	20,398	4,392	2,431	87,500	3,125	87,500	89,289	23,984	236
MAD-0.1-agents96-hours6.json	984	793	191	188	96	96	100,000	54	19	19	randomSolver	66,827	49,454	48,750	62,500	50,000	62,500	31,670	19,594	17,014	32,813	18,750	32,813	1950,953	100,000	984
MAD-0.1-agents259-hours6.json	984	793	191	351	259	259	100,000	54	19	19	referenceSolver	20,976	43,973	12,500	87,500	12,500	87,500	12,059	8,550	2,431	87,500	1,563	87,500	231,862	40,549	399
MAD-0.1-agents259-hours6.json	984	793	191	351	259	256	98,842	54	19	19	randomSolver	42,872	57,177	37,500	66,667	75,000	50,000	16,963	13,833	7,292	25,000	64,063	7,813	2329,811	100,000	984
MAD-0.1-agents132-hours4.json	984	793	191	224	132	132	100,000	54	19	19	referenceSolver	25,725	28,633	12,500	62,500	87,500	87,500	18,220	8,351	3,646	53,125	87,500	87,500	121,284	27,642	272
MAD-0.1-agents132-hours4.json	984	793	191	224	132	132	100,000	54	19	19	randomSolver	65,467	57,694	87,500	62,500	75,000	50,000	30,883	22,048	25,521	42,188	56,250	31,250	1327,714	100,000	984
MAD-0.1-agents462-hours4.json	984	793	191	554	462	462	100,000	54	19	19	referenceSolver	17,870	58,333	12,500	87,500	12,500	12,500	9,544	17,014	3,646	87,500	1,563	1,563	396,856	61,179	602
MAD-0.1-agents462-hours4.json	984	793	191	554	462	396	85,714	54	19	19	randomSolver	28,206	59,756	12,500	50,000	54,167	87,500	12,487	19,049	3,646	29,688	32,813	68,750	4575,471	100,000	984
MAD-0.1-agents302-hours8.json	984	793	191	394	302	302	100,000	54	19	19	referenceSolver	20,019	47,861	12,500	12,500	12,500	87,500	10,534	6,980	1,823	1,563	1,563	87,500	274,995	44,919	442
MAD-0.1-agents302-hours8.json	984	793	191	394	302	284	94,040	54	19	19	randomSolver	37,528	55,807	12,500	75,000	87,500	87,500	13,889	10,621	1,823	15,625	48,438	46,875	2789,175	100,000	984
MAD-0.1-agents52-hours8.json	984	793	191	144	52	52	100,000	54	19	19	referenceSolver	33,073	13,648	12,500	12,500	12,500	12,500	25,658	1,990	1,823	1,563	1,563	3,125	51,469	19,512	192
MAD-0.1-agents52-hours8.json	984	793	191	144	52	52	100,000	54	19	19	randomSolver	64,561	38,118	72,877	45,833	37,500	62,500	38,001	23,716	16,406	40,625	15,625	43,750	876,551	100,000	984
MAD-0.1-agents210-hours8.json	984	793	191	302	210	210	100,000	54	19	19	referenceSolver	22,268	39,033	12,500	12,500	87,500	25,000	13,183	5,692	1,823	1,563	87,500	25,000	193,018	35,569	350
MAD-0.1-agents210-hours8.json	984	793	191	302	210	208	99,048	54	19	19	randomSolver	46,680	52,741	29,268	50,000	75,000	62,500	18,120	11,561	7,292	50,000	54,688	51,563	1891,402	100,000	984
MAD-0.1-agents102-hours6.json	984	793	191	194	102	102	100,000	54	19	19	referenceSolver	27,835	23,611	12,500	87,500	12,500	87,500	19,851	4,591	2,431	87,500	1,563	87,500	95,529	24,593	242
MAD-0.1-agents102-hours6.json	984	793	191	194	102	102	100,000	54	19	19	randomSolver	65,652	49,714	57,955	62,500	75,000	66,667	30,691	19,056	14,583	32,813	65,625	56,250	1435,380	100,000	984
MAD-0.1-agents452-hours6.json	984	793	191	544	452	452	100,000	54	19	19	referenceSolver	17,923	57,949	12,500	12,500	50,000	12,500	8,634	11,268	2,431	1,563	50,000	3,125	402,745	60,163	592
MAD-0.1-agents452-hours6.json	984	793	191	544	452	394	87,168	54	19	19	randomSolver	28,578	59,118	12,500	62,500	75,000	62,500	10,945	12,669	2,431	42,188	56,250	43,750	6976,978	100,000	984
MAD-0.1-agents6-hours4.json	984	793	191	98	6	6	100,000	54	19	19	referenceSolver	42,602	1,796	12,500	12,500	87,500	87,500	36,942	0,524	3,646	3,125	87,500	87,500	11,285	14,837	146
MAD-0.1-agents6-hours4.json	984	793	191	98	6	6	100,000	54	19	19	randomSolver	68,183	13,011	72,100	87,500	75,000	62,500	44,361	9,852	47,396	45,313	45,313	40,625	232,730	28,354	279
MAD-0.1-agents269-hours4.json	984	793	191	361	269	269	100,000	54	19	19	referenceSolver	20,776	44,833	12,500	87,500	87,500	12,500	12,706	13,076	3,646	87,500	87,500	1,563	236,525	41,667	410
MAD-0.1-agents269-hours4.json	984	793	191	361	269	262	97,398	54	19	19	randomSolver	43,189	59,490	37,500	59,167	75,000	75,000	19,163	19,362	10,938	17,188	45,313	46,875	3605,222	100,000	984
MAD-0.1-agents496-hours8.json	984	793	191	588	496	496	100,000	54	19	19	referenceSolver	17,517	60,194	12,500	12,500	87,500	12,500	7,657	8,778	1,823	1,563	87,500	1,563	458,511	64,634	636
MAD-0.1-agents496-hours8.json	984	793	191	588	496	415	83,669	54	19	19	randomSolver	25,973	57,384	12,500	70,000	16,667	75,000	9,306	9,972	1,823	45,313	15,625	35,938	4127,732	100,000	984
MAD-0.1-agents229-hours6.json	984	793	191	321	229	229	100,000	54	19	19	referenceSolver	21,690	41,113	12,500	12,500	87,500	12,500	12,944	7,994	2,431	1,563	87,500	12,500	207,975	37,500	369
MAD-0.1-agents229-hours6.json	984	793	191	321	229	226	98,690	54	19	19	randomSolver	46,499	56,774	45,278	87,500	87,500	62,500	18,548	14,072	12,153	35,938	68,750	42,188	3059,148	100,000	984
MAD-0.1-agents294-hours4.json	984	793	191	386	294	294	100,000	54	19	19	referenceSolver	20,142	47,267	12,500	12,500	87,500	87,500	12,099	13,786	3,646	3,125	87,500	87,500	257,127	44,106	434
MAD-0.1-agents294-hours4.json	984	793	191	386	294	281	95,578	54	19	19	randomSolver	40,313	59,694	50,000	62,500	62,500	75,000	17,922	19,318	14,583	43,750	62,500	54,688	4303,271	100,000	984
MAD-0.1-agents142-hours4.json	984	793	191	234	142	142	100,000	54	19	19	referenceSolver	25,107	30,213	12,500	12,500	87,500	87,500	17,590	8,812	3,646	3,125	87,500	87,500	128,991	28,659	282
MAD-0.1-agents142-hours4.json	984	793	191	234	142	141	99,296	54	19	19	randomSolver	63,143	57,637	62,500	62,500	75,000	75,000	29,563	21,601	18,229	32,813	35,938	42,188	2049,304	100,000	984
MAD-0.1-agents372-hours8.json	984	793	191	464	372	372	100,000	54	19	19	referenceSolver	18,885	53,067	12,500	12,500	87,500	87,500	9,223	7,739	1,823	1,563	87,500	87,500	344,394	52,033	512
MAD-0.1-agents372-hours8.json	984	793	191	464	372	329	88,441	54	19	19	randomSolver	32,690	57,011	0,000	62,500	75,000	62,500	11,793	10,151	0,000	43,750	54,688	43,750	7176,694	100,000	984
MAD-0.1-agents412-hours4.json	984	793	191	504	412	412	100,000	54	19	19	referenceSolver	18,353	55,676	12,500	12,500	12,500	25,000	10,120	16,239	3,646	1,563	1,563	25,000	354,273	56,098	552
MAD-0.1-agents412-hours4.json	984	793	191	504	412	366	88,835	54	19	19	randomSolver	31,329	60,306	12,500	75,000	87,500	62,500	13,726	18,646	3,646	43,750	68,750	40,625	3336,876	100,000	984
MAD-0.1-agents22-hours8.json	984	793	191	114	22	22	100,000	54	19	19	referenceSolver	38,487	6,268	12,500	12,500	12,500	12,500	31,944	0,914	1,823	3,125	1,563	1,563	24,579	16,463	162
MAD-0.1-agents22-hours8.json	984	793	191	114	22	22	100,000	54	19	19	randomSolver	65,319	34,923	54,738	50,000	75,000	75,000	44,020	30,246	47,396	39,063	56,250	23,438	471,277	74,695	735
MAD-0.1-agents455-hours4.json	984	793	191	547	455	455	100,000	54	19	19	referenceSolver	17,939	57,962	12,500	87,500	87,500	87,500	9,617	16,906	3,646	87,500	87,500	87,500	395,236	60,467	595
MAD-0.1-agents455-hours4.json	984	793	191	547	455	391	85,934	54	19	19	randomSolver	28,871	60,169	25,000	62,500	87,500	87,500	12,647	18,557	7,292	62,500	59,375	46,875	4250,003	100,000	984
MAD-0.1-agents335-hours8.json	984	793	191	427	335	335	100,000	54	19	19	referenceSolver	19,467	50,376	12,500	12,500	12,500	87,500	9,868	7,346	1,823	3,125	3,125	87,500	305,629	48,272	475
MAD-0.1-agents335-hours8.json	984	793	191	427	335	309	92,239	54	19	19	randomSolver	34,627	55,468	25,000	62,500	62,500	87,500	12,815	10,621	3,646	40,625	20,313	43,750	4938,465	100,000	984
MAD-0.1-agents105-hours4.json	984	793	191	197	105	105	100,000	54	19	19	referenceSolver	27,538	24,194	12,500	12,500	12,500	12,500	20,217	7,056	3,646	1,563	1,563	1,563	95,014	24,898	245
MAD-0.1-agents105-hours4.json	984	793	191	197	105	105	100,000	54	19	19	randomSolver	70,449	56,028	76,948	75,000	75,000	50,000	35,115	24,421	40,104	53,125	53,125	29,688	1764,383	100,000	984
MAD-0.1-agents1-hours6.json	984	793	191	93	1	1	100,000	54	19	19	referenceSolver	44,489	0,302	12,500	87,500	87,500	12,500	38,753	0,059	2,431	87,500	87,500	1,563	6,096	14,329	141
MAD-0.1-agents1-hours6.json	984	793	191	93	1	1	100,000	54	19	19	randomSolver	67,005	2,830	71,058	62,500	37,500	87,500	43,871	2,339	53,472	43,750	26,563	65,625	119,746	21,646	213
MAD-0.1-agents65-hours8.json	984	793	191	157	65	65	100,000	54	19	19	referenceSolver	31,369	16,497	12,500	12,500	87,500	12,500	23,685	2,406	1,823	1,563	87,500	1,563	61,567	20,833	205
MAD-0.1-agents65-hours8.json	984	793	191	157	65	65	100,000	54	19	19	randomSolver	65,321	40,039	59,783	75,000	75,000	87,500	34,854	20,023	25,521	56,250	54,688	54,688	686,651	100,000	984
MAD-0.1-agents415-hours6.json	984	793	191	507	415	415	100,000	54	19	19	referenceSolver	18,368	55,705	12,500	87,500	87,500	12,500	9,096	10,831	2,431	87,500	87,500	3,125	373,042	56,402	555
MAD-0.1-agents415-hours6.json	984	793	191	507	415	373	89,880	54	19	19	randomSolver	30,869	59,101	12,500	75,000	75,000	62,500	11,744	12,819	2,431	53,125	45,313	53,125	6168,924	100,000	984
MAD-0.1-agents145-hours6.json	984	793	191	237	145	145	100,000	54	19	19	referenceSolver	24,947	30,655	12,500	87,500	12,500	87,500	16,670	5,961	2,431	87,500	3,125	87,500	129,166	28,963	285
MAD-0.1-agents145-hours6.json	984	793	191	237	145	145	100,000	54	19	19	randomSolver	58,574	53,510	74,465	67,500	62,500	75,000	25,122	16,102	24,306	45,313	20,313	54,688	1751,895	100,000	984
MAD-0.1-agents98-hours8.json	984	793	191	190	98	98	100,000	54	19	19	referenceSolver	28,026	23,005	12,500	87,500	12,500	12,500	19,879	3,355	1,823	87,500	3,125	1,563	93,439	24,187	238
MAD-0.1-agents98-hours8.json	984	793	191	190	98	98	100,000	54	19	19	randomSolver	63,448	45,319	47,785	75,000	87,500	62,500	28,801	15,389	12,760	54,688	65,625	32,813	1183,366	100,000	984
MAD-0.1-agents257-hours8.json	984	793	191	349	257	257	100,000	54	19	19	referenceSolver	21,024	43,782	12,500	87,500	12,500	87,500	11,667	6,385	1,823	87,500	3,125	87,500	227,332	40,346	397
MAD-0.1-agents257-hours8.json	984	793	191	349	257	250	97,276	54	19	19	randomSolver	41,063	54,044	17,167	75,000	50,000	75,000	15,679	11,226	5,469	65,625	39,063	54,688	3842,481	100,000	984
MAD-0.1-agents181-hours8.json	984	793	191	273	181	181	100,000	54	19	19	referenceSolver	23,352	35,490	12,500	12,500	12,500	12,500	14,395	5,176	1,823	1,563	1,563	1,563	167,081	32,622	321
MAD-0.1-agents181-hours8.json	984	793	191	273	181	179	98,895	54	19	19	randomSolver	50,960	52,120	29,321	75,000	62,500	75,000	20,044	12,076	7,292	14,063	43,750	54,688	2684,048	100,000	984
MAD-0.1-agents293-hours6.json	984	793	191	385	293	293	100,000	54	19	19	referenceSolver	20,162	47,182	12,500	87,500	87,500	12,500	11,196	9,174	2,431	87,500	87,500	1,563	266,899	44,004	433
MAD-0.1-agents293-hours6.json	984	793	191	385	293	284	96,928	54	19	19	randomSolver	39,187	57,274	12,500	50,000	75,000	75,000	15,465	13,774	2,431	29,688	43,750	56,250	2513,924	100,000	984
MAD-0.1-agents381-hours6.json	984	793	191	473	381	381	100,000	54	19	19	referenceSolver	18,816	53,511	12,500	87,500	12,500	87,500	9,579	10,405	2,431	87,500	3,125	87,500	374,362	52,947	521
MAD-0.1-agents381-hours6.json	984	793	191	473	381	345	90,551	54	19	19	randomSolver	32,638	58,024	50,000	75,000	75,000	66,667	12,588	13,117	9,722	34,375	35,938	35,938	5221,537	100,000	984
MAD-0.1-agents345-hours8.json	984	793	191	437	345	345	100,000	54	19	19	referenceSolver	19,251	51,263	12,500	87,500	87,500	12,500	9,674	7,476	1,823	87,500	87,500	1,563	312,594	49,289	485
MAD-0.1-agents345-hours8.json	984	793	191	437	345	316	91,594	54	19	19	randomSolver	33,956	55,602	25,000	75,000	75,000	75,000	12,522	10,711	3,646	53,125	45,313	65,625	3467,106	100,000	984
MAD-0.1-agents425-hours4.json	984	793	191	517	425	425	100,000	54	19	19	referenceSolver	18,206	56,441	12,500	12,500	37,500	12,500	9,957	16,462	3,646	3,125	37,500	1,563	374,194	57,419	565
MAD-0.1-agents425-hours4.json	984	793	191	517	425	363	85,412	54	19	19	randomSolver	30,097	59,814	12,500	67,500	75,000	41,667	13,380	19,004	3,646	45,313	45,313	31,250	4039,604	100,000	984
MAD-0.1-agents175-hours4.json	984	793	191	267	175	175	100,000	54	19	19	referenceSolver	23,549	34,791	12,500	12,500	12,500	87,500	15,867	10,147	3,646	1,563	3,125	87,500	171,512	32,012	315
MAD-0.1-agents175-hours4.json	984	793	191	267	175	174	99,429	54	19	19	randomSolver	55,942	58,125	46,037	55,000	75,000	62,500	25,909	21,108	18,229	31,250	43,750	43,750	4381,819	100,000	984
MAD-0.1-agents15-hours8.json	984	793	191	107	15	15	100,000	54	19	19	referenceSolver	40,187	4,360	12,500	12,500	87,500	87,500	33,900	0,636	1,823	1,563	87,500	87,500	18,928	15,752	155
MAD-0.1-agents15-hours8.json	984	793	191	107	15	15	100,000	54	19	19	randomSolver	66,180	31,766	63,244	75,000	50,000	50,000	44,685	28,378	60,156	35,938	20,313	50,000	392,046	61,484	605
MAD-0.1-agents498-hours6.json	984	793	191	590	498	498	100,000	54	19	19	referenceSolver	17,521	60,218	12,500	37,500	87,500	12,500	8,153	11,709	2,431	37,500	87,500	1,563	441,264	64,837	638
MAD-0.1-agents498-hours6.json	984	793	191	590	498	422	84,739	54	19	19	randomSolver	26,504	59,115	12,500	75,000	75,000	75,000	10,092	12,669	2,431	53,125	65,625	54,688	4161,856	100,000	984
MAD-0.1-agents465-hours6.json	984	793	191	557	465	465	100,000	54	19	19	referenceSolver	17,819	58,564	12,500	12,500	12,500	87,500	8,492	11,387	2,431	1,563	3,125	87,500	419,087	61,484	605
MAD-0.1-agents465-hours6.json	984	793	191	557	465	386	83,011	54	19	19	randomSolver	27,608	58,253	0,000	75,000	37,500	62,500	10,689	13,237	0,000	34,375	37,500	42,188	6626,040	100,000	984
MAD-0.1-agents227-hours8.json	984	793	191	319	227	227	100,000	54	19	19	referenceSolver	21,748	40,901	12,500	87,500	12,500	87,500	12,578	5,965	1,823	87,500	1,563	87,500	204,596	37,297	367
MAD-0.1-agents227-hours8.json	984	793	191	319	227	223	98,238	54	19	19	randomSolver	44,571	53,284	50,000	87,500	54,167	75,000	17,154	11,606	7,292	45,313	21,875	35,938	3903,099	100,000	984
MAD-0.1-agents135-hours6.json	984	793	191	227	135	135	100,000	54	19	19	referenceSolver	25,496	29,158	12,500	12,500	75,000	87,500	17,298	5,670	2,431	1,563	75,000	87,500	121,612	27,947	275
MAD-0.1-agents135-hours6.json	984	793	191	227	135	135	100,000	54	19	19	randomSolver	60,438	53,178	50,000	50,000	75,000	62,500	26,229	16,400	9,722	40,625	53,125	23,438	1471,924	100,000	984
MAD-0.1-agents188-hours4.json	984	793	191	280	188	188	100,000	54	19	19	referenceSolver	23,080	36,364	12,500	12,500	12,500	87,500	15,311	10,606	3,646	3,125	3,125	87,500	166,963	33,333	328
MAD-0.1-agents188-hours4.json	984	793	191	280	188	186	98,936	54	19	19	randomSolver	54,114	58,562	62,500	75,000	75,000	75,000	24,706	20,482	18,229	56,250	54,688	43,750	2767,267	100,000	984
MAD-0.1-agents91-hours4.json	984	793	191	183	91	91	100,000	54	19	19	referenceSolver	28,620	21,718	12,500	12,500	87,500	12,500	21,477	6,335	3,646	1,563	87,500	3,125	85,974	23,476	231
MAD-0.1-agents91-hours4.json	984	793	191	183	91	91	100,000	54	19	19	randomSolver	73,615	54,889	87,500	62,500	54,167	62,500	37,802	25,764	25,521	20,313	43,750	31,250	897,217	100,000	984
MAD-0.1-agents200-hours4.json	984	793	191	292	200	200	100,000	54	19	19	referenceSolver	22,603	37,879	12,500	37,500	12,500	87,500	14,821	11,048	3,646	28,125	1,563	87,500	176,727	34,553	340
MAD-0.1-agents200-hours4.json	984	793	191	292	200	197	98,500	54	19	19	randomSolver	52,527	58,864	50,000	87,500	75,000	75,000	23,691	20,123	14,583	34,375	42,188	34,375	3280,892	100,000	984
MAD-0.1-agents322-hours6.json	984	793	191	414	322	322	100,000	54	19	19	referenceSolver	19,626	49,538	12,500	87,500	62,500	12,500	10,582	9,632	2,431	87,500	62,500	1,563	290,104	46,951	462
MAD-0.1-agents322-hours6.json	984	793	191	414	322	304	94,410	54	19	19	randomSolver	37,010	58,197	25,000	37,500	87,500	75,000	14,382	13,266	7,292	17,188	35,938	42,188	3846,649	100,000	984
MAD-0.1-agents72-hours6.json	984	793	191	164	72	72	100,000	54	19	19	referenceSolver	30,640	17,910	12,500	12,500	12,500	12,500	23,037	3,483	2,431	1,563	1,563	1,563	68,113	21,545	212
MAD-0.1-agents72-hours6.json	984	793	191	164	72	72	100,000	54	19	19	randomSolver	68,683	46,290	63,697	75,000	62,500	62,500	36,305	23,563	19,444	54,688	43,750	43,750	814,568	100,000	984
MAD-0.1-agents279-hours8.json	984	793	191	371	279	279	100,000	54	19	19	referenceSolver	20,451	45,964	12,500	12,500	87,500	50,000	11,070	6,703	1,823	1,563	87,500	50,000	252,913	42,581	419
MAD-0.1-agents279-hours8.json	984	793	191	371	279	268	96,057	54	19	19	randomSolver	39,208	54,317	37,500	62,500	62,500	75,000	14,750	11,181	5,469	51,563	42,188	54,688	5564,893	100,000	984
MAD-0.1-agents486-hours4.json	984	793	191	578	486	486	100,000	54	19	19	referenceSolver	17,604	59,705	12,500	12,500	12,500	12,500	9,291	17,414	3,646	1,563	1,563	1,563	422,755	63,618	626
MAD-0.1-agents486-hours4.json	984	793	191	578	486	418	86,008	54	19	19	randomSolver	27,194	59,891	25,000	62,500	62,500	75,000	11,968	18,825	7,292	32,813	40,625	65,625	4359,621	100,000	984
MAD-0.1-agents196-hours6.json	984	793	191	288	196	196	100,000	54	19	19	referenceSolver	22,830	37,262	12,500	12,500	12,500	12,500	14,160	7,245	2,431	3,125	3,125	1,563	178,483	34,146	336
MAD-0.1-agents196-hours6.json	984	793	191	288	196	194	98,980	54	19	19	randomSolver	51,287	56,401	62,500	87,500	62,500	75,000	20,674	14,311	12,153	87,500	32,813	56,250	2838,821	100,000	984
MAD-0.1-agents284-hours8.json	984	793	191	376	284	284	100,000	54	19	19	referenceSolver	20,379	46,330	12,500	12,500	87,500	87,500	10,951	6,756	1,823	3,125	87,500	87,500	256,088	43,089	424
MAD-0.1-agents284-hours8.json	984	793	191	376	284	267	94,014	54	19	19	randomSolver	38,627	54,970	0,000	50,000	79,167	75,000	14,554	11,069	0,000	21,875	48,438	45,313	4022,210	100,000	984
MAD-0.1-agents152-hours8.json	984	793	191	244	152	152	100,000	54	19	19	referenceSolver	24,641	31,601	12,500	12,500	12,500	12,500	15,896	4,608	1,823	1,563	1,563	3,125	144,101	29,675	292
MAD-0.1-agents152-hours8.json	984	793	191	244	152	152	100,000	54	19	19	randomSolver	55,445	50,568	75,000	50,000	62,500	75,000	22,427	12,681	10,938	31,250	18,750	54,688	1598,230	100,000	984
MAD-0.1-agents240-hours6.json	984	793	191	332	240	240	100,000	54	19	19	referenceSolver	21,423	42,179	12,500	12,500	12,500	12,500	12,605	8,202	2,431	1,563	3,125	3,125	215,882	38,618	380
MAD-0.1-agents240-hours6.json	984	793	191	332	240	232	96,667	54	19	19	randomSolver	45,476	57,104	50,000	50,000	75,000	50,000	17,934	13,804	9,722	29,688	43,750	29,688	4202,655	100,000	984
MAD-0.1-agents402-hours8.json	984	793	191	494	402	402	100,000	54	19	19	referenceSolver	18,472	55,068	12,500	12,500	37,500	87,500	8,768	8,031	1,823	1,563	37,500	87,500	357,827	55,081	542
MAD-0.1-agents402-hours8.json	984	793	191	494	402	345	85,821	54	19	19	randomSolver	30,567	56,567	26,473	37,500	62,500	75,000	11,077	10,353	10,938	37,500	40,625	35,938	3629,467	100,000	984
MAD-0.1-agents362-hours4.json	984	793	191	454	362	362	100,000	54	19	19	referenceSolver	19,025	52,388	12,500	25,000	87,500	87,500	10,837	15,280	3,646	15,625	87,500	87,500	317,226	51,016	502
MAD-0.1-agents362-hours4.json	984	793	191	454	362	327	90,331	54	19	19	randomSolver	34,346	59,618	25,000	75,000	50,000	75,000	15,237	19,318	7,292	53,125	50,000	65,625	5434,243	100,000	984
MAD-0.1-agents32-hours4.json	984	793	191	124	32	32	100,000	54	19	19	referenceSolver	36,290	8,889	12,500	25,000	12,500	87,500	29,961	2,593	3,646	25,000	1,563	87,500	34,040	17,480	172
MAD-0.1-agents32-hours4.json	984	793	191	124	32	32	100,000	54	19	19	randomSolver	69,885	39,058	78,790	62,500	75,000	87,500	44,733	28,034	36,458	40,625	54,688	45,313	469,906	61,789	608
MAD-0.1-agents270-hours4.json	984	793	191	362	270	270	100,000	54	19	19	referenceSolver	20,649	45,151	12,500	87,500	12,500	87,500	12,660	13,169	3,646	87,500	3,125	87,500	237,934	41,667	410
MAD-0.1-agents270-hours4.json	984	793	191	362	270	260	96,296	54	19	19	randomSolver	42,746	59,422	37,500	62,500	75,000	75,000	19,110	19,900	10,938	43,750	54,688	64,063	2245,357	100,000	984
MAD-0.1-agents352-hours6.json	984	793	191	444	352	352	100,000	54	19	19	referenceSolver	19,172	51,689	12,500	12,500	87,500	12,500	10,035	10,051	2,431	1,563	87,500	1,563	322,026	50,000	492
MAD-0.1-agents352-hours6.json	984	793	191	444	352	324	92,045	54	19	19	randomSolver	34,928	58,784	25,000	50,000	87,500	62,500	13,410	12,759	4,861	39,063	57,813	21,875	2990,686	100,000	984
MAD-0.1-agents209-hours8.json	984	793	191	301	209	209	100,000	54	19	19	referenceSolver	22,342	38,848	12,500	87,500	12,500	12,500	13,226	5,665	1,823	87,500	3,125	1,563	190,740	35,467	349
MAD-0.1-agents209-hours8.json	984	793	191	301	209	208	99,522	54	19	19	randomSolver	47,836	54,649	75,000	62,500	62,500	62,500	18,180	11,450	10,938	51,563	40,625	53,125	2041,900	100,000	984
MAD-0.1-agents396-hours8.json	984	793	191	488	396	396	100,000	54	19	19	referenceSolver	18,596	54,545	12,500	12,500	12,500	87,500	8,863	7,955	1,823	1,563	1,563	87,500	354,818	54,472	536
MAD-0.1-agents396-hours8.json	984	793	191	488	396	344	86,869	54	19	19	randomSolver	30,420	56,446	25,000	62,500	62,500	62,500	11,213	10,465	3,646	51,563	51,563	31,250	3402,813	100,000	984
MAD-0.1-agents230-hours6.json	984	793	191	322	230	230	100,000	54	19	19	referenceSolver	21,661	41,219	12,500	87,500	12,500	12,500	12,911	8,015	2,431	87,500	1,563	1,563	208,656	37,602	370
MAD-0.1-agents230-hours6.json	984	793	191	322	230	226	98,261	54	19	19	randomSolver	46,064	56,556	25,000	54,167	62,500	50,000	18,491	14,042	4,861	32,813	42,188	17,188	2052,433	100,000	984
MAD-0.1-agents122-hours8.json	984	793	191	214	122	122	100,000	54	19	19	referenceSolver	26,285	27,111	12,500	25,000	12,500	12,500	17,854	3,954	1,823	25,000	1,563	3,125	111,532	26,626	262
MAD-0.1-agents122-hours8.json	984	793	191	214	122	122	100,000	54	19	19	randomSolver	59,370	48,254	37,500	79,167	75,000	62,500	25,571	14,471	5,469	46,875	53,125	42,188	1338,983	100,000	984
MAD-0.1-agents312-hours4.json	984	793	191	404	312	312	100,000	54	19	19	referenceSolver	19,802	48,750	12,500	87,500	12,500	87,500	11,723	14,219	3,646	87,500	1,563	87,500	284,850	45,935	452
MAD-0.1-agents312-hours4.json	984	793	191	404	312	292	93,590	54	19	19	randomSolver	38,042	59,138	50,000	87,500	75,000	66,667	17,123	19,810	14,583	67,188	45,313	46,875	2644,087	100,000	984
MAD-0.1-agents472-hours8.json	984	793	191	564	472	472	100,000	54	19	19	referenceSolver	17,730	59,000	12,500	12,500	87,500	37,500	7,906	8,604	1,823	1,563	87,500	37,500	429,732	62,195	612
MAD-0.1-agents472-hours8.json	984	793	191	564	472	392	83,051	54	19	19	randomSolver	26,993	57,530	0,000	50,000	54,167	87,500	9,702	9,995	0,000	40,625	53,125	57,813	3979,459	100,000	984
MAD-0.1-agents42-hours4.json	984	793	191	134	42	42	100,000	54	19	19	referenceSolver	34,608	11,321	12,500	12,500	62,500	87,500	28,008	3,302	3,646	1,563	62,500	87,500	43,515	18,496	182
MAD-0.1-agents42-hours4.json	984	793	191	134	42	42	100,000	54	19	19	randomSolver	70,853	43,273	78,828	87,500	75,000	50,000	43,952	29,338	47,396	67,188	64,063	18,750	599,313	71,341	702
MAD-0.1-agents291-hours4.json	984	793	191	383	291	291	100,000	54	19	19	referenceSolver	20,235	46,935	12,500	12,500	12,500	12,500	12,170	13,690	3,646	1,563	3,125	1,563	254,900	43,801	431
MAD-0.1-agents291-hours4.json	984	793	191	383	291	280	96,220	54	19	19	randomSolver	40,500	59,329	62,500	87,500	50,000	87,500	18,062	19,407	18,229	57,813	21,875	78,125	5436,947	100,000	984
MAD-0.1-agents147-hours4.json	984	793	191	239	147	147	100,000	54	19	19	referenceSolver	24,895	30,882	12,500	87,500	12,500	12,500	17,312	9,007	3,646	87,500	3,125	1,563	130,670	29,167	287
MAD-0.1-agents147-hours4.json	984	793	191	239	147	147	100,000	54	19	19	randomSolver	61,542	57,369	62,500	62,500	75,000	87,500	28,944	21,959	18,229	42,188	45,313	67,188	2308,494	100,000	984
MAD-0.1-agents417-hours4.json	984	793	191	509	417	417	100,000	54	19	19	referenceSolver	18,369	55,749	12,500	87,500	12,500	87,500	10,069	16,260	3,646	87,500	1,563	87,500	369,647	56,606	557
MAD-0.1-agents417-hours4.json	984	793	191	509	417	374	89,688	54	19	19	randomSolver	30,868	59,818	37,500	50,000	75,000	87,500	13,591	18,825	10,938	28,125	64,063	45,313	3294,895	100,000	984
MAD-0.1-agents377-hours8.json	984	793	191	469	377	377	100,000	54	19	19	referenceSolver	18,790	53,475	12,500	12,500	12,500	87,500	9,138	7,798	1,823	1,563	1,563	87,500	337,262	52,541	517
MAD-0.1-agents377-hours8.json	984	793	191	469	377	328	87,003	54	19	19	randomSolver	31,866	55,717	37,500	75,000	62,500	75,000	11,668	10,397	5,469	45,313	53,125	42,188	3176,775	100,000	984
MAD-0.1-agents27-hours8.json	984	793	191	119	27	27	100,000	54	19	19	referenceSolver	37,395	7,584	12,500	37,500	87,500	12,500	30,679	1,106	1,823	28,125	87,500	1,563	30,196	16,972	167
MAD-0.1-agents27-hours8.json	984	793	191	119	27	27	100,000	54	19	19	randomSolver	64,861	36,043	51,167	41,667	62,500	66,667	43,395	30,581	36,458	29,688	62,500	54,688	812,043	82,825	815
MAD-0.1-agents107-hours6.json	984	793	191	199	107	107	100,000	54	19	19	referenceSolver	27,450	24,485	12,500	87,500	12,500	12,500	19,413	4,761	2,431	87,500	1,563	1,563	100,506	25,102	247
MAD-0.1-agents107-hours6.json	984	793	191	199	107	107	100,000	54	19	19	randomSolver	64,774	50,570	75,000	50,000	75,000	66,667	29,920	18,340	14,583	40,625	46,875	54,688	1270,618	100,000	984
MAD-0.1-agents215-hours8.json	984	793	191	307	215	215	100,000	54	19	19	referenceSolver	22,231	39,377	12,500	87,500	12,500	12,500	13,018	5,743	1,823	87,500	1,563	1,563	195,406	36,077	355
MAD-0.1-agents215-hours8.json	984	793	191	307	215	213	99,070	54	19	19	randomSolver	46,549	53,451	32,143	87,500	62,500	87,500	17,825	11,405	7,292	46,875	42,188	45,313	2601,724	100,000	984
MAD-0.1-agents457-hours6.json	984	793	191	549	457	457	100,000	54	19	19	referenceSolver	17,896	58,142	12,500	87,500	87,500	12,500	8,581	11,305	2,431	87,500	87,500	1,563	420,957	60,671	597
MAD-0.1-agents457-hours6.json	984	793	191	549	457	395	86,433	54	19	19	randomSolver	27,879	58,001	30,385	87,500	25,000	62,500	10,845	13,356	9,722	57,813	15,625	53,125	3849,372	100,000	984
MAD-0.1-agents3-hours4.json	984	793	191	95	3	3	100,000	54	19	19	referenceSolver	43,816	0,901	12,500	87,500	87,500	12,500	38,026	0,263	3,646	87,500	87,500	3,125	8,117	14,533	143
MAD-0.1-agents3-hours4.json	984	793	191	95	3	3	100,000	54	19	19	randomSolver	68,080	6,092	90,000	75,000	75,000	50,000	43,882	4,091	40,104	34,375	32,813	40,625	132,935	23,374	230
MAD-0.1-agents493-hours8.json	984	793	191	585	493	493	100,000	54	19	19	referenceSolver	17,564	59,976	12,500	87,500	12,500	87,500	7,693	8,746	1,823	87,500	3,125	87,500	444,627	64,329	633
MAD-0.1-agents493-hours8.json	984	793	191	585	493	399	80,933	54	19	19	randomSolver	26,188	57,521	12,500	87,500	62,500	75,000	9,354	9,927	1,823	59,375	42,188	56,250	4369,189	100,000	984
MAD-0.1-agents93-hours6.json	984	793	191	185	93	93	100,000	54	19	19	referenceSolver	28,446	22,090	12,500	12,500	12,500	87,500	20,673	4,295	2,431	1,563	3,125	87,500	90,136	23,679	233
MAD-0.1-agents93-hours6.json	984	793	191	185	93	93	100,000	54	19	19	randomSolver	68,195	49,251	60,484	75,000	62,500	75,000	32,184	19,056	21,875	34,375	29,688	54,688	1455,702	100,000	984
MAD-0.1-agents137-hours4.json	984	793	191	229	137	137	100,000	54	19	19	referenceSolver	25,382	29,462	12,500	12,500	87,500	87,500	17,895	8,593	3,646	3,125	87,500	87,500	124,640	28,150	277
MAD-0.1-agents137-hours4.json	984	793	191	229	137	137	100,000	54	19	19	randomSolver	64,024	57,527	70,278	50,000	75,000	62,500	30,208	21,825	25,521	31,250	54,688	31,250	1797,682	100,000	984
MAD-0.1-agents307-hours8.json	984	793	191	399	307	307	100,000	54	19	19	referenceSolver	19,956	48,195	12,500	87,500	87,500	87,500	10,433	7,028	1,823	87,500	87,500	87,500	275,374	45,427	447
MAD-0.1-agents307-hours8.json	984	793	191	399	307	288	93,811	54	19	19	randomSolver	36,930	55,757	25,000	62,500	75,000	87,500	13,715	10,599	3,646	51,563	45,313	68,750	4655,933	100,000	984
MAD-0.1-agents467-hours4.json	984	793	191	559	467	467	100,000	54	19	19	referenceSolver	17,777	58,742	12,500	87,500	12,500	12,500	9,483	17,133	3,646	87,500	1,563	3,125	408,337	61,687	607
MAD-0.1-agents467-hours4.json	984	793	191	559	467	395	84,582	54	19	19	randomSolver	28,229	59,922	25,000	62,500	62,500	75,000	12,375	18,915	7,292	42,188	53,125	64,063	3770,650	100,000	984
MAD-0.1-agents298-hours8.json	984	793	191	390	298	298	100,000	54	19	19	referenceSolver	20,064	47,604	12,500	87,500	87,500	87,500	10,620	6,942	1,823	87,500	87,500	87,500	277,921	44,512	438
MAD-0.1-agents298-hours8.json	984	793	191	390	298	286	95,973	54	19	19	randomSolver	38,287	56,063	25,000	50,000	75,000	87,500	14,031	10,509	3,646	39,063	64,063	50,000	2809,644	100,000	984
MAD-0.1-agents57-hours8.json	984	793	191	149	57	57	100,000	54	19	19	referenceSolver	32,299	14,805	12,500	12,500	12,500	12,500	24,848	2,159	1,823	1,563	3,125	1,563	55,826	20,020	197
MAD-0.1-agents57-hours8.json	984	793	191	149	57	57	100,000	54	19	19	randomSolver	64,290	38,757	76,626	41,667	62,500	50,000	36,726	22,530	16,406	12,500	40,625	50,000	875,720	100,000	984
MAD-0.1-agents265-hours8.json	984	793	191	357	265	265	100,000	54	19	19	referenceSolver	20,798	44,613	12,500	12,500	87,500	87,500	11,442	6,506	1,823	3,125	87,500	87,500	238,356	41,159	405
MAD-0.1-agents265-hours8.json	984	793	191	357	265	256	96,604	54	19	19	randomSolver	40,335	54,596	50,000	62,500	75,000	50,000	15,328	11,047	7,292	43,750	46,875	40,625	3405,219	100,000	984
MAD-0.1-agents177-hours6.json	984	793	191	269	177	177	100,000	54	19	19	referenceSolver	23,513	34,980	12,500	87,500	12,500	87,500	14,982	6,802	2,431	87,500	1,563	87,500	161,619	32,215	317
MAD-0.1-agents177-hours6.json	984	793	191	269	177	177	100,000	54	19	19	randomSolver	53,185	55,272	37,500	62,500	50,000	75,000	22,134	15,206	7,292	23,438	39,063	54,688	1560,789	100,000	984
MAD-0.1-agents427-hours6.json	984	793	191	519	427	427	100,000	54	19	19	referenceSolver	18,208	56,481	12,500	12,500	12,500	12,500	8,936	10,983	2,431	1,563	1,563	3,125	380,617	57,622	567
MAD-0.1-agents427-hours6.json	984	793	191	519	427	377	88,290	54	19	19	randomSolver	29,726	58,376	12,500	62,500	75,000	75,000	11,472	13,177	2,431	18,750	43,750	64,063	3925,273	100,000	984
MAD-0.1-agents383-hours4.json	984	793	191	475	383	383	100,000	54	19	19	referenceSolver	18,711	53,868	12,500	37,500	87,500	87,500	10,515	15,711	3,646	37,500	87,500	87,500	334,774	53,150	523
MAD-0.1-agents383-hours4.json	984	793	191	475	383	344	89,817	54	19	19	randomSolver	33,110	59,993	12,500	62,500	75,000	75,000	14,564	18,915	3,646	43,750	45,313	64,063	3541,699	100,000	984
MAD-0.1-agents360-hours6.json	984	793	191	452	360	360	100,000	54	19	19	referenceSolver	19,054	52,250	12,500	12,500	12,500	87,500	9,904	10,160	2,431	1,563	1,563	87,500	323,241	50,813	500
MAD-0.1-agents360-hours6.json	984	793	191	452	360	333	92,500	54	19	19	randomSolver	33,993	58,391	25,000	87,500	62,500	75,000	13,173	13,237	4,861	57,813	21,875	65,625	3329,221	100,000	984
MAD-0.1-agents242-hours4.json	984	793	191	334	242	242	100,000	54	19	19	referenceSolver	21,445	42,234	12,500	12,500	87,500	12,500	13,434	12,318	3,646	1,563	87,500	3,125	214,069	38,821	382
MAD-0.1-agents242-hours4.json	984	793	191	334	242	239	98,760	54	19	19	randomSolver	45,828	58,973	50,000	87,500	50,000	87,500	20,712	20,123	18,229	45,313	39,063	57,813	2068,021	100,000	984
MAD-0.1-agents30-hours6.json	984	793	191	122	30	30	100,000	54	19	19	referenceSolver	36,783	8,357	12,500	12,500	12,500	12,500	30,119	1,625	2,431	1,563	1,563	1,563	32,282	17,276	170
MAD-0.1-agents30-hours6.json	984	793	191	122	30	30	100,000	54	19	19	randomSolver	66,842	36,882	57,251	62,500	50,000	75,000	43,444	28,621	38,889	32,813	29,688	53,125	658,934	72,663	715
MAD-0.1-agents479-hours6.json	984	793	191	571	479	479	100,000	54	19	19	referenceSolver	17,710	59,209	12,500	12,500	12,500	87,500	8,349	11,513	2,431	3,125	1,563	87,500	426,538	62,907	619
MAD-0.1-agents479-hours6.json	984	793	191	571	479	408	85,177	54	19	19	randomSolver	27,242	58,783	12,500	62,500	87,500	75,000	10,427	12,938	2,431	42,188	35,938	25,000	4264,615	100,000	984
MAD-0.1-agents129-hours6.json	984	793	191	221	129	129	100,000	54	19	19	referenceSolver	25,848	28,228	12,500	87,500	87,500	50,000	17,701	5,489	2,431	87,500	87,500	50,000	117,672	27,337	269
MAD-0.1-agents129-hours6.json	984	793	191	221	129	129	100,000	54	19	19	randomSolver	62,340	53,604	55,299	75,000	87,500	75,000	26,941	16,699	19,444	45,313	57,813	56,250	1519,530	100,000	984
MAD-0.1-agents194-hours4.json	984	793	191	286	194	194	100,000	54	19	19	referenceSolver	22,858	37,094	12,500	50,000	87,500	87,500	15,066	10,819	3,646	50,000	87,500	87,500	176,105	33,943	334
MAD-0.1-agents194-hours4.json	984	793	191	286	194	193	99,485	54	19	19	randomSolver	52,822	58,444	62,500	75,000	75,000	75,000	24,188	20,482	18,229	35,938	45,313	43,750	1647,589	100,000	984
MAD-0.1-agents439-hours4.json	984	793	191	531	439	439	100,000	54	19	19	referenceSolver	18,056	57,236	12,500	12,500	87,500	87,500	9,791	16,694	3,646	1,563	87,500	87,500	380,639	58,841	579
MAD-0.1-agents439-hours4.json	984	793	191	531	439	393	89,522	54	19	19	randomSolver	29,825	60,199	12,500	50,000	75,000	75,000	13,028	18,691	3,646	18,750	45,313	56,250	7266,179	100,000	984
MAD-0.1-agents359-hours8.json	984	793	191	451	359	359	100,000	54	19	19	referenceSolver	19,041	52,256	12,500	12,500	12,500	12,500	9,430	7,621	1,823	1,563	3,125	1,563	322,598	50,711	499
MAD-0.1-agents359-hours8.json	984	793	191	451	359	330	91,922	54	19	19	randomSolver	32,542	55,054	12,500	87,500	62,500	50,000	12,133	10,644	1,823	59,375	53,125	50,000	7690,963	100,000	984
MAD-0.1-agents169-hours4.json	984	793	191	261	169	169	100,000	54	19	19	referenceSolver	23,851	33,936	12,500	87,500	87,500	12,500	16,154	9,898	3,646	87,500	87,500	3,125	151,931	31,402	309
MAD-0.1-agents169-hours4.json	984	793	191	261	169	169	100,000	54	19	19	randomSolver	57,067	58,340	62,500	62,500	75,000	66,667	26,505	21,108	18,229	53,125	45,313	54,688	1616,243	100,000	984
MAD-0.1-agents484-hours6.json	984	793	191	576	484	484	100,000	54	19	19	referenceSolver	17,643	59,533	12,500	87,500	12,500	87,500	8,295	11,576	2,431	87,500	1,563	87,500	427,161	63,415	624
MAD-0.1-agents484-hours6.json	984	793	191	576	484	399	82,438	54	19	19	randomSolver	27,127	59,212	25,000	62,500	75,000	75,000	10,337	12,640	4,861	40,625	45,313	53,125	5131,143	100,000	984
MAD-0.1-agents440-hours8.json	984	793	191	532	440	440	100,000	54	19	19	referenceSolver	18,045	57,292	12,500	12,500	87,500	87,500	8,272	8,355	1,823	3,125	87,500	87,500	432,605	58,943	580
MAD-0.1-agents440-hours8.json	984	793	191	532	440	386	87,727	54	19	19	randomSolver	28,460	57,012	25,000	87,500	75,000	75,000	10,286	10,308	3,646	67,188	46,875	42,188	6035,376	100,000	984
MAD-0.1-agents320-hours4.json	984	793	191	412	320	320	100,000	54	19	19	referenceSolver	19,691	49,307	12,500	37,500	87,500	87,500	11,573	14,381	3,646	37,500	87,500	87,500	319,959	46,748	460
MAD-0.1-agents320-hours4.json	984	793	191	412	320	305	95,313	54	19	19	randomSolver	37,762	59,621	25,000	50,000	87,500	66,667	16,791	19,407	7,292	39,063	46,875	46,875	2598,154	100,000	984
MAD-0.1-agents110-hours8.json	984	793	191	202	110	110	100,000	54	19	19	referenceSolver	27,166	25,057	12,500	87,500	87,500	12,500	18,822	3,654	1,823	87,500	87,500	3,125	102,758	25,407	250
MAD-0.1-agents110-hours8.json	984	793	191	202	110	110	100,000	54	19	19	randomSolver	59,572	45,073	50,780	50,000	50,000	62,500	27,090	14,673	12,760	29,688	39,063	21,875	2015,382	100,000	984
MAD-0.1-agents202-hours6.json	984	793	191	294	202	202	100,000	54	19	19	referenceSolver	22,577	38,041	12,500	12,500	12,500	12,500	13,920	7,397	2,431	1,563	1,563	1,563	184,705	34,756	342
MAD-0.1-agents202-hours6.json	984	793	191	294	202	201	99,505	54	19	19	randomSolver	49,973	56,273	50,000	75,000	75,000	62,500	20,252	14,639	9,722	75,000	32,813	53,125	3123,330	100,000	984
MAD-0.1-agents70-hours4.json	984	793	191	162	70	70	100,000	54	19	19	referenceSolver	30,710	17,588	12,500	12,500	87,500	87,500	23,788	5,130	3,646	1,563	87,500	87,500	65,810	21,341	210
MAD-0.1-agents70-hours4.json	984	793	191	162	70	70	100,000	54	19	19	randomSolver	72,463	51,878	76,118	50,000	75,000	75,000	41,824	31,105	43,750	29,688	54,688	34,375	1832,203	96,037	945
MAD-0.1-agents310-hours6.json	984	793	191	402	310	310	100,000	54	19	19	referenceSolver	19,900	48,438	12,500	12,500	12,500	87,500	10,837	9,418	2,431	3,125	1,563	87,500	278,443	45,732	450
MAD-0.1-agents310-hours6.json	984	793	191	402	310	294	94,839	54	19	19	randomSolver	38,044	57,724	0,000	67,500	75,000	50,000	14,811	13,386	0,000	45,313	34,375	28,125	2802,148	100,000	984
MAD-0.1-agents232-hours4.json	984	793	191	324	232	232	100,000	54	19	19	referenceSolver	21,644	41,355	12,500	87,500	87,500	87,500	13,722	12,062	3,646	87,500	87,500	87,500	203,943	37,805	372
MAD-0.1-agents232-hours4.json	984	793	191	324	232	227	97,845	54	19	19	randomSolver	47,445	59,462	37,500	37,500	87,500	75,000	21,351	19,810	10,938	17,188	45,313	75,000	2947,857	100,000	984
MAD-0.1-agents40-hours6.json	984	793	191	132	40	40	100,000	54	19	19	referenceSolver	34,943	10,840	12,500	37,500	87,500	12,500	28,009	2,108	2,431	28,125	87,500	1,563	41,513	18,293	180
MAD-0.1-agents40-hours6.json	984	793	191	132	40	40	100,000	54	19	19	randomSolver	66,283	40,121	74,476	62,500	87,500	79,167	42,399	29,974	38,889	18,750	67,188	46,875	549,089	85,061	837
MAD-0.1-agents409-hours6.json	984	793	191	501	409	409	100,000	54	19	19	referenceSolver	18,463	55,270	12,500	87,500	12,500	87,500	9,179	10,747	2,431	87,500	1,563	87,500	363,097	55,793	549
MAD-0.1-agents409-hours6.json	984	793	191	501	409	373	91,198	54	19	19	randomSolver	31,270	59,157	5,932	50,000	75,000	75,000	11,884	12,729	4,861	50,000	65,625	53,125	3425,251	100,000	984
MAD-0.1-agents159-hours6.json	984	793	191	251	159	159	100,000	54	19	19	referenceSolver	24,253	32,649	12,500	12,500	12,500	12,500	15,876	6,348	2,431	3,125	1,563	1,563	145,097	30,386	299
MAD-0.1-agents159-hours6.json	984	793	191	251	159	158	99,371	54	19	19	randomSolver	57,189	54,841	50,000	62,500	50,000	50,000	23,721	15,326	9,722	43,750	29,688	40,625	2770,283	100,000	984
MAD-0.1-agents84-hours8.json	984	793	191	176	84	84	100,000	54	19	19	referenceSolver	29,332	20,339	12,500	12,500	87,500	12,500	21,333	2,966	1,823	3,125	87,500	1,563	79,632	22,764	224
MAD-0.1-agents84-hours8.json	984	793	191	176	84	84	100,000	54	19	19	randomSolver	64,675	44,059	73,868	75,000	75,000	62,500	31,092	16,956	18,229	43,750	45,313	51,563	1730,449	100,000	984
MAD-0.1-agents329-hours8.json	984	793	191	421	329	329	100,000	54	19	19	referenceSolver	19,507	50,076	12,500	87,500	12,500	12,500	9,972	7,303	1,823	87,500	3,125	1,563	297,522	47,663	469
MAD-0.1-agents329-hours8.json	984	793	191	421	329	303	92,097	54	19	19	randomSolver	35,236	55,876	25,000	87,500	75,000	66,667	12,998	10,577	3,646	59,375	54,688	56,250	4099,034	100,000	984
MAD-0.1-agents449-hours4.json	984	793	191	541	449	449	100,000	54	19	19	referenceSolver	17,953	57,786	12,500	87,500	37,500	12,500	9,677	16,854	3,646	87,500	37,500	1,563	388,770	59,858	589
MAD-0.1-agents449-hours4.json	984	793	191	541	449	394	87,751	54	19	19	randomSolver	28,791	59,786	37,500	75,000	62,500	75,000	12,787	18,959	10,938	56,250	40,625	43,750	5676,442	100,000	984
MAD-0.1-agents119-hours4.json	984	793	191	211	119	119	100,000	54	19	19	referenceSolver	26,600	26,503	12,500	12,500	87,500	87,500	19,133	7,730	3,646	1,563	87,500	87,500	109,155	26,321	259
MAD-0.1-agents119-hours4.json	984	793	191	211	119	119	100,000	54	19	19	randomSolver	69,180	57,585	87,069	87,500	75,000	75,000	32,785	22,675	29,167	57,813	35,938	75,000	1631,172	100,000	984
MAD-0.1-agents79-hours8.json	984	793	191	171	79	79	100,000	54	19	19	referenceSolver	29,898	19,315	12,500	87,500	12,500	12,500	21,904	2,817	1,823	87,500	3,125	1,563	76,237	22,256	219
MAD-0.1-agents79-hours8.json	984	793	191	171	79	79	100,000	54	19	19	randomSolver	64,672	42,583	71,618	87,500	75,000	87,500	32,001	17,471	20,052	54,688	32,813	48,438	1180,448	100,000	984
MAD-0.1-agents350-hours4.json	984	793	191	442	350	350	100,000	54	19	19	referenceSolver	19,202	51,546	12,500	87,500	12,500	12,500	11,035	15,034	3,646	87,500	3,125	3,125	304,815	49,797	490
MAD-0.1-agents350-hours4.json	984	793	191	442	350	327	93,429	54	19	19	randomSolver	35,773	60,020	37,500	75,000	62,500	62,500	15,651	18,736	10,938	54,688	51,563	43,750	5425,170	100,000	984
MAD-0.1-agents430-hours8.json	984	793	191	522	430	430	100,000	54	19	19	referenceSolver	18,151	56,728	12,500	12,500	12,500	12,500	8,395	8,273	1,823	1,563	3,125	1,563	386,900	57,927	570
MAD-0.1-agents430-hours8.json	984	793	191	522	430	370	86,047	54	19	19	randomSolver	28,932	56,744	25,000	62,500	62,500	50,000	10,483	10,174	3,646	53,125	42,188	50,000	3702,477	100,000	984
MAD-0.1-agents272-hours6.json	984	793	191	364	272	272	100,000	54	19	19	referenceSolver	20,673	45,183	12,500	12,500	87,500	87,500	11,715	8,786	2,431	1,563	87,500	87,500	244,721	41,870	412
MAD-0.1-agents272-hours6.json	984	793	191	364	272	259	95,221	54	19	19	randomSolver	41,674	57,773	37,500	75,000	75,000	75,000	16,357	13,535	7,292	53,125	35,938	23,438	2822,795	100,000	984
MAD-0.1-agents160-hours8.json	984	793	191	252	160	160	100,000	54	19	19	referenceSolver	24,256	32,720	12,500	12,500	12,500	87,500	15,443	4,772	1,823	1,563	3,125	87,500	145,687	30,488	300
MAD-0.1-agents160-hours8.json	984	793	191	252	160	160	100,000	54	19	19	randomSolver	53,880	52,141	37,500	62,500	62,500	87,500	21,715	12,681	5,469	42,188	40,625	67,188	1765,026	100,000	984
MAD-0.1-agents25-hours6.json	984	793	191	117	25	25	100,000	54	19	19	referenceSolver	37,714	7,082	12,500	87,500	12,500	12,500	31,275	1,377	2,431	87,500	1,563	1,563	28,512	16,768	165
MAD-0.1-agents25-hours6.json	984	793	191	117	25	25	100,000	54	19	19	randomSolver	66,596	35,054	69,854	75,000	87,500	62,500	43,930	27,720	51,042	43,750	78,125	42,188	516,002	65,955	649
MAD-0.1-agents257-hours4.json	984	793	191	349	257	257	100,000	54	19	19	referenceSolver	20,989	43,857	12,500	12,500	87,500	12,500	13,004	12,792	3,646	3,125	87,500	3,125	225,776	40,346	397
MAD-0.1-agents257-hours4.json	984	793	191	349	257	251	97,665	54	19	19	randomSolver	44,119	59,119	50,000	75,000	87,500	75,000	19,822	19,855	14,583	54,688	59,375	64,063	4013,841	100,000	984
MAD-0.1-agents98-hours4.json	984	793	191	190	98	98	100,000	54	19	19	referenceSolver	28,026	23,005	12,500	12,500	87,500	87,500	20,820	6,710	3,646	3,125	87,500	87,500	93,207	24,187	238
MAD-0.1-agents98-hours4.json	984	793	191	190	98	98	100,000	54	19	19	randomSolver	71,585	54,596	87,500	50,000	50,000	50,000	36,409	25,182	25,521	29,688	40,625	29,688	1074,898	100,000	984
MAD-0.1-agents375-hours6.json	984	793	191	467	375	375	100,000	54	19	19	referenceSolver	18,817	53,343	12,500	12,500	12,500	87,500	9,657	10,372	2,431	1,563	1,563	87,500	336,450	52,337	515
MAD-0.1-agents375-hours6.json	984	793	191	467	375	345	92,000	54	19	19	randomSolver	32,730	58,188	12,500	75,000	87,500	62,500	12,749	13,445	2,431	32,813	68,750	34,375	3059,158	100,000	984
MAD-0.1-agents181-hours4.json	984	793	191	273	181	181	100,000	54	19	19	referenceSolver	23,306	35,560	12,500	87,500	87,500	87,500	15,598	10,372	3,646	87,500	87,500	87,500	161,474	32,622	321
MAD-0.1-agents181-hours4.json	984	793	191	273	181	180	99,448	54	19	19	randomSolver	55,489	58,537	75,000	37,500	62,500	75,000	25,340	20,437	21,875	26,563	53,125	42,188	2935,691	100,000	984
MAD-0.1-agents491-hours6.json	984	793	191	583	491	491	100,000	54	19	19	referenceSolver	17,581	59,878	12,500	62,500	87,500	87,500	8,222	11,643	2,431	53,125	87,500	87,500	437,289	64,126	631
MAD-0.1-agents491-hours6.json	984	793	191	583	491	415	84,521	54	19	19	randomSolver	26,576	58,755	12,500	50,000	79,167	87,500	10,213	12,849	2,431	10,938	57,813	65,625	4127,031	100,000	984
MAD-0.1-agents388-hours6.json	984	793	191	480	388	388	100,000	54	19	19	referenceSolver	18,646	54,190	12,500	12,500	87,500	87,500	9,461	10,537	2,431	1,563	87,500	87,500	353,410	53,659	528
MAD-0.1-agents388-hours6.json	984	793	191	480	388	350	90,206	54	19	19	randomSolver	32,272	58,623	12,500	50,000	75,000	50,000	12,404	12,968	2,431	7,813	53,125	21,875	4266,798	100,000	984
MAD-0.1-agents65-hours4.json	984	793	191	157	65	65	100,000	54	19	19	referenceSolver	31,369	16,497	12,500	12,500	87,500	87,500	24,449	4,812	3,646	1,563	87,500	87,500	63,519	20,833	205
MAD-0.1-agents65-hours4.json	984	793	191	157	65	65	100,000	54	19	19	randomSolver	72,049	51,039	80,684	75,000	50,000	75,000	42,274	31,593	43,750	56,250	29,688	64,063	1465,992	92,175	907
MAD-0.1-agents217-hours6.json	984	793	191	309	217	217	100,000	54	19	19	referenceSolver	22,087	39,744	12,500	12,500	87,500	12,500	13,357	7,728	2,431	3,125	87,500	1,563	195,765	36,280	357
MAD-0.1-agents217-hours6.json	984	793	191	309	217	213	98,157	54	19	19	randomSolver	47,890	56,300	37,500	75,000	50,000	75,000	19,269	14,251	7,292	37,500	18,750	54,688	2039,823	100,000	984
MAD-0.1-agents105-hours8.json	984	793	191	197	105	105	100,000	54	19	19	referenceSolver	27,475	24,249	12,500	12,500	87,500	87,500	19,238	3,536	1,823	1,563	87,500	87,500	95,446	24,898	245
MAD-0.1-agents105-hours8.json	984	793	191	197	105	105	100,000	54	19	19	randomSolver	61,054	45,356	74,231	75,000	50,000	87,500	27,777	15,188	16,406	65,625	31,250	46,875	1153,727	100,000	984
MAD-0.1-agents335-hours4.json	984	793	191	427	335	335	100,000	54	19	19	referenceSolver	19,438	50,452	12,500	12,500	12,500	87,500	11,295	14,715	3,646	1,563	1,563	87,500	292,724	48,272	475
MAD-0.1-agents335-hours4.json	984	793	191	427	335	310	92,537	54	19	19	randomSolver	36,435	59,695	25,000	37,500	75,000	75,000	16,201	19,407	7,292	15,625	54,688	42,188	4155,152	100,000	984
MAD-0.1-agents455-hours8.json	984	793	191	547	455	455	100,000	54	19	19	referenceSolver	17,893	58,110	12,500	87,500	12,500	12,500	8,095	8,474	1,823	87,500	3,125	3,125	415,816	60,467	595
MAD-0.1-agents455-hours8.json	984	793	191	547	455	378	83,077	54	19	19	randomSolver	27,098	55,790	25,000	57,500	62,500	87,500	10,004	10,644	3,646	43,750	31,250	56,250	6276,064	100,000	984
MAD-0.1-agents188-hours8.json	984	793	191	280	188	188	100,000	54	19	19	referenceSolver	23,036	36,434	12,500	12,500	87,500	12,500	14,076	5,313	1,823	1,563	87,500	1,563	171,919	33,333	328
MAD-0.1-agents188-hours8.json	984	793	191	280	188	186	98,936	54	19	19	randomSolver	48,204	50,397	37,500	62,500	62,500	54,167	19,543	12,479	5,469	25,000	51,563	43,750	1878,040	100,000	984
MAD-0.1-agents55-hours6.json	984	793	191	147	55	55	100,000	54	19	19	referenceSolver	32,653	14,323	12,500	87,500	12,500	12,500	25,399	2,785	2,431	87,500	1,563	1,563	53,933	19,817	195
MAD-0.1-agents55-hours6.json	984	793	191	147	55	55	100,000	54	19	19	randomSolver	67,826	44,193	66,079	75,000	75,000	50,000	40,073	27,971	29,167	45,313	35,938	29,688	805,126	97,358	958
MAD-0.1-agents227-hours4.json	984	793	191	319	227	227	100,000	54	19	19	referenceSolver	21,787	40,827	12,500	12,500	12,500	12,500	13,880	11,908	3,646	1,563	3,125	1,563	201,170	37,297	367
MAD-0.1-agents227-hours4.json	984	793	191	319	227	224	98,678	54	19	19	randomSolver	47,760	59,050	44,947	62,500	50,000	50,000	21,686	20,437	18,229	21,875	17,188	10,938	5731,936	100,000	984
MAD-0.1-agents305-hours6.json	984	793	191	397	305	305	100,000	54	19	19	referenceSolver	19,931	48,183	12,500	87,500	87,500	87,500	10,931	9,369	2,431	87,500	87,500	87,500	482,823	45,224	445
MAD-0.1-agents305-hours6.json	984	793	191	397	305	294	96,393	54	19	19	randomSolver	38,197	57,973	37,500	62,500	62,500	62,500	14,997	13,475	7,292	62,500	51,563	51,563	4627,028	100,000	984
MAD-0.1-agents91-hours8.json	984	793	191	183	91	91	100,000	54	19	19	referenceSolver	28,689	21,667	12,500	37,500	87,500	12,500	20,579	3,160	1,823	28,125	87,500	1,563	149,598	23,476	231
MAD-0.1-agents91-hours8.json	984	793	191	183	91	91	100,000	54	19	19	randomSolver	64,880	45,340	78,933	75,000	87,500	75,000	29,902	16,464	14,583	35,938	56,250	54,688	1612,301	100,000	984
MAD-0.1-agents8-hours6.json	984	793	191	100	8	8	100,000	54	19	19	referenceSolver	42,125	2,374	12,500	12,500	12,500	87,500	36,194	0,462	2,431	3,125	1,563	87,500	23,132	15,041	148
MAD-0.1-agents8-hours6.json	984	793	191	100	8	8	100,000	54	19	19	randomSolver	67,677	19,885	75,828	75,000	62,500	62,500	44,495	17,057	51,042	54,688	20,313	34,375	431,630	37,093	365
MAD-0.1-agents15-hours4.json	984	793	191	107	15	15	100,000	54	19	19	referenceSolver	40,187	4,360	12,500	12,500	12,500	87,500	34,171	1,272	3,646	1,563	1,563	87,500	32,311	15,752	155
MAD-0.1-agents15-hours4.json	984	793	191	107	15	15	100,000	54	19	19	randomSolver	68,789	26,821	77,090	70,833	62,500	62,500	45,332	21,241	54,688	65,625	20,313	34,375	704,761	42,378	417
MAD-0.1-agents175-hours8.json	984	793	191	267	175	175	100,000	54	19	19	referenceSolver	23,642	34,653	12,500	87,500	12,500	87,500	14,690	5,054	1,823	87,500	3,125	87,500	277,996	32,012	315
MAD-0.1-agents175-hours8.json	984	793	191	267	175	173	98,857	54	19	19	randomSolver	51,360	51,514	37,500	50,000	75,000	62,500	20,495	12,233	5,469	28,125	45,313	43,750	3507,003	100,000	984
MAD-0.1-agents267-hours6.json	984	793	191	359	267	267	100,000	54	19	19	referenceSolver	20,717	44,874	12,500	12,500	12,500	12,500	11,831	8,725	2,431	1,563	3,125	1,563	429,370	41,362	407
MAD-0.1-agents267-hours6.json	984	793	191	359	267	262	98,127	54	19	19	randomSolver	42,131	57,293	8,333	75,000	62,500	62,500	16,585	13,625	4,861	34,375	42,188	21,875	4716,995	100,000	984
MAD-0.1-agents425-hours8.json	984	793	191	517	425	425	100,000	54	19	19	referenceSolver	18,206	56,441	12,500	25,000	12,500	87,500	8,459	8,231	1,823	25,000	1,563	87,500	662,808	57,419	565
MAD-0.1-agents425-hours8.json	984	793	191	517	425	359	84,471	54	19	19	randomSolver	29,347	57,499	12,500	75,000	62,500	54,167	10,584	10,174	1,823	32,813	51,563	31,250	6686,195	100,000	984
MAD-0.1-agents345-hours4.json	984	793	191	437	345	345	100,000	54	19	19	referenceSolver	19,251	51,263	12,500	87,500	62,500	87,500	11,113	14,952	3,646	87,500	62,500	87,500	538,683	49,289	485
MAD-0.1-agents345-hours4.json	984	793	191	437	345	326	94,493	54	19	19	randomSolver	35,859	59,755	12,500	62,500	62,500	37,500	15,830	19,273	3,646	42,188	29,688	17,188	5207,767	100,000	984
MAD-0.1-agents284-hours4.json	984	793	191	376	284	284	100,000	54	19	19	referenceSolver	20,379	46,330	12,500	37,500	87,500	12,500	12,332	13,513	3,646	28,125	87,500	1,563	432,189	43,089	424
MAD-0.1-agents284-hours4.json	984	793	191	376	284	273	96,127	54	19	19	randomSolver	41,494	59,814	36,667	75,000	75,000	62,500	18,398	19,362	14,583	54,688	64,063	23,438	4212,593	100,000	984
MAD-0.1-agents239-hours6.json	984	793	191	331	239	239	100,000	54	19	19	referenceSolver	21,488	42,004	12,500	87,500	87,500	12,500	12,641	8,167	2,431	87,500	87,500	1,563	1330,227	38,516	379
MAD-0.1-agents239-hours6.json	984	793	191	331	239	236	98,745	54	19	19	randomSolver	44,836	56,275	0,000	50,000	37,500	50,000	17,988	14,162	0,000	40,625	28,125	39,063	7637,088	100,000	984
MAD-0.1-agents32-hours8.json	984	793	191	124	32	32	100,000	54	19	19	referenceSolver	36,391	8,864	12,500	87,500	12,500	87,500	29,515	1,293	1,823	87,500	1,563	87,500	58,554	17,480	172
MAD-0.1-agents32-hours8.json	984	793	191	124	32	32	100,000	54	19	19	randomSolver	64,851	36,659	64,924	50,000	75,000	62,500	42,381	29,339	45,573	39,063	54,688	40,625	906,280	87,907	865
MAD-0.1-agents362-hours8.json	984	793	191	454	362	362	100,000	54	19	19	referenceSolver	19,025	52,388	12,500	87,500	12,500	12,500	9,383	7,640	1,823	87,500	1,563	1,563	567,684	51,016	502
MAD-0.1-agents362-hours8.json	984	793	191	454	362	326	90,055	54	19	19	randomSolver	32,619	56,038	37,500	62,500	54,167	87,500	12,053	10,465	5,469	42,188	43,750	46,875	5863,624	100,000	984
MAD-0.1-agents402-hours4.json	984	793	191	494	402	402	100,000	54	19	19	referenceSolver	18,472	55,068	12,500	12,500	12,500	12,500	10,251	16,062	3,646	1,563	1,563	1,563	613,337	55,081	542
MAD-0.1-agents402-hours4.json	984	793	191	494	402	359	89,303	54	19	19	randomSolver	31,699	59,904	12,500	75,000	75,000	75,000	14,003	18,825	3,646	35,938	65,625	34,375	6019,844	100,000	984
MAD-0.1-agents152-hours4.json	984	793	191	244	152	152	100,000	54	19	19	referenceSolver	24,590	31,667	12,500	12,500	12,500	12,500	17,019	9,236	3,646	1,563	3,125	3,125	239,020	29,675	292
MAD-0.1-agents152-hours4.json	984	793	191	244	152	152	100,000	54	19	19	randomSolver	60,285	57,435	62,500	50,000	75,000	62,500	28,351	21,735	18,229	31,250	64,063	51,563	2454,865	100,000	984
MAD-0.1-agents442-hours6.json	984	793	191	534	442	442	100,000	54	19	19	referenceSolver	18,024	57,403	12,500	12,500	12,500	87,500	8,750	11,162	2,431	3,125	12,500	87,500	688,398	59,146	582
MAD-0.1-agents442-hours6.json	984	793	191	534	442	376	85,068	54	19	19	randomSolver	29,302	59,058	12,500	62,500	87,500	62,500	11,150	12,789	2,431	32,813	56,250	51,563	6524,444	100,000	984
MAD-0.1-agents200-hours8.json	984	793	191	292	200	200	100,000	54	19	19	referenceSolver	22,603	37,879	12,500	87,500	37,500	87,500	13,572	5,524	1,823	87,500	37,500	87,500	319,936	34,553	340
MAD-0.1-agents200-hours8.json	984	793	191	292	200	198	99,000	54	19	19	randomSolver	47,969	52,746	37,500	87,500	50,000	75,000	18,740	12,099	5,469	35,938	20,313	45,313	3439,234	100,000	984
MAD-0.1-agents112-hours6.json	984	793	191	204	112	112	100,000	54	19	19	referenceSolver	27,083	25,339	12,500	87,500	87,500	87,500	18,997	4,927	2,431	87,500	87,500	87,500	183,295	25,610	252
MAD-0.1-agents112-hours6.json	984	793	191	204	112	112	100,000	54	19	19	randomSolver	64,332	51,469	80,224	37,500	87,500	62,500	29,186	17,982	19,444	17,188	65,625	42,188	4692,042	100,000	984
MAD-0.1-agents486-hours8.json	984	793	191	578	486	486	100,000	54	19	19	referenceSolver	17,604	59,705	12,500	12,500	12,500	87,500	7,758	8,707	1,823	1,563	1,563	87,500	761,721	63,618	626
MAD-0.1-agents486-hours8.json	984	793	191	578	486	402	82,716	54	19	19	randomSolver	26,345	57,583	12,500	50,000	62,500	62,500	9,467	10,039	1,823	29,688	51,563	43,750	6839,553	100,000	984
MAD-0.1-agents279-hours4.json	984	793	191	371	279	279	100,000	54	19	19	referenceSolver	20,485	45,888	12,500	12,500	12,500	87,500	12,445	13,384	3,646	3,125	1,563	87,500	482,844	42,581	419
MAD-0.1-agents279-hours4.json	984	793	191	371	279	271	97,133	54	19	19	randomSolver	42,281	59,873	37,500	50,000	75,000	62,500	18,646	19,139	10,938	29,688	54,688	32,813	5490,126	100,000	984
MAD-0.1-agents86-hours6.json	984	793	191	178	86	86	100,000	54	19	19	referenceSolver	29,143	20,723	12,500	12,500	87,500	87,500	21,408	4,029	2,431	3,125	87,500	87,500	149,363	22,967	226
MAD-0.1-agents86-hours6.json	984	793	191	178	86	86	100,000	54	19	19	randomSolver	69,185	48,803	87,500	75,000	50,000	75,000	33,449	20,012	17,014	21,875	39,063	65,625	3165,629	100,000	984
MAD-0.1-agents249-hours6.json	984	793	191	341	249	249	100,000	54	19	19	referenceSolver	21,151	43,154	12,500	87,500	87,500	87,500	12,327	8,391	2,431	87,500	87,500	87,500	405,193	39,533	389
MAD-0.1-agents249-hours6.json	984	793	191	341	249	246	98,795	54	19	19	randomSolver	44,368	57,630	12,500	50,000	75,000	75,000	17,460	13,714	2,431	17,188	65,625	65,625	9520,460	100,000	984
MAD-0.1-agents42-hours8.json	984	793	191	134	42	42	100,000	54	19	19	referenceSolver	34,608	11,321	12,500	12,500	12,500	87,500	27,449	1,651	1,823	1,563	1,563	87,500	75,215	18,496	182
MAD-0.1-agents42-hours8.json	984	793	191	134	42	42	100,000	54	19	19	randomSolver	64,684	38,504	72,108	75,000	75,000	66,667	40,524	27,754	29,167	43,750	53,125	45,313	1296,202	97,663	961
MAD-0.1-agents472-hours4.json	984	793	191	564	472	472	100,000	54	19	19	referenceSolver	17,753	58,926	12,500	87,500	12,500	12,500	9,434	17,187	3,646	87,500	1,563	3,125	723,843	62,195	612
MAD-0.1-agents472-hours4.json	984	793	191	564	472	391	82,839	54	19	19	randomSolver	28,081	60,043	50,000	37,500	87,500	62,500	12,265	18,557	14,583	28,125	65,625	21,875	8248,549	100,000	984
MAD-0.1-agents312-hours8.json	984	793	191	404	312	312	100,000	54	19	19	referenceSolver	19,802	48,750	12,500	50,000	87,500	12,500	10,315	7,109	1,823	50,000	87,500	3,125	486,739	45,935	452
MAD-0.1-agents312-hours8.json	984	793	191	404	312	290	92,949	54	19	19	randomSolver	36,396	55,883	12,500	75,000	62,500	75,000	13,545	10,554	1,823	53,125	51,563	45,313	5849,050	100,000	984
MAD-0.1-agents122-hours4.json	984	793	191	214	122	122	100,000	54	19	19	referenceSolver	26,285	27,111	12,500	12,500	87,500	12,500	18,894	7,907	3,646	1,563	87,500	1,563	191,946	26,626	262
MAD-0.1-agents122-hours4.json	984	793	191	214	122	122	100,000	54	19	19	randomSolver	67,083	56,656	62,500	80,000	62,500	70,833	32,326	22,989	18,229	57,813	43,750	48,438	3014,024	100,000	984
MAD-0.1-agents432-hours6.json	984	793	191	524	432	432	100,000	54	19	19	referenceSolver	18,154	56,767	12,500	12,500	12,500	87,500	8,874	11,038	2,431	1,563	1,563	87,500	681,686	58,130	572
MAD-0.1-agents432-hours6.json	984	793	191	524	432	372	86,111	54	19	19	randomSolver	29,532	58,800	37,500	50,000	87,500	75,000	11,363	12,878	7,292	21,875	67,188	65,625	7361,360	100,000	984
MAD-0.1-agents162-hours6.json	984	793	191	254	162	162	100,000	54	19	19	referenceSolver	24,213	32,927	12,500	87,500	12,500	87,500	15,736	6,402	2,431	87,500	1,563	87,500	260,215	30,691	302
MAD-0.1-agents162-hours6.json	984	793	191	254	162	162	100,000	54	19	19	randomSolver	56,318	54,737	25,000	62,500	75,000	87,500	23,441	15,356	4,861	53,125	25,000	76,563	2861,972	100,000	984
MAD-0.1-agents270-hours8.json	984	793	191	362	270	270	100,000	54	19	19	referenceSolver	20,684	45,075	12,500	12,500	12,500	87,500	11,304	6,573	1,823	1,563	1,563	87,500	428,872	41,667	410
MAD-0.1-agents270-hours8.json	984	793	191	362	270	255	94,444	54	19	19	randomSolver	39,867	54,024	16,184	50,000	75,000	75,000	15,116	11,270	5,469	29,688	45,313	53,125	5642,919	100,000	984
MAD-0.1-agents396-hours4.json	984	793	191	488	396	396	100,000	54	19	19	referenceSolver	18,545	54,696	12,500	87,500	12,500	87,500	10,332	15,953	3,646	87,500	3,125	87,500	618,975	54,472	536
MAD-0.1-agents396-hours4.json	984	793	191	488	396	345	87,121	54	19	19	randomSolver	31,904	59,948	25,000	62,500	87,500	37,500	14,176	19,049	7,292	15,625	65,625	6,250	9926,673	100,000	984
MAD-0.1-agents209-hours4.json	984	793	191	301	209	209	100,000	54	19	19	referenceSolver	22,384	38,776	12,500	12,500	12,500	12,500	14,502	11,310	3,646	1,563	1,563	3,125	328,122	35,467	349
MAD-0.1-agents209-hours4.json	984	793	191	301	209	207	99,043	54	19	19	randomSolver	50,770	58,952	62,500	62,500	62,500	37,500	22,982	20,079	18,229	20,313	31,250	37,500	5271,794	100,000	984
MAD-0.1-agents67-hours6.json	984	793	191	159	67	67	100,000	54	19	19	referenceSolver	31,132	16,919	12,500	87,500	12,500	12,500	23,676	3,290	2,431	87,500	1,563	1,563	115,867	21,037	207
MAD-0.1-agents67-hours6.json	984	793	191	159	67	67	100,000	54	19	19	randomSolver	68,933	45,668	69,120	75,000	75,000	75,000	37,446	24,697	34,028	37,500	45,313	45,313	2468,794	100,000	984
MAD-0.1-agents3-hours8.json	984	793	191	95	3	3	100,000	54	19	19	referenceSolver	43,684	0,904	12,500	12,500	87,500	87,500	37,969	0,132	1,823	1,563	87,500	87,500	15,786	14,533	143
MAD-0.1-agents3-hours8.json	984	793	191	95	3	3	100,000	54	19	19	randomSolver	66,671	9,809	72,750	68,750	75,000	62,500	44,054	8,818	58,333	56,250	75,000	53,125	430,064	28,252	278
MAD-0.1-agents337-hours6.json	984	793	191	429	337	337	100,000	54	19	19	referenceSolver	19,376	50,677	12,500	12,500	87,500	87,500	10,297	9,854	2,431	1,563	87,500	87,500	530,517	48,476	477
MAD-0.1-agents337-hours6.json	984	793	191	429	337	314	93,175	54	19	19	randomSolver	35,740	58,558	12,500	50,000	79,167	87,500	13,879	13,117	2,431	31,250	68,750	54,688	4896,742	100,000	984
MAD-0.1-agents215-hours4.json	984	793	191	307	215	215	100,000	54	19	19	referenceSolver	22,150	39,522	12,500	12,500	12,500	12,500	14,285	11,527	3,646	3,125	1,563	1,563	335,895	36,077	355
MAD-0.1-agents215-hours4.json	984	793	191	307	215	213	99,070	54	19	19	randomSolver	49,989	58,872	62,500	75,000	75,000	87,500	22,533	20,258	18,229	43,750	64,063	67,188	3915,019	100,000	984
MAD-0.1-agents493-hours4.json	984	793	191	585	493	493	100,000	54	19	19	referenceSolver	17,564	59,976	12,500	12,500	12,500	87,500	9,226	17,493	3,646	1,563	3,125	87,500	757,667	64,329	633
MAD-0.1-agents493-hours4.json	984	793	191	585	493	407	82,556	54	19	19	randomSolver	26,863	60,083	12,500	62,500	75,000	75,000	11,825	18,780	3,646	40,625	35,938	56,250	8135,410	100,000	984
MAD-0.1-agents291-hours8.json	984	793	191	383	291	291	100,000	54	19	19	referenceSolver	20,202	47,011	12,500	12,500	87,500	12,500	10,780	6,856	1,823	1,563	87,500	1,563	463,269	43,801	431
MAD-0.1-agents291-hours8.json	984	793	191	383	291	277	95,189	54	19	19	randomSolver	38,813	56,077	37,500	62,500	50,000	50,000	14,288	10,420	5,469	23,438	39,063	20,313	5354,954	100,000	984
MAD-0.1-agents183-hours6.json	984	793	191	275	183	183	100,000	54	19	19	referenceSolver	23,318	35,673	12,500	12,500	12,500	12,500	14,720	6,936	2,431	1,563	1,563	1,563	289,522	32,825	323
MAD-0.1-agents183-hours6.json	984	793	191	275	183	182	99,454	54	19	19	randomSolver	52,009	54,482	33,750	50,000	62,500	62,500	21,651	15,177	9,722	40,625	43,750	51,563	2733,370	100,000	984
MAD-0.1-agents27-hours4.json	984	793	191	119	27	27	100,000	54	19	19	referenceSolver	37,290	7,606	12,500	12,500	12,500	12,500	31,066	2,218	3,646	12,500	1,563	1,563	53,463	16,972	167
MAD-0.1-agents27-hours4.json	984	793	191	119	27	27	100,000	54	19	19	randomSolver	69,796	36,016	85,803	75,000	75,000	75,000	45,050	26,836	54,688	65,625	65,625	34,375	1192,728	56,606	557
MAD-0.1-agents377-hours4.json	984	793	191	469	377	377	100,000	54	19	19	referenceSolver	18,817	53,399	12,500	87,500	87,500	87,500	10,607	15,575	3,646	87,500	87,500	87,500	573,576	52,541	517
MAD-0.1-agents377-hours4.json	984	793	191	469	377	343	90,981	54	19	19	randomSolver	33,283	59,523	12,500	62,500	75,000	75,000	14,750	19,228	3,646	51,563	37,500	75,000	6917,895	100,000	984
MAD-0.1-agents417-hours8.json	984	793	191	509	417	417	100,000	54	19	19	referenceSolver	18,345	55,823	12,500	12,500	87,500	62,500	8,572	8,141	1,823	1,563	87,500	62,500	654,547	56,606	557
MAD-0.1-agents417-hours8.json	984	793	191	509	417	363	87,050	54	19	19	randomSolver	29,421	56,873	37,500	62,500	87,500	66,667	10,751	10,375	5,469	51,563	45,313	34,375	6204,898	100,000	984
MAD-0.1-agents255-hours6.json	984	793	191	347	255	255	100,000	54	19	19	referenceSolver	21,037	43,664	12,500	12,500	87,500	12,500	12,165	8,490	2,431	1,563	87,500	1,563	415,408	40,142	395
MAD-0.1-agents255-hours6.json	984	793	191	347	255	251	98,431	54	19	19	randomSolver	42,919	56,967	62,500	87,500	50,000	50,000	17,158	14,132	12,153	57,813	7,813	29,688	6269,999	100,000	984
MAD-0.1-agents147-hours8.json	984	793	191	239	147	147	100,000	54	19	19	referenceSolver	24,895	30,882	12,500	87,500	87,500	12,500	16,184	4,504	1,823	87,500	87,500	3,125	229,476	29,167	287
MAD-0.1-agents147-hours8.json	984	793	191	239	147	146	99,320	54	19	19	randomSolver	54,910	49,276	80,645	62,500	62,500	75,000	22,896	13,285	14,583	43,750	53,125	54,688	4033,552	100,000	984
MAD-0.1-agents17-hours6.json	984	793	191	109	17	17	100,000	54	19	19	referenceSolver	39,679	4,913	12,500	12,500	87,500	12,500	33,407	0,955	2,431	3,125	87,500	3,125	36,203	15,955	157
MAD-0.1-agents17-hours6.json	984	793	191	109	17	17	100,000	54	19	19	randomSolver	66,703	29,224	80,845	62,500	75,000	62,500	44,411	24,323	60,764	32,813	32,813	32,813	376,240	53,455	526
MAD-0.1-agents347-hours6.json	984	793	191	439	347	347	100,000	54	19	19	referenceSolver	19,220	51,407	12,500	12,500	62,500	75,000	10,118	9,996	2,431	1,563	62,500	75,000	541,722	49,492	487
MAD-0.1-agents347-hours6.json	984	793	191	439	347	316	91,066	54	19	19	randomSolver	34,302	57,267	37,500	75,000	62,500	87,500	13,563	13,774	7,292	10,938	40,625	56,250	5459,366	100,000	984
MAD-0.1-agents265-hours4.json	984	793	191	357	265	265	100,000	54	19	19	referenceSolver	20,868	44,463	12,500	50,000	87,500	12,500	12,808	12,968	3,646	50,000	87,500	1,563	413,697	41,260	406
MAD-0.1-agents265-hours4.json	984	793	191	357	265	257	96,981	54	19	19	randomSolver	43,347	59,434	23,438	50,000	66,667	37,500	19,377	19,631	10,938	29,688	34,375	15,625	4651,418	100,000	984
MAD-0.1-agents383-hours8.json	984	793	191	475	383	383	100,000	54	19	19	referenceSolver	18,711	53,868	12,500	12,500	12,500	50,000	9,046	7,856	1,823	1,563	1,563	50,000	601,157	53,150	523
MAD-0.1-agents383-hours8.json	984	793	191	475	383	341	89,034	54	19	19	randomSolver	32,366	57,860	50,000	50,000	62,500	75,000	11,520	9,860	7,292	28,125	31,250	43,750	6515,996	100,000	984
MAD-0.1-agents57-hours4.json	984	793	191	149	57	57	100,000	54	19	19	referenceSolver	32,299	14,805	12,500	12,500	12,500	12,500	25,545	4,318	3,646	1,563	1,563	1,563	98,335	20,020	197
MAD-0.1-agents57-hours4.json	984	793	191	149	57	57	100,000	54	19	19	randomSolver	71,153	48,479	82,500	50,000	75,000	87,500	42,977	31,024	32,813	40,625	65,625	48,438	2773,918	85,671	843
MAD-0.1-agents298-hours4.json	984	793	191	390	298	298	100,000	54	19	19	referenceSolver	20,160	47,377	12,500	87,500	87,500	12,500	12,029	13,818	3,646	87,500	87,500	1,563	458,490	44,512	438
MAD-0.1-agents298-hours4.json	984	793	191	390	298	284	95,302	54	19	19	randomSolver	39,796	59,455	62,500	50,000	75,000	62,500	17,738	19,273	18,229	40,625	46,875	42,188	4202,273	100,000	984
MAD-0.1-agents467-hours8.json	984	793	191	559	467	467	100,000	54	19	19	referenceSolver	17,800	58,668	12,500	12,500	87,500	87,500	7,963	8,556	1,823	3,125	87,500	87,500	734,009	61,687	607
MAD-0.1-agents467-hours8.json	984	793	191	559	467	392	83,940	54	19	19	randomSolver	27,120	57,314	18,026	75,000	62,500	87,500	9,789	10,039	7,292	43,750	53,125	59,375	6782,928	100,000	984
MAD-0.1-agents307-hours4.json	984	793	191	399	307	307	100,000	54	19	19	referenceSolver	19,925	48,270	12,500	12,500	12,500	12,500	11,828	14,079	3,646	3,125	1,563	3,125	499,350	45,427	447
MAD-0.1-agents307-hours4.json	984	793	191	399	307	296	96,417	54	19	19	randomSolver	38,546	59,233	37,500	75,000	62,500	50,000	17,338	19,721	10,938	32,813	43,750	31,250	6754,469	100,000	984
MAD-0.1-agents137-hours8.json	984	793	191	229	137	137	100,000	54	19	19	referenceSolver	25,382	29,462	12,500	12,500	87,500	87,500	16,804	4,297	1,823	3,125	87,500	87,500	221,983	28,150	277
MAD-0.1-agents137-hours8.json	984	793	191	229	137	137	100,000	54	19	19	randomSolver	57,650	50,006	67,167	50,000	75,000	62,500	23,896	13,352	12,760	17,188	43,750	62,500	2398,230	100,000	984
MAD-0.1-agents225-hours6.json	984	793	191	317	225	225	100,000	54	19	19	referenceSolver	21,806	40,687	12,500	87,500	12,500	12,500	13,077	7,911	2,431	87,500	1,563	1,563	354,882	37,093	365
MAD-0.1-agents225-hours6.json	984	793	191	317	225	220	97,778	54	19	19	randomSolver	46,500	56,644	45,566	62,500	75,000	66,667	18,782	14,192	19,444	42,188	54,688	32,813	3297,971	100,000	984
MAD-0.1-agents169-hours8.json	984	793	191	261	169	169	100,000	54	19	19	referenceSolver	23,803	34,004	12,500	87,500	12,500	12,500	14,967	4,959	1,823	87,500	1,563	3,125	270,825	31,402	309
MAD-0.1-agents169-hours8.json	984	793	191	261	169	168	99,408	54	19	19	randomSolver	52,905	52,012	62,500	50,000	75,000	87,500	20,966	12,255	9,115	20,313	54,688	67,188	2902,713	100,000	984
MAD-0.1-agents359-hours4.json	984	793	191	451	359	359	100,000	54	19	19	referenceSolver	19,069	52,180	12,500	12,500	12,500	87,500	10,888	15,219	3,646	1,563	1,563	87,500	542,836	50,711	499
MAD-0.1-agents359-hours4.json	984	793	191	451	359	338	94,150	54	19	19	randomSolver	34,526	59,694	25,000	75,000	50,000	75,000	15,339	19,362	7,292	43,750	50,000	54,688	7574,598	100,000	984
MAD-0.1-agents439-hours8.json	984	793	191	531	439	439	100,000	54	19	19	referenceSolver	18,103	57,087	12,500	87,500	12,500	12,500	8,293	8,325	1,823	87,500	1,563	1,563	689,242	58,841	579
MAD-0.1-agents439-hours8.json	984	793	191	531	439	355	80,866	54	19	19	randomSolver	28,289	56,577	25,000	62,500	62,500	75,000	10,305	10,353	3,646	42,188	34,375	56,250	11376,009	100,000	984
MAD-0.1-agents70-hours8.json	984	793	191	162	70	70	100,000	54	19	19	referenceSolver	30,710	17,588	12,500	12,500	87,500	12,500	23,000	2,565	1,823	1,563	87,500	3,125	117,550	21,341	210
MAD-0.1-agents70-hours8.json	984	793	191	162	70	70	100,000	54	19	19	randomSolver	65,728	41,988	79,189	75,000	58,333	62,500	33,779	19,306	25,521	54,688	45,313	32,813	1473,716	100,000	984
MAD-0.1-agents110-hours4.json	984	793	191	202	110	110	100,000	54	19	19	referenceSolver	27,104	25,114	12,500	87,500	87,500	12,500	19,799	7,325	3,646	87,500	87,500	1,563	177,322	25,407	250
MAD-0.1-agents110-hours4.json	984	793	191	202	110	110	100,000	54	19	19	randomSolver	70,372	56,675	75,000	75,000	87,500	75,000	34,246	23,571	21,875	56,250	67,188	53,125	1693,768	100,000	984
MAD-0.1-agents320-hours8.json	984	793	191	412	320	320	100,000	54	19	19	referenceSolver	19,660	49,383	12,500	87,500	12,500	87,500	10,150	7,202	1,823	87,500	1,563	87,500	504,478	46,748	460
MAD-0.1-agents320-hours8.json	984	793	191	412	320	298	93,125	54	19	19	randomSolver	35,916	56,146	0,000	75,000	62,500	62,500	13,282	10,554	0,000	45,313	31,250	51,563	5072,756	100,000	984
MAD-0.1-agents440-hours4.json	984	793	191	532	440	440	100,000	54	19	19	referenceSolver	18,045	57,292	12,500	87,500	87,500	87,500	9,779	16,710	3,646	87,500	87,500	87,500	665,931	58,943	580
MAD-0.1-agents440-hours4.json	984	793	191	532	440	388	88,182	54	19	19	randomSolver	30,002	60,358	12,500	62,500	87,500	66,667	13,003	18,333	3,646	42,188	50,000	21,875	8008,080	100,000	984
MAD-0.1-agents242-hours8.json	984	793	191	334	242	242	100,000	54	19	19	referenceSolver	21,332	42,456	12,500	12,500	87,500	12,500	12,095	6,192	1,823	1,563	87,500	1,563	383,409	38,821	382
MAD-0.1-agents242-hours8.json	984	793	191	334	242	237	97,934	54	19	19	randomSolver	43,296	54,625	37,500	75,000	37,500	50,000	16,384	11,091	5,469	75,000	26,563	17,188	4708,531	100,000	984
MAD-0.1-agents150-hours6.json	984	793	191	242	150	150	100,000	54	19	19	referenceSolver	24,793	31,250	12,500	12,500	12,500	12,500	16,395	6,076	2,431	1,563	3,125	1,563	240,055	29,472	290
MAD-0.1-agents150-hours6.json	984	793	191	242	150	149	99,333	54	19	19	randomSolver	57,628	53,794	87,500	67,500	62,500	62,500	24,603	16,251	17,014	34,375	53,125	62,500	2355,606	100,000	984
MAD-0.1-agents400-hours6.json	984	793	191	492	400	400	100,000	54	19	19	referenceSolver	18,521	54,870	12,500	87,500	12,500	25,000	9,296	10,669	2,431	87,500	1,563	25,000	630,404	54,878	540
MAD-0.1-agents400-hours6.json	984	793	191	492	400	361	90,250	54	19	19	randomSolver	31,094	58,872	12,500	87,500	75,000	75,000	12,102	13,028	2,431	78,125	54,688	64,063	7021,771	100,000	984
MAD-0.1-agents286-hours6.json	984	793	191	378	286	286	100,000	54	19	19	referenceSolver	20,304	46,580	12,500	25,000	87,500	12,500	11,359	9,057	2,431	15,625	87,500	1,563	452,042	43,293	426
MAD-0.1-agents286-hours6.json	984	793	191	378	286	275	96,154	54	19	19	randomSolver	40,133	57,693	25,000	37,500	62,500	87,500	15,751	13,386	4,861	26,563	51,563	78,125	4740,814	100,000	984
MAD-0.1-agents194-hours8.json	984	793	191	286	194	194	100,000	54	19	19	referenceSolver	22,858	37,094	12,500	12,500	12,500	87,500	13,829	5,409	1,823	3,125	1,563	87,500	307,289	33,943	334
MAD-0.1-agents194-hours8.json	984	793	191	286	194	193	99,485	54	19	19	randomSolver	48,479	52,128	75,000	37,500	62,500	75,000	19,133	11,897	10,938	17,188	51,563	64,063	5340,700	100,000	984
MAD-0.1-agents49-hours6.json	984	793	191	141	49	49	100,000	54	19	19	referenceSolver	33,599	12,929	12,500	12,500	87,500	87,500	26,399	2,514	2,431	3,125	87,500	87,500	86,464	19,207	189
MAD-0.1-agents49-hours6.json	984	793	191	141	49	49	100,000	54	19	19	randomSolver	67,694	42,455	73,627	62,500	75,000	87,500	41,089	29,222	31,597	53,125	43,750	57,813	1116,963	93,293	918
MAD-0.1-agents319-hours6.json	984	793	191	411	319	319	100,000	54	19	19	referenceSolver	19,738	49,153	12,500	87,500	12,500	87,500	10,649	9,557	2,431	87,500	1,563	87,500	497,849	46,646	459
MAD-0.1-agents319-hours6.json	984	793	191	411	319	294	92,163	54	19	19	randomSolver	36,972	57,857	12,500	75,000	75,000	66,667	14,487	13,296	2,431	43,750	65,625	37,500	5132,336	100,000	984
MAD-0.1-agents394-hours6.json	984	793	191	486	394	394	100,000	54	19	19	referenceSolver	18,570	54,571	12,500	87,500	87,500	12,500	9,375	10,611	2,431	87,500	87,500	1,563	620,867	54,268	534
MAD-0.1-agents394-hours6.json	984	793	191	486	394	349	88,579	54	19	19	randomSolver	31,822	58,441	37,500	62,500	50,000	75,000	12,251	12,998	7,292	53,125	50,000	64,063	5490,927	100,000	984
MAD-0.1-agents79-hours4.json	984	793	191	171	79	79	100,000	54	19	19	referenceSolver	29,751	19,410	12,500	87,500	87,500	12,500	22,728	5,661	3,646	87,500	87,500	1,563	130,321	22,256	219
MAD-0.1-agents79-hours4.json	984	793	191	171	79	79	100,000	54	19	19	randomSolver	73,329	53,571	82,080	62,500	75,000	66,667	40,305	29,122	32,813	32,813	45,313	34,375	2144,884	99,289	977
MAD-0.1-agents119-hours8.json	984	793	191	211	119	119	100,000	54	19	19	referenceSolver	26,540	26,563	12,500	12,500	87,500	12,500	18,090	3,874	1,823	3,125	87,500	3,125	191,427	26,321	259
MAD-0.1-agents119-hours8.json	984	793	191	211	119	119	100,000	54	19	19	randomSolver	59,644	47,323	75,000	87,500	87,500	87,500	25,934	14,046	10,938	48,438	67,188	57,813	3514,126	100,000	984
MAD-0.1-agents449-hours8.json	984	793	191	541	449	449	100,000	54	19	19	referenceSolver	17,976	57,712	12,500	12,500	87,500	87,500	8,170	8,416	1,823	1,563	87,500	87,500	703,718	59,858	589
MAD-0.1-agents449-hours8.json	984	793	191	541	449	372	82,851	54	19	19	randomSolver	27,830	57,131	16,667	62,500	62,500	75,000	10,115	10,308	5,469	42,188	53,125	45,313	11407,415	100,000	984
MAD-0.1-agents329-hours4.json	984	793	191	421	329	329	100,000	54	19	19	referenceSolver	19,507	50,076	12,500	87,500	12,500	12,500	11,396	14,606	3,646	87,500	1,563	3,125	579,029	47,663	469
MAD-0.1-agents329-hours4.json	984	793	191	421	329	317	96,353	54	19	19	randomSolver	37,201	59,567	12,500	75,000	75,000	50,000	16,432	19,183	3,646	35,938	21,875	50,000	4541,887	100,000	984
MAD-0.1-agents160-hours4.json	984	793	191	252	160	160	100,000	54	19	19	referenceSolver	24,256	32,720	12,500	12,500	87,500	12,500	16,601	9,543	3,646	1,563	87,500	1,563	251,212	30,488	300
MAD-0.1-agents160-hours4.json	984	793	191	252	160	159	99,375	54	19	19	randomSolver	59,541	58,369	37,500	75,000	75,000	75,000	27,451	20,884	10,938	46,875	26,563	26,563	3170,468	100,000	984
MAD-0.1-agents430-hours4.json	984	793	191	522	430	430	100,000	54	19	19	referenceSolver	18,175	56,653	12,500	87,500	62,500	87,500	9,903	16,524	3,646	87,500	62,500	87,500	659,063	57,927	570
MAD-0.1-agents430-hours4.json	984	793	191	522	430	368	85,581	54	19	19	randomSolver	29,714	59,800	37,500	50,000	62,500	75,000	13,252	19,049	10,938	39,063	62,500	45,313	6570,216	100,000	984
MAD-0.1-agents350-hours8.json	984	793	191	442	350	350	100,000	54	19	19	referenceSolver	19,202	51,546	12,500	87,500	87,500	12,500	9,592	7,517	1,823	87,500	87,500	3,125	547,603	49,797	490
MAD-0.1-agents350-hours8.json	984	793	191	442	350	319	91,143	54	19	19	randomSolver	34,114	56,760	18,269	62,500	75,000	62,500	12,380	10,330	7,292	53,125	64,063	31,250	5522,400	100,000	984
MAD-0.1-agents120-hours6.json	984	793	191	212	120	120	100,000	54	19	19	referenceSolver	26,474	26,726	12,500	87,500	12,500	62,500	18,364	5,197	2,431	87,500	3,125	62,500	196,509	26,423	260
MAD-0.1-agents120-hours6.json	984	793	191	212	120	120	100,000	54	19	19	randomSolver	62,731	52,445	70,109	41,667	50,000	50,000	28,085	17,475	19,444	31,250	40,625	40,625	5069,146	100,000	984
MAD-0.1-agents232-hours8.json	984	793	191	324	232	232	100,000	54	19	19	referenceSolver	21,605	41,429	12,500	87,500	87,500	12,500	12,412	6,042	1,823	87,500	87,500	1,563	364,780	37,805	372
MAD-0.1-agents232-hours8.json	984	793	191	324	232	227	97,845	54	19	19	randomSolver	45,020	54,770	18,981	62,500	75,000	87,500	16,889	11,024	7,292	62,500	65,625	46,875	3798,516	100,000	984
MAD-0.1-agents470-hours6.json	984	793	191	562	470	470	100,000	54	19	19	referenceSolver	17,749	58,897	12,500	12,500	87,500	87,500	8,436	11,452	2,431	1,563	87,500	87,500	739,770	61,992	610
MAD-0.1-agents470-hours6.json	984	793	191	562	470	401	85,319	54	19	19	randomSolver	27,469	59,001	12,500	66,667	75,000	75,000	10,594	12,849	2,431	54,688	32,813	53,125	7848,500	100,000	984
MAD-0.1-agents39-hours6.json	984	793	191	131	39	39	100,000	54	19	19	referenceSolver	35,019	10,627	12,500	87,500	12,500	87,500	28,193	2,066	2,431	87,500	1,563	87,500	73,283	18,191	179
MAD-0.1-agents39-hours6.json	984	793	191	131	39	39	100,000	54	19	19	randomSolver	66,939	40,290	64,021	87,500	87,500	50,000	42,612	29,995	55,903	87,500	46,875	29,688	1458,237	84,451	831
MAD-0.1-agents84-hours4.json	984	793	191	176	84	84	100,000	54	19	19	referenceSolver	29,261	20,388	12,500	87,500	12,500	25,000	22,186	5,947	3,646	87,500	3,125	25,000	137,485	22,764	224
MAD-0.1-agents84-hours4.json	984	793	191	176	84	84	100,000	54	19	19	randomSolver	73,508	54,064	95,000	79,167	87,500	62,500	39,284	27,957	36,458	46,875	59,375	62,500	2456,101	99,898	983
MAD-0.1-agents369-hours6.json	984	793	191	461	369	369	100,000	54	19	19	referenceSolver	18,899	52,941	12,500	12,500	87,500	12,500	9,751	10,294	2,431	1,563	87,500	3,125	572,990	51,728	509
MAD-0.1-agents369-hours6.json	984	793	191	461	369	337	91,328	54	19	19	randomSolver	33,136	58,165	25,000	62,500	50,000	62,500	12,915	13,296	4,861	43,750	39,063	20,313	7009,694	100,000	984
