  Instance Number-of-Services Real-Services Fake-Services Number-of-Employees Total-Agents Total-Drivers Total-Managers Total-RampManagers       Algorithm Productivity-UT Real-Productivity-UT P.UT-Agent P.UT-Driver P.UT-RampManager P.UT-Manager Work-Productivity Real-Work-Productivity WP-Agent WP-Driver WP-Ramp Manager WP-Manager Execution-Time(ms) Covered-Services(%) Covered-Services     Date-1   P.UT- R.P.UT- P.UT-Agent- P.UT-Manager- P.UT-RampManager- P.UT-Driver-    WP-  R.WP- WP-Agent- WP-Manager- WP-RampManager- WP-Driver-     Date-2   P.UT- R.P.UT- P.UT-Agent- P.UT-Manager- P.UT-RampManager- P.UT-Driver-    WP-  R.WP- WP-Agent- WP-Manager- WP-RampManager- WP-Driver-     Date-3   P.UT- R.P.UT- P.UT-Agent- P.UT-Manager- P.UT-RampManager- P.UT-Driver-    WP-  R.WP- WP-Agent- WP-Manager- WP-RampManager- WP-Driver-     Date-4   P.UT- R.P.UT- P.UT-Agent- P.UT-Manager- P.UT-RampManager- P.UT-Driver-    WP-  R.WP- WP-Agent- WP-Manager- WP-RampManager- WP-Driver-     Date-5   P.UT- R.P.UT- P.UT-Agent- P.UT-Manager- P.UT-RampManager- P.UT-Driver-    WP-  R.WP- WP-Agent- WP-Manager- WP-RampManager- WP-Driver-     Date-6   P.UT- R.P.UT- P.UT-Agent- P.UT-Manager- P.UT-RampManager- P.UT-Driver-    WP-  R.WP- WP-Agent- WP-Manager- WP-RampManager- WP-Driver-     Date-7   P.UT- R.P.UT- P.UT-Agent- P.UT-Manager- P.UT-RampManager- P.UT-Driver-    WP-  R.WP- WP-Agent- WP-Manager- WP-RampManager- WP-Driver-     Date-8  P.UT- R.P.UT- P.UT-Agent- P.UT-Manager- P.UT-RampManager- P.UT-Driver-    WP-  R.WP- WP-Agent- WP-Manager- WP-RampManager- WP-Driver-                                                                                                                                                                                                                                                                                                                                                                                                                                                                                                                                                                                                                                                                                                                                                                                                                                                                                                                                                                                                                                                                                                                                                                                                                                                                                                                                                                                                                                                                                                                                                                                                                            
SPC-0.05-0                 58            30            28                  16           12             2              2                  0 referenceSolver          97,377               94,551     94,000     100,000            0,000      100,000            53,202                 16,266   16,000    87,000           0,000     87,000             44,528                  98               57 2024-02-05 100,000 100,000     100,000       100,000             0,000      100,000 63,194 14,583    14,583      87,500           0,000     87,500 2024-02-06 100,000 100,000     100,000       100,000             0,000      100,000 34,028 14,583    14,583      87,500           0,000     87,500 2024-02-07  93,939  81,818      97,576       100,000             0,000      100,000 65,625 21,875    15,556      87,500           0,000     87,500 2024-02-08 100,000 100,000      97,861       100,000             0,000      100,000 63,194 14,583    15,441      87,500           0,000     87,500 2024-02-09 100,000 100,000      98,086       100,000             0,000      100,000 63,194 14,583    15,351      87,500           0,000     87,500 2024-02-10  94,048  86,111      96,453       100,000             0,000      100,000 58,333 19,444    15,909      87,500           0,000     87,500 2024-02-11  92,045  84,091      94,551       100,000             0,000      100,000 52,865 18,229    16,266      87,500           0,000     87,500 xxxxxxxxxx xxxxxx xxxxxxx xxxxxxxxxxx xxxxxxxxxxxxx xxxxxxxxxxxxxxxxx xxxxxxxxxxxx xxxxxx xxxxxx xxxxxxxxx xxxxxxxxxxx xxxxxxxxxxxxxxx xxxxxxxxxx 
SPC-0.05-0                 58            30            28                  16           12             2              2                  0    randomSolver          98,629               97,257     97,000     100,000            0,000      100,000            51,563                 15,625   15,000    87,000           0,000     87,000            106,544                 100               58 2024-02-05 100,000 100,000     100,000       100,000             0,000      100,000 63,194 14,583    14,583      87,500           0,000     87,500 2024-02-06  94,093  91,467      93,019       100,000             0,000      100,000 39,263 17,824    17,235      87,500           0,000     87,500 2024-02-07 100,000 100,000      94,515       100,000             0,000      100,000 56,250 14,583    16,667      87,500           0,000     87,500 2024-02-08 100,000 100,000      95,483       100,000             0,000      100,000 56,250 14,583    16,299      87,500           0,000     87,500 2024-02-09 100,000 100,000      95,958       100,000             0,000      100,000 63,194 14,583    16,118      87,500           0,000     87,500 2024-02-10 100,000 100,000      96,661       100,000             0,000      100,000 51,042 14,583    15,851      87,500           0,000     87,500 2024-02-11 100,000 100,000      97,257       100,000             0,000      100,000 46,991 14,583    15,625      87,500           0,000     87,500 xxxxxxxxxx xxxxxx xxxxxxx xxxxxxxxxxx xxxxxxxxxxxxx xxxxxxxxxxxxxxxxx xxxxxxxxxxxx xxxxxx xxxxxx xxxxxxxxx xxxxxxxxxxx xxxxxxxxxxxxxxx xxxxxxxxxx 
                                                                                                                                                                                                                                                                                                                                                                                                                                                                                                                                                                                                                                                                                                                                                                                                                                                                                                                                                                                                                                                                                                                                                                                                                                                                                                                                                                                                                                                                                                                                                                                                                           
 SPC-0.1-0                 87            59            28                  16           12             2              2                  0 referenceSolver          94,207               90,521     90,000     100,000            0,000      100,000            45,573                 18,892   18,000    87,000           0,000     87,000              8,591                  97               85 2024-02-05  96,970  95,455      95,455       100,000             0,000      100,000 40,104 16,406    16,406      87,500           0,000     87,500 2024-02-06  90,621  85,931      90,693       100,000             0,000      100,000 46,181 25,521    20,964      87,500           0,000     87,500 2024-02-07  82,727  75,817      84,971       100,000             0,000      100,000 40,625 21,875    21,314      87,500           0,000     87,500 2024-02-08  96,241  91,228      85,619       100,000             0,000      100,000 58,333 19,444    21,121      87,500           0,000     87,500 2024-02-09 100,000 100,000      87,362       100,000             0,000      100,000 51,042 14,583    20,328      87,500           0,000     87,500 2024-02-10 100,000 100,000      89,573       100,000             0,000      100,000 41,098 14,583    19,323      87,500           0,000     87,500 2024-02-11 100,000 100,000      90,521       100,000             0,000      100,000 51,042 14,583    18,892      87,500           0,000     87,500 xxxxxxxxxx xxxxxx xxxxxxx xxxxxxxxxxx xxxxxxxxxxxxx xxxxxxxxxxxxxxxxx xxxxxxxxxxxx xxxxxx xxxxxx xxxxxxxxx xxxxxxxxxxx xxxxxxxxxxxxxxx xxxxxxxxxx 
 SPC-0.1-0                 87            59            28                  16           12             2              2                  0    randomSolver          94,658               91,542     91,000     100,000            0,000      100,000            43,558                 17,925   17,000    87,000           0,000     87,000             75,797                 100               87 2024-02-05 100,000 100,000     100,000       100,000             0,000      100,000 37,019 14,583    14,583      87,500           0,000     87,500 2024-02-06  83,596  76,306      88,153       100,000             0,000      100,000 44,872 25,926    20,255      87,500           0,000     87,500 2024-02-07  88,902  85,203      86,973       100,000             0,000      100,000 35,547 18,229    19,444      87,500           0,000     87,500 2024-02-08 100,000 100,000      88,506       100,000             0,000      100,000 51,042 14,583    18,873      87,500           0,000     87,500 2024-02-09 100,000 100,000      89,715       100,000             0,000      100,000 51,042 14,583    18,421      87,500           0,000     87,500 2024-02-10 100,000 100,000      91,315       100,000             0,000      100,000 41,098 14,583    17,824      87,500           0,000     87,500 2024-02-11  97,835  94,949      91,542       100,000             0,000      100,000 58,333 19,444    17,925      87,500           0,000     87,500 xxxxxxxxxx xxxxxx xxxxxxx xxxxxxxxxxx xxxxxxxxxxxxx xxxxxxxxxxxxxxxxx xxxxxxxxxxxx xxxxxx xxxxxx xxxxxxxxx xxxxxxxxxxx xxxxxxxxxxxxxxx xxxxxxxxxx 
                                                                                                                                                                                                                                                                                                                                                                                                                                                                                                                                                                                                                                                                                                                                                                                                                                                                                                                                                                                                                                                                                                                                                                                                                                                                                                                                                                                                                                                                                                                                                                                                                           
SPC-0.15-0                116            88            28                  16           12             2              2                  0 referenceSolver          89,714               83,713     83,000     100,000            0,000      100,000            48,547                 25,825   25,000    87,000           0,000     87,000              8,141                  97              113 2024-02-05 100,000 100,000     100,000       100,000             0,000      100,000 46,991 14,583    14,583      87,500           0,000     87,500 2024-02-06  89,732  85,625      90,417       100,000             0,000      100,000 45,833 29,167    24,306      87,500           0,000     87,500 2024-02-07  84,252  75,253      85,592       100,000             0,000      100,000 47,727 25,000    24,527      87,500           0,000     87,500 2024-02-08  93,182  88,636      86,244       100,000             0,000      100,000 49,583 24,306    24,479      87,500           0,000     87,500 2024-02-09  81,861  69,768      83,337       100,000             0,000      100,000 51,042 26,736    24,877      87,500           0,000     87,500 2024-02-10  89,109  83,664      83,399       100,000             0,000      100,000 49,826 30,990    26,042      87,500           0,000     87,500 2024-02-11  91,548  85,913      83,713       100,000             0,000      100,000 49,583 24,306    25,825      87,500           0,000     87,500 xxxxxxxxxx xxxxxx xxxxxxx xxxxxxxxxxx xxxxxxxxxxxxx xxxxxxxxxxxxxxxxx xxxxxxxxxxxx xxxxxx xxxxxx xxxxxxxxx xxxxxxxxxxx xxxxxxxxxxxxxxx xxxxxxxxxx 
SPC-0.15-0                116            88            28                  16           12             2              2                  0    randomSolver          91,792               88,086     88,000     100,000            0,000      100,000            41,481                 20,699   20,000    87,000           0,000     87,000             65,048                 100              116 2024-02-05 100,000 100,000     100,000       100,000             0,000      100,000 46,991 14,583    14,583      87,500           0,000     87,500 2024-02-06  85,321  79,984      86,239       100,000             0,000      100,000 43,750 27,841    23,698      87,500           0,000     87,500 2024-02-07  94,322  91,798      88,240       100,000             0,000      100,000 40,385 19,444    22,167      87,500           0,000     87,500 2024-02-08  90,105  85,707      87,570       100,000             0,000      100,000 39,263 17,824    21,017      87,500           0,000     87,500 2024-02-09  95,714  94,000      89,031       100,000             0,000      100,000 36,458 16,042    19,886      87,500           0,000     87,500 2024-02-10  84,066  77,692      86,931       100,000             0,000      100,000 42,708 24,792    20,795      87,500           0,000     87,500 2024-02-11  97,251  95,877      88,086       100,000             0,000      100,000 42,535 20,052    20,699      87,500           0,000     87,500 xxxxxxxxxx xxxxxx xxxxxxx xxxxxxxxxxx xxxxxxxxxxxxx xxxxxxxxxxxxxxxxx xxxxxxxxxxxx xxxxxx xxxxxx xxxxxxxxx xxxxxxxxxxx xxxxxxxxxxxxxxx xxxxxxxxxx 
                                                                                                                                                                                                                                                                                                                                                                                                                                                                                                                                                                                                                                                                                                                                                                                                                                                                                                                                                                                                                                                                                                                                                                                                                                                                                                                                                                                                                                                                                                                                                                                                                           
 SPC-0.2-0                145           117            28                  16           12             2              2                  0 referenceSolver          85,843               79,838     79,000     100,000            0,000      100,000            43,129                 24,306   24,000    87,000           0,000     87,000              6,769                  95              138 2024-02-05  85,241  79,338      79,338       100,000             0,000      100,000 41,667 23,333    23,333      87,500           0,000     87,500 2024-02-06  72,292  63,056      70,457       100,000             0,000      100,000 46,484 32,813    28,504      87,500           0,000     87,500 2024-02-07  84,469  78,821      73,245       100,000             0,000      100,000 42,778 26,515    27,841      87,500           0,000     87,500 2024-02-08  94,478  91,717      76,849       100,000             0,000      100,000 40,104 16,406    25,610      87,500           0,000     87,500 2024-02-09  85,474  75,789      76,714       100,000             0,000      100,000 48,125 21,875    25,133      87,500           0,000     87,500 2024-02-10  94,422  91,942      79,161       100,000             0,000      100,000 39,263 17,824    23,958      87,500           0,000     87,500 2024-02-11  88,304  83,625      79,838       100,000             0,000      100,000 43,750 26,250    24,306      87,500           0,000     87,500 xxxxxxxxxx xxxxxx xxxxxxx xxxxxxxxxxx xxxxxxxxxxxxx xxxxxxxxxxxxxxxxx xxxxxxxxxxxx xxxxxx xxxxxx xxxxxxxxx xxxxxxxxxxx xxxxxxxxxxxxxxx xxxxxxxxxx 
 SPC-0.2-0                145           117            28                  16           12             2              2                  0    randomSolver          84,042               77,567     77,000     100,000            0,000      100,000            42,848                 24,728   24,000    87,000           0,000     87,000             55,794                 100              145 2024-02-05  86,469  81,548      81,548       100,000             0,000      100,000 38,889 21,212    21,212      87,500           0,000     87,500 2024-02-06  71,774  61,510      71,529       100,000             0,000      100,000 51,528 38,447    29,830      87,500           0,000     87,500 2024-02-07  79,857  72,532      71,863       100,000             0,000      100,000 43,750 27,841    29,167      87,500           0,000     87,500 2024-02-08  95,202  92,803      75,949       100,000             0,000      100,000 40,104 16,406    26,677      87,500           0,000     87,500 2024-02-09  95,008  93,011      79,295       100,000             0,000      100,000 36,458 16,042    24,592      87,500           0,000     87,500 2024-02-10  91,435  87,153      80,360       100,000             0,000      100,000 42,535 20,052    23,976      87,500           0,000     87,500 2024-02-11  72,204  61,085      77,567       100,000             0,000      100,000 45,833 29,167    24,728      87,500           0,000     87,500 xxxxxxxxxx xxxxxx xxxxxxx xxxxxxxxxxx xxxxxxxxxxxxx xxxxxxxxxxxxxxxxx xxxxxxxxxxxx xxxxxx xxxxxx xxxxxxxxx xxxxxxxxxxx xxxxxxxxxxxxxxx xxxxxxxxxx 
                                                                                                                                                                                                                                                                                                                                                                                                                                                                                                                                                                                                                                                                                                                                                                                                                                                                                                                                                                                                                                                                                                                                                                                                                                                                                                                                                                                                                                                                                                                                                                                                                           
SPC-0.25-0                174           146            28                  16           12             2              2                  0 referenceSolver          84,803               78,546     78,000     100,000            0,000      100,000            45,725                 28,523   28,000    87,000           0,000     87,000              2,393                  92              161 2024-02-05  92,400  89,867      89,867       100,000             0,000      100,000 39,193 23,090    23,090      87,500           0,000     87,500 2024-02-06  80,280  73,706      81,787       100,000             0,000      100,000 50,130 37,674    30,382      87,500           0,000     87,500 2024-02-07  77,046  67,865      77,692       100,000             0,000      100,000 53,125 39,375    33,027      87,500           0,000     87,500 2024-02-08  89,034  83,550      78,808       100,000             0,000      100,000 43,750 21,875    30,903      87,500           0,000     87,500 2024-02-09  88,280  82,420      79,386       100,000             0,000      100,000 46,181 25,521    30,042      87,500           0,000     87,500 2024-02-10  81,674  74,344      78,545       100,000             0,000      100,000 42,708 24,792    29,167      87,500           0,000     87,500 2024-02-11  85,698  78,547      78,546       100,000             0,000      100,000 44,965 23,698    28,523      87,500           0,000     87,500 xxxxxxxxxx xxxxxx xxxxxxx xxxxxxxxxxx xxxxxxxxxxxxx xxxxxxxxxxxxxxxxx xxxxxxxxxxxx xxxxxx xxxxxx xxxxxxxxx xxxxxxxxxxx xxxxxxxxxxxxxxx xxxxxxxxxx 
SPC-0.25-0                174           146            28                  16           12             2              2                  0    randomSolver          84,245               78,364     78,000     100,000            0,000      100,000            43,042                 26,444   26,000    87,000           0,000     87,000             95,040                  94              164 2024-02-05  78,769  71,049      71,049       100,000             0,000      100,000 42,778 26,515    26,515      87,500           0,000     87,500 2024-02-06  87,149  82,865      77,214       100,000             0,000      100,000 50,130 37,674    32,337      87,500           0,000     87,500 2024-02-07  71,693  62,258      72,086       100,000             0,000      100,000 47,396 34,028    32,917      87,500           0,000     87,500 2024-02-08  93,488  90,883      76,263       100,000             0,000      100,000 37,500 17,500    29,491      87,500           0,000     87,500 2024-02-09  91,120  86,679      77,835       100,000             0,000      100,000 46,181 25,521    28,892      87,500           0,000     87,500 2024-02-10  86,276  81,701      78,549       100,000             0,000      100,000 37,370 20,660    27,372      87,500           0,000     87,500 2024-02-11  83,684  77,158      78,364       100,000             0,000      100,000 39,583 20,417    26,444      87,500           0,000     87,500 xxxxxxxxxx xxxxxx xxxxxxx xxxxxxxxxxx xxxxxxxxxxxxx xxxxxxxxxxxxxxxxx xxxxxxxxxxxx xxxxxx xxxxxx xxxxxxxxx xxxxxxxxxxx xxxxxxxxxxxxxxx xxxxxxxxxx 
                                                                                                                                                                                                                                                                                                                                                                                                                                                                                                                                                                                                                                                                                                                                                                                                                                                                                                                                                                                                                                                                                                                                                                                                                                                                                                                                                                                                                                                                                                                                                                                                                           
 SPC-0.3-0                202           174            28                  16           12             2              2                  0 referenceSolver          85,417               79,583     79,000     100,000            0,000      100,000            45,833                 29,167   29,000    87,000           0,000     87,000              2,224                  83              168 2024-02-05  88,509  84,679      84,679       100,000             0,000      100,000 41,016 25,521    25,521      87,500           0,000     87,500 2024-02-06  86,886  82,515      83,597       100,000             0,000      100,000 53,776 42,535    34,028      87,500           0,000     87,500 2024-02-07  84,353  78,663      82,046       100,000             0,000      100,000 42,778 26,515    31,667      87,500           0,000     87,500 2024-02-08  82,426  72,383      80,436       100,000             0,000      100,000 46,402 22,917    30,208      87,500           0,000     87,500 2024-02-09  86,605  79,907      80,351       100,000             0,000      100,000 47,396 27,344    29,750      87,500           0,000     87,500 2024-02-10  85,760  80,064      80,303       100,000             0,000      100,000 41,667 23,333    28,681      87,500           0,000     87,500 2024-02-11  82,331  75,263      79,583       100,000             0,000      100,000 47,917 32,083    29,167      87,500           0,000     87,500 xxxxxxxxxx xxxxxx xxxxxxx xxxxxxxxxxx xxxxxxxxxxxxx xxxxxxxxxxxxxxxxx xxxxxxxxxxxx xxxxxx xxxxxx xxxxxxxxx xxxxxxxxxxx xxxxxxxxxxxxxxx xxxxxxxxxx 
 SPC-0.3-0                202           174            28                  16           12             2              2                  0    randomSolver          78,071               70,673     70,000     100,000            0,000      100,000            44,538                 30,045   30,000    87,000           0,000     87,000            127,929                  98              199 2024-02-05  76,819  69,093      69,093       100,000             0,000      100,000 45,573 31,597    31,597      87,500           0,000     87,500 2024-02-06  79,860  73,147      71,120       100,000             0,000      100,000 56,510 46,181    38,889      87,500           0,000     87,500 2024-02-07  75,890  67,123      69,864       100,000             0,000      100,000 44,722 29,167    35,833      87,500           0,000     87,500 2024-02-08  84,036  78,714      72,123       100,000             0,000      100,000 37,370 20,660    31,959      87,500           0,000     87,500 2024-02-09  75,396  67,195      71,121       100,000             0,000      100,000 41,016 25,521    30,650      87,500           0,000     87,500 2024-02-10  81,954  75,938      71,935       100,000             0,000      100,000 41,016 25,521    29,783      87,500           0,000     87,500 2024-02-11  72,403  63,204      70,673       100,000             0,000      100,000 45,573 31,597    30,045      87,500           0,000     87,500 xxxxxxxxxx xxxxxx xxxxxxx xxxxxxxxxxx xxxxxxxxxxxxx xxxxxxxxxxxxxxxxx xxxxxxxxxxxx xxxxxx xxxxxx xxxxxxxxx xxxxxxxxxxx xxxxxxxxxxxxxxx xxxxxxxxxx 
                                                                                                                                                                                                                                                                                                                                                                                                                                                                                                                                                                                                                                                                                                                                                                                                                                                                                                                                                                                                                                                                                                                                                                                                                                                                                                                                                                                                                                                                                                                                                                                                                           
SPC-0.35-0                231           203            28                  18           14             2              2                  0 referenceSolver          81,257               75,552     75,000     100,000            0,000      100,000            43,142                 29,642   29,000    87,000           0,000     87,000              3,948                  93              215 2024-02-05  87,125  83,447      83,447       100,000             0,000      100,000 37,269 22,917    22,917      87,500           0,000     87,500 2024-02-06  80,776  74,861      79,313       100,000             0,000      100,000 53,186 42,628    32,407      87,500           0,000     87,500 2024-02-07  73,021  65,312      74,532       100,000             0,000      100,000 44,560 32,292    32,368      87,500           0,000     87,500 2024-02-08  83,640  78,966      75,661       100,000             0,000      100,000 38,889 25,000    30,492      87,500           0,000     87,500 2024-02-09  78,596  70,035      74,795       100,000             0,000      100,000 41,667 23,333    29,391      87,500           0,000     87,500 2024-02-10  84,089  79,194      75,528       100,000             0,000      100,000 39,461 24,679    28,606      87,500           0,000     87,500 2024-02-11  81,088  75,685      75,552       100,000             0,000      100,000 46,991 35,417    29,642      87,500           0,000     87,500 xxxxxxxxxx xxxxxx xxxxxxx xxxxxxxxxxx xxxxxxxxxxxxx xxxxxxxxxxxxxxxxx xxxxxxxxxxxx xxxxxx xxxxxx xxxxxxxxx xxxxxxxxxxx xxxxxxxxxxxxxxx xxxxxxxxxx 
SPC-0.35-0                231           203            28                  18           14             2              2                  0    randomSolver          76,218               68,820     68,000     100,000            0,000      100,000            44,986                 31,759   31,000    87,000           0,000     87,000            131,139                  96              224 2024-02-05  77,773  71,423      71,423       100,000             0,000      100,000 39,699 26,042    26,042      87,500           0,000     87,500 2024-02-06  74,005  66,578      69,000       100,000             0,000      100,000 51,852 41,667    33,854      87,500           0,000     87,500 2024-02-07  75,933  69,057      69,019       100,000             0,000      100,000 46,181 34,375    34,028      87,500           0,000     87,500 2024-02-08  80,345  74,297      70,267       100,000             0,000      100,000 42,034 28,045    32,614      87,500           0,000     87,500 2024-02-09  85,332  80,442      72,089       100,000             0,000      100,000 37,370 20,660    30,473      87,500           0,000     87,500 2024-02-10  74,253  64,891      71,074       100,000             0,000      100,000 44,722 29,167    30,288      87,500           0,000     87,500 2024-02-11  65,624  54,165      68,820       100,000             0,000      100,000 52,865 41,319    31,759      87,500           0,000     87,500 xxxxxxxxxx xxxxxx xxxxxxx xxxxxxxxxxx xxxxxxxxxxxxx xxxxxxxxxxxxxxxxx xxxxxxxxxxxx xxxxxx xxxxxx xxxxxxxxx xxxxxxxxxxx xxxxxxxxxxxxxxx xxxxxxxxxx 
                                                                                                                                                                                                                                                                                                                                                                                                                                                                                                                                                                                                                                                                                                                                                                                                                                                                                                                                                                                                                                                                                                                                                                                                                                                                                                                                                                                                                                                                                                                                                                                                                           
 SPC-0.4-0                260           232            28                  20           16             2              2                  0 referenceSolver          83,253               78,211     78,000     100,000            0,000      100,000            42,545                 29,010   29,000    87,000           0,000     87,000              4,289                  81              213 2024-02-05  80,643  75,804      75,804       100,000             0,000      100,000 39,375 27,344    27,344      87,500           0,000     87,500 2024-02-06  76,911  71,139      73,472       100,000             0,000      100,000 48,854 39,193    33,268      87,500           0,000     87,500 2024-02-07  85,313  81,396      76,001       100,000             0,000      100,000 39,145 26,250    31,028      87,500           0,000     87,500 2024-02-08  83,840  77,377      76,242       100,000             0,000      100,000 41,667 23,333    29,678      87,500           0,000     87,500 2024-02-09  81,751  75,115      76,060       100,000             0,000      100,000 40,833 23,864    28,738      87,500           0,000     87,500 2024-02-10  84,816  79,754      76,614       100,000             0,000      100,000 45,573 31,597    29,167      87,500           0,000     87,500 2024-02-11  90,852  88,037      78,211       100,000             0,000      100,000 42,034 28,045    29,010      87,500           0,000     87,500 xxxxxxxxxx xxxxxx xxxxxxx xxxxxxxxxxx xxxxxxxxxxxxx xxxxxxxxxxxxxxxxx xxxxxxxxxxxx xxxxxx xxxxxx xxxxxxxxx xxxxxxxxxxx xxxxxxxxxxxxxxx xxxxxxxxxx 
 SPC-0.4-0                260           232            28                  20           16             2              2                  0    randomSolver          77,824               72,127     72,000     100,000            0,000      100,000            41,621                 29,836   29,000    87,000           0,000     87,000            257,744                  96              251 2024-02-05  72,827  66,033      66,033       100,000             0,000      100,000 42,292 30,990    30,990      87,500           0,000     87,500 2024-02-06  75,971  69,963      67,998       100,000             0,000      100,000 55,417 47,396    39,193      87,500           0,000     87,500 2024-02-07  77,302  71,628      69,208       100,000             0,000      100,000 40,833 29,167    35,851      87,500           0,000     87,500 2024-02-08  83,640  79,277      71,606       100,000             0,000      100,000 35,307 21,389    32,407      87,500           0,000     87,500 2024-02-09  86,766  83,237      73,842       100,000             0,000      100,000 36,075 22,361    30,475      87,500           0,000     87,500 2024-02-10  70,873  63,105      72,111       100,000             0,000      100,000 41,447 29,167    30,264      87,500           0,000     87,500 2024-02-11  77,779  72,224      72,127       100,000             0,000      100,000 39,375 27,344    29,836      87,500           0,000     87,500 xxxxxxxxxx xxxxxx xxxxxxx xxxxxxxxxxx xxxxxxxxxxxxx xxxxxxxxxxxxxxxxx xxxxxxxxxxxx xxxxxx xxxxxx xxxxxxxxx xxxxxxxxxxx xxxxxxxxxxxxxxx xxxxxxxxxx 
                                                                                                                                                                                                                                                                                                                                                                                                                                                                                                                                                                                                                                                                                                                                                                                                                                                                                                                                                                                                                                                                                                                                                                                                                                                                                                                                                                                                                                                                                                                                                                                                                           
SPC-0.45-0                289           261            28                  22           18             2              2                  0 referenceSolver          87,172               83,544     83,000     100,000            0,000      100,000            39,961                 26,515   26,000    87,000           0,000     87,000              6,911                  71              208 2024-02-05  88,729  86,224      86,224       100,000             0,000      100,000 33,144 21,065    21,065      87,500           0,000     87,500 2024-02-06  77,206  71,843      79,239       100,000             0,000      100,000 49,306 40,319    30,417      87,500           0,000     87,500 2024-02-07  86,551  82,068      79,961       100,000             0,000      100,000 49,219 36,458    31,959      87,500           0,000     87,500 2024-02-08  94,244  92,599      82,862       100,000             0,000      100,000 35,648 20,833    29,406      87,500           0,000     87,500 2024-02-09  87,204  83,792      83,045       100,000             0,000      100,000 35,307 21,389    27,823      87,500           0,000     87,500 2024-02-10  87,542  83,012      83,041       100,000             0,000      100,000 39,861 22,538    27,155      87,500           0,000     87,500 2024-02-11  90,393  87,191      83,544       100,000             0,000      100,000 38,281 21,875    26,515      87,500           0,000     87,500 xxxxxxxxxx xxxxxx xxxxxxx xxxxxxxxxxx xxxxxxxxxxxxx xxxxxxxxxxxxxxxxx xxxxxxxxxxxx xxxxxx xxxxxx xxxxxxxxx xxxxxxxxxxx xxxxxxxxxxxxxxx xxxxxxxxxx 
SPC-0.45-0                289           261            28                  22           18             2              2                  0    randomSolver          75,636               69,951     69,000     100,000            0,000      100,000            41,878                 31,233   31,000    87,000           0,000     87,000            127,703                  98              285 2024-02-05  77,675  72,714      72,714       100,000             0,000      100,000 39,773 29,167    29,167      87,500           0,000     87,500 2024-02-06  68,029  60,925      66,820       100,000             0,000      100,000 53,693 46,181    37,674      87,500           0,000     87,500 2024-02-07  72,276  65,753      66,477       100,000             0,000      100,000 45,139 35,172    36,871      87,500           0,000     87,500 2024-02-08  82,430  78,038      69,158       100,000             0,000      100,000 38,646 26,432    34,450      87,500           0,000     87,500 2024-02-09  74,068  68,306      68,982       100,000             0,000      100,000 35,795 24,306    32,352      87,500           0,000     87,500 2024-02-10  63,871  54,237      66,813       100,000             0,000      100,000 43,750 32,083    32,312      87,500           0,000     87,500 2024-02-11  89,963  87,733      69,951       100,000             0,000      100,000 36,458 25,116    31,233      87,500           0,000     87,500 xxxxxxxxxx xxxxxx xxxxxxx xxxxxxxxxxx xxxxxxxxxxxxx xxxxxxxxxxxxxxxxx xxxxxxxxxxxx xxxxxx xxxxxx xxxxxxxxx xxxxxxxxxxx xxxxxxxxxxxxxxx xxxxxxxxxx 
                                                                                                                                                                                                                                                                                                                                                                                                                                                                                                                                                                                                                                                                                                                                                                                                                                                                                                                                                                                                                                                                                                                                                                                                                                                                                                                                                                                                                                                                                                                                                                                                                           
 SPC-0.5-0                318           290            28                  24           20             2              2                  0 referenceSolver          83,474               79,552     79,000     100,000            0,000      100,000            38,456                 26,819   26,000    87,000           0,000     87,000              7,210                  77              245 2024-02-05  86,092  83,310      83,310       100,000             0,000      100,000 33,420 22,604    22,604      87,500           0,000     87,500 2024-02-06  78,824  74,365      78,953       100,000             0,000      100,000 40,580 30,702    26,549      87,500           0,000     87,500 2024-02-07  79,232  74,345      77,554       100,000             0,000      100,000 41,667 30,882    27,865      87,500           0,000     87,500 2024-02-08  84,404  79,948      78,033       100,000             0,000      100,000 42,130 29,167    28,125      87,500           0,000     87,500 2024-02-09  85,518  81,381      78,591       100,000             0,000      100,000 37,269 22,917    27,257      87,500           0,000     87,500 2024-02-10  80,524  75,655      78,121       100,000             0,000      100,000 37,188 24,609    26,833      87,500           0,000     87,500 2024-02-11  89,776  87,504      79,552       100,000             0,000      100,000 37,784 26,736    26,819      87,500           0,000     87,500 xxxxxxxxxx xxxxxx xxxxxxx xxxxxxxxxxx xxxxxxxxxxxxx xxxxxxxxxxxxxxxxx xxxxxxxxxxxx xxxxxx xxxxxx xxxxxxxxx xxxxxxxxxxx xxxxxxxxxxxxxxx xxxxxxxxxx 
 SPC-0.5-0                318           290            28                  24           20             2              2                  0    randomSolver          73,555               68,110     68,000     100,000            0,000      100,000            40,460                 30,775   30,000    87,000           0,000     87,000            246,050                  99              315 2024-02-05  66,535  59,490      59,490       100,000             0,000      100,000 39,312 29,167    29,167      87,500           0,000     87,500 2024-02-06  70,116  64,139      61,874       100,000             0,000      100,000 51,649 44,479    37,019      87,500           0,000     87,500 2024-02-07  70,739  64,886      62,895       100,000             0,000      100,000 41,319 32,083    35,346      87,500           0,000     87,500 2024-02-08  72,056  66,173      63,694       100,000             0,000      100,000 39,312 29,167    33,841      87,500           0,000     87,500 2024-02-09  82,584  79,101      66,838       100,000             0,000      100,000 36,458 26,250    32,292      87,500           0,000     87,500 2024-02-10  76,314  71,050      67,492       100,000             0,000      100,000 35,795 24,306    31,052      87,500           0,000     87,500 2024-02-11  76,414  71,697      68,110       100,000             0,000      100,000 38,889 29,167    30,775      87,500           0,000     87,500 xxxxxxxxxx xxxxxx xxxxxxx xxxxxxxxxxx xxxxxxxxxxxxx xxxxxxxxxxxxxxxxx xxxxxxxxxxxx xxxxxx xxxxxx xxxxxxxxx xxxxxxxxxxx xxxxxxxxxxxxxxx xxxxxxxxxx 
                                                                                                                                                                                                                                                                                                                                                                                                                                                                                                                                                                                                                                                                                                                                                                                                                                                                                                                                                                                                                                                                                                                                                                                                                                                                                                                                                                                                                                                                                                                                                                                                                           
 SPC-0.6-0                376           348            28                  26           22             2              2                  0 referenceSolver          81,299               77,532     77,000     100,000            0,000      100,000            41,829                 32,629   32,000    87,000           0,000     87,000              7,943                  90              339 2024-02-05  92,340  90,947      90,947       100,000             0,000      100,000 34,215 24,527    24,527      87,500           0,000     87,500 2024-02-06  76,519  72,250      81,598       100,000             0,000      100,000 55,529 49,716    37,121      87,500           0,000     87,500 2024-02-07  77,906  73,488      79,064       100,000             0,000      100,000 44,965 36,458    36,914      87,500           0,000     87,500 2024-02-08  77,625  73,150      77,656       100,000             0,000      100,000 37,674 27,708    34,722      87,500           0,000     87,500 2024-02-09  82,661  79,358      77,996       100,000             0,000      100,000 36,167 26,389    33,056      87,500           0,000     87,500 2024-02-10  79,162  73,952      77,461       100,000             0,000      100,000 43,750 32,813    33,023      87,500           0,000     87,500 2024-02-11  82,004  78,005      77,532       100,000             0,000      100,000 40,436 29,977    32,629      87,500           0,000     87,500 xxxxxxxxxx xxxxxx xxxxxxx xxxxxxxxxxx xxxxxxxxxxxxx xxxxxxxxxxxxxxxxx xxxxxxxxxxxx xxxxxx xxxxxx xxxxxxxxx xxxxxxxxxxx xxxxxxxxxxxxxxx xxxxxxxxxx 
 SPC-0.6-0                376           348            28                  26           22             2              2                  0    randomSolver          74,426               69,746     69,000     100,000            0,000      100,000            40,044                 31,359   31,000    87,000           0,000     87,000            354,709                  94              357 2024-02-05  77,554  73,473      73,473       100,000             0,000      100,000 35,897 26,515    26,515      87,500           0,000     87,500 2024-02-06  73,685  68,901      71,187       100,000             0,000      100,000 56,090 50,379    38,447      87,500           0,000     87,500 2024-02-07  67,488  61,576      67,983       100,000             0,000      100,000 43,750 35,795    37,563      87,500           0,000     87,500 2024-02-08  78,000  74,000      69,488       100,000             0,000      100,000 35,897 26,515    34,801      87,500           0,000     87,500 2024-02-09  78,967  75,143      70,619       100,000             0,000      100,000 37,019 27,841    33,409      87,500           0,000     87,500 2024-02-10  75,681  71,259      70,725       100,000             0,000      100,000 35,337 25,852    32,150      87,500           0,000     87,500 2024-02-11  69,413  63,587      69,746       100,000             0,000      100,000 36,167 26,389    31,359      87,500           0,000     87,500 xxxxxxxxxx xxxxxx xxxxxxx xxxxxxxxxxx xxxxxxxxxxxxx xxxxxxxxxxxxxxxxx xxxxxxxxxxxx xxxxxx xxxxxx xxxxxxxxx xxxxxxxxxxx xxxxxxxxxxxxxxx xxxxxxxxxx 
                                                                                                                                                                                                                                                                                                                                                                                                                                                                                                                                                                                                                                                                                                                                                                                                                                                                                                                                                                                                                                                                                                                                                                                                                                                                                                                                                                                                                                                                                                                                                                                                                           
 SPC-0.7-0                434           406            28                  30           26             2              2                  0 referenceSolver          83,634               80,639     80,000     100,000            0,000      100,000            39,238                 30,406   30,000    87,000           0,000     87,000              9,898                  79              347 2024-02-05  89,995  88,455      88,455       100,000             0,000      100,000 32,083 23,558    23,558      87,500           0,000     87,500 2024-02-06  76,572  72,967      80,711       100,000             0,000      100,000 48,611 42,628    33,093      87,500           0,000     87,500 2024-02-07  80,523  76,423      79,564       100,000             0,000      100,000 38,678 28,399    31,837      87,500           0,000     87,500 2024-02-08  86,735  83,787      80,418       100,000             0,000      100,000 35,795 24,306    30,314      87,500           0,000     87,500 2024-02-09  87,573  85,412      81,443       100,000             0,000      100,000 31,327 21,558    28,516      87,500           0,000     87,500 2024-02-10  81,036  77,243      80,807       100,000             0,000      100,000 42,535 33,542    29,277      87,500           0,000     87,500 2024-02-11  82,848  79,581      80,639       100,000             0,000      100,000 45,500 37,500    30,406      87,500           0,000     87,500 xxxxxxxxxx xxxxxx xxxxxxx xxxxxxxxxxx xxxxxxxxxxxxx xxxxxxxxxxxxxxxxx xxxxxxxxxxxx xxxxxx xxxxxx xxxxxxxxx xxxxxxxxxxx xxxxxxxxxxxxxxx xxxxxxxxxx 
 SPC-0.7-0                434           406            28                  30           26             2              2                  0    randomSolver          72,953               68,575     68,000     100,000            0,000      100,000            39,977                 32,286   32,000    87,000           0,000     87,000            319,496                  94              411 2024-02-05  72,612  68,398      68,398       100,000             0,000      100,000 36,944 29,167    29,167      87,500           0,000     87,500 2024-02-06  73,563  69,496      68,947       100,000             0,000      100,000 54,931 49,920    39,543      87,500           0,000     87,500 2024-02-07  71,506  66,550      68,212       100,000             0,000      100,000 35,648 26,630    35,583      87,500           0,000     87,500 2024-02-08  85,886  83,063      71,339       100,000             0,000      100,000 34,028 23,333    33,004      87,500           0,000     87,500 2024-02-09  77,660  74,223      71,958       100,000             0,000      100,000 34,028 25,801    31,457      87,500           0,000     87,500 2024-02-10  68,344  63,473      70,458       100,000             0,000      100,000 41,319 34,215    31,944      87,500           0,000     87,500 2024-02-11  63,543  57,934      68,575       100,000             0,000      100,000 41,319 34,215    32,286      87,500           0,000     87,500 xxxxxxxxxx xxxxxx xxxxxxx xxxxxxxxxxx xxxxxxxxxxxxx xxxxxxxxxxxxxxxxx xxxxxxxxxxxx xxxxxx xxxxxx xxxxxxxxx xxxxxxxxxxx xxxxxxxxxxxxxxx xxxxxxxxxx 
                                                                                                                                                                                                                                                                                                                                                                                                                                                                                                                                                                                                                                                                                                                                                                                                                                                                                                                                                                                                                                                                                                                                                                                                                                                                                                                                                                                                                                                                                                                                                                                                                           
 SPC-0.8-0                491           463            28                  34           30             2              2                  0 referenceSolver          84,406               82,033     82,000     100,000            0,000      100,000            36,802                 29,087   29,000    87,000           0,000     87,000             14,937                  80              395 2024-02-05  88,425  86,882      86,882       100,000             0,000      100,000 30,025 22,361    22,361      87,500           0,000     87,500 2024-02-06  82,590  80,188      83,592       100,000             0,000      100,000 45,518 39,727    30,897      87,500           0,000     87,500 2024-02-07  79,414  76,364      81,323       100,000             0,000      100,000 40,457 33,488    31,710      87,500           0,000     87,500 2024-02-08  80,944  78,012      80,554       100,000             0,000      100,000 33,542 25,240    30,208      87,500           0,000     87,500 2024-02-09  84,928  82,609      80,941       100,000             0,000      100,000 34,514 26,362    29,484      87,500           0,000     87,500 2024-02-10  82,442  79,250      80,709       100,000             0,000      100,000 41,506 33,144    29,987      87,500           0,000     87,500 2024-02-11  92,167  90,862      82,033       100,000             0,000      100,000 32,292 23,090    29,087      87,500           0,000     87,500 xxxxxxxxxx xxxxxx xxxxxxx xxxxxxxxxxx xxxxxxxxxxxxx xxxxxxxxxxxxxxxxx xxxxxxxxxxxx xxxxxx xxxxxx xxxxxxxxx xxxxxxxxxxx xxxxxxxxxxxxxxx xxxxxxxxxx 
 SPC-0.8-0                491           463            28                  34           30             2              2                  0    randomSolver          73,740               70,153     70,000     100,000            0,000      100,000            39,056                 32,439   32,000    87,000           0,000     87,000            360,901                  98              484 2024-02-05  77,639  74,657      74,657       100,000             0,000      100,000 36,029 29,167    29,167      87,500           0,000     87,500 2024-02-06  68,862  64,710      69,684       100,000             0,000      100,000 57,904 53,958    41,563      87,500           0,000     87,500 2024-02-07  66,395  61,915      67,094       100,000             0,000      100,000 40,748 34,514    39,213      87,500           0,000     87,500 2024-02-08  80,101  77,448      69,682       100,000             0,000      100,000 30,882 23,333    35,243      87,500           0,000     87,500 2024-02-09  73,671  70,040      69,752       100,000             0,000      100,000 34,470 27,155    33,669      87,500           0,000     87,500 2024-02-10  69,501  64,983      69,020       100,000             0,000      100,000 38,575 31,327    33,310      87,500           0,000     87,500 2024-02-11  79,810  77,026      70,153       100,000             0,000      100,000 34,470 27,155    32,439      87,500           0,000     87,500 xxxxxxxxxx xxxxxx xxxxxxx xxxxxxxxxxx xxxxxxxxxxxxx xxxxxxxxxxxxxxxxx xxxxxxxxxxxx xxxxxx xxxxxx xxxxxxxxx xxxxxxxxxxx xxxxxxxxxxxxxxx xxxxxxxxxx 
                                                                                                                                                                                                                                                                                                                                                                                                                                                                                                                                                                                                                                                                                                                                                                                                                                                                                                                                                                                                                                                                                                                                                                                                                                                                                                                                                                                                                                                                                                                                                                                                                           
 SPC-0.9-0                549           521            28                  36           32             2              2                  0 referenceSolver          83,666               81,284     81,000     100,000            0,000      100,000            35,994                 28,483   28,000    87,000           0,000     87,000             17,513                  73              403 2024-02-05  83,789  81,763      81,763       100,000             0,000      100,000 33,218 26,432    26,432      87,500           0,000     87,500 2024-02-06  79,683  77,061      79,449       100,000             0,000      100,000 47,083 41,868    34,028      87,500           0,000     87,500 2024-02-07  81,225  78,721      79,214       100,000             0,000      100,000 37,745 31,111    33,087      87,500           0,000     87,500 2024-02-08  87,913  85,899      80,586       100,000             0,000      100,000 33,333 24,306    31,286      87,500           0,000     87,500 2024-02-09  83,114  80,177      80,518       100,000             0,000      100,000 34,568 25,362    30,313      87,500           0,000     87,500 2024-02-10  83,340  80,871      80,575       100,000             0,000      100,000 32,460 24,306    29,341      87,500           0,000     87,500 2024-02-11  87,947  86,019      81,284       100,000             0,000      100,000 31,681 22,750    28,483      87,500           0,000     87,500 xxxxxxxxxx xxxxxx xxxxxxx xxxxxxxxxxx xxxxxxxxxxxxx xxxxxxxxxxxxxxxxx xxxxxxxxxxxx xxxxxx xxxxxx xxxxxxxxx xxxxxxxxxxx xxxxxxxxxxxxxxx xxxxxxxxxx 
 SPC-0.9-0                549           521            28                  36           32             2              2                  0    randomSolver          73,163               69,763     69,000     100,000            0,000      100,000            39,182                 33,060   33,000    87,000           0,000     87,000            780,702                  96              529 2024-02-05  76,589  73,663      73,663       100,000             0,000      100,000 40,509 34,635    34,635      87,500           0,000     87,500 2024-02-06  72,938  69,555      71,609       100,000             0,000      100,000 54,282 50,130    42,383      87,500           0,000     87,500 2024-02-07  60,600  55,675      66,298       100,000             0,000      100,000 42,940 37,370    40,712      87,500           0,000     87,500 2024-02-08  80,569  78,062      69,169       100,000             0,000      100,000 31,667 24,462    36,745      87,500           0,000     87,500 2024-02-09  72,260  68,793      69,094       100,000             0,000      100,000 33,623 26,888    34,762      87,500           0,000     87,500 2024-02-10  73,276  69,828      69,213       100,000             0,000      100,000 35,417 28,696    33,772      87,500           0,000     87,500 2024-02-11  76,200  73,129      69,763       100,000             0,000      100,000 35,417 28,696    33,060      87,500           0,000     87,500 xxxxxxxxxx xxxxxx xxxxxxx xxxxxxxxxxx xxxxxxxxxxxxx xxxxxxxxxxxxxxxxx xxxxxxxxxxxx xxxxxx xxxxxx xxxxxxxxx xxxxxxxxxxx xxxxxxxxxxxxxxx xxxxxxxxxx 
                                                                                                                                                                                                                                                                                                                                                                                                                                                                                                                                                                                                                                                                                                                                                                                                                                                                                                                                                                                                                                                                                                                                                                                                                                                                                                                                                                                                                                                                                                                                                                                                                           
 SPC-1.0-0                607           579            28                  40           36             2              2                  0 referenceSolver          82,846               80,758     80,000     100,000            0,000      100,000            36,458                 30,245   30,000    87,000           0,000     87,000             15,562                  83              505 2024-02-05  88,497  87,219      87,219       100,000             0,000      100,000 31,354 25,116    25,116      87,500           0,000     87,500 2024-02-06  79,613  77,348      82,284       100,000             0,000      100,000 42,656 37,674    31,395      87,500           0,000     87,500 2024-02-07  79,074  76,283      80,519       100,000             0,000      100,000 40,319 34,028    32,169      87,500           0,000     87,500 2024-02-08  86,876  85,236      81,645       100,000             0,000      100,000 31,192 24,154    30,255      87,500           0,000     87,500 2024-02-09  81,134  78,847      81,092       100,000             0,000      100,000 35,867 29,609    30,127      87,500           0,000     87,500 2024-02-10  80,863  78,394      80,670       100,000             0,000      100,000 37,083 30,578    30,198      87,500           0,000     87,500 2024-02-11  83,381  81,304      80,758       100,000             0,000      100,000 36,863 30,534    30,245      87,500           0,000     87,500 xxxxxxxxxx xxxxxx xxxxxxx xxxxxxxxxxx xxxxxxxxxxxxx xxxxxxxxxxxxxxxxx xxxxxxxxxxxx xxxxxx xxxxxx xxxxxxxxx xxxxxxxxxxx xxxxxxxxxxxxxxx xxxxxxxxxx 
 SPC-1.0-0                607           579            28                  40           36             2              2                  0    randomSolver          72,822               69,729     69,000     100,000            0,000      100,000            38,800                 33,257   33,000    87,000           0,000     87,000            681,692                  97              589 2024-02-05  77,527  74,959      74,959       100,000             0,000      100,000 35,524 29,583    29,583      87,500           0,000     87,500 2024-02-06  75,344  72,604      73,765       100,000             0,000      100,000 50,677 46,586    38,204      87,500           0,000     87,500 2024-02-07  71,740  68,510      72,030       100,000             0,000      100,000 39,263 33,750    36,733      87,500           0,000     87,500 2024-02-08  72,241  68,975      71,288       100,000             0,000      100,000 34,539 28,309    34,688      87,500           0,000     87,500 2024-02-09  71,131  67,923      70,600       100,000             0,000      100,000 36,823 31,192    33,973      87,500           0,000     87,500 2024-02-10  72,990  69,903      70,484       100,000             0,000      100,000 35,150 29,167    33,175      87,500           0,000     87,500 2024-02-11  68,746  65,174      69,729       100,000             0,000      100,000 39,263 33,750    33,257      87,500           0,000     87,500 xxxxxxxxxx xxxxxx xxxxxxx xxxxxxxxxxx xxxxxxxxxxxxx xxxxxxxxxxxxxxxxx xxxxxxxxxxxx xxxxxx xxxxxx xxxxxxxxx xxxxxxxxxxx xxxxxxxxxxxxxxx xxxxxxxxxx 
                                                                                                                                                                                                                                                                                                                                                                                                                                                                                                                                                                                                                                                                                                                                                                                                                                                                                                                                                                                                                                                                                                                                                                                                                                                                                                                                                                                                                                                                                                                                                                                                                           
TFS-0.05-0                203           100           103                  62           22            28             12                  0 referenceSolver          97,166               91,002     91,000      99,000            0,000       99,000            45,999                 18,136   18,000    54,000           0,000     61,000             23,386                  91              185 2024-02-05  97,333 100,000     100,000        95,000             0,000       97,308 38,472 14,583    14,583      57,500           0,000     39,423 2024-02-06  98,093  93,412      96,377        97,222             0,000       98,444 50,713 17,235    16,042      63,194           0,000     48,889 2024-02-07  95,891  87,674      92,793        98,148             0,000       98,906 48,562 19,792    17,586      62,963           0,000     53,125 2024-02-08  95,181  80,724      90,050        98,611             0,000       99,176 42,031 21,875    18,561      58,333           0,000     52,500 2024-02-09  96,819  89,548      89,929        98,889             0,000       99,352 44,882 19,792    18,858      59,167           0,000     52,662 2024-02-10  98,677  94,949      90,729        99,074             0,000       99,462 50,000 15,909    18,388      60,417           0,000     53,942 2024-02-11  98,320  93,093      91,002        99,194             0,000       99,533 48,536 16,204    18,136      61,492           0,000     54,083 xxxxxxxxxx xxxxxx xxxxxxx xxxxxxxxxxx xxxxxxxxxxxxx xxxxxxxxxxxxxxxxx xxxxxxxxxxxx xxxxxx xxxxxx xxxxxxxxx xxxxxxxxxxx xxxxxxxxxxxxxxx xxxxxxxxxx 
TFS-0.05-0                203           100           103                  62           22            28             12                  0    randomSolver          95,598               85,621     85,000      98,000            0,000       99,000            49,241                 19,977   19,000    56,000           0,000     62,000            117,357                 100              203 2024-02-05  91,796  90,480      90,480        94,643             0,000       90,816 46,791 21,875    21,875      57,500           0,000     48,810 2024-02-06  98,968  96,058      94,090        97,321             0,000       95,408 50,645 17,235    18,873      61,875           0,000     54,762 2024-02-07  93,830  81,078      87,991        98,214             0,000       96,939 49,004 19,444    19,141      63,333           0,000     57,143 2024-02-08  97,025  90,878      88,778        98,724             0,000       97,400 44,661 18,229    18,892      61,310           0,000     55,747 2024-02-09  94,042  75,672      85,970        98,989             0,000       97,998 47,024 24,306    20,052      61,085           0,000     54,867 2024-02-10  96,119  81,890      85,405        99,150             0,000       98,337 55,109 21,065    20,192      62,500           0,000     56,066 2024-02-11  97,342  87,376      85,621        99,266             0,000       98,550 52,522 18,229    19,977      62,842           0,000     56,571 xxxxxxxxxx xxxxxx xxxxxxx xxxxxxxxxxx xxxxxxxxxxxxx xxxxxxxxxxxxxxxxx xxxxxxxxxxxx xxxxxx xxxxxx xxxxxxxxx xxxxxxxxxxx xxxxxxxxxxxxxxx xxxxxxxxxx 
                                                                                                                                                                                                                                                                                                                                                                                                                                                                                                                                                                                                                                                                                                                                                                                                                                                                                                                                                                                                                                                                                                                                                                                                                                                                                                                                                                                                                                                                                                                                                                                                                           
 TFS-0.1-0                302           199           103                  64           24            28             12                  0 referenceSolver          93,960               85,003     85,000      98,000            0,000       99,000            43,225                 22,736   22,000    52,000           0,000     61,000             15,001                  94              286 2024-02-05  94,611  92,101      92,101        97,917             0,000       94,815 33,955 18,634    18,634      47,917           0,000     37,963 2024-02-06  93,239  83,902      87,686        98,750             0,000       97,083 45,250 25,000    22,062      56,875           0,000     45,833 2024-02-07  95,077  86,155      87,241        99,107             0,000       97,971 46,296 20,052    21,477      60,714           0,000     49,275 2024-02-08  93,944  83,951      86,364        99,342             0,000       98,478 40,252 24,792    22,361      59,868           0,000     48,505 2024-02-09  95,242  87,215      86,513        99,468             0,000       98,635 46,150 20,964    22,115      60,372           0,000     50,332 2024-02-10  92,181  80,061      85,351        99,554             0,000       98,857 47,753 25,521    22,729      61,384           0,000     51,944 2024-02-11  93,522  82,591      85,003        99,615             0,000       98,992 45,107 22,786    22,736      61,346           0,000     52,533 xxxxxxxxxx xxxxxx xxxxxxx xxxxxxxxxxx xxxxxxxxxxxxx xxxxxxxxxxxxxxxxx xxxxxxxxxxxx xxxxxx xxxxxx xxxxxxxxx xxxxxxxxxxx xxxxxxxxxxxxxxx xxxxxxxxxx 
 TFS-0.1-0                302           199           103                  64           24            28             12                  0    randomSolver          91,839               80,207     80,000      98,000            0,000       98,000            46,348                 23,404   23,000    56,000           0,000     63,000            159,017                 100              302 2024-02-05  86,699  83,731      83,731        90,260             0,000       87,078 39,498 20,964    20,964      52,273           0,000     46,591 2024-02-06  90,356  74,114      78,510        94,898             0,000       93,539 48,284 27,632    24,583      58,929           0,000     52,273 2024-02-07  92,232  75,662      77,656        96,544             0,000       95,693 48,582 21,389    23,625      61,290           0,000     54,545 2024-02-08  92,128  79,759      78,278        97,387             0,000       96,806 44,830 23,611    23,621      62,805           0,000     54,494 2024-02-09  95,371  84,880      79,429        97,899             0,000       97,484 47,917 22,361    23,401      63,480           0,000     54,867 2024-02-10  92,779  81,080      79,753        98,272             0,000       97,836 46,491 25,000    23,715      63,508           0,000     55,254 2024-02-11  93,324  83,063      80,207        98,512             0,000       98,006 49,213 21,446    23,404      63,715           0,000     56,571 xxxxxxxxxx xxxxxx xxxxxxx xxxxxxxxxxx xxxxxxxxxxxxx xxxxxxxxxxxxxxxxx xxxxxxxxxxxx xxxxxx xxxxxx xxxxxxxxx xxxxxxxxxxx xxxxxxxxxxxxxxx xxxxxxxxxx 
                                                                                                                                                                                                                                                                                                                                                                                                                                                                                                                                                                                                                                                                                                                                                                                                                                                                                                                                                                                                                                                                                                                                                                                                                                                                                                                                                                                                                                                                                                                                                                                                                           
TFS-0.15-0                401           298           103                  70           30            28             12                  0 referenceSolver          91,087               80,119     80,000      99,000            0,000       99,000            43,004                 26,087   26,000    53,000           0,000     60,000              7,694                  93              376 2024-02-05  92,963  88,742      88,742        95,455             0,000       96,481 32,805 20,618    20,618      52,273           0,000     37,963 2024-02-06  90,759  77,557      84,044        97,500             0,000       98,021 46,078 29,167    24,208      56,875           0,000     45,833 2024-02-07  91,989  82,643      83,590        98,214             0,000       98,603 45,393 24,913    24,437      60,714           0,000     50,000 2024-02-08  92,276  80,691      82,926        98,684             0,000       98,956 39,053 27,178    25,065      57,566           0,000     49,038 2024-02-09  90,711  79,117      82,215        98,936             0,000       99,015 45,629 24,527    24,965      58,511           0,000     51,239 2024-02-10  88,709  73,313      80,816        99,107             0,000       99,172 51,322 33,807    26,354      59,821           0,000     53,125 2024-02-11  89,488  75,472      80,119        99,231             0,000       99,276 44,090 24,306    26,087      60,000           0,000     53,725 xxxxxxxxxx xxxxxx xxxxxxx xxxxxxxxxxx xxxxxxxxxxxxx xxxxxxxxxxxxxxxxx xxxxxxxxxxxx xxxxxx xxxxxx xxxxxxxxx xxxxxxxxxxx xxxxxxxxxxxxxxx xxxxxxxxxx 
TFS-0.15-0                401           298           103                  70           30            28             12                  0    randomSolver          89,382               77,067     77,000      98,000            0,000       98,000            44,396                 25,266   25,000    55,000           0,000     67,000            280,694                 100              401 2024-02-05  88,035  80,254      80,254        90,952             0,000       93,714 38,560 27,178    27,178      57,500           0,000     41,000 2024-02-06  87,279  70,134      75,082        95,238             0,000       96,657 47,492 27,264    27,222      65,132           0,000     48,936 2024-02-07  89,962  77,514      75,951        96,880             0,000       97,689 46,243 25,083    26,458      65,517           0,000     52,941 2024-02-08  91,598  80,794      77,335        97,793             0,000       98,292 39,648 21,875    25,149      62,805           0,000     52,717 2024-02-09  94,670  88,249      79,623        98,190             0,000       98,535 43,021 21,875    24,462      64,750           0,000     52,991 2024-02-10  83,255  63,848      76,802        98,492             0,000       98,571 48,542 29,167    25,304      65,625           0,000     54,464 2024-02-11  90,734  78,975      77,067        98,669             0,000       98,672 48,469 25,000    25,266      67,463           0,000     55,156 xxxxxxxxxx xxxxxx xxxxxxx xxxxxxxxxxx xxxxxxxxxxxxx xxxxxxxxxxxxxxxxx xxxxxxxxxxxx xxxxxx xxxxxx xxxxxxxxx xxxxxxxxxxx xxxxxxxxxxxxxxx xxxxxxxxxx 
                                                                                                                                                                                                                                                                                                                                                                                                                                                                                                                                                                                                                                                                                                                                                                                                                                                                                                                                                                                                                                                                                                                                                                                                                                                                                                                                                                                                                                                                                                                                                                                                                           
 TFS-0.2-0                500           397           103                  76           36            28             12                  0 referenceSolver          91,051               82,425     82,000      99,000            0,000       99,000            41,942                 27,271   27,000    53,000           0,000     61,000             12,740                  92              462 2024-02-05  93,065  89,579      89,579        95,833             0,000       96,481 31,833 21,875    21,875      47,917           0,000     37,963 2024-02-06  90,935  81,144      86,122        97,500             0,000       97,935 47,997 30,333    25,342      56,875           0,000     47,826 2024-02-07  90,120  79,860      84,251        98,276             0,000       98,516 45,362 24,679    25,144      58,621           0,000     53,125 2024-02-08  91,527  82,469      83,805        98,718             0,000       98,882 37,986 28,161    25,898      58,333           0,000     50,441 2024-02-09  91,471  82,625      83,583        98,936             0,000       99,095 47,083 29,707    26,617      60,372           0,000     52,500 2024-02-10  89,553  78,361      82,728        99,107             0,000       99,246 46,767 28,125    26,864      61,384           0,000     54,266 2024-02-11  89,975  80,641      82,425        99,231             0,000       99,340 40,811 29,670    27,271      61,346           0,000     53,559 xxxxxxxxxx xxxxxx xxxxxxx xxxxxxxxxxx xxxxxxxxxxxxx xxxxxxxxxxxxxxxxx xxxxxxxxxxxx xxxxxx xxxxxx xxxxxxxxx xxxxxxxxxxx xxxxxxxxxxxxxxx xxxxxxxxxx 
 TFS-0.2-0                500           397           103                  76           36            28             12                  0    randomSolver          86,698               73,423     73,000      98,000            0,000       99,000            43,248                 27,054   27,000    56,000           0,000     62,000            445,234                 100              500 2024-02-05  86,201  74,713      74,713        95,238             0,000       95,190 36,174 27,155    27,155      47,917           0,000     41,000 2024-02-06  85,900  71,800      73,208        97,279             0,000       97,442 44,657 26,815    26,979      58,929           0,000     48,936 2024-02-07  88,946  75,238      73,805        98,157             0,000       98,232 47,024 26,833    26,936      61,290           0,000     52,941 2024-02-08  85,137  68,356      72,349        98,671             0,000       98,679 42,203 27,755    27,155      59,884           0,000     53,297 2024-02-09  88,508  77,752      73,601        98,922             0,000       98,830 42,482 26,250    26,945      61,085           0,000     53,913 2024-02-10  86,977  73,586      73,599        99,107             0,000       98,922 44,792 25,977    26,776      61,523           0,000     55,254 2024-02-11  85,280  72,387      73,423        99,217             0,000       98,973 46,434 28,696    27,054      62,842           0,000     56,210 xxxxxxxxxx xxxxxx xxxxxxx xxxxxxxxxxx xxxxxxxxxxxxx xxxxxxxxxxxxxxxxx xxxxxxxxxxxx xxxxxx xxxxxx xxxxxxxxx xxxxxxxxxxx xxxxxxxxxxxxxxx xxxxxxxxxx 
                                                                                                                                                                                                                                                                                                                                                                                                                                                                                                                                                                                                                                                                                                                                                                                                                                                                                                                                                                                                                                                                                                                                                                                                                                                                                                                                                                                                                                                                                                                                                                                                                           
TFS-0.25-0                600           497           103                  82           42            28             12                  0 referenceSolver          88,317               78,920     78,000      99,000            0,000      100,000            40,931                 28,000   28,000    54,000           0,000     59,000             17,462                  94              566 2024-02-05  94,564  90,717      90,717       100,000             0,000       98,269 30,938 20,833    20,833      47,917           0,000     39,423 2024-02-06  89,811  81,782      86,786       100,000             0,000       98,977 45,268 28,283    24,111      56,875           0,000     50,000 2024-02-07  88,419  79,155      84,358       100,000             0,000       99,297 40,939 23,333    23,864      60,714           0,000     53,125 2024-02-08  88,261  78,243      82,947       100,000             0,000       99,078 38,118 29,609    25,189      57,566           0,000     51,471 2024-02-09  83,955  70,981      80,540       100,000             0,000       99,126 44,066 30,787    26,315      58,511           0,000     52,948 2024-02-10  87,714  77,753      80,063       100,000             0,000       99,271 45,274 29,955    26,939      59,821           0,000     54,626 2024-02-11  83,940  71,659      78,920       100,000             0,000       99,361 44,688 34,743    28,000      59,766           0,000     54,914 xxxxxxxxxx xxxxxx xxxxxxx xxxxxxxxxxx xxxxxxxxxxxxx xxxxxxxxxxxxxxxxx xxxxxxxxxxxx xxxxxx xxxxxx xxxxxxxxx xxxxxxxxxxx xxxxxxxxxxxxxxx xxxxxxxxxx 
TFS-0.25-0                600           497           103                  82           42            28             12                  0    randomSolver          83,787               71,356     71,000      98,000            0,000       98,000            41,823                 27,146   27,000    56,000           0,000     64,000            573,685                 100              600 2024-02-05  81,324  74,331      74,331        92,424             0,000       88,155 36,826 24,437    24,437      52,273           0,000     51,250 2024-02-06  84,467  71,523      72,946        95,833             0,000       94,222 43,718 26,331    25,371      61,875           0,000     56,098 2024-02-07  88,816  79,230      74,983        97,126             0,000       96,179 43,205 24,167    24,981      65,517           0,000     58,065 2024-02-08  83,493  67,432      73,056        97,917             0,000       97,277 39,954 26,802    25,445      64,375           0,000     55,747 2024-02-09  83,776  70,210      72,417        98,366             0,000       97,757 41,132 28,472    26,125      63,480           0,000     55,357 2024-02-10  83,160  69,544      71,900        98,634             0,000       98,048 43,889 28,455    26,544      64,549           0,000     56,066 2024-02-11  81,832  68,178      71,356        98,826             0,000       98,218 44,143 30,662    27,146      64,613           0,000     56,571 xxxxxxxxxx xxxxxx xxxxxxx xxxxxxxxxxx xxxxxxxxxxxxx xxxxxxxxxxxxxxxxx xxxxxxxxxxxx xxxxxx xxxxxx xxxxxxxxx xxxxxxxxxxx xxxxxxxxxxxxxxx xxxxxxxxxx 
                                                                                                                                                                                                                                                                                                                                                                                                                                                                                                                                                                                                                                                                                                                                                                                                                                                                                                                                                                                                                                                                                                                                                                                                                                                                                                                                                                                                                                                                                                                                                                                                                           
 TFS-0.3-0                699           596           103                  88           48            28             12                  0 referenceSolver          88,268               80,258     80,000      99,000            0,000       99,000            40,174                 28,129   28,000    54,000           0,000     63,000             24,842                  93              657 2024-02-05  91,621  86,725      86,725        97,727             0,000       98,077 31,005 21,571    21,571      52,273           0,000     39,423 2024-02-06  86,163  76,939      82,158        98,684             0,000       98,913 41,488 27,778    24,468      59,868           0,000     47,826 2024-02-07  88,967  82,447      82,253        99,074             0,000       99,219 41,845 26,515    25,140      62,963           0,000     53,125 2024-02-08  87,148  75,367      80,795        99,324             0,000       99,425 39,372 32,407    26,679      61,486           0,000     50,287 2024-02-09  87,874  79,941      80,629        99,444             0,000       99,399 44,686 31,301    27,577      63,056           0,000     52,453 2024-02-10  87,000  78,432      80,250        99,537             0,000       99,494 44,349 29,830    27,966      63,657           0,000     54,626 2024-02-11  88,418  80,311      80,258        99,603             0,000       99,560 40,319 29,167    28,129      63,294           0,000     54,538 xxxxxxxxxx xxxxxx xxxxxxx xxxxxxxxxxx xxxxxxxxxxxxx xxxxxxxxxxxxxxxxx xxxxxxxxxxxx xxxxxx xxxxxx xxxxxxxxx xxxxxxxxxxx xxxxxxxxxxxxxxx xxxxxxxxxx 
 TFS-0.3-0                699           596           103                  88           48            28             12                  0    randomSolver          82,512               71,117     71,000      97,000            0,000       99,000            41,316                 28,038   28,000    56,000           0,000     66,000           1021,126                 100              699 2024-02-05  79,231  70,300      70,300        94,697             0,000       87,738 36,301 26,250    26,250      52,273           0,000     46,591 2024-02-06  86,510  76,699      73,652        97,083             0,000       94,005 41,036 26,847    26,563      61,875           0,000     51,111 2024-02-07  85,088  73,903      73,738        98,056             0,000       96,033 41,017 27,178    26,774      63,333           0,000     52,941 2024-02-08  82,461  70,984      73,010        98,542             0,000       96,632 40,946 27,582    26,988      64,375           0,000     53,889 2024-02-09  82,099  69,257      72,225        98,810             0,000       97,341 42,458 29,167    27,443      66,071           0,000     54,386 2024-02-10  79,451  66,068      71,141        99,011             0,000       97,561 45,174 30,718    28,020      66,737           0,000     56,066 2024-02-11  82,727  70,967      71,117        99,155             0,000       97,794 41,924 28,149    28,038      66,486           0,000     56,571 xxxxxxxxxx xxxxxx xxxxxxx xxxxxxxxxxx xxxxxxxxxxxxx xxxxxxxxxxxxxxxxx xxxxxxxxxxxx xxxxxx xxxxxx xxxxxxxxx xxxxxxxxxxx xxxxxxxxxxxxxxx xxxxxxxxxx 
                                                                                                                                                                                                                                                                                                                                                                                                                                                                                                                                                                                                                                                                                                                                                                                                                                                                                                                                                                                                                                                                                                                                                                                                                                                                                                                                                                                                                                                                                                                                                                                                                           
TFS-0.35-0                798           695           103                  92           52            28             12                  0 referenceSolver          87,268               79,154     79,000      99,000            0,000       99,000            39,513                 28,615   28,000    53,000           0,000     61,000             32,662                  88              709 2024-02-05  88,579  83,625      83,625        97,727             0,000       94,615 31,086 22,436    22,436      52,273           0,000     39,423 2024-02-06  84,579  74,766      79,565        98,684             0,000       96,957 43,981 32,481    27,040      59,868           0,000     47,826 2024-02-07  90,159  84,120      80,997        99,107             0,000       97,813 42,283 28,172    27,396      60,714           0,000     53,125 2024-02-08  89,735  81,779      81,170        99,324             0,000       98,372 37,852 28,438    27,627      59,122           0,000     51,890 2024-02-09  85,835  76,191      80,139        99,444             0,000       98,727 39,768 28,546    27,818      61,111           0,000     51,818 2024-02-10  87,991  79,636      80,055        99,537             0,000       98,947 42,067 29,484    28,098      62,037           0,000     52,820 2024-02-11  83,845  73,565      79,154        99,597             0,000       99,085 41,319 31,818    28,615      61,694           0,000     53,105 xxxxxxxxxx xxxxxx xxxxxxx xxxxxxxxxxx xxxxxxxxxxxxx xxxxxxxxxxxxxxxxx xxxxxxxxxxxx xxxxxx xxxxxx xxxxxxxxx xxxxxxxxxxx xxxxxxxxxxxxxxx xxxxxxxxxx 
TFS-0.35-0                798           695           103                  92           52            28             12                  0    randomSolver          81,679               70,429     70,000      98,000            0,000       99,000            41,385                 29,636   29,000    55,000           0,000     68,000            784,575                 100              798 2024-02-05  83,063  77,220      77,220        93,810             0,000       90,331 35,312 26,064    26,064      57,500           0,000     44,565 2024-02-06  78,755  66,499      71,589        96,742             0,000       94,946 44,436 32,812    29,609      65,132           0,000     52,273 2024-02-07  82,157  70,520      71,250        97,789             0,000       96,579 43,284 28,850    29,368      67,857           0,000     55,385 2024-02-08  85,688  76,147      72,524        98,327             0,000       97,529 38,260 26,021    28,497      69,595           0,000     53,889 2024-02-09  80,271  65,776      71,174        98,710             0,000       98,066 41,691 31,250    29,048      67,448           0,000     53,913 2024-02-10  82,625  71,095      71,161        98,933             0,000       98,297 43,874 31,208    29,414      67,888           0,000     54,856 2024-02-11  78,982  65,832      70,429        99,076             0,000       98,443 42,965 31,028    29,636      68,470           0,000     55,156 xxxxxxxxxx xxxxxx xxxxxxx xxxxxxxxxxx xxxxxxxxxxxxx xxxxxxxxxxxxxxxxx xxxxxxxxxxxx xxxxxx xxxxxx xxxxxxxxx xxxxxxxxxxx xxxxxxxxxxxxxxx xxxxxxxxxx 
                                                                                                                                                                                                                                                                                                                                                                                                                                                                                                                                                                                                                                                                                                                                                                                                                                                                                                                                                                                                                                                                                                                                                                                                                                                                                                                                                                                                                                                                                                                                                                                                                           
 TFS-0.4-0                897           794           103                  98           58            28             12                  0 referenceSolver          86,808               79,174     79,000      99,000            0,000       99,000            40,257                 30,870   30,000    53,000           0,000     61,000             45,280                  92              831 2024-02-05  89,252  84,033      84,033        97,500             0,000       97,407 31,579 24,138    24,138      57,500           0,000     37,963 2024-02-06  84,988  75,919      80,359        98,684             0,000       98,511 44,724 35,547    29,304      59,868           0,000     46,809 2024-02-07  85,839  77,284      79,400        99,074             0,000       98,971 43,912 33,724    30,682      62,963           0,000     50,000 2024-02-08  87,844  80,434      79,646        98,380             0,000       99,231 37,786 30,686    30,683      58,333           0,000     50,000 2024-02-09  85,609  76,911      79,121        98,704             0,000       99,247 41,213 29,470    30,450      59,167           0,000     51,674 2024-02-10  88,674  81,711      79,553        98,920             0,000       99,270 44,106 33,833    31,014      60,417           0,000     52,685 2024-02-11  84,730  76,945      79,174        99,044             0,000       99,360 40,341 30,025    30,870      61,270           0,000     53,328 xxxxxxxxxx xxxxxx xxxxxxx xxxxxxxxxxx xxxxxxxxxxxxx xxxxxxxxxxxxxxxxx xxxxxxxxxxxx xxxxxx xxxxxx xxxxxxxxx xxxxxxxxxxx xxxxxxxxxxxxxxx xxxxxxxxxx 
 TFS-0.4-0                897           794           103                  98           58            28             12                  0    randomSolver          82,151               72,194     72,000      98,000            0,000       99,000            40,440                 29,766   29,000    54,000           0,000     68,000           1316,623                 100              897 2024-02-05  80,070  72,148      72,148        95,238             0,000       92,867 34,363 26,042    26,042      63,889           0,000     42,708 2024-02-06  82,285  72,300      72,223        97,744             0,000       96,196 43,217 32,348    29,167      65,132           0,000     51,111 2024-02-07  81,769  71,640      72,032        98,469             0,000       97,406 42,981 30,517    29,609      67,857           0,000     54,545 2024-02-08  82,925  71,432      71,889        98,901             0,000       98,098 39,559 29,167    29,503      66,026           0,000     53,889 2024-02-09  84,736  75,196      72,567        99,107             0,000       98,524 38,622 26,823    28,953      67,448           0,000     53,448 2024-02-10  78,308  65,592      71,345        99,261             0,000       98,777 45,607 35,704    30,136      67,888           0,000     54,464 2024-02-11  85,039  77,043      72,194        99,360             0,000       98,943 38,811 27,658    29,766      68,470           0,000     54,475 xxxxxxxxxx xxxxxx xxxxxxx xxxxxxxxxxx xxxxxxxxxxxxx xxxxxxxxxxxxxxxxx xxxxxxxxxxxx xxxxxx xxxxxx xxxxxxxxx xxxxxxxxxxx xxxxxxxxxxxxxxx xxxxxxxxxx 
                                                                                                                                                                                                                                                                                                                                                                                                                                                                                                                                                                                                                                                                                                                                                                                                                                                                                                                                                                                                                                                                                                                                                                                                                                                                                                                                                                                                                                                                                                                                                                                                                           
TFS-0.45-0                996           893           103                 104           64            28             12                  0 referenceSolver          86,545               79,331     79,000      99,000            0,000       99,000            39,604                 31,191   31,000    51,000           0,000     60,000             56,963                  92              920 2024-02-05  88,715  83,536      83,536        97,917             0,000       96,607 30,950 25,293    25,293      47,917           0,000     36,607 2024-02-06  87,171  79,731      81,867        98,750             0,000       98,061 41,192 30,333    27,504      56,875           0,000     44,898 2024-02-07  87,325  80,499      81,439        99,107             0,000       98,623 42,266 31,130    28,640      60,714           0,000     49,275 2024-02-08  84,650  75,887      80,076        98,504             0,000       98,956 39,272 32,948    29,697      58,333           0,000     49,038 2024-02-09  86,335  78,904      79,835        98,785             0,000       99,159 41,690 33,004    30,378      59,115           0,000     50,332 2024-02-10  87,138  79,884      79,843        98,977             0,000       99,190 45,139 35,220    31,155      60,307           0,000     51,944 2024-02-11  84,225  76,471      79,331        99,116             0,000       99,295 38,944 31,391    31,191      60,417           0,000     51,855 xxxxxxxxxx xxxxxx xxxxxxx xxxxxxxxxxx xxxxxxxxxxxxx xxxxxxxxxxxxxxxxx xxxxxxxxxxxx xxxxxx xxxxxx xxxxxxxxx xxxxxxxxxxx xxxxxxxxxxxxxxx xxxxxxxxxx 
TFS-0.45-0                996           893           103                 104           64            28             12                  0    randomSolver          79,569               68,913     68,000      98,000            0,000       99,000            40,054                 30,499   30,000    54,000           0,000     64,000           1421,699                 100              996 2024-02-05  77,034  67,539      67,539        98,413             0,000       92,361 35,779 28,672    28,672      63,889           0,000     42,708 2024-02-06  85,756  77,789      72,664        99,248             0,000       96,099 38,338 26,942    27,807      65,132           0,000     48,936 2024-02-07  80,459  70,192      71,840        99,507             0,000       97,304 40,926 29,167    28,260      65,517           0,000     52,941 2024-02-08  74,585  59,419      68,618        99,652             0,000       98,029 39,625 32,224    29,289      62,805           0,000     52,151 2024-02-09  82,039  71,490      69,217        99,725             0,000       98,459 40,687 32,639    29,988      62,260           0,000     52,101 2024-02-10  78,151  66,013      68,664        99,770             0,000       98,727 42,666 32,639    30,445      63,508           0,000     52,951 2024-02-11  79,226  70,380      68,913        99,799             0,000       98,791 42,252 30,813    30,499      64,613           0,000     54,475 xxxxxxxxxx xxxxxx xxxxxxx xxxxxxxxxxx xxxxxxxxxxxxx xxxxxxxxxxxxxxxxx xxxxxxxxxxxx xxxxxx xxxxxx xxxxxxxxx xxxxxxxxxxx xxxxxxxxxxxxxxx xxxxxxxxxx 
                                                                                                                                                                                                                                                                                                                                                                                                                                                                                                                                                                                                                                                                                                                                                                                                                                                                                                                                                                                                                                                                                                                                                                                                                                                                                                                                                                                                                                                                                                                                                                                                                           
 TFS-0.5-0               1095           992           103                 110           70            28             12                  0 referenceSolver          83,512               75,971     75,000      99,000            0,000      100,000            39,398                 31,264   31,000    55,000           0,000     59,000             67,346                  96             1057 2024-02-05  90,774  86,254      86,254       100,000             0,000       99,000 31,308 25,000    25,000      47,917           0,000     41,000 2024-02-06  85,207  78,735      82,663       100,000             0,000       99,444 42,029 33,268    28,949      56,875           0,000     48,889 2024-02-07  84,287  76,692      80,816       100,000             0,000       99,615 41,924 32,813    30,144      58,621           0,000     52,308 2024-02-08  84,492  76,861      79,847       100,000             0,000       99,706 37,123 30,787    30,302      56,875           0,000     51,471 2024-02-09  81,059  72,722      78,373       100,000             0,000       99,499 39,945 31,561    30,562      57,908           0,000     52,453 2024-02-10  79,927  71,589      77,239       100,000             0,000       99,571 44,543 33,429    31,041      59,267           0,000     55,500 2024-02-11  77,696  68,138      75,971       100,000             0,000       99,625 40,347 32,639    31,264      59,515           0,000     55,682 xxxxxxxxxx xxxxxx xxxxxxx xxxxxxxxxxx xxxxxxxxxxxxx xxxxxxxxxxxxxxxxx xxxxxxxxxxxx xxxxxx xxxxxx xxxxxxxxx xxxxxxxxxxx xxxxxxxxxxxxxxx xxxxxxxxxx 
 TFS-0.5-0               1095           992           103                 110           70            28             12                  0    randomSolver          79,061               68,905     68,000      99,000            0,000       99,000            40,522                 31,587   31,000    55,000           0,000     65,000           2853,740                 100             1095 2024-02-05  82,063  74,763      74,763        94,805             0,000       95,963 34,536 27,778    27,778      52,273           0,000     44,565 2024-02-06  77,512  67,107      70,817        97,143             0,000       97,937 41,943 32,432    30,176      61,875           0,000     51,111 2024-02-07  80,226  71,503      71,053        98,030             0,000       98,593 40,561 29,596    29,977      65,517           0,000     54,545 2024-02-08  79,939  68,290      70,394        98,606             0,000       98,968 39,732 31,754    30,401      62,805           0,000     53,889 2024-02-09  78,371  67,286      69,757        98,880             0,000       99,068 41,748 33,520    31,040      63,480           0,000     53,913 2024-02-10  75,578  63,366      68,657        99,063             0,000       99,229 42,422 32,384    31,271      64,549           0,000     54,856 2024-02-11  79,989  70,460      68,905        99,184             0,000       99,330 42,630 33,565    31,587      65,536           0,000     55,156 xxxxxxxxxx xxxxxx xxxxxxx xxxxxxxxxxx xxxxxxxxxxxxx xxxxxxxxxxxxxxxxx xxxxxxxxxxxx xxxxxx xxxxxx xxxxxxxxx xxxxxxxxxxx xxxxxxxxxxxxxxx xxxxxxxxxx 
                                                                                                                                                                                                                                                                                                                                                                                                                                                                                                                                                                                                                                                                                                                                                                                                                                                                                                                                                                                                                                                                                                                                                                                                                                                                                                                                                                                                                                                                                                                                                                                                                           
 TFS-0.6-0               1293          1190           103                 120           80            28             12                  0 referenceSolver          83,634               76,938     76,000      99,000            0,000      100,000            39,837                 32,598   32,000    55,000           0,000     61,000            112,196                  91             1188 2024-02-05  89,470  85,475      85,475       100,000             0,000       97,308 31,375 25,885    25,885      52,273           0,000     39,423 2024-02-06  82,933  75,199      80,908       100,000             0,000       98,478 42,047 33,952    29,470      56,875           0,000     47,826 2024-02-07  79,234  71,630      77,844       100,000             0,000       98,906 44,931 36,561    31,812      60,714           0,000     53,125 2024-02-08  84,696  77,615      77,790       100,000             0,000       99,176 35,013 29,384    31,235      57,566           0,000     51,471 2024-02-09  82,169  74,782      77,191       100,000             0,000       99,340 43,834 36,458    32,274      59,783           0,000     52,830 2024-02-10  86,180  80,572      77,745       100,000             0,000       99,444 44,351 34,450    32,631      62,037           0,000     54,960 2024-02-11  79,588  72,217      76,938       100,000             0,000       99,514 39,116 32,407    32,598      61,694           0,000     55,208 xxxxxxxxxx xxxxxx xxxxxxx xxxxxxxxxxx xxxxxxxxxxxxx xxxxxxxxxxxxxxxxx xxxxxxxxxxxx xxxxxx xxxxxx xxxxxxxxx xxxxxxxxxxx xxxxxxxxxxxxxxx xxxxxxxxxx 
 TFS-0.6-0               1293          1190           103                 120           80            28             12                  0    randomSolver          76,779               67,163     67,000      98,000            0,000       99,000            39,546                 31,960   31,000    55,000           0,000     61,000           2512,391                 100             1293 2024-02-05  77,603  70,022      70,022        98,810             0,000       91,319 33,776 28,788    28,788      47,917           0,000     42,708 2024-02-06  75,902  66,263      68,107        99,351             0,000       95,471 38,263 29,349    29,074      56,250           0,000     50,000 2024-02-07  76,357  66,605      67,600        99,554             0,000       96,981 40,855 33,177    30,459      59,375           0,000     52,174 2024-02-08  80,292  70,711      68,325        99,675             0,000       97,736 37,889 29,572    30,252      58,523           0,000     52,717 2024-02-09  75,792  64,930      67,641        99,740             0,000       98,204 42,718 36,084    31,428      58,864           0,000     53,448 2024-02-10  78,197  68,287      67,748        99,784             0,000       98,512 42,801 34,659    31,964      59,659           0,000     54,464 2024-02-11  73,350  63,725      67,163        99,810             0,000       98,620 40,490 31,936    31,960      61,167           0,000     55,156 xxxxxxxxxx xxxxxx xxxxxxx xxxxxxxxxxx xxxxxxxxxxxxx xxxxxxxxxxxxxxxxx xxxxxxxxxxxx xxxxxx xxxxxx xxxxxxxxx xxxxxxxxxxx xxxxxxxxxxxxxxx xxxxxxxxxx 
                                                                                                                                                                                                                                                                                                                                                                                                                                                                                                                                                                                                                                                                                                                                                                                                                                                                                                                                                                                                                                                                                                                                                                                                                                                                                                                                                                                                                                                                                                                                                                                                                           
 TFS-0.7-0               1491          1388           103                 132           92            28             12                  0 referenceSolver          84,132               78,461     78,000      99,000            0,000       99,000            38,502                 31,976   31,000    53,000           0,000     61,000            157,413                  89             1339 2024-02-05  89,875  86,346      86,346       100,000             0,000       98,077 31,848 27,264    27,264      52,273           0,000     39,423 2024-02-06  83,654  77,746      82,267       100,000             0,000       98,936 41,445 35,492    31,167      56,875           0,000     46,809 2024-02-07  82,068  75,225      80,135       100,000             0,000       99,265 41,508 34,156    32,072      60,714           0,000     50,000 2024-02-08  83,649  77,448      79,492        99,123             0,000       99,444 36,693 33,043    32,304      57,566           0,000     48,611 2024-02-09  82,936  77,146      79,020        99,275             0,000       99,421 38,746 30,748    31,992      59,783           0,000     50,450 2024-02-10  86,752  81,872      79,463        99,383             0,000       99,509 41,647 31,661    31,940      62,037           0,000     52,863 2024-02-11  78,992  72,483      78,461        99,462             0,000       99,485 39,024 32,190    31,976      61,694           0,000     53,859 xxxxxxxxxx xxxxxx xxxxxxx xxxxxxxxxxx xxxxxxxxxxxxx xxxxxxxxxxxxxxxxx xxxxxxxxxxxx xxxxxx xxxxxx xxxxxxxxx xxxxxxxxxxx xxxxxxxxxxxxxxx xxxxxxxxxx 
 TFS-0.7-0               1491          1388           103                 132           92            28             12                  0    randomSolver          75,600               67,176     67,000      98,000            0,000       98,000            39,316                 32,283   32,000    55,000           0,000     64,000           4816,815                 100             1491 2024-02-05  75,324  68,715      68,715        90,801             0,000       92,919 35,158 30,508    30,508      52,273           0,000     44,565 2024-02-06  74,306  65,271      66,954        95,181             0,000       96,381 41,836 35,256    32,935      58,929           0,000     51,111 2024-02-07  75,934  68,004      67,301        96,627             0,000       97,495 40,456 31,487    32,456      63,333           0,000     55,385 2024-02-08  76,901  68,113      67,510        97,532             0,000       98,170 38,123 31,703    32,263      62,805           0,000     54,494 2024-02-09  76,101  66,594      67,328        98,016             0,000       98,460 38,850 31,952    32,201      63,480           0,000     53,913 2024-02-10  75,570  67,221      67,310        98,341             0,000       98,592 43,229 34,410    32,568      64,549           0,000     56,066 2024-02-11  75,028  66,383      67,176        98,575             0,000       98,709 37,686 30,609    32,283      64,613           0,000     55,854 xxxxxxxxxx xxxxxx xxxxxxx xxxxxxxxxxx xxxxxxxxxxxxx xxxxxxxxxxxxxxxxx xxxxxxxxxxxx xxxxxx xxxxxx xxxxxxxxx xxxxxxxxxxx xxxxxxxxxxxxxxx xxxxxxxxxx 
                                                                                                                                                                                                                                                                                                                                                                                                                                                                                                                                                                                                                                                                                                                                                                                                                                                                                                                                                                                                                                                                                                                                                                                                                                                                                                                                                                                                                                                                                                                                                                                                                           
 TFS-0.8-0               1690          1587           103                 144          104            28             12                  0 referenceSolver          82,653               77,090     77,000      99,000            0,000       99,000            37,481                 31,493   31,000    52,000           0,000     61,000            212,213                  88             1496 2024-02-05  84,864  80,247      80,247        97,727             0,000       97,407 31,089 27,063    27,063      52,273           0,000     37,963 2024-02-06  82,405  76,676      78,630        98,684             0,000       98,511 40,698 33,745    30,088      59,868           0,000     46,809 2024-02-07  84,440  79,652      78,961        99,074             0,000       98,955 38,585 31,090    30,412      62,963           0,000     50,746 2024-02-08  83,344  77,218      78,549        99,324             0,000       99,213 36,677 31,346    30,633      61,486           0,000     50,140 2024-02-09  82,792  77,689      78,373        99,457             0,000       99,227 38,508 31,316    30,773      61,685           0,000     52,294 2024-02-10  80,766  74,042      77,648        99,554             0,000       99,151 39,386 33,087    31,160      61,384           0,000     52,820 2024-02-11  79,763  73,860      77,090        99,615             0,000       99,258 38,575 33,420    31,493      61,346           0,000     52,961 xxxxxxxxxx xxxxxx xxxxxxx xxxxxxxxxxx xxxxxxxxxxxxx xxxxxxxxxxxxxxxxx xxxxxxxxxxxx xxxxxx xxxxxx xxxxxxxxx xxxxxxxxxxx xxxxxxxxxxxxxxx xxxxxxxxxx 
 TFS-0.8-0               1690          1587           103                 144          104            28             12                  0    randomSolver          73,877               65,945     65,000      98,000            0,000       99,000            39,308                 32,782   32,000    56,000           0,000     67,000           3501,298                 100             1690 2024-02-05  73,443  66,786      66,786        98,413             0,000       91,815 35,934 31,792    31,792      63,889           0,000     42,708 2024-02-06  73,931  65,929      66,356        99,206             0,000       95,730 39,205 32,054    31,924      68,750           0,000     50,000 2024-02-07  76,745  69,677      67,474        99,471             0,000       97,111 38,330 30,739    31,525      70,370           0,000     52,941 2024-02-08  74,153  65,359      66,961        99,624             0,000       97,817 37,804 30,820    31,354      67,763           0,000     53,889 2024-02-09  73,988  65,772      66,721        99,702             0,000       98,009 40,485 33,787    31,845      67,448           0,000     54,867 2024-02-10  72,382  63,533      66,178        99,754             0,000       98,346 42,647 35,680    32,499      67,888           0,000     56,066 2024-02-11  72,525  64,567      65,945        99,790             0,000       98,478 40,641 34,457    32,782      67,463           0,000     56,571 xxxxxxxxxx xxxxxx xxxxxxx xxxxxxxxxxx xxxxxxxxxxxxx xxxxxxxxxxxxxxxxx xxxxxxxxxxxx xxxxxx xxxxxx xxxxxxxxx xxxxxxxxxxx xxxxxxxxxxxxxxx xxxxxxxxxx 
                                                                                                                                                                                                                                                                                                                                                                                                                                                                                                                                                                                                                                                                                                                                                                                                                                                                                                                                                                                                                                                                                                                                                                                                                                                                                                                                                                                                                                                                                                                                                                                                                           
 TFS-0.9-0               1888          1785           103                 154          114            28             12                  0 referenceSolver          81,033               75,711     75,000      99,000            0,000       99,000            38,505                 33,584   33,000    53,000           0,000     61,000            261,852                  96             1829 2024-02-05  87,065  83,035      83,035        97,917             0,000       99,259 28,663 24,433    24,433      47,917           0,000     37,963 2024-02-06  81,273  76,280      79,796        98,750             0,000       99,574 40,147 34,306    29,167      56,875           0,000     46,809 2024-02-07  80,432  75,078      78,257        99,107             0,000       99,706 39,522 33,707    30,647      60,714           0,000     50,000 2024-02-08  82,466  77,206      77,991        99,359             0,000       99,778 37,864 34,337    31,580      58,333           0,000     49,583 2024-02-09  78,678  73,061      77,033        99,468             0,000       99,562 40,532 34,583    32,164      60,372           0,000     51,351 2024-02-10  80,096  74,516      76,616        99,554             0,000       99,632 42,366 36,254    32,841      61,384           0,000     53,220 2024-02-11  76,400  70,338      75,711        99,615             0,000       99,678 41,727 37,997    33,584      61,346           0,000     53,311 xxxxxxxxxx xxxxxx xxxxxxx xxxxxxxxxxx xxxxxxxxxxxxx xxxxxxxxxxxxxxxxx xxxxxxxxxxxx xxxxxx xxxxxx xxxxxxxxx xxxxxxxxxxx xxxxxxxxxxxxxxx xxxxxxxxxx 
 TFS-0.9-0               1888          1785           103                 154          114            28             12                  0    randomSolver          72,802               65,405     65,000      97,000            0,000       98,000            39,802                 33,983   33,000    57,000           0,000     64,000           5051,432                 100             1888 2024-02-05  77,299  74,252      74,252        85,952             0,000       87,078 33,810 28,577    28,577      57,500           0,000     46,591 2024-02-06  71,969  64,070      68,893        92,976             0,000       93,389 40,219 33,939    31,400      61,875           0,000     53,488 2024-02-07  72,040  64,735      67,451        95,156             0,000       95,488 40,164 32,977    31,947      65,517           0,000     57,143 2024-02-08  73,026  64,764      66,759        96,488             0,000       96,694 39,928 34,816    32,686      64,375           0,000     56,395 2024-02-09  74,903  66,669      66,741        97,246             0,000       97,310 39,699 34,298    33,009      63,480           0,000     55,856 2024-02-10  71,244  62,541      66,008        97,734             0,000       97,683 41,471 35,563    33,455      63,508           0,000     56,481 2024-02-11  69,483  61,921      65,405        98,021             0,000       97,968 42,804 37,039    33,983      64,613           0,000     57,305 xxxxxxxxxx xxxxxx xxxxxxx xxxxxxxxxxx xxxxxxxxxxxxx xxxxxxxxxxxxxxxxx xxxxxxxxxxxx xxxxxx xxxxxx xxxxxxxxx xxxxxxxxxxx xxxxxxxxxxxxxxx xxxxxxxxxx 
                                                                                                                                                                                                                                                                                                                                                                                                                                                                                                                                                                                                                                                                                                                                                                                                                                                                                                                                                                                                                                                                                                                                                                                                                                                                                                                                                                                                                                                                                                                                                                                                                           
 TFS-1.0-0               2086          1983           103                 166          126            28             12                  0 referenceSolver          80,664               75,922     75,000      98,000            0,000       99,000            37,806                 33,235   33,000    53,000           0,000     60,000            341,649                  94             1973 2024-02-05  87,095  84,456      84,456        97,727             0,000       95,385 29,678 25,694    25,694      52,273           0,000     39,423 2024-02-06  78,702  73,193      79,057        98,750             0,000       97,447 40,768 36,333    30,794      56,875           0,000     46,809 2024-02-07  77,876  72,295      76,931        99,107             0,000       98,209 40,588 34,947    32,100      60,714           0,000     50,746 2024-02-08  81,538  77,096      76,972        98,465             0,000       98,277 36,486 33,245    32,387      57,566           0,000     50,140 2024-02-09  79,471  74,086      76,379        98,759             0,000       98,631 37,635 32,753    32,462      58,511           0,000     50,893 2024-02-10  81,177  76,551      76,407        98,939             0,000       98,847 41,567 35,470    32,961      60,909           0,000     52,820 2024-02-11  77,889  72,975      75,922        99,074             0,000       98,985 39,044 34,900    33,235      60,714           0,000     53,311 xxxxxxxxxx xxxxxx xxxxxxx xxxxxxxxxxx xxxxxxxxxxxxx xxxxxxxxxxxxxxxxx xxxxxxxxxxxx xxxxxx xxxxxx xxxxxxxxx xxxxxxxxxxx xxxxxxxxxxxxxxx xxxxxxxxxx 
 TFS-1.0-0               2086          1983           103                 166          126            28             12                  0    randomSolver          72,901               65,994     65,000      99,000            0,000       98,000            39,087                 33,784   33,000    56,000           0,000     65,000           6834,491                 100             2086 2024-02-05  75,801  70,797      70,797        92,424             0,000       94,102 32,931 28,543    28,543      52,273           0,000     46,591 2024-02-06  69,015  61,638      66,048        95,833             0,000       96,982 40,465 34,722    31,747      61,875           0,000     53,488 2024-02-07  74,584  67,633      66,563        97,222             0,000       98,004 39,695 33,778    32,407      63,333           0,000     55,385 2024-02-08  75,315  68,233      66,986        97,967             0,000       98,542 38,270 33,470    32,676      62,805           0,000     54,494 2024-02-09  72,768  64,987      66,571        98,366             0,000       98,872 38,979 34,144    32,980      63,480           0,000     53,913 2024-02-10  71,454  64,261      66,177        98,634             0,000       98,949 43,445 37,567    33,763      64,549           0,000     55,657 2024-02-11  71,518  64,904      65,994        98,810             0,000       99,003 39,611 33,909    33,784      65,536           0,000     56,210 xxxxxxxxxx xxxxxx xxxxxxx xxxxxxxxxxx xxxxxxxxxxxxx xxxxxxxxxxxxxxxxx xxxxxxxxxxxx xxxxxx xxxxxx xxxxxxxxx xxxxxxxxxxx xxxxxxxxxxxxxxx xxxxxxxxxx 
                                                                                                                                                                                                                                                                                                                                                                                                                                                                                                                                                                                                                                                                                                                                                                                                                                                                                                                                                                                                                                                                                                                                                                                                                                                                                                                                                                                                                                                                                                                                                                                                                           
MAD-0.05-0                588           397           191                 218          155            30             24                 15 referenceSolver          97,186               95,070     95,000      98,000          100,000       99,000            46,385                 16,710   23,000    78,000          79,000     75,000             73,268                  86              509 2024-02-05 100,000 100,000     100,000       100,000           100,000      100,000 40,331 14,844    20,262      64,063          66,667     62,083 2024-02-06  98,601  97,342      98,874       100,000           100,000      100,000 46,162 15,458    21,222      68,103          73,000     71,154 2024-02-07  96,925  94,489      97,599       100,000           100,000      100,000 45,285 16,785    21,575      71,795          75,714     73,818 2024-02-08  94,965  92,736      96,331       100,000           100,000       98,958 47,011 17,500    22,076      73,980          77,222     75,651 2024-02-09  97,261  94,385      96,117       100,000           100,000       98,814 50,762 17,813    22,594      74,375          78,182     77,172 2024-02-10  94,705  90,848      95,539        99,048           100,000       98,665 51,745 18,643    23,046      75,714          78,846     77,738 2024-02-11  96,723  94,089      95,390        99,177           100,000       98,503 46,264 16,789    23,016      75,772          79,333     78,241 xxxxxxxxxx xxxxxx xxxxxxx xxxxxxxxxxx xxxxxxxxxxxxx xxxxxxxxxxxxxxxxx xxxxxxxxxxxx xxxxxx xxxxxx xxxxxxxxx xxxxxxxxxxx xxxxxxxxxxxxxxx xxxxxxxxxx 
MAD-0.05-0                588           397           191                 218          155            30             24                 15    randomSolver          96,211               94,652     94,000      96,000           98,000       98,000            45,912                 16,368   21,000    73,000          68,000     67,000           2790,122                  96              567 2024-02-05  94,692  93,284      92,813       100,000           100,000       91,556 46,115 16,625    21,094      64,063          66,667     75,417 2024-02-06  96,200  96,583      94,835        97,849            97,778       93,944 45,508 15,458    21,321      66,129          67,500     73,576 2024-02-07  97,905  97,606      95,883        98,519            98,485       94,852 45,852 15,338    21,134      67,778          68,750     75,347 2024-02-08  96,497  94,586      95,474        98,870            98,851       95,306 45,982 16,204    21,379      68,644          69,397     75,469 2024-02-09  96,836  94,228      95,336        99,111            98,174       95,707 46,250 16,984    21,511      67,667          69,178     74,319 2024-02-10  97,206  96,152      95,393        99,267            98,485       95,775 44,680 16,013    21,373      67,033          68,750     73,947 2024-02-11  94,040  89,269      94,731        98,742            98,058       96,378 47,060 18,307    21,984      67,217          68,689     73,502 xxxxxxxxxx xxxxxx xxxxxxx xxxxxxxxxxx xxxxxxxxxxxxx xxxxxxxxxxxxxxxxx xxxxxxxxxxxx xxxxxx xxxxxx xxxxxxxxx xxxxxxxxxxx xxxxxxxxxxxxxxx xxxxxxxxxx 
                                                                                                                                                                                                                                                                                                                                                                                                                                                                                                                                                                                                                                                                                                                                                                                                                                                                                                                                                                                                                                                                                                                                                                                                                                                                                                                                                                                                                                                                                                                                                                                                                           
 MAD-0.1-0                984           793           191                 218          155            30             24                 15 referenceSolver          92,694               88,776     89,000      98,000          100,000       98,000            42,202                 20,561   23,000    78,000          79,000     76,000            194,685                  87              860 2024-02-04 100,000 100,000     100,000         0,000             0,000        0,000 14,583 14,583    14,583       0,000           0,000      0,000 2024-02-05  98,792  98,041      98,222       100,000           100,000      100,000 34,080 15,625    17,843      64,063          66,667     62,083 2024-02-06  93,393  89,759      94,760       100,000           100,000      100,000 41,146 19,870    20,164      66,964          73,000     71,154 2024-02-07  92,736  88,113      93,198       100,000           100,000      100,000 45,100 22,096    21,496      71,053          75,714     73,818 2024-02-08  90,229  85,788      91,667       100,000           100,000       98,556 44,340 21,889    22,273      73,438          77,222     75,955 2024-02-09  89,499  84,374      90,499        98,851           100,000       98,645 44,847 22,154    22,821      75,216          78,182     77,172 2024-02-10  89,682  84,667      89,732        98,039           100,000       98,331 44,667 21,286    23,079      76,471          78,846     78,051 2024-02-11 91,532  86,144      89,380        98,312           100,000       98,237 46,026 23,611    23,538      76,424          79,333     78,421 
 MAD-0.1-0                984           793           191                 218          155            30             24                 15    randomSolver          92,445               88,952     89,000      95,000           98,000       98,000            39,650                 18,693   22,000    73,000          68,000     67,000           4956,496                  97              962 2024-02-04 100,000 100,000     100,000         0,000             0,000        0,000 14,583 14,583    14,583       0,000           0,000      0,000 2024-02-05  90,865  88,327      89,457        90,476            95,556       96,111 40,449 18,378    21,662      73,214          68,333     72,569 2024-02-06  91,918  87,687      88,566        95,556            97,778       95,251 38,204 18,887    21,539      68,333          67,500     70,486 2024-02-07  91,407  87,356      88,440        96,970            98,485       95,167 41,985 18,992    22,123      69,318          68,750     73,796 2024-02-08  90,776  86,231      87,932        97,701            98,851       95,092 40,887 19,282    21,881      69,828          69,397     74,670 2024-02-09  94,022  91,043      88,627        98,198            98,174       95,077 38,555 18,329    21,670      68,581          69,178     74,444 2024-02-10  93,347  89,257      88,844        98,519            98,485       95,620 38,457 18,439    21,849      67,778          68,750     73,495 2024-02-11 94,439  92,162      89,388        98,095            98,706       95,928 39,851 18,726    22,143      67,857          68,447     73,591 
                                                                                                                                                                                                                                                                                                                                                                                                                                                                                                                                                                                                                                                                                                                                                                                                                                                                                                                                                                                                                                                                                                                                                                                                                                                                                                                                                                                                                                                                                                                                                                                                                           
MAD-0.15-0               1379          1188           191                 218          155            30             24                 15 referenceSolver          90,067               85,922     86,000      98,000          100,000       98,000            39,705                 22,661   24,000    75,000          79,000     76,000            323,732                  85             1184 2024-02-05  95,353  93,347      93,578       100,000           100,000      100,000 31,271 17,521    18,562      64,063          66,667     59,236 2024-02-06  91,635  87,936      91,443       100,000           100,000       98,848 40,344 22,390    20,816      66,964          73,000     69,199 2024-02-07  89,004  83,704      89,563       100,000           100,000       98,598 43,293 24,398    22,180      71,053          75,714     72,309 2024-02-08  85,399  80,066      87,455       100,000           100,000       97,309 42,974 26,418    23,507      73,438          77,222     73,936 2024-02-09  87,457  82,538      86,668        98,851           100,000       97,413 42,819 25,160    24,092      75,216          78,182     74,820 2024-02-10  90,933  86,505      86,711        99,034           100,000       97,825 40,560 21,705    23,986      75,362          78,846     75,045 2024-02-11  88,124  83,653      86,360        98,312           100,000       98,124 41,049 23,582    24,131      76,424          79,333     75,208 xxxxxxxxxx xxxxxx xxxxxxx xxxxxxxxxxx xxxxxxxxxxxxx xxxxxxxxxxxxxxxxx xxxxxxxxxxxx xxxxxx xxxxxx xxxxxxxxx xxxxxxxxxxx xxxxxxxxxxxxxxx xxxxxxxxxx 
MAD-0.15-0               1379          1188           191                 218          155            30             24                 15    randomSolver          87,832               82,865     83,000      95,000          100,000       99,000            37,180                 20,670   22,000    72,000          67,000     66,000           6955,620                  98             1352 2024-02-05  86,947  81,749      82,647       100,000           100,000       93,556 37,983 20,995    23,446      64,063          66,667     75,417 2024-02-06  89,093  84,842      84,068       100,000           100,000       93,406 37,166 20,472    23,286      64,063          66,667     75,243 2024-02-07  87,766  82,096      83,636       100,000           100,000       94,559 38,591 20,052    22,722      66,304          68,182     75,509 2024-02-08  86,868  81,801      83,252       100,000           100,000       94,828 36,806 21,247    22,624      67,500          68,966     74,288 2024-02-09  87,308  83,302      83,289        99,111           100,000       94,574 36,844 21,158    22,837      67,667          68,493     73,278 2024-02-10  89,126  84,431      83,484        99,267           100,000       94,774 36,906 20,182    22,636      67,033          68,182     72,604 2024-02-11  87,786  81,970      83,360        99,377           100,000       95,179 36,111 20,470    22,766      66,589          67,961     72,421 xxxxxxxxxx xxxxxx xxxxxxx xxxxxxxxxxx xxxxxxxxxxxxx xxxxxxxxxxxxxxxxx xxxxxxxxxxxx xxxxxx xxxxxx xxxxxxxxx xxxxxxxxxxx xxxxxxxxxxxxxxx xxxxxxxxxx 
                                                                                                                                                                                                                                                                                                                                                                                                                                                                                                                                                                                                                                                                                                                                                                                                                                                                                                                                                                                                                                                                                                                                                                                                                                                                                                                                                                                                                                                                                                                                                                                                                           
 MAD-0.2-0               1775          1584           191                 218          155            30             24                 15 referenceSolver          86,662               81,595     82,000      97,000          100,000       99,000            41,315                 26,744   27,000    76,000          79,000     75,000            462,209                  86             1534 2024-02-04 100,000 100,000     100,000         0,000             0,000        0,000 14,583 14,583    14,583       0,000           0,000      0,000 2024-02-05  91,147  87,581      88,062       100,000           100,000       99,412 33,403 21,435    21,667      64,063          66,667     59,722 2024-02-06  88,134  83,208      86,249       100,000           100,000       99,041 41,306 25,432    23,501      68,103          73,000     68,429 2024-02-07  88,063  83,427      85,575       100,000           100,000       98,570 42,235 26,598    24,510      71,795          75,714     71,918 2024-02-08  83,808  78,626      84,060       100,000           100,000       97,497 44,313 29,778    25,836      73,980          77,222     74,402 2024-02-09  83,738  77,414      82,928       100,000           100,000       97,972 43,806 29,938    26,665      74,375          78,182     75,072 2024-02-10  83,781  76,879      82,152       100,000           100,000       97,529 45,274 29,433    27,129      74,648          78,846     76,125 2024-02-11 85,789  81,101      82,059        99,177           100,000       97,392 42,730 27,023    27,188      75,772          79,333     76,806 
 MAD-0.2-0               1775          1584           191                 218          155            30             24                 15    randomSolver          82,073               75,191     75,000      95,000           98,000       99,000            38,185                 24,255   26,000    72,000          68,000     66,000           7129,817                  98             1751 2024-02-04 100,000 100,000     100,000         0,000             0,000        0,000 14,583 14,583    14,583       0,000           0,000      0,000 2024-02-05  80,730  72,972      73,297       100,000           100,000       95,171 38,359 25,031    26,652      64,063          66,667     69,722 2024-02-06  84,377  79,347      76,518       100,000            97,778       93,178 37,760 23,390    26,196      64,063          67,500     70,729 2024-02-07  83,505  76,859      76,854       100,000            98,485       94,306 37,959 22,857    25,794      66,304          68,750     72,500 2024-02-08  77,849  69,282      75,160       100,000            98,851       94,356 40,668 25,921    26,197      67,500          69,397     74,410 2024-02-09  80,576  72,639      74,849        99,111            99,087       95,145 38,846 26,471    26,651      67,667          68,836     72,708 2024-02-10  84,622  78,464      75,512        99,267            99,242       95,584 36,087 22,977    26,392      67,033          68,466     71,574 2024-02-11 82,709  76,641      75,793        99,377            98,706       95,580 37,795 23,249    26,149      66,589          68,447     72,014 
                                                                                                                                                                                                                                                                                                                                                                                                                                                                                                                                                                                                                                                                                                                                                                                                                                                                                                                                                                                                                                                                                                                                                                                                                                                                                                                                                                                                                                                                                                                                                                                                                           
MAD-0.25-0               2171          1980           191                 218          155            30             24                 15 referenceSolver          85,404               80,422     81,000      99,000          100,000       99,000            40,529                 27,810   30,000    74,000          79,000     75,000            567,823                  81             1764 2024-02-04 100,000 100,000     100,000         0,000             0,000      100,000 14,583 14,583    14,583       0,000           0,000     14,583 2024-02-05  91,990  88,774      89,354       100,000           100,000      100,000 33,970 22,520    24,315      64,063          66,667     56,389 2024-02-06  82,002  75,458      83,501       100,000           100,000      100,000 43,018 30,251    27,961      66,667          73,000     66,583 2024-02-07  86,206  81,449      83,071       100,000           100,000      100,000 40,879 27,281    28,484      70,625          75,714     69,881 2024-02-08  83,668  78,684      82,257       100,000           100,000       98,889 41,805 27,590    28,847      73,000          77,222     72,130 2024-02-09  84,289  78,965      81,745       100,000           100,000       99,091 41,744 28,926    29,307      73,566          78,182     73,561 2024-02-10  83,257  78,058      81,279        99,061           100,000       99,231 42,735 29,670    29,734      75,000          78,846     74,263 2024-02-11 84,187  78,959      81,039        99,187           100,000       99,333 42,083 29,990    30,086      75,152          79,333     74,778 
MAD-0.25-0               2171          1980           191                 218          155            30             24                 15    randomSolver          78,126               70,463     71,000      93,000           98,000      100,000            39,860                 27,737   28,000    71,000          68,000     65,000          11377,057                  98             2147 2024-02-04 100,000 100,000     100,000         0,000             0,000        0,000 14,583 14,583    14,583       0,000           0,000      0,000 2024-02-05  79,339  72,390      73,788       100,000           100,000       91,736 37,909 25,569    25,514      64,063          66,667     70,694 2024-02-06  74,729  66,073      70,211       100,000            97,778       91,610 40,274 29,567    27,961      64,063          67,500     69,097 2024-02-07  79,421  71,922      71,013       100,000            98,485       92,545 40,548 26,573    28,143      66,304          68,750     72,523 2024-02-08  79,068  71,705      71,276       100,000            98,851       93,157 38,331 25,629    27,766      67,500          69,397     71,458 2024-02-09  77,408  69,795      70,982       100,000            98,174       92,929 41,101 29,429    28,290      66,776          69,178     71,875 2024-02-10  79,494  71,928      71,290       100,000            98,485       93,071 40,071 28,463    28,708      66,304          68,750     71,516 2024-02-11 77,081  68,747      71,070       100,000            98,058       93,422 41,248 29,251    28,953      65,972          68,689     71,964 
                                                                                                                                                                                                                                                                                                                                                                                                                                                                                                                                                                                                                                                                                                                                                                                                                                                                                                                                                                                                                                                                                                                                                                                                                                                                                                                                                                                                                                                                                                                                                                                                                           
 MAD-0.3-0               2567          2376           191                 218          155            30             24                 15 referenceSolver          85,503               80,466     80,000      98,000          100,000       99,000            41,256                 28,444   30,000    74,000          79,000     75,000            770,158                  68             1757 2024-02-04 100,000 100,000     100,000         0,000             0,000      100,000 14,583 14,583    14,583       0,000           0,000     14,583 2024-02-05  90,692  86,852      87,870       100,000           100,000      100,000 35,654 24,578    25,444      64,063          66,667     56,389 2024-02-06  86,033  80,781      84,986       100,000           100,000       98,889 41,731 28,152    27,409      66,667          73,000     65,564 2024-02-07  82,618  77,016      82,682       100,000           100,000       99,074 42,044 29,149    28,483      70,625          75,714     69,513 2024-02-08  84,484  79,996      82,181       100,000           100,000       98,198 42,895 29,670    29,163      73,000          77,222     71,196 2024-02-09  83,398  77,674      81,444       100,000           100,000       98,233 44,939 32,525    30,109      73,566          78,182     72,898 2024-02-10  81,348  75,057      80,596        99,061           100,000       98,501 44,454 31,057    30,526      75,000          78,846     73,690 2024-02-11 87,580  82,951      80,987        99,187           100,000       98,698 40,190 25,852    30,150      75,152          79,333     74,274 
 MAD-0.3-0               2567          2376           191                 218          155            30             24                 15    randomSolver          75,789               67,608     68,000      94,000           98,000       98,000            43,157                 32,581   33,000    70,000          68,000     67,000           8826,967                  98             2536 2024-02-04 100,000 100,000     100,000         0,000             0,000        0,000 14,583 14,583    14,583       0,000           0,000      0,000 2024-02-05  77,078  68,895      71,185       100,000           100,000       93,815 42,669 32,933    33,142      64,063          66,667     66,875 2024-02-06  74,796  66,934      69,162       100,000            97,778       91,467 44,931 34,423    34,159      64,063          67,500     71,215 2024-02-07  75,454  66,572      68,525       100,000            98,485       93,435 43,388 32,525    33,708      66,304          68,750     70,926 2024-02-08  76,256  67,900      68,626       100,000            98,851       94,243 44,334 33,347    33,871      67,500          69,397     71,441 2024-02-09  73,412  64,745      67,974        99,111            98,174       94,280 45,345 34,948    34,225      67,667          69,178     71,764 2024-02-10  75,727  67,082      67,896        99,267            98,485       94,137 42,867 32,630    34,088      67,033          68,750     71,424 2024-02-11 76,884  69,433      68,196        98,742            98,058       94,304 39,634 28,194    33,379      67,217          68,689     70,734 
                                                                                                                                                                                                                                                                                                                                                                                                                                                                                                                                                                                                                                                                                                                                                                                                                                                                                                                                                                                                                                                                                                                                                                                                                                                                                                                                                                                                                                                                                                                                                                                                                           
MAD-0.35-0               2963          2772           191                 238          175            30             24                 15 referenceSolver          84,245               79,793     80,000      96,000          100,000       99,000            40,592                 29,641   30,000    74,000          79,000     75,000           1041,916                  73             2169 2024-02-04 100,000 100,000     100,000         0,000             0,000        0,000 14,583 14,583    14,583       0,000           0,000      0,000 2024-02-05  89,504  85,751      86,566       100,000           100,000      100,000 35,603 25,985    26,286      64,063          66,667     56,389 2024-02-06  81,098  75,790      81,834       100,000           100,000       99,238 42,045 31,250    29,012      66,964          73,000     66,875 2024-02-07  81,993  76,940      80,450       100,000           100,000       98,450 40,660 29,047    29,328      71,053          75,714     68,953 2024-02-08  82,759  78,849      80,118       100,000           100,000       96,614 42,847 31,602    30,082      73,438          77,222     71,671 2024-02-09  84,458  79,359      80,095       100,000           100,000       97,268 42,439 30,876    30,377      73,941          78,182     72,003 2024-02-10  82,664  78,553      79,912        99,034           100,000       96,951 40,717 29,239    30,329      75,362          78,846     73,352 2024-02-11 85,565  81,544      80,192        99,167           100,000       96,918 41,969 30,804    30,511      75,469          79,333     74,161 
MAD-0.35-0               2963          2772           191                 238          175            30             24                 15    randomSolver          75,022               67,330     67,000      93,000           99,000      100,000            42,867                 33,333   34,000    72,000          68,000     65,000          14614,599                  98             2914 2024-02-04 100,000 100,000     100,000         0,000             0,000        0,000 14,583 14,583    14,583       0,000           0,000      0,000 2024-02-05  75,002  66,964      68,971       100,000            95,556       96,000 42,364 33,713    34,496      64,063          68,333     66,875 2024-02-06  75,426  67,792      68,572       100,000            97,778       94,499 43,976 35,344    35,276      64,063          67,500     68,368 2024-02-07  74,656  66,842      68,189       100,000            98,485       94,901 42,502 31,601    34,287      66,304          68,750     71,250 2024-02-08  73,993  65,817      67,795       100,000            98,851       95,284 43,833 33,918    34,570      67,500          69,397     71,806 2024-02-09  75,302  68,311      67,933       100,000            99,087       93,438 43,379 33,489    34,431      66,776          68,836     72,542 2024-02-10  75,260  67,855      68,042       100,000            99,242       93,164 42,246 32,919    34,434      66,304          68,466     72,234 2024-02-11 74,848  66,560      67,940       100,000            99,353       93,451 42,518 32,992    34,376      65,972          68,204     72,242 
                                                                                                                                                                                                                                                                                                                                                                                                                                                                                                                                                                                                                                                                                                                                                                                                                                                                                                                                                                                                                                                                                                                                                                                                                                                                                                                                                                                                                                                                                                                                                                                                                           
 MAD-0.4-0               3358          3167           191                 260          197            30             24                 15 referenceSolver          83,813               79,700     80,000      96,000          100,000       98,000            40,104                 30,058   31,000    73,000          79,000     76,000           1569,941                  72             2423 2024-02-04 100,000 100,000     100,000         0,000             0,000        0,000 14,583 14,583    14,583       0,000           0,000      0,000 2024-02-05  89,671  86,430      87,050       100,000           100,000      100,000 34,354 25,521    26,311      64,063          66,667     56,389 2024-02-06  82,463  77,502      83,037       100,000           100,000       98,229 41,784 31,154    29,031      66,667          73,000     66,136 2024-02-07  83,746  79,809      82,129       100,000           100,000       97,288 40,271 30,150    29,792      70,625          75,714     69,155 2024-02-08  83,077  79,068      81,530       100,000           100,000       96,162 42,179 31,503    30,488      73,000          77,222     71,371 2024-02-09  80,731  76,313      80,617        98,889           100,000       96,081 42,150 31,949    31,015      74,792          78,182     72,643 2024-02-10  82,463  78,667      80,363        98,095           100,000       95,855 39,296 28,494    30,821      76,071          78,846     73,678 2024-02-11 82,515  77,943      80,091        98,354           100,000       96,082 43,005 33,252    31,328      76,080          79,333     73,965 
 MAD-0.4-0               3358          3167           191                 260          197            30             24                 15    randomSolver          73,949               66,685     67,000      93,000           99,000       99,000            42,350                 33,925   34,000    70,000          68,000     66,000          19725,110                  98             3315 2024-02-04 100,000 100,000     100,000         0,000             0,000        0,000 14,583 14,583    14,583       0,000           0,000      0,000 2024-02-05  71,863  63,573      65,196       100,000           100,000       93,819 43,072 35,125    35,530      64,063          66,667     70,208 2024-02-06  74,874  67,630      66,678       100,000           100,000       93,750 40,551 32,650    34,388      64,063          66,667     67,639 2024-02-07  73,819  66,222      66,754       100,000           100,000       94,841 43,198 33,841    34,525      66,304          68,182     70,764 2024-02-08  72,055  64,434      66,312       100,000           100,000       94,768 43,131 34,418    34,747      67,500          68,966     70,851 2024-02-09  74,954  68,540      66,851        99,111           100,000       93,724 42,480 33,570    34,625      67,667          68,493     71,389 2024-02-10  74,112  66,763      66,850        99,267           100,000       93,832 40,297 32,227    34,291      67,033          68,182     70,243 2024-02-11 75,427  68,768      67,143        99,377            99,353       93,772 44,287 36,136    34,575      66,589          68,204     70,675 
                                                                                                                                                                                                                                                                                                                                                                                                                                                                                                                                                                                                                                                                                                                                                                                                                                                                                                                                                                                                                                                                                                                                                                                                                                                                                                                                                                                                                                                                                                                                                                                                                           
MAD-0.45-0               3754          3563           191                 282          219            30             24                 15 referenceSolver          84,287               80,586     80,000      98,000          100,000       98,000            38,817                 28,969   29,000    78,000          79,000     76,000           2229,016                  69             2622 2024-02-04 100,000 100,000     100,000         0,000             0,000        0,000 14,583 14,583    14,583       0,000           0,000      0,000 2024-02-05  88,780  85,604      86,064       100,000           100,000       99,655 33,969 25,305    25,314      64,063          66,667     62,569 2024-02-06  82,661  78,351      82,704       100,000           100,000       99,292 40,432 30,395    27,741      66,964          73,000     71,715 2024-02-07  81,267  76,878      80,943       100,000           100,000       98,893 39,844 29,750    28,486      71,053          75,714     74,437 2024-02-08  82,082  78,199      80,332       100,000           100,000       98,144 40,777 30,584    29,068      73,438          77,222     76,280 2024-02-09  83,860  80,591      80,404        98,851           100,000       98,127 39,985 30,037    29,336      75,216          78,182     77,560 2024-02-10  85,985  82,563      80,760        99,034           100,000       98,051 39,311 29,070    29,358      75,362          78,846     78,065 2024-02-11 84,063  80,599      80,769        98,312           100,000       98,315 38,879 28,580    29,294      76,424          79,333     78,344 
MAD-0.45-0               3754          3563           191                 282          219            30             24                 15    randomSolver          72,632               66,069     66,000      92,000           98,000       99,000            42,164                 34,443   35,000    71,000          68,000     66,000          34637,442                  98             3715 2024-02-04 100,000 100,000     100,000         0,000             0,000        0,000 14,583 14,583    14,583       0,000           0,000      0,000 2024-02-05  70,929  63,751      64,910        95,556            95,556       96,333 41,398 34,463    35,379      68,333          68,333     63,056 2024-02-06  74,964  69,580      67,440        97,849            95,556       92,296 42,693 35,095    35,807      66,129          68,333     67,639 2024-02-07  73,742  67,587      67,538        98,519            96,970       92,080 43,250 34,901    35,604      67,778          69,318     70,949 2024-02-08  72,831  66,190      67,318        98,870            97,701       92,022 42,693 34,777    35,621      68,644          69,828     71,233 2024-02-09  71,578  64,201      66,858        99,111            98,174       92,289 42,275 35,086    35,651      67,667          69,178     70,833 2024-02-10  72,417  65,566      66,721        99,267            98,485       92,360 41,005 33,671    35,406      67,033          68,750     70,255 2024-02-11 71,759  65,249      66,601        99,377            98,058       92,035 42,047 33,295    35,278      66,589          68,689     71,498 
                                                                                                                                                                                                                                                                                                                                                                                                                                                                                                                                                                                                                                                                                                                                                                                                                                                                                                                                                                                                                                                                                                                                                                                                                                                                                                                                                                                                                                                                                                                                                                                                                           
 MAD-0.5-0               4150          3959           191                 306          243            30             24                 15 referenceSolver          83,532               80,004     80,000      97,000          100,000       99,000            38,681                 29,940   30,000    75,000          79,000     75,000           3179,873                  70             2926 2024-02-04 100,000 100,000     100,000         0,000             0,000        0,000 14,583 14,583    14,583       0,000           0,000      0,000 2024-02-05  89,744  87,068      87,760       100,000           100,000      100,000 33,024 25,172    25,643      64,063          66,667     59,236 2024-02-06  82,263  78,549      83,818       100,000           100,000       99,405 39,710 30,617    28,328      66,964          73,000     70,057 2024-02-07  82,386  78,771      82,373       100,000           100,000       98,442 40,702 31,754    29,702      71,053          75,714     72,717 2024-02-08  82,238  78,681      81,644       100,000           100,000       97,750 40,134 31,037    30,220      73,438          77,222     73,925 2024-02-09  80,653  76,664      80,749       100,000           100,000       97,220 39,423 30,541    30,487      73,941          78,182     75,053 2024-02-10  81,247  77,650      80,327        99,034           100,000       96,955 41,467 32,763    31,001      75,362          78,846     75,450 2024-02-11 84,043  80,380      80,404        99,167           100,000       97,128 38,630 29,326    30,903      75,469          79,333     75,647 
 MAD-0.5-0               4150          3959           191                 306          243            30             24                 15    randomSolver          72,032               65,704     66,000      93,000           98,000      100,000            41,357                 34,446   35,000    69,000          68,000     65,000          23070,128                  99             4119 2024-02-04 100,000 100,000     100,000         0,000             0,000        0,000 14,583 14,583    14,583       0,000           0,000      0,000 2024-02-05  69,407  62,570      64,210       100,000           100,000       89,030 41,079 34,444    34,246      64,063          66,667     67,847 2024-02-06  72,902  66,790      65,676       100,000           100,000       90,740 40,773 33,978    34,481      64,063          66,667     68,611 2024-02-07  71,043  64,407      65,402       100,000           100,000       92,132 41,914 34,696    34,819      66,304          68,182     69,676 2024-02-08  72,608  66,398      65,821       100,000           100,000       92,899 42,521 34,795    35,146      67,500          68,966     71,337 2024-02-09  73,304  66,993      66,162       100,000            99,087       93,761 41,366 35,312    35,248      66,776          68,836     69,681 2024-02-10  71,181  64,756      66,049       100,000            99,242       93,690 42,394 35,907    35,457      66,304          68,466     69,606 2024-02-11 73,031  66,906      66,248       100,000            98,706       93,997 40,180 32,651    35,216      65,972          68,447     69,921 
                                                                                                                                                                                                                                                                                                                                                                                                                                                                                                                                                                                                                                                                                                                                                                                                                                                                                                                                                                                                                                                                                                                                                                                                                                                                                                                                                                                                                                                                                                                                                                                                                           
 MAD-0.6-0               4942          4751           191                 350          287            30             24                 15 referenceSolver          82,731               79,650     79,000      96,000          100,000       99,000            37,256                 30,050   30,000    71,000          79,000     75,000           5370,249                  69             3418 2024-02-04 100,000 100,000     100,000         0,000             0,000        0,000 14,583 14,583    14,583       0,000           0,000      0,000 2024-02-05  88,022  85,458      86,269       100,000           100,000       99,922 32,491 26,207    26,147      64,063          66,667     54,514 2024-02-06  78,041  73,887      80,943       100,000           100,000       99,313 39,378 32,076    29,012      66,667          73,000     63,358 2024-02-07  80,191  76,934      79,773       100,000           100,000       98,238 38,542 31,157    29,858      70,625          75,714     67,342 2024-02-08  82,817  79,962      79,858       100,000           100,000       97,397 38,317 30,684    30,192      73,000          77,222     68,909 2024-02-09  82,900  80,308      79,994        98,889           100,000       96,958 37,587 29,991    30,257      74,792          78,182     70,387 2024-02-10  82,805  79,742      79,984        99,061           100,000       96,696 38,905 31,621    30,568      75,000          78,846     70,818 2024-02-11 82,150  78,782      79,876        99,187           100,000       96,752 37,979 30,405    30,610      75,152          79,333     71,310 
 MAD-0.6-0               4942          4751           191                 350          287            30             24                 15    randomSolver          71,305               66,008     66,000      94,000           98,000       98,000            40,925                 34,695   35,000    71,000          68,000     67,000          75267,979                  99             4901 2024-02-04 100,000 100,000     100,000         0,000             0,000        0,000 14,583 14,583    14,583       0,000           0,000      0,000 2024-02-05  68,762  63,479      65,548        95,556            95,556       93,889 42,033 35,763    35,701      68,333          68,333     73,056 2024-02-06  69,879  64,389      65,224        95,556            97,778       92,903 40,652 34,717    35,665      68,333          67,500     71,215 2024-02-07  71,499  66,156      65,646        96,970            98,485       93,405 42,951 36,084    35,836      69,318          68,750     73,935 2024-02-08  71,132  66,081      65,819        97,701            98,851       92,684 41,556 34,570    35,564      69,828          69,397     74,896 2024-02-09  72,413  66,760      66,120        98,198            98,174       93,826 39,394 33,526    35,278      68,581          69,178     73,292 2024-02-10  71,904  66,500      66,241        97,753            98,485       94,476 40,610 35,116    35,263      68,539          68,750     71,667 2024-02-11 72,453  67,144      66,434        98,095            98,706       94,546 40,300 33,993    35,171      67,857          68,447     71,964 
                                                                                                                                                                                                                                                                                                                                                                                                                                                                                                                                                                                                                                                                                                                                                                                                                                                                                                                                                                                                                                                                                                                                                                                                                                                                                                                                                                                                                                                                                                                                                                                                                           
 MAD-0.7-0               5733          5542           191                 396          333            30             24                 15 referenceSolver          82,630               80,081     80,000      96,000          100,000       99,000            36,086                 29,946   30,000    71,000          79,000     75,000           9044,871                  68             3940 2024-02-04 100,000 100,000     100,000         0,000             0,000        0,000 14,583 14,583    14,583       0,000           0,000      0,000 2024-02-05  88,694  86,673      87,234       100,000           100,000       97,028 31,422 26,104    25,870      64,063          66,667     52,153 2024-02-06  81,586  78,856      83,592       100,000           100,000       97,818 37,203 31,076    28,261      66,964          73,000     61,862 2024-02-07  80,967  78,341      82,017       100,000           100,000       97,868 37,247 30,939    29,157      71,053          75,714     66,231 2024-02-08  82,101  79,897      81,547       100,000           100,000       96,081 37,213 30,390    29,492      73,438          77,222     69,020 2024-02-09  81,078  78,173      80,947       100,000           100,000       96,198 37,031 30,709    29,757      73,941          78,182     70,012 2024-02-10  79,785  76,796      80,313       100,000           100,000       96,582 38,284 32,223    30,180      74,286          78,846     71,089 2024-02-11 81,815  79,317      80,212        99,167           100,000       96,806 36,379 29,808    30,149      75,469          79,333     71,380 
 MAD-0.7-0               5733          5542           191                 396          333            30             24                 15    randomSolver          70,652               65,790     66,000      93,000           98,000      100,000            40,120                 34,834   35,000    70,000          68,000     65,000          47784,735                  99             5688 2024-02-04 100,000 100,000     100,000         0,000             0,000        0,000 14,583 14,583    14,583       0,000           0,000      0,000 2024-02-05  71,045  66,210      67,581       100,000           100,000       90,739 40,378 35,096    34,505      64,063          66,667     71,667 2024-02-06  69,896  65,100      66,620       100,000            97,778       91,511 41,957 37,208    36,166      64,063          67,500     70,035 2024-02-07  70,560  65,686      66,449       100,000            98,485       92,266 40,576 34,318    35,819      66,304          68,750     73,148 2024-02-08  70,440  65,302      66,294       100,000            98,851       93,793 39,751 34,273    35,550      67,500          69,397     72,396 2024-02-09  69,985  64,987      66,078       100,000            99,087       93,871 40,072 34,606    35,474      66,776          68,836     72,528 2024-02-10  70,193  65,463      66,010       100,000            98,485       93,573 40,206 36,216    35,660      66,304          68,750     69,769 2024-02-11 71,535  66,531      66,156       100,000            98,706       93,912 38,692 32,851    35,329      65,972          68,447     70,536 
                                                                                                                                                                                                                                                                                                                                                                                                                                                                                                                                                                                                                                                                                                                                                                                                                                                                                                                                                                                                                                                                                                                                                                                                                                                                                                                                                                                                                                                                                                                                                                                                                           
 MAD-0.8-0               6525          6334           191                 440          377            30             24                 15 referenceSolver          81,512               79,067     79,000      97,000          100,000       98,000            36,153                 30,202   30,000    77,000          79,000     76,000          12538,578                  70             4609 2024-02-04 100,000 100,000     100,000         0,000             0,000        0,000 14,583 14,583    14,583       0,000           0,000      0,000 2024-02-05  88,333  86,378      87,064       100,000           100,000      100,000 31,320 25,989    26,083      64,063          66,667     59,236 2024-02-06  80,722  78,023      83,157       100,000           100,000      100,000 36,586 30,458    28,353      66,964          73,000     69,199 2024-02-07  80,134  77,626      81,487       100,000           100,000       98,648 36,800 30,805    29,332      71,053          75,714     72,714 2024-02-08  78,878  76,404      80,335       100,000           100,000       97,366 37,440 31,386    29,978      73,438          77,222     75,202 2024-02-09  79,256  76,705      79,710        98,851           100,000       97,418 38,699 32,417    30,554      75,216          78,182     76,535 2024-02-10  80,005  77,596      79,412        98,039           100,000       97,234 37,177 30,926    30,722      76,471          78,846     77,269 2024-02-11 80,911  78,349      79,296        98,312           100,000       97,274 37,106 31,012    30,856      76,424          79,333     77,711 
 MAD-0.8-0               6525          6334           191                 440          377            30             24                 15    randomSolver          70,098               65,860     66,000      93,000           98,000      100,000            39,835                 35,129   35,000    70,000          68,000     65,000         123574,929                  99             6482 2024-02-04 100,000 100,000     100,000         0,000             0,000        0,000 14,583 14,583    14,583       0,000           0,000      0,000 2024-02-05  71,350  67,179      68,858       100,000            95,556       95,556 39,053 34,119    33,983      64,063          68,333     72,083 2024-02-06  71,950  68,117      68,575       100,000            97,778       92,182 39,313 34,648    34,386      64,063          67,500     71,458 2024-02-07  67,285  62,607      66,708       100,000            98,485       93,077 40,511 35,406    34,825      66,304          68,750     72,361 2024-02-08  69,092  64,720      66,308       100,000            98,851       93,671 40,807 36,009    35,287      67,500          69,397     72,170 2024-02-09  71,038  66,886      66,475       100,000            98,174       93,878 40,008 35,674    35,447      66,776          69,178     71,111 2024-02-10  70,744  66,609      66,527       100,000            98,485       93,470 39,887 35,617    35,532      66,304          68,750     70,093 2024-02-11 68,220  63,623      66,157       100,000            98,058       93,292 40,097 35,193    35,557      65,972          68,689     70,615 
                                                                                                                                                                                                                                                                                                                                                                                                                                                                                                                                                                                                                                                                                                                                                                                                                                                                                                                                                                                                                                                                                                                                                                                                                                                                                                                                                                                                                                                                                                                                                                                                                           
 MAD-0.9-0               7316          7125           191                 486          423            30             24                 15 referenceSolver          81,362               79,123     79,000      95,000          100,000       99,000            35,942                 30,721   30,000    73,000          79,000     75,000          17600,412                  70             5175 2024-02-04 100,000 100,000     100,000         0,000             0,000        0,000 14,583 14,583    14,583       0,000           0,000      0,000 2024-02-05  86,816  84,974      85,507       100,000           100,000       96,321 30,636 25,940    25,527      64,063          66,667     58,819 2024-02-06  79,535  76,969      81,782       100,000           100,000       96,471 36,555 30,989    27,966      68,103          73,000     67,388 2024-02-07  80,148  77,856      80,613       100,000           100,000       96,276 36,450 30,971    28,859      71,795          75,714     69,848 2024-02-08  79,431  77,204      79,801       100,000           100,000       95,330 37,701 32,440    29,700      73,980          77,222     71,419 2024-02-09  80,317  78,180      79,521        98,870           100,000       95,431 38,374 33,067    30,316      75,636          78,182     72,157 2024-02-10  80,736  78,365      79,366        99,048           100,000       95,827 36,971 31,838    30,532      75,714          78,846     72,500 2024-02-11 80,516  78,148      79,213        99,177           100,000       95,751 37,031 31,562    30,662      75,772          79,333     73,020 
 MAD-0.9-0               7316          7125           191                 486          423            30             24                 15    randomSolver          69,857               66,011     66,000      94,000           99,000       98,000            39,516                 35,277   35,000    70,000          68,000     67,000          63077,597                  99             7283 2024-02-04 100,000 100,000     100,000         0,000             0,000        0,000 14,583 14,583    14,583       0,000           0,000      0,000 2024-02-05  70,502  66,707      68,081       100,000           100,000       91,870 40,551 36,354    36,033      64,063          66,667     73,056 2024-02-06  68,812  64,713      66,628       100,000            97,778       93,369 38,337 34,569    35,693      64,063          67,500     67,396 2024-02-07  69,925  66,106      66,535       100,000            98,485       94,098 39,224 34,301    35,387      66,304          68,750     71,250 2024-02-08  69,982  66,128      66,504       100,000            98,851       94,740 41,886 37,610    36,085      67,500          69,397     71,684 2024-02-09  70,521  66,823      66,614        99,111            99,087       94,948 40,859 37,086    36,273      67,667          68,836     70,528 2024-02-10  68,422  64,289      66,257        99,267            99,242       94,826 38,581 34,630    36,052      67,033          68,466     69,688 2024-02-11 70,020  66,267      66,315        98,742            99,353       94,930 37,863 33,039    35,707      67,217          68,204     70,397 
                                                                                                                                                                                                                                                                                                                                                                                                                                                                                                                                                                                                                                                                                                                                                                                                                                                                                                                                                                                                                                                                                                                                                                                                                                                                                                                                                                                                                                                                                                                                                                                                                           
 MAD-1.0-0               8108          7917           191                 305          242            30             24                 15 referenceSolver          83,587               79,779     80,000      98,000          100,000       98,000            43,496                 35,006   35,000    78,000          79,000     76,000          12545,531                  39             3207 2024-02-04 100,000 100,000     100,000         0,000             0,000        0,000 14,583 14,583    14,583       0,000           0,000      0,000 2024-02-05  87,832  84,458      85,871       100,000           100,000      100,000 37,033 29,631    29,296      64,063          66,667     62,083 2024-02-06  82,119  77,675      82,580       100,000           100,000       99,861 47,724 39,499    34,026      66,964          73,000     71,715 2024-02-07  84,867  81,301      82,294       100,000           100,000       99,253 44,971 36,027    34,944      71,053          75,714     74,606 2024-02-08  80,881  76,852      81,114       100,000           100,000       98,258 45,519 36,763    35,613      73,438          77,222     76,563 2024-02-09  82,143  77,953      80,583       100,000           100,000       98,236 45,626 37,128    36,097      73,941          78,182     77,790 2024-02-10  81,004  76,802      80,072        99,034           100,000       98,513 43,470 34,279    35,967      75,362          78,846     78,155 2024-02-11 83,844  80,421      80,164        98,312           100,000       98,460 44,147 34,938    35,977      76,424          79,333     78,691 
 MAD-1.0-0               8108          7917           191                 305          242            30             24                 15    randomSolver          70,915               64,437     64,000      92,000          100,000      100,000            52,973                 48,921   49,000    69,000          67,000     65,000          71668,688                  71             5832 2024-02-04 100,000 100,000     100,000         0,000             0,000        0,000 14,583 14,583    14,583       0,000           0,000      0,000 2024-02-05  71,023  64,419      66,901       100,000           100,000       92,847 53,739 50,095    48,280      64,063          66,667     67,847 2024-02-06  69,283  62,588      64,888       100,000           100,000       90,727 51,221 48,081    48,113      64,063          66,667     64,618 2024-02-07  70,331  63,713      64,584       100,000           100,000       91,676 54,542 49,416    48,658      66,304          68,182     69,398 2024-02-08  71,478  65,152      64,866       100,000           100,000       92,215 54,415 48,993    48,948      67,500          68,966     72,205 2024-02-09  70,705  64,153      64,813       100,000           100,000       91,987 53,690 50,139    49,305      66,776          68,493     71,722 2024-02-10  72,992  66,578      65,149       100,000           100,000       92,670 52,525 49,271    49,309      66,304          68,182     70,046 2024-02-11 69,025  62,105      64,740       100,000           100,000       92,504 52,778 48,755    49,260      65,972          67,961     69,692 
                                                                                                                                                                                                                                                                                                                                                                                                                                                                                                                                                                                                                                                                                                                                                                                                                                                                                                                                                                                                                                                                                                                                                                                                                                                                                                                                                                                                                                                                                                                                                                                                                           