algorithm;stop_threshold;run;iteration;current_coverage;current_active_wp;best_coverage;best_active_wp;elapsed_ms
CompactingSolver;1;1;0;99.86331;46.95197;99.86331;46.95197;904
CompactingSolver;1;2;0;99.95899;46.98722;99.95899;46.98722;536
CompactingSolver;1;3;0;99.91799;46.97212;99.91799;46.97212;506
CompactingSolver;1;4;0;99.87698;46.95701;99.87698;46.95701;490
CompactingSolver;1;5;0;99.95899;46.98722;99.95899;46.98722;489
CompactingSolver;2;1;0;99.83598;46.94190;99.83598;46.94190;486
CompactingSolver;2;1;1;99.91799;46.96852;99.91799;46.96852;972
CompactingSolver;2;1;2;99.80864;46.93183;99.91799;46.96852;1454
CompactingSolver;2;2;0;99.95899;46.98722;99.95899;46.98722;488
CompactingSolver;2;2;1;99.95899;46.98722;99.95899;46.98722;974
CompactingSolver;2;2;2;99.94533;46.98219;99.95899;46.98722;1454
CompactingSolver;2;3;0;99.90432;46.96708;99.90432;46.96708;487
CompactingSolver;2;3;1;99.90432;46.96708;99.90432;46.96708;965
CompactingSolver;2;4;0;99.91799;46.97212;99.91799;46.97212;482
CompactingSolver;2;4;1;99.91799;46.97212;99.91799;46.97212;961
CompactingSolver;2;5;0;99.95899;46.98722;99.95899;46.98722;479
CompactingSolver;2;5;1;99.95899;46.98722;99.95899;46.98722;963
CompactingSolver;2;5;2;99.87698;46.92392;99.95899;46.98722;1442
CompactingSolver;3;1;0;99.82231;46.93327;99.82231;46.93327;476
CompactingSolver;3;1;1;99.89065;46.96205;99.89065;46.96205;996
CompactingSolver;3;1;2;99.94533;46.98219;99.94533;46.98219;1506
CompactingSolver;3;1;3;99.91799;46.96852;99.94533;46.98219;2046
CompactingSolver;3;1;4;99.89065;46.96205;99.94533;46.98219;2534
CompactingSolver;3;2;0;99.93166;46.97715;99.93166;46.97715;491
CompactingSolver;3;2;1;99.90432;46.96348;99.93166;46.97715;972
CompactingSolver;3;2;2;99.89065;46.96205;99.93166;46.97715;1482
CompactingSolver;3;3;0;99.91799;46.97212;99.91799;46.97212;492
CompactingSolver;3;3;1;99.89065;46.96205;99.91799;46.97212;977
CompactingSolver;3;3;2;99.93166;46.97715;99.93166;46.97715;1480
CompactingSolver;3;3;3;99.91799;46.97212;99.93166;46.97715;1989
CompactingSolver;3;3;4;99.98633;46.99730;99.98633;46.99730;2488
CompactingSolver;3;3;5;99.97266;46.99226;99.98633;46.99730;3022
CompactingSolver;3;3;6;99.89065;46.96205;99.98633;46.99730;3738
CompactingSolver;3;4;0;99.80864;46.93183;99.80864;46.93183;516
CompactingSolver;3;4;1;99.90432;46.96348;99.90432;46.96348;1020
CompactingSolver;3;4;2;99.97266;46.99226;99.97266;46.99226;1531
CompactingSolver;3;4;3;99.89065;46.96205;99.97266;46.99226;2024
CompactingSolver;3;4;4;99.93166;46.97715;99.97266;46.99226;2550
CompactingSolver;3;5;0;99.95899;46.98722;99.95899;46.98722;491
CompactingSolver;3;5;1;99.89065;46.96205;99.95899;46.98722;982
CompactingSolver;3;5;2;99.93166;46.97715;99.95899;46.98722;1477
CompactingSolver;5;1;0;99.90432;46.96708;99.90432;46.96708;489
CompactingSolver;5;1;1;99.94533;46.98219;99.94533;46.98219;983
CompactingSolver;5;1;2;99.90432;46.96708;99.94533;46.98219;1478
CompactingSolver;5;1;3;99.93166;46.97715;99.94533;46.98219;2040
CompactingSolver;5;1;4;99.84964;46.94694;99.94533;46.98219;2545
CompactingSolver;5;1;5;99.97266;46.99226;99.97266;46.99226;3035
CompactingSolver;5;1;6;99.90432;46.96348;99.97266;46.99226;3521
CompactingSolver;5;1;7;99.97266;46.99226;99.97266;46.99226;4023
CompactingSolver;5;1;8;99.84964;46.94694;99.97266;46.99226;4522
CompactingSolver;5;1;9;99.93166;46.97715;99.97266;46.99226;5014
CompactingSolver;5;2;0;99.94533;46.98219;99.94533;46.98219;520
CompactingSolver;5;2;1;99.87698;46.95701;99.94533;46.98219;1016
CompactingSolver;5;2;2;99.95899;46.98722;99.95899;46.98722;1504
CompactingSolver;5;2;3;99.95899;46.98722;99.95899;46.98722;2015
CompactingSolver;5;2;4;99.90432;46.96708;99.95899;46.98722;2511
CompactingSolver;5;2;5;99.86331;46.95197;99.95899;46.98722;2997
CompactingSolver;5;2;6;99.94533;46.98219;99.95899;46.98722;3483
CompactingSolver;5;2;7;99.90432;46.96708;99.95899;46.98722;3966
CompactingSolver;5;3;0;99.97266;46.99226;99.97266;46.99226;492
CompactingSolver;5;3;1;99.94533;46.98219;99.97266;46.99226;981
CompactingSolver;5;3;2;99.93166;46.97715;99.97266;46.99226;1460
CompactingSolver;5;3;3;99.87698;46.95701;99.97266;46.99226;1941
CompactingSolver;5;3;4;99.91799;46.97212;99.97266;46.99226;2423
CompactingSolver;5;4;0;99.91799;46.97212;99.91799;46.97212;485
CompactingSolver;5;4;1;99.91799;46.97212;99.91799;46.97212;971
CompactingSolver;5;4;2;99.90432;46.96708;99.91799;46.97212;1461
CompactingSolver;5;4;3;99.90432;46.96708;99.91799;46.97212;1951
CompactingSolver;5;4;4;99.93166;46.97356;99.93166;46.97356;2431
CompactingSolver;5;4;5;99.86331;46.95197;99.93166;46.97356;2908
CompactingSolver;5;4;6;99.95899;46.98722;99.95899;46.98722;3393
CompactingSolver;5;4;7;99.87698;46.95701;99.95899;46.98722;3880
CompactingSolver;5;4;8;99.87698;46.95701;99.95899;46.98722;4370
CompactingSolver;5;4;9;99.93166;46.97715;99.95899;46.98722;4869
CompactingSolver;5;4;10;100.00000;47.00233;100.00000;47.00233;5352
CompactingSolver;5;4;11;99.95899;46.98722;100.00000;47.00233;5835
CompactingSolver;5;4;12;99.91799;46.96852;100.00000;47.00233;6320
CompactingSolver;5;4;13;99.94533;46.98219;100.00000;47.00233;6808
CompactingSolver;5;4;14;99.89065;46.96205;100.00000;47.00233;7289
CompactingSolver;5;5;0;99.84964;46.94694;99.84964;46.94694;479
CompactingSolver;5;5;1;99.89065;46.96205;99.89065;46.96205;966
CompactingSolver;5;5;2;99.90432;46.96708;99.90432;46.96708;1452
CompactingSolver;5;5;3;99.83598;46.94190;99.90432;46.96708;1942
CompactingSolver;5;5;4;99.91799;46.97212;99.91799;46.97212;2427
CompactingSolver;5;5;5;99.93166;46.97715;99.93166;46.97715;2911
CompactingSolver;5;5;6;99.93166;46.97715;99.93166;46.97715;3393
CompactingSolver;5;5;7;99.95899;46.98722;99.95899;46.98722;3906
CompactingSolver;5;5;8;99.94533;46.98219;99.95899;46.98722;4391
CompactingSolver;5;5;9;99.94533;46.98219;99.95899;46.98722;4880
CompactingSolver;5;5;10;99.87698;46.95701;99.95899;46.98722;5365
CompactingSolver;5;5;11;99.91799;46.97212;99.95899;46.98722;5851
CompactingSolver;10;1;0;99.97266;46.99226;99.97266;46.99226;486
CompactingSolver;10;1;1;99.83598;46.92967;99.97266;46.99226;971
CompactingSolver;10;1;2;99.97266;46.99226;99.97266;46.99226;1458
CompactingSolver;10;1;3;99.84964;46.94694;99.97266;46.99226;1938
CompactingSolver;10;1;4;99.91799;46.97212;99.97266;46.99226;2420
CompactingSolver;10;1;5;99.89065;46.96205;99.97266;46.99226;2923
CompactingSolver;10;1;6;99.86331;46.95197;99.97266;46.99226;3415
CompactingSolver;10;1;7;99.90432;46.96708;99.97266;46.99226;3896
CompactingSolver;10;1;8;99.94533;46.98219;99.97266;46.99226;4378
CompactingSolver;10;1;9;99.91799;46.97212;99.97266;46.99226;4860
CompactingSolver;10;2;0;99.94533;46.98219;99.94533;46.98219;491
CompactingSolver;10;2;1;99.87698;46.95701;99.94533;46.98219;981
CompactingSolver;10;2;2;99.87698;46.95701;99.94533;46.98219;1475
CompactingSolver;10;2;3;100.00000;47.00233;100.00000;47.00233;1967
CompactingSolver;10;2;4;99.84964;46.93471;100.00000;47.00233;2453
CompactingSolver;10;2;5;99.93166;46.97715;100.00000;47.00233;2944
CompactingSolver;10;2;6;99.93166;46.97715;100.00000;47.00233;3431
CompactingSolver;10;2;7;99.84964;46.94694;100.00000;47.00233;3915
CompactingSolver;10;2;8;99.91799;46.97212;100.00000;47.00233;4399
CompactingSolver;10;2;9;99.91799;46.97212;100.00000;47.00233;4875
CompactingSolver;10;2;10;99.89065;46.96205;100.00000;47.00233;5360
CompactingSolver;10;2;11;99.91799;46.97212;100.00000;47.00233;5837
CompactingSolver;10;2;12;99.95899;46.98722;100.00000;47.00233;6322
CompactingSolver;10;3;0;99.90432;46.96348;99.90432;46.96348;488
CompactingSolver;10;3;1;99.95899;46.98363;99.95899;46.98363;967
CompactingSolver;10;3;2;99.95899;46.98722;99.95899;46.98722;1451
CompactingSolver;10;3;3;99.86331;46.95197;99.95899;46.98722;1930
CompactingSolver;10;3;4;99.91799;46.97212;99.95899;46.98722;2413
CompactingSolver;10;3;5;99.93166;46.97715;99.95899;46.98722;2895
CompactingSolver;10;3;6;99.93166;46.97715;99.95899;46.98722;3380
CompactingSolver;10;3;7;99.84964;46.94694;99.95899;46.98722;3873
CompactingSolver;10;3;8;99.78130;46.92176;99.95899;46.98722;4358
CompactingSolver;10;3;9;99.93166;46.97715;99.95899;46.98722;5010
CompactingSolver;10;3;10;99.91799;46.97212;99.95899;46.98722;5498
CompactingSolver;10;3;11;99.90432;46.96708;99.95899;46.98722;5978
CompactingSolver;10;4;0;99.89065;46.96205;99.89065;46.96205;479
CompactingSolver;10;4;1;99.89065;46.96205;99.89065;46.96205;967
CompactingSolver;10;4;2;99.86331;46.94838;99.89065;46.96205;1445
CompactingSolver;10;4;3;99.90432;46.96708;99.90432;46.96708;1941
CompactingSolver;10;4;4;99.93166;46.97715;99.93166;46.97715;2434
CompactingSolver;10;4;5;99.94533;46.98219;99.94533;46.98219;2926
CompactingSolver;10;4;6;99.93166;46.97715;99.94533;46.98219;3418
CompactingSolver;10;4;7;99.95899;46.98722;99.95899;46.98722;3910
CompactingSolver;10;4;8;99.91799;46.97212;99.95899;46.98722;4406
CompactingSolver;10;4;9;99.86331;46.95197;99.95899;46.98722;4894
CompactingSolver;10;4;10;99.82231;46.93687;99.95899;46.98722;5384
CompactingSolver;10;4;11;99.93166;46.97715;99.95899;46.98722;5870
CompactingSolver;10;4;12;99.94533;46.97859;99.95899;46.98722;6354
CompactingSolver;10;4;13;99.90432;46.96708;99.95899;46.98722;6845
CompactingSolver;10;4;14;99.95899;46.98722;99.95899;46.98722;7324
CompactingSolver;10;4;15;99.93166;46.97715;99.95899;46.98722;7808
CompactingSolver;10;4;16;99.90432;46.96708;99.95899;46.98722;8289
CompactingSolver;10;5;0;99.94533;46.98219;99.94533;46.98219;481
CompactingSolver;10;5;1;99.95899;46.98722;99.95899;46.98722;969
CompactingSolver;10;5;2;99.82231;46.93687;99.95899;46.98722;1465
CompactingSolver;10;5;3;99.91799;46.97212;99.95899;46.98722;1958
CompactingSolver;10;5;4;99.89065;46.96205;99.95899;46.98722;2444
CompactingSolver;10;5;5;99.94533;46.98219;99.95899;46.98722;2927
CompactingSolver;10;5;6;99.83598;46.94190;99.95899;46.98722;3408
CompactingSolver;10;5;7;99.90432;46.96708;99.95899;46.98722;3885
CompactingSolver;10;5;8;99.95899;46.98722;99.95899;46.98722;4365
CompactingSolver;10;5;9;99.93166;46.97715;99.95899;46.98722;4844
CompactingSolver;10;5;10;99.87698;46.95701;99.95899;46.98722;5327
CompactingSolver;25;1;0;99.93166;46.97715;99.93166;46.97715;477
CompactingSolver;25;1;1;99.93166;46.97715;99.93166;46.97715;954
CompactingSolver;25;1;2;99.83598;46.94190;99.93166;46.97715;1457
CompactingSolver;25;1;3;99.93166;46.97715;99.93166;46.97715;1941
CompactingSolver;25;1;4;99.94533;46.97859;99.94533;46.97859;2420
CompactingSolver;25;1;5;99.91799;46.97212;99.94533;46.97859;2902
CompactingSolver;25;1;6;99.93166;46.97715;99.94533;46.97859;3408
CompactingSolver;25;1;7;99.94533;46.98219;99.94533;46.98219;3892
CompactingSolver;25;1;8;99.94533;46.98219;99.94533;46.98219;4374
CompactingSolver;25;1;9;99.97266;46.99226;99.97266;46.99226;4858
CompactingSolver;25;1;10;99.87698;46.95701;99.97266;46.99226;5353
CompactingSolver;25;1;11;99.90432;46.96708;99.97266;46.99226;5846
CompactingSolver;25;1;12;99.91799;46.97212;99.97266;46.99226;6332
CompactingSolver;25;1;13;99.90432;46.96708;99.97266;46.99226;6819
CompactingSolver;25;1;14;99.90432;46.96708;99.97266;46.99226;7308
CompactingSolver;25;1;15;99.93166;46.97715;99.97266;46.99226;7791
CompactingSolver;25;1;16;99.90432;46.96708;99.97266;46.99226;8277
CompactingSolver;25;1;17;99.91799;46.97212;99.97266;46.99226;8762
CompactingSolver;25;1;18;99.93166;46.97715;99.97266;46.99226;9252
CompactingSolver;25;1;19;99.86331;46.95197;99.97266;46.99226;9742
CompactingSolver;25;1;20;99.91799;46.97212;99.97266;46.99226;10240
CompactingSolver;25;1;21;99.83598;46.94190;99.97266;46.99226;10732
CompactingSolver;25;1;22;100.00000;47.00233;100.00000;47.00233;11242
CompactingSolver;25;1;23;99.93166;46.97715;100.00000;47.00233;11730
CompactingSolver;25;1;24;99.97266;46.98866;100.00000;47.00233;12214
CompactingSolver;25;1;25;99.94533;46.98219;100.00000;47.00233;12709
CompactingSolver;25;1;26;99.94533;46.97859;100.00000;47.00233;13196
CompactingSolver;25;1;27;99.97266;46.99226;100.00000;47.00233;13693
CompactingSolver;25;1;28;99.93166;46.97715;100.00000;47.00233;14194
CompactingSolver;25;1;29;99.86331;46.95197;100.00000;47.00233;14683
CompactingSolver;25;1;30;99.84964;46.94694;100.00000;47.00233;15179
CompactingSolver;25;1;31;99.94533;46.98219;100.00000;47.00233;15681
CompactingSolver;25;1;32;99.87698;46.94478;100.00000;47.00233;16174
CompactingSolver;25;1;33;99.97266;46.99226;100.00000;47.00233;16659
CompactingSolver;25;1;34;99.83598;46.94190;100.00000;47.00233;17148
CompactingSolver;25;1;35;99.97266;46.99226;100.00000;47.00233;17642
CompactingSolver;25;1;36;99.86331;46.95197;100.00000;47.00233;18127
CompactingSolver;25;1;37;99.93166;46.97715;100.00000;47.00233;18606
CompactingSolver;25;1;38;99.93166;46.97715;100.00000;47.00233;19089
CompactingSolver;25;1;39;99.86331;46.95197;100.00000;47.00233;19576
CompactingSolver;25;1;40;99.94533;46.98219;100.00000;47.00233;20071
CompactingSolver;25;1;41;99.86331;46.95197;100.00000;47.00233;20564
CompactingSolver;25;1;42;99.87698;46.92392;100.00000;47.00233;21053
CompactingSolver;25;1;43;99.93166;46.97715;100.00000;47.00233;21541
CompactingSolver;25;1;44;99.94533;46.98219;100.00000;47.00233;22055
CompactingSolver;25;1;45;99.93166;46.97715;100.00000;47.00233;22544
CompactingSolver;25;1;46;99.95899;46.98363;100.00000;47.00233;23031
CompactingSolver;25;2;0;99.93166;46.97715;99.93166;46.97715;477
CompactingSolver;25;2;1;99.94533;46.98219;99.94533;46.98219;961
CompactingSolver;25;2;2;99.94533;46.97859;99.94533;46.98219;1450
CompactingSolver;25;2;3;99.91799;46.97212;99.94533;46.98219;1938
CompactingSolver;25;2;4;99.91799;46.97212;99.94533;46.98219;2455
CompactingSolver;25;2;5;99.97266;46.99226;99.97266;46.99226;2967
CompactingSolver;25;2;6;99.91799;46.97212;99.97266;46.99226;3461
CompactingSolver;25;2;7;99.93166;46.97715;99.97266;46.99226;3951
CompactingSolver;25;2;8;99.95899;46.98722;99.97266;46.99226;4438
CompactingSolver;25;2;9;99.98633;46.99730;99.98633;46.99730;4924
CompactingSolver;25;2;10;99.93166;46.97715;99.98633;46.99730;5411
CompactingSolver;25;2;11;99.90432;46.96348;99.98633;46.99730;5894
CompactingSolver;25;2;12;99.90432;46.96708;99.98633;46.99730;6380
CompactingSolver;25;2;13;99.93166;46.97715;99.98633;46.99730;6866
CompactingSolver;25;2;14;99.84964;46.94694;99.98633;46.99730;7521
CompactingSolver;25;2;15;99.94533;46.98219;99.98633;46.99730;8012
CompactingSolver;25;2;16;99.93166;46.97715;99.98633;46.99730;8494
CompactingSolver;25;2;17;99.93166;46.97715;99.98633;46.99730;8975
CompactingSolver;25;2;18;99.91799;46.97212;99.98633;46.99730;9462
CompactingSolver;25;2;19;99.90432;46.96708;99.98633;46.99730;9946
CompactingSolver;25;2;20;99.98633;46.99730;99.98633;46.99730;10429
CompactingSolver;25;2;21;99.91799;46.97212;99.98633;46.99730;10911
CompactingSolver;25;2;22;99.94533;46.98219;99.98633;46.99730;11392
CompactingSolver;25;2;23;99.94533;46.98219;99.98633;46.99730;11879
CompactingSolver;25;2;24;99.98633;46.99730;99.98633;46.99730;12361
CompactingSolver;25;2;25;99.98633;46.99730;99.98633;46.99730;12891
CompactingSolver;25;2;26;99.82231;46.93687;99.98633;46.99730;13373
CompactingSolver;25;2;27;99.83598;46.94190;99.98633;46.99730;13859
CompactingSolver;25;2;28;99.98633;46.99730;99.98633;46.99730;14344
CompactingSolver;25;2;29;99.93166;46.97715;99.98633;46.99730;14832
CompactingSolver;25;2;30;99.90432;46.96708;99.98633;46.99730;15318
CompactingSolver;25;2;31;99.97266;46.99226;99.98633;46.99730;15802
CompactingSolver;25;2;32;99.95899;46.98722;99.98633;46.99730;16288
CompactingSolver;25;2;33;99.87698;46.95341;99.98633;46.99730;16770
CompactingSolver;25;2;34;99.83598;46.94190;99.98633;46.99730;17254
CompactingSolver;25;2;35;99.78130;46.92176;99.98633;46.99730;17740
CompactingSolver;25;2;36;99.95899;46.98722;99.98633;46.99730;18224
CompactingSolver;25;2;37;99.94533;46.98219;99.98633;46.99730;18702
CompactingSolver;25;2;38;99.86331;46.94838;99.98633;46.99730;19181
CompactingSolver;25;2;39;99.97266;46.99226;99.98633;46.99730;19662
CompactingSolver;25;2;40;99.76763;46.91672;99.98633;46.99730;20144
CompactingSolver;25;2;41;99.90432;46.96708;99.98633;46.99730;20622
CompactingSolver;25;2;42;99.97266;46.99226;99.98633;46.99730;21132
CompactingSolver;25;2;43;99.86331;46.95197;99.98633;46.99730;21612
CompactingSolver;25;2;44;99.94533;46.95269;99.98633;46.99730;22111
CompactingSolver;25;2;45;99.90432;46.96708;99.98633;46.99730;22598
CompactingSolver;25;2;46;99.90432;46.96708;99.98633;46.99730;23081
CompactingSolver;25;2;47;99.89065;46.96205;99.98633;46.99730;23559
CompactingSolver;25;2;48;99.95899;46.98722;99.98633;46.99730;24043
CompactingSolver;25;3;0;99.97266;46.99226;99.97266;46.99226;486
CompactingSolver;25;3;1;99.87698;46.95701;99.97266;46.99226;962
CompactingSolver;25;3;2;99.94533;46.98219;99.97266;46.99226;1440
CompactingSolver;25;3;3;99.93166;46.97715;99.97266;46.99226;1916
CompactingSolver;25;3;4;99.93166;46.97715;99.97266;46.99226;2401
CompactingSolver;25;3;5;99.98633;46.99730;99.98633;46.99730;2892
CompactingSolver;25;3;6;99.95899;46.98722;99.98633;46.99730;3385
CompactingSolver;25;3;7;99.94533;46.98219;99.98633;46.99730;3870
CompactingSolver;25;3;8;99.90432;46.96708;99.98633;46.99730;4355
CompactingSolver;25;3;9;99.89065;46.96205;99.98633;46.99730;4837
CompactingSolver;25;3;10;99.84964;46.94694;99.98633;46.99730;5313
CompactingSolver;25;3;11;99.93166;46.97715;99.98633;46.99730;5809
CompactingSolver;25;3;12;99.94533;46.97859;99.98633;46.99730;6298
CompactingSolver;25;3;13;99.90432;46.95485;99.98633;46.99730;6783
CompactingSolver;25;3;14;99.89065;46.96205;99.98633;46.99730;7272
CompactingSolver;25;3;15;99.91799;46.97212;99.98633;46.99730;7758
CompactingSolver;25;3;16;99.87698;46.95341;99.98633;46.99730;8250
CompactingSolver;25;3;17;99.95899;46.98722;99.98633;46.99730;8737
CompactingSolver;25;3;18;99.91799;46.97212;99.98633;46.99730;9230
CompactingSolver;25;3;19;99.91799;46.97212;99.98633;46.99730;9714
CompactingSolver;25;3;20;99.93166;46.97715;99.98633;46.99730;10200
CompactingSolver;25;3;21;99.94533;46.98219;99.98633;46.99730;10688
CompactingSolver;25;3;22;99.86331;46.95197;99.98633;46.99730;11177
CompactingSolver;25;3;23;99.86331;46.95197;99.98633;46.99730;11664
CompactingSolver;25;3;24;99.94533;46.98219;99.98633;46.99730;12151
CompactingSolver;25;3;25;99.94533;46.98219;99.98633;46.99730;12633
CompactingSolver;25;3;26;99.90432;46.96708;99.98633;46.99730;13121
CompactingSolver;25;3;27;99.93166;46.97715;99.98633;46.99730;13604
CompactingSolver;25;3;28;99.83598;46.94190;99.98633;46.99730;14090
CompactingSolver;25;3;29;99.93166;46.97715;99.98633;46.99730;14580
CompactingSolver;25;4;0;99.89065;46.96205;99.89065;46.96205;496
CompactingSolver;25;4;1;99.91799;46.97212;99.91799;46.97212;993
CompactingSolver;25;4;2;99.93166;46.97715;99.93166;46.97715;1488
CompactingSolver;25;4;3;99.94533;46.98219;99.94533;46.98219;1965
CompactingSolver;25;4;4;99.94533;46.98219;99.94533;46.98219;2457
CompactingSolver;25;4;5;99.94533;46.98219;99.94533;46.98219;2962
CompactingSolver;25;4;6;99.95899;46.98722;99.95899;46.98722;3453
CompactingSolver;25;4;7;99.90432;46.96708;99.95899;46.98722;3980
CompactingSolver;25;4;8;99.90432;46.96708;99.95899;46.98722;4470
CompactingSolver;25;4;9;99.83598;46.94190;99.95899;46.98722;4968
CompactingSolver;25;4;10;99.91799;46.97212;99.95899;46.98722;5460
CompactingSolver;25;4;11;99.91799;46.97212;99.95899;46.98722;5954
CompactingSolver;25;4;12;99.84964;46.94334;99.95899;46.98722;6436
CompactingSolver;25;4;13;99.97266;46.98866;99.97266;46.98866;6920
CompactingSolver;25;4;14;99.90432;46.96348;99.97266;46.98866;7408
CompactingSolver;25;4;15;99.94533;46.98219;99.97266;46.98866;7919
CompactingSolver;25;4;16;99.91799;46.97212;99.97266;46.98866;8404
CompactingSolver;25;4;17;99.95899;46.98722;99.97266;46.98866;8892
CompactingSolver;25;4;18;99.90432;46.96708;99.97266;46.98866;9381
CompactingSolver;25;4;19;99.95899;46.98722;99.97266;46.98866;9874
CompactingSolver;25;4;20;99.98633;46.99730;99.98633;46.99730;10530
CompactingSolver;25;4;21;99.83598;46.93831;99.98633;46.99730;11041
CompactingSolver;25;4;22;99.89065;46.95485;99.98633;46.99730;11536
CompactingSolver;25;4;23;99.84964;46.94694;99.98633;46.99730;12018
CompactingSolver;25;4;24;99.91799;46.97212;99.98633;46.99730;12506
CompactingSolver;25;4;25;99.98633;46.99730;99.98633;46.99730;12990
CompactingSolver;25;4;26;99.97266;46.99226;99.98633;46.99730;13484
CompactingSolver;25;4;27;99.94533;46.98219;99.98633;46.99730;13974
CompactingSolver;25;4;28;99.89065;46.96205;99.98633;46.99730;14462
CompactingSolver;25;4;29;99.95899;46.98722;99.98633;46.99730;14938
CompactingSolver;25;4;30;99.91799;46.97212;99.98633;46.99730;15420
CompactingSolver;25;4;31;99.87698;46.95341;99.98633;46.99730;15897
CompactingSolver;25;4;32;99.93166;46.97715;99.98633;46.99730;16387
CompactingSolver;25;4;33;99.90432;46.96708;99.98633;46.99730;16872
CompactingSolver;25;4;34;99.95899;46.95773;99.98633;46.99730;17379
CompactingSolver;25;4;35;99.93166;46.97715;99.98633;46.99730;17856
CompactingSolver;25;4;36;99.93166;46.97356;99.98633;46.99730;18338
CompactingSolver;25;4;37;99.98633;46.99730;99.98633;46.99730;18824
CompactingSolver;25;4;38;99.84964;46.94694;99.98633;46.99730;19301
CompactingSolver;25;4;39;99.95899;46.98363;99.98633;46.99730;19782
CompactingSolver;25;4;40;99.86331;46.95197;99.98633;46.99730;20268
CompactingSolver;25;4;41;99.89065;46.96205;99.98633;46.99730;20748
CompactingSolver;25;4;42;99.91799;46.97212;99.98633;46.99730;21223
CompactingSolver;25;4;43;99.90432;46.96708;99.98633;46.99730;21703
CompactingSolver;25;4;44;99.87698;46.95341;99.98633;46.99730;22185
CompactingSolver;25;5;0;99.94533;46.98219;99.94533;46.98219;490
CompactingSolver;25;5;1;99.93166;46.97715;99.94533;46.98219;978
CompactingSolver;25;5;2;99.94533;46.98219;99.94533;46.98219;1468
CompactingSolver;25;5;3;99.86331;46.95197;99.94533;46.98219;1950
CompactingSolver;25;5;4;99.97266;46.98866;99.97266;46.98866;2438
CompactingSolver;25;5;5;99.93166;46.97715;99.97266;46.98866;2923
CompactingSolver;25;5;6;99.89065;46.96205;99.97266;46.98866;3401
CompactingSolver;25;5;7;99.91799;46.97212;99.97266;46.98866;3885
CompactingSolver;25;5;8;99.90432;46.96708;99.97266;46.98866;4375
CompactingSolver;25;5;9;99.93166;46.97715;99.97266;46.98866;4851
CompactingSolver;25;5;10;99.86331;46.95197;99.97266;46.98866;5327
CompactingSolver;25;5;11;99.91799;46.97212;99.97266;46.98866;5803
CompactingSolver;25;5;12;99.95899;46.98722;99.97266;46.98866;6278
CompactingSolver;25;5;13;99.90432;46.96708;99.97266;46.98866;6763
CompactingSolver;25;5;14;99.84964;46.94334;99.97266;46.98866;7243
CompactingSolver;25;5;15;99.90432;46.96708;99.97266;46.98866;7716
CompactingSolver;25;5;16;99.94533;46.98219;99.97266;46.98866;8189
CompactingSolver;25;5;17;99.90432;46.96708;99.97266;46.98866;8665
CompactingSolver;25;5;18;99.94533;46.98219;99.97266;46.98866;9141
CompactingSolver;25;5;19;99.94533;46.98219;99.97266;46.98866;9616
CompactingSolver;25;5;20;99.90432;46.96708;99.97266;46.98866;10092
CompactingSolver;25;5;21;99.91799;46.97212;99.97266;46.98866;10567
CompactingSolver;25;5;22;99.94533;46.98219;99.97266;46.98866;11042
CompactingSolver;25;5;23;99.94533;46.98219;99.97266;46.98866;11526
CompactingSolver;25;5;24;99.87698;46.95701;99.97266;46.98866;12004
CompactingSolver;25;5;25;99.98633;46.99730;99.98633;46.99730;12480
CompactingSolver;25;5;26;99.90432;46.96708;99.98633;46.99730;12967
CompactingSolver;25;5;27;99.89065;46.96205;99.98633;46.99730;13448
CompactingSolver;25;5;28;99.91799;46.97212;99.98633;46.99730;13928
CompactingSolver;25;5;29;99.91799;46.97212;99.98633;46.99730;14412
CompactingSolver;25;5;30;99.95899;46.98722;99.98633;46.99730;14910
CompactingSolver;25;5;31;99.90432;46.96708;99.98633;46.99730;15393
CompactingSolver;25;5;32;99.90432;46.96708;99.98633;46.99730;15882
CompactingSolver;25;5;33;99.91799;46.97212;99.98633;46.99730;16360
CompactingSolver;25;5;34;99.94533;46.98219;99.98633;46.99730;16839
CompactingSolver;25;5;35;99.84964;46.94694;99.98633;46.99730;17315
CompactingSolver;25;5;36;99.97266;46.99226;99.98633;46.99730;17791
CompactingSolver;25;5;37;99.95899;46.98722;99.98633;46.99730;18268
CompactingSolver;25;5;38;99.95899;46.98722;99.98633;46.99730;18742
CompactingSolver;25;5;39;99.95899;46.98363;99.98633;46.99730;19218
CompactingSolver;25;5;40;99.98633;46.99730;99.98633;46.99730;19718
CompactingSolver;25;5;41;99.95899;46.98722;99.98633;46.99730;20194
CompactingSolver;25;5;42;99.90432;46.96708;99.98633;46.99730;20669
CompactingSolver;25;5;43;99.97266;46.99226;99.98633;46.99730;21151
CompactingSolver;25;5;44;99.87698;46.95701;99.98633;46.99730;21628
CompactingSolver;25;5;45;99.94533;46.98219;99.98633;46.99730;22107
CompactingSolver;25;5;46;99.87698;46.95701;99.98633;46.99730;22581
CompactingSolver;25;5;47;99.87698;46.95341;99.98633;46.99730;23059
CompactingSolver;25;5;48;99.87698;46.95701;99.98633;46.99730;23531
CompactingSolver;25;5;49;99.90432;46.96708;99.98633;46.99730;24053
CompactingSolver;50;1;0;99.94533;46.98219;99.94533;46.98219;506
CompactingSolver;50;1;1;99.86331;46.95197;99.94533;46.98219;1152
CompactingSolver;50;1;2;99.91799;46.97212;99.94533;46.98219;1648
CompactingSolver;50;1;3;99.90432;46.96708;99.94533;46.98219;2130
CompactingSolver;50;1;4;99.89065;46.96205;99.94533;46.98219;2615
CompactingSolver;50;1;5;99.86331;46.95197;99.94533;46.98219;3097
CompactingSolver;50;1;6;99.95899;46.98722;99.95899;46.98722;3583
CompactingSolver;50;1;7;99.90432;46.96708;99.95899;46.98722;4070
CompactingSolver;50;1;8;99.86331;46.95197;99.95899;46.98722;4554
CompactingSolver;50;1;9;99.89065;46.95845;99.95899;46.98722;5037
CompactingSolver;50;1;10;99.95899;46.98363;99.95899;46.98722;5568
CompactingSolver;50;1;11;99.93166;46.97715;99.95899;46.98722;6054
CompactingSolver;50;1;12;99.93166;46.97715;99.95899;46.98722;6538
CompactingSolver;50;1;13;99.89065;46.96205;99.95899;46.98722;7026
CompactingSolver;50;1;14;99.98633;46.99730;99.98633;46.99730;7513
CompactingSolver;50;1;15;99.98633;46.99730;99.98633;46.99730;7999
CompactingSolver;50;1;16;99.86331;46.95197;99.98633;46.99730;8477
CompactingSolver;50;1;17;99.95899;46.98722;99.98633;46.99730;8956
CompactingSolver;50;1;18;99.97266;46.99226;99.98633;46.99730;9434
CompactingSolver;50;1;19;99.97266;46.99226;99.98633;46.99730;9914
CompactingSolver;50;1;20;99.97266;46.99226;99.98633;46.99730;10393
CompactingSolver;50;1;21;99.97266;46.99226;99.98633;46.99730;10873
CompactingSolver;50;1;22;99.90432;46.96708;99.98633;46.99730;11355
CompactingSolver;50;1;23;99.97266;46.99226;99.98633;46.99730;11835
CompactingSolver;50;1;24;99.93166;46.97715;99.98633;46.99730;12313
CompactingSolver;50;1;25;99.90432;46.96708;99.98633;46.99730;12794
CompactingSolver;50;1;26;99.84964;46.94694;99.98633;46.99730;13272
CompactingSolver;50;1;27;99.89065;46.96205;99.98633;46.99730;13750
CompactingSolver;50;1;28;100.00000;47.00233;100.00000;47.00233;14230
CompactingSolver;50;1;29;99.90432;46.96708;100.00000;47.00233;14716
CompactingSolver;50;1;30;99.87698;46.95701;100.00000;47.00233;15197
CompactingSolver;50;1;31;99.83598;46.94190;100.00000;47.00233;15683
CompactingSolver;50;1;32;99.91799;46.97212;100.00000;47.00233;16173
CompactingSolver;50;1;33;99.91799;46.97212;100.00000;47.00233;16661
CompactingSolver;50;1;34;99.93166;46.97715;100.00000;47.00233;17147
CompactingSolver;50;1;35;99.95899;46.98363;100.00000;47.00233;17631
CompactingSolver;50;1;36;99.90432;46.96708;100.00000;47.00233;18116
CompactingSolver;50;1;37;99.94533;46.98219;100.00000;47.00233;18593
CompactingSolver;50;1;38;99.90432;46.96348;100.00000;47.00233;19075
CompactingSolver;50;1;39;99.95899;46.98722;100.00000;47.00233;19560
CompactingSolver;50;1;40;99.86331;46.95197;100.00000;47.00233;20045
CompactingSolver;50;1;41;99.91799;46.97212;100.00000;47.00233;20532
CompactingSolver;50;1;42;99.98633;46.99730;100.00000;47.00233;21021
CompactingSolver;50;1;43;100.00000;47.00233;100.00000;47.00233;21529
CompactingSolver;50;1;44;99.93166;46.97715;100.00000;47.00233;22056
CompactingSolver;50;1;45;99.95899;46.98722;100.00000;47.00233;22573
CompactingSolver;50;1;46;99.87698;46.95701;100.00000;47.00233;23119
CompactingSolver;50;1;47;99.95899;46.98363;100.00000;47.00233;23598
CompactingSolver;50;1;48;99.89065;46.96205;100.00000;47.00233;24076
CompactingSolver;50;1;49;99.93166;46.97715;100.00000;47.00233;24558
CompactingSolver;50;1;50;99.87698;46.95701;100.00000;47.00233;25046
CompactingSolver;50;1;51;99.95899;46.98722;100.00000;47.00233;25542
CompactingSolver;50;1;52;99.93166;46.97715;100.00000;47.00233;26046
CompactingSolver;50;1;53;99.86331;46.95197;100.00000;47.00233;26537
CompactingSolver;50;1;54;99.91799;46.97212;100.00000;47.00233;27027
CompactingSolver;50;1;55;99.91799;46.97212;100.00000;47.00233;27522
CompactingSolver;50;1;56;99.86331;46.95197;100.00000;47.00233;28015
CompactingSolver;50;1;57;99.95899;46.98722;100.00000;47.00233;28505
CompactingSolver;50;1;58;99.93166;46.97715;100.00000;47.00233;28983
CompactingSolver;50;1;59;99.94533;46.98219;100.00000;47.00233;29466
CompactingSolver;50;1;60;99.89065;46.96205;100.00000;47.00233;29943
CompactingSolver;50;1;61;99.95899;46.98722;100.00000;47.00233;30421
CompactingSolver;50;1;62;99.87698;46.95341;100.00000;47.00233;30900
CompactingSolver;50;1;63;99.90432;46.96708;100.00000;47.00233;31379
CompactingSolver;50;1;64;99.91799;46.97212;100.00000;47.00233;31863
CompactingSolver;50;1;65;99.87698;46.95341;100.00000;47.00233;32345
CompactingSolver;50;1;66;99.94533;46.98219;100.00000;47.00233;32822
CompactingSolver;50;1;67;99.82231;46.93687;100.00000;47.00233;33297
CompactingSolver;50;1;68;99.97266;46.98866;100.00000;47.00233;33775
CompactingSolver;50;1;69;99.91799;46.96852;100.00000;47.00233;34254
CompactingSolver;50;1;70;99.93166;46.97715;100.00000;47.00233;34736
CompactingSolver;50;1;71;99.89065;46.96205;100.00000;47.00233;35215
CompactingSolver;50;1;72;99.97266;46.99226;100.00000;47.00233;35702
CompactingSolver;50;1;73;99.93166;46.97715;100.00000;47.00233;36183
CompactingSolver;50;1;74;99.90432;46.96348;100.00000;47.00233;36663
CompactingSolver;50;1;75;99.95899;46.98722;100.00000;47.00233;37147
CompactingSolver;50;1;76;99.87698;46.95701;100.00000;47.00233;37641
CompactingSolver;50;1;77;99.91799;46.97212;100.00000;47.00233;38149
CompactingSolver;50;2;0;99.97266;46.99226;99.97266;46.99226;479
CompactingSolver;50;2;1;99.95899;46.98722;99.97266;46.99226;963
CompactingSolver;50;2;2;99.89065;46.93255;99.97266;46.99226;1465
CompactingSolver;50;2;3;99.94533;46.98219;99.97266;46.99226;1947
CompactingSolver;50;2;4;99.90432;46.96708;99.97266;46.99226;2425
CompactingSolver;50;2;5;99.93166;46.97715;99.97266;46.99226;2902
CompactingSolver;50;2;6;99.93166;46.97715;99.97266;46.99226;3378
CompactingSolver;50;2;7;99.89065;46.96205;99.97266;46.99226;3869
CompactingSolver;50;2;8;99.93166;46.97715;99.97266;46.99226;4350
CompactingSolver;50;2;9;99.89065;46.96205;99.97266;46.99226;4829
CompactingSolver;50;2;10;99.89065;46.96205;99.97266;46.99226;5305
CompactingSolver;50;2;11;99.93166;46.97715;99.97266;46.99226;5787
CompactingSolver;50;2;12;99.97266;46.99226;99.97266;46.99226;6269
CompactingSolver;50;2;13;99.87698;46.95701;99.97266;46.99226;6750
CompactingSolver;50;2;14;99.93166;46.97715;99.97266;46.99226;7228
CompactingSolver;50;2;15;99.83598;46.92967;99.97266;46.99226;7708
CompactingSolver;50;2;16;99.93166;46.97715;99.97266;46.99226;8204
CompactingSolver;50;2;17;100.00000;47.00233;100.00000;47.00233;8687
CompactingSolver;50;2;18;99.84964;46.94694;100.00000;47.00233;9170
CompactingSolver;50;2;19;99.97266;46.99226;100.00000;47.00233;9655
CompactingSolver;50;2;20;99.97266;46.99226;100.00000;47.00233;10138
CompactingSolver;50;2;21;99.93166;46.97715;100.00000;47.00233;10620
CompactingSolver;50;2;22;99.89065;46.96205;100.00000;47.00233;11102
CompactingSolver;50;2;23;99.94533;46.98219;100.00000;47.00233;11582
CompactingSolver;50;2;24;99.91799;46.97212;100.00000;47.00233;12058
CompactingSolver;50;2;25;99.86331;46.95197;100.00000;47.00233;12536
CompactingSolver;50;2;26;99.89065;46.96205;100.00000;47.00233;13014
CompactingSolver;50;2;27;99.87698;46.95341;100.00000;47.00233;13489
CompactingSolver;50;2;28;99.93166;46.97715;100.00000;47.00233;13971
CompactingSolver;50;2;29;99.91799;46.97212;100.00000;47.00233;14450
CompactingSolver;50;2;30;99.93166;46.97715;100.00000;47.00233;14927
CompactingSolver;50;2;31;99.91799;46.97212;100.00000;47.00233;15405
CompactingSolver;50;2;32;99.90432;46.96348;100.00000;47.00233;15885
CompactingSolver;50;2;33;99.94533;46.98219;100.00000;47.00233;16363
CompactingSolver;50;2;34;99.94533;46.97859;100.00000;47.00233;16867
CompactingSolver;50;2;35;99.97266;46.99226;100.00000;47.00233;17345
CompactingSolver;50;2;36;99.94533;46.98219;100.00000;47.00233;17824
CompactingSolver;50;2;37;99.89065;46.96205;100.00000;47.00233;18318
CompactingSolver;50;2;38;99.93166;46.97715;100.00000;47.00233;18797
CompactingSolver;50;2;39;99.93166;46.97715;100.00000;47.00233;19281
CompactingSolver;50;2;40;99.93166;46.97715;100.00000;47.00233;19757
CompactingSolver;50;2;41;99.94533;46.98219;100.00000;47.00233;20234
CompactingSolver;50;2;42;99.89065;46.96205;100.00000;47.00233;20714
CompactingSolver;50;2;43;99.94533;46.98219;100.00000;47.00233;21190
CompactingSolver;50;2;44;99.94533;46.98219;100.00000;47.00233;21680
CompactingSolver;50;2;45;99.90432;46.96708;100.00000;47.00233;22162
CompactingSolver;50;2;46;99.94533;46.98219;100.00000;47.00233;22640
CompactingSolver;50;2;47;99.93166;46.97715;100.00000;47.00233;23121
CompactingSolver;50;2;48;99.93166;46.97715;100.00000;47.00233;23599
CompactingSolver;50;2;49;99.89065;46.95845;100.00000;47.00233;24078
CompactingSolver;50;2;50;99.95899;46.98722;100.00000;47.00233;24563
CompactingSolver;50;2;51;99.84964;46.94694;100.00000;47.00233;25038
CompactingSolver;50;2;52;100.00000;47.00233;100.00000;47.00233;25521
CompactingSolver;50;2;53;99.94533;46.98219;100.00000;47.00233;26002
CompactingSolver;50;2;54;99.95899;46.98722;100.00000;47.00233;26479
CompactingSolver;50;2;55;99.93166;46.97715;100.00000;47.00233;26958
CompactingSolver;50;2;56;99.94533;46.97859;100.00000;47.00233;27438
CompactingSolver;50;2;57;99.83598;46.94190;100.00000;47.00233;27915
CompactingSolver;50;2;58;99.80864;46.92823;100.00000;47.00233;28394
CompactingSolver;50;2;59;99.87698;46.95701;100.00000;47.00233;28872
CompactingSolver;50;2;60;99.93166;46.97715;100.00000;47.00233;29356
CompactingSolver;50;2;61;99.87698;46.95701;100.00000;47.00233;29834
CompactingSolver;50;2;62;99.90432;46.96708;100.00000;47.00233;30311
CompactingSolver;50;2;63;99.97266;46.99226;100.00000;47.00233;30788
CompactingSolver;50;2;64;99.84964;46.94694;100.00000;47.00233;31265
CompactingSolver;50;2;65;99.90432;46.96708;100.00000;47.00233;31741
CompactingSolver;50;2;66;100.00000;47.00233;100.00000;47.00233;32219
CompactingSolver;50;3;0;99.90432;46.96348;99.90432;46.96348;476
CompactingSolver;50;3;1;99.91799;46.97212;99.91799;46.97212;950
CompactingSolver;50;3;2;99.76763;46.91672;99.91799;46.97212;1427
CompactingSolver;50;3;3;99.83598;46.94190;99.91799;46.97212;1904
CompactingSolver;50;3;4;99.89065;46.96205;99.91799;46.97212;2384
CompactingSolver;50;3;5;99.98633;46.99730;99.98633;46.99730;2865
CompactingSolver;50;3;6;99.94533;46.97859;99.98633;46.99730;3349
CompactingSolver;50;3;7;99.97266;46.98866;99.98633;46.99730;3889
CompactingSolver;50;3;8;99.93166;46.97715;99.98633;46.99730;4381
CompactingSolver;50;3;9;100.00000;47.00233;100.00000;47.00233;4858
CompactingSolver;50;3;10;99.91799;46.97212;100.00000;47.00233;5340
CompactingSolver;50;3;11;99.98633;46.99730;100.00000;47.00233;5832
CompactingSolver;50;3;12;99.87698;46.95701;100.00000;47.00233;6328
CompactingSolver;50;3;13;99.89065;46.96205;100.00000;47.00233;6812
CompactingSolver;50;3;14;99.97266;46.99226;100.00000;47.00233;7298
CompactingSolver;50;3;15;99.97266;46.99226;100.00000;47.00233;7776
CompactingSolver;50;3;16;99.93166;46.97715;100.00000;47.00233;8256
CompactingSolver;50;3;17;99.93166;46.97715;100.00000;47.00233;8738
CompactingSolver;50;3;18;99.91799;46.97212;100.00000;47.00233;9218
CompactingSolver;50;3;19;99.86331;46.94838;100.00000;47.00233;9703
CompactingSolver;50;3;20;99.90432;46.96708;100.00000;47.00233;10201
CompactingSolver;50;3;21;99.97266;46.96276;100.00000;47.00233;10699
CompactingSolver;50;3;22;99.91799;46.97212;100.00000;47.00233;11203
CompactingSolver;50;3;23;99.93166;46.96492;100.00000;47.00233;11702
CompactingSolver;50;3;24;99.89065;46.96205;100.00000;47.00233;12211
CompactingSolver;50;3;25;99.94533;46.98219;100.00000;47.00233;12712
CompactingSolver;50;3;26;99.91799;46.97212;100.00000;47.00233;13204
CompactingSolver;50;3;27;99.93166;46.97715;100.00000;47.00233;13682
CompactingSolver;50;3;28;99.86331;46.95197;100.00000;47.00233;14168
CompactingSolver;50;3;29;99.89065;46.96205;100.00000;47.00233;14645
CompactingSolver;50;3;30;99.82231;46.93687;100.00000;47.00233;15121
CompactingSolver;50;3;31;100.00000;47.00233;100.00000;47.00233;15599
CompactingSolver;50;3;32;99.95899;46.98363;100.00000;47.00233;16083
CompactingSolver;50;3;33;99.83598;46.88291;100.00000;47.00233;16571
CompactingSolver;50;3;34;99.93166;46.97715;100.00000;47.00233;17055
CompactingSolver;50;3;35;99.90432;46.96348;100.00000;47.00233;17530
CompactingSolver;50;3;36;99.97266;46.99226;100.00000;47.00233;18038
CompactingSolver;50;3;37;99.94533;46.98219;100.00000;47.00233;18516
CompactingSolver;50;3;38;99.91799;46.97212;100.00000;47.00233;18990
CompactingSolver;50;3;39;99.90432;46.96348;100.00000;47.00233;19464
CompactingSolver;50;3;40;99.97266;46.99226;100.00000;47.00233;19940
CompactingSolver;50;3;41;99.86331;46.95197;100.00000;47.00233;20422
CompactingSolver;50;3;42;99.97266;46.99226;100.00000;47.00233;20898
CompactingSolver;50;3;43;99.90432;46.96708;100.00000;47.00233;21371
CompactingSolver;50;3;44;99.91799;46.97212;100.00000;47.00233;21848
CompactingSolver;50;3;45;99.93166;46.97715;100.00000;47.00233;22328
CompactingSolver;50;3;46;99.93166;46.97715;100.00000;47.00233;22803
CompactingSolver;50;3;47;99.91799;46.97212;100.00000;47.00233;23276
CompactingSolver;50;3;48;99.91799;46.97212;100.00000;47.00233;23755
CompactingSolver;50;3;49;99.87698;46.95701;100.00000;47.00233;24229
CompactingSolver;50;3;50;99.93166;46.97715;100.00000;47.00233;24839
CompactingSolver;50;3;51;99.94533;46.98219;100.00000;47.00233;25316
CompactingSolver;50;3;52;99.95899;46.98722;100.00000;47.00233;25818
CompactingSolver;50;3;53;99.89065;46.95845;100.00000;47.00233;26298
CompactingSolver;50;3;54;99.87698;46.95701;100.00000;47.00233;26774
CompactingSolver;50;3;55;99.97266;46.98866;100.00000;47.00233;27254
CompactingSolver;50;3;56;99.94533;46.98219;100.00000;47.00233;27733
CompactingSolver;50;3;57;99.94533;46.98219;100.00000;47.00233;28242
CompactingSolver;50;3;58;99.94533;46.98219;100.00000;47.00233;28724
CompactingSolver;50;4;0;99.91799;46.97212;99.91799;46.97212;479
CompactingSolver;50;4;1;99.91799;46.97212;99.91799;46.97212;978
CompactingSolver;50;4;2;99.98633;46.99370;99.98633;46.99370;1475
CompactingSolver;50;4;3;99.94533;46.98219;99.98633;46.99370;2056
CompactingSolver;50;4;4;99.84964;46.94694;99.98633;46.99370;2564
CompactingSolver;50;4;5;99.94533;46.97499;99.98633;46.99370;3042
CompactingSolver;50;4;6;99.90432;46.96708;99.98633;46.99370;3520
CompactingSolver;50;4;7;99.91799;46.97212;99.98633;46.99370;3994
CompactingSolver;50;4;8;99.93166;46.97715;99.98633;46.99370;4468
CompactingSolver;50;4;9;99.89065;46.96205;99.98633;46.99370;4942
CompactingSolver;50;4;10;99.91799;46.97212;99.98633;46.99370;5416
CompactingSolver;50;4;11;99.95899;46.98722;99.98633;46.99370;5893
CompactingSolver;50;4;12;99.86331;46.95197;99.98633;46.99370;6364
CompactingSolver;50;4;13;99.91799;46.97212;99.98633;46.99370;6838
CompactingSolver;50;4;14;99.95899;46.98722;99.98633;46.99370;7312
CompactingSolver;50;4;15;99.93166;46.97715;99.98633;46.99370;7788
CompactingSolver;50;4;16;99.95899;46.98722;99.98633;46.99370;8263
CompactingSolver;50;4;17;99.94533;46.97859;99.98633;46.99370;8739
CompactingSolver;50;4;18;99.91799;46.97212;99.98633;46.99370;9240
CompactingSolver;50;4;19;99.94533;46.98219;99.98633;46.99370;9729
CompactingSolver;50;4;20;99.94533;46.98219;99.98633;46.99370;10211
CompactingSolver;50;4;21;99.86331;46.95197;99.98633;46.99370;10696
CompactingSolver;50;4;22;99.98633;46.99730;99.98633;46.99730;11173
CompactingSolver;50;4;23;99.91799;46.97212;99.98633;46.99730;11648
CompactingSolver;50;4;24;99.97266;46.99226;99.98633;46.99730;12123
CompactingSolver;50;4;25;99.95899;46.98722;99.98633;46.99730;12598
CompactingSolver;50;4;26;99.95899;46.98722;99.98633;46.99730;13079
CompactingSolver;50;4;27;99.87698;46.95341;99.98633;46.99730;13558
CompactingSolver;50;4;28;99.95899;46.98722;99.98633;46.99730;14036
CompactingSolver;50;4;29;99.94533;46.98219;99.98633;46.99730;14520
CompactingSolver;50;4;30;99.91799;46.96852;99.98633;46.99730;14995
CompactingSolver;50;4;31;99.91799;46.97212;99.98633;46.99730;15467
CompactingSolver;50;4;32;99.98633;46.99730;99.98633;46.99730;15937
CompactingSolver;50;4;33;99.91799;46.97212;99.98633;46.99730;16410
CompactingSolver;50;4;34;99.95899;46.98722;99.98633;46.99730;16883
CompactingSolver;50;4;35;99.87698;46.95341;99.98633;46.99730;17354
CompactingSolver;50;4;36;99.97266;46.99226;99.98633;46.99730;17827
CompactingSolver;50;4;37;99.90432;46.96708;99.98633;46.99730;18312
CompactingSolver;50;4;38;99.93166;46.97715;99.98633;46.99730;18790
CompactingSolver;50;4;39;99.91799;46.96852;99.98633;46.99730;19262
CompactingSolver;50;4;40;99.93166;46.97715;99.98633;46.99730;19737
CompactingSolver;50;4;41;99.91799;46.97212;99.98633;46.99730;20212
CompactingSolver;50;4;42;99.91799;46.96852;99.98633;46.99730;20683
CompactingSolver;50;4;43;99.91799;46.95989;99.98633;46.99730;21157
CompactingSolver;50;4;44;99.90432;46.96348;99.98633;46.99730;21628
CompactingSolver;50;4;45;99.83598;46.94190;99.98633;46.99730;22113
CompactingSolver;50;4;46;99.94533;46.98219;99.98633;46.99730;22611
CompactingSolver;50;4;47;99.95899;46.98722;99.98633;46.99730;23086
CompactingSolver;50;4;48;99.89065;46.96205;99.98633;46.99730;23565
CompactingSolver;50;4;49;99.91799;46.97212;99.98633;46.99730;24044
CompactingSolver;50;4;50;99.95899;46.98722;99.98633;46.99730;24521
CompactingSolver;50;4;51;99.90432;46.96708;99.98633;46.99730;25003
CompactingSolver;50;4;52;99.90432;46.96708;99.98633;46.99730;25499
CompactingSolver;50;4;53;99.90432;46.96708;99.98633;46.99730;25991
CompactingSolver;50;4;54;99.97266;46.99226;99.98633;46.99730;26464
CompactingSolver;50;4;55;99.91799;46.96852;99.98633;46.99730;26969
CompactingSolver;50;4;56;99.95899;46.98722;99.98633;46.99730;27455
CompactingSolver;50;4;57;99.94533;46.98219;99.98633;46.99730;27933
CompactingSolver;50;4;58;100.00000;47.00233;100.00000;47.00233;28416
CompactingSolver;50;4;59;99.90432;46.96708;100.00000;47.00233;28893
CompactingSolver;50;4;60;99.90432;46.96708;100.00000;47.00233;29373
CompactingSolver;50;4;61;99.87698;46.95341;100.00000;47.00233;29873
CompactingSolver;50;4;62;99.94533;46.98219;100.00000;47.00233;30364
CompactingSolver;50;4;63;99.94533;46.98219;100.00000;47.00233;30847
CompactingSolver;50;4;64;99.93166;46.97715;100.00000;47.00233;31339
CompactingSolver;50;4;65;99.93166;46.97715;100.00000;47.00233;31826
CompactingSolver;50;4;66;99.84964;46.94694;100.00000;47.00233;32583
CompactingSolver;50;4;67;99.87698;46.95701;100.00000;47.00233;33086
CompactingSolver;50;4;68;99.91799;46.97212;100.00000;47.00233;33574
CompactingSolver;50;4;69;99.95899;46.98722;100.00000;47.00233;34051
CompactingSolver;50;4;70;99.83598;46.93831;100.00000;47.00233;34532
CompactingSolver;50;4;71;99.90432;46.96708;100.00000;47.00233;35007
CompactingSolver;50;4;72;99.90432;46.96708;100.00000;47.00233;35480
CompactingSolver;50;4;73;99.97266;46.99226;100.00000;47.00233;35954
CompactingSolver;50;4;74;99.91799;46.97212;100.00000;47.00233;36429
CompactingSolver;50;4;75;99.93166;46.97715;100.00000;47.00233;36912
CompactingSolver;50;4;76;99.91799;46.97212;100.00000;47.00233;37387
CompactingSolver;50;4;77;99.83598;46.94190;100.00000;47.00233;37875
CompactingSolver;50;4;78;99.93166;46.97356;100.00000;47.00233;38378
CompactingSolver;50;4;79;99.84964;46.94694;100.00000;47.00233;38866
CompactingSolver;50;4;80;99.93166;46.97715;100.00000;47.00233;39345
CompactingSolver;50;4;81;99.91799;46.97212;100.00000;47.00233;39816
CompactingSolver;50;4;82;99.86331;46.95197;100.00000;47.00233;40290
CompactingSolver;50;4;83;99.93166;46.97715;100.00000;47.00233;40764
CompactingSolver;50;4;84;99.91799;46.96852;100.00000;47.00233;41244
CompactingSolver;50;4;85;99.91799;46.97212;100.00000;47.00233;41720
CompactingSolver;50;4;86;99.86331;46.95197;100.00000;47.00233;42264
CompactingSolver;50;4;87;99.89065;46.96205;100.00000;47.00233;42749
CompactingSolver;50;4;88;99.80864;46.93183;100.00000;47.00233;43230
CompactingSolver;50;4;89;99.83598;46.94190;100.00000;47.00233;43710
CompactingSolver;50;4;90;99.95899;46.98722;100.00000;47.00233;44185
CompactingSolver;50;4;91;99.95899;46.98722;100.00000;47.00233;44662
CompactingSolver;50;4;92;99.97266;46.99226;100.00000;47.00233;45140
CompactingSolver;50;4;93;99.97266;46.99226;100.00000;47.00233;45636
CompactingSolver;50;4;94;99.91799;46.97212;100.00000;47.00233;46115
CompactingSolver;50;4;95;99.86331;46.95197;100.00000;47.00233;46587
CompactingSolver;50;4;96;99.94533;46.98219;100.00000;47.00233;47062
CompactingSolver;50;4;97;99.90432;46.96708;100.00000;47.00233;47532
CompactingSolver;50;4;98;99.89065;46.96205;100.00000;47.00233;48012
CompactingSolver;50;4;99;99.95899;46.98722;100.00000;47.00233;48494
CompactingSolver;50;4;100;99.87698;46.95701;100.00000;47.00233;48979
CompactingSolver;50;4;101;99.94533;46.98219;100.00000;47.00233;49459
CompactingSolver;50;4;102;99.86331;46.94838;100.00000;47.00233;49948
CompactingSolver;50;4;103;99.91799;46.97212;100.00000;47.00233;50422
CompactingSolver;50;4;104;99.97266;46.99226;100.00000;47.00233;50898
CompactingSolver;50;4;105;99.93166;46.97715;100.00000;47.00233;51372
CompactingSolver;50;4;106;99.84964;46.94334;100.00000;47.00233;51847
CompactingSolver;50;4;107;99.94533;46.98219;100.00000;47.00233;52343
CompactingSolver;50;5;0;99.97266;46.99226;99.97266;46.99226;477
CompactingSolver;50;5;1;99.90432;46.96348;99.97266;46.99226;955
CompactingSolver;50;5;2;99.95899;46.98722;99.97266;46.99226;1430
CompactingSolver;50;5;3;99.93166;46.97715;99.97266;46.99226;1906
CompactingSolver;50;5;4;99.97266;46.99226;99.97266;46.99226;2382
CompactingSolver;50;5;5;99.93166;46.97356;99.97266;46.99226;2862
CompactingSolver;50;5;6;99.94533;46.98219;99.97266;46.99226;3337
CompactingSolver;50;5;7;99.91799;46.97212;99.97266;46.99226;3816
CompactingSolver;50;5;8;99.83598;46.94190;99.97266;46.99226;4317
CompactingSolver;50;5;9;99.91799;46.97212;99.97266;46.99226;4793
CompactingSolver;50;5;10;99.86331;46.95197;99.97266;46.99226;5272
CompactingSolver;50;5;11;99.93166;46.97715;99.97266;46.99226;5752
CompactingSolver;50;5;12;99.83598;46.93831;99.97266;46.99226;6234
CompactingSolver;50;5;13;99.91799;46.97212;99.97266;46.99226;6715
CompactingSolver;50;5;14;99.87698;46.95701;99.97266;46.99226;7196
CompactingSolver;50;5;15;99.95899;46.98722;99.97266;46.99226;7673
CompactingSolver;50;5;16;99.89065;46.96205;99.97266;46.99226;8150
CompactingSolver;50;5;17;99.91799;46.97212;99.97266;46.99226;8629
CompactingSolver;50;5;18;99.86331;46.95197;99.97266;46.99226;9111
CompactingSolver;50;5;19;99.94533;46.98219;99.97266;46.99226;9628
CompactingSolver;50;5;20;99.93166;46.97715;99.97266;46.99226;10108
CompactingSolver;50;5;21;99.98633;46.99730;99.98633;46.99730;10611
CompactingSolver;50;5;22;99.90432;46.96708;99.98633;46.99730;11104
CompactingSolver;50;5;23;99.90432;46.95485;99.98633;46.99730;11627
CompactingSolver;50;5;24;99.94533;46.98219;99.98633;46.99730;12152
CompactingSolver;50;5;25;99.86331;46.95197;99.98633;46.99730;12631
CompactingSolver;50;5;26;99.91799;46.97212;99.98633;46.99730;13108
CompactingSolver;50;5;27;99.93166;46.97715;99.98633;46.99730;13590
CompactingSolver;50;5;28;99.93166;46.97715;99.98633;46.99730;14068
CompactingSolver;50;5;29;99.93166;46.97715;99.98633;46.99730;14564
CompactingSolver;50;5;30;99.93166;46.97715;99.98633;46.99730;15046
CompactingSolver;50;5;31;99.83598;46.93831;99.98633;46.99730;15521
CompactingSolver;50;5;32;99.83598;46.93831;99.98633;46.99730;16000
CompactingSolver;50;5;33;100.00000;47.00233;100.00000;47.00233;16479
CompactingSolver;50;5;34;99.84964;46.94694;100.00000;47.00233;16960
CompactingSolver;50;5;35;99.89065;46.96205;100.00000;47.00233;17439
CompactingSolver;50;5;36;99.89065;46.96205;100.00000;47.00233;17925
CompactingSolver;50;5;37;99.87698;46.95701;100.00000;47.00233;18405
CompactingSolver;50;5;38;99.84964;46.94694;100.00000;47.00233;18883
CompactingSolver;50;5;39;99.97266;46.99226;100.00000;47.00233;19358
CompactingSolver;50;5;40;99.95899;46.98363;100.00000;47.00233;19836
CompactingSolver;50;5;41;99.87698;46.95341;100.00000;47.00233;20313
CompactingSolver;50;5;42;99.94533;46.98219;100.00000;47.00233;20792
CompactingSolver;50;5;43;99.91799;46.97212;100.00000;47.00233;21272
CompactingSolver;50;5;44;99.90432;46.96708;100.00000;47.00233;21753
CompactingSolver;50;5;45;99.91799;46.97212;100.00000;47.00233;22230
CompactingSolver;50;5;46;99.97266;46.99226;100.00000;47.00233;22706
CompactingSolver;50;5;47;99.90432;46.96708;100.00000;47.00233;23192
CompactingSolver;50;5;48;99.83598;46.94190;100.00000;47.00233;23680
CompactingSolver;50;5;49;99.94533;46.98219;100.00000;47.00233;24207
CompactingSolver;50;5;50;99.89065;46.96205;100.00000;47.00233;24706
CompactingSolver;50;5;51;99.95899;46.98722;100.00000;47.00233;25183
CompactingSolver;50;5;52;99.89065;46.96205;100.00000;47.00233;25668
CompactingSolver;50;5;53;99.95899;46.98722;100.00000;47.00233;26148
CompactingSolver;50;5;54;99.91799;46.97212;100.00000;47.00233;26629
CompactingSolver;50;5;55;99.90432;46.96708;100.00000;47.00233;27105
CompactingSolver;50;5;56;99.97266;46.98866;100.00000;47.00233;27584
CompactingSolver;50;5;57;99.90432;46.96708;100.00000;47.00233;28061
CompactingSolver;50;5;58;99.87698;46.95701;100.00000;47.00233;28539
CompactingSolver;50;5;59;99.90432;46.96708;100.00000;47.00233;29036
CompactingSolver;50;5;60;99.91799;46.97212;100.00000;47.00233;29519
CompactingSolver;50;5;61;99.87698;46.95701;100.00000;47.00233;30002
CompactingSolver;50;5;62;99.84964;46.94694;100.00000;47.00233;30482
CompactingSolver;50;5;63;99.91799;46.97212;100.00000;47.00233;30961
CompactingSolver;50;5;64;99.97266;46.99226;100.00000;47.00233;31439
CompactingSolver;50;5;65;99.94533;46.98219;100.00000;47.00233;31933
CompactingSolver;50;5;66;99.94533;46.97859;100.00000;47.00233;32413
CompactingSolver;50;5;67;99.90432;46.96708;100.00000;47.00233;32924
CompactingSolver;50;5;68;99.90432;46.96708;100.00000;47.00233;33404
CompactingSolver;50;5;69;99.95899;46.98722;100.00000;47.00233;33898
CompactingSolver;50;5;70;99.95899;46.98722;100.00000;47.00233;34388
CompactingSolver;50;5;71;99.97266;46.99226;100.00000;47.00233;34887
CompactingSolver;50;5;72;99.90432;46.96708;100.00000;47.00233;35368
CompactingSolver;50;5;73;99.90432;46.95485;100.00000;47.00233;35878
CompactingSolver;50;5;74;99.93166;46.97715;100.00000;47.00233;36369
CompactingSolver;50;5;75;99.94533;46.98219;100.00000;47.00233;36854
CompactingSolver;50;5;76;99.90432;46.96708;100.00000;47.00233;37342
CompactingSolver;50;5;77;99.91799;46.97212;100.00000;47.00233;37830
CompactingSolver;50;5;78;99.97266;46.99226;100.00000;47.00233;38312
CompactingSolver;50;5;79;99.84964;46.94694;100.00000;47.00233;38817
CompactingSolver;50;5;80;99.93166;46.97715;100.00000;47.00233;39295
CompactingSolver;50;5;81;99.91799;46.97212;100.00000;47.00233;39785
CompactingSolver;50;5;82;99.83598;46.93831;100.00000;47.00233;40268
CompactingSolver;100;1;0;99.80864;46.92823;99.80864;46.92823;482
CompactingSolver;100;1;1;99.90432;46.96348;99.90432;46.96348;962
CompactingSolver;100;1;2;99.94533;46.97859;99.94533;46.97859;1438
CompactingSolver;100;1;3;99.98633;46.99730;99.98633;46.99730;1914
CompactingSolver;100;1;4;99.89065;46.96205;99.98633;46.99730;2399
CompactingSolver;100;1;5;99.89065;46.96205;99.98633;46.99730;2878
CompactingSolver;100;1;6;99.91799;46.97212;99.98633;46.99730;3357
CompactingSolver;100;1;7;99.98633;46.99730;99.98633;46.99730;3838
CompactingSolver;100;1;8;99.90432;46.95989;99.98633;46.99730;4320
CompactingSolver;100;1;9;99.91799;46.96852;99.98633;46.99730;4799
CompactingSolver;100;1;10;99.93166;46.97356;99.98633;46.99730;5279
CompactingSolver;100;1;11;99.91799;46.96852;99.98633;46.99730;5761
CompactingSolver;100;1;12;99.91799;46.97212;99.98633;46.99730;6239
CompactingSolver;100;1;13;99.87698;46.95701;99.98633;46.99730;6720
CompactingSolver;100;1;14;99.87698;46.95701;99.98633;46.99730;7200
CompactingSolver;100;1;15;99.93166;46.97715;99.98633;46.99730;7679
CompactingSolver;100;1;16;99.89065;46.95845;99.98633;46.99730;8163
CompactingSolver;100;1;17;99.83598;46.94190;99.98633;46.99730;8643
CompactingSolver;100;1;18;99.95899;46.98722;99.98633;46.99730;9125
CompactingSolver;100;1;19;99.89065;46.95845;99.98633;46.99730;9612
CompactingSolver;100;1;20;99.90432;46.96708;99.98633;46.99730;10094
CompactingSolver;100;1;21;99.93166;46.97715;99.98633;46.99730;10577
CompactingSolver;100;1;22;99.97266;46.99226;99.98633;46.99730;11064
CompactingSolver;100;1;23;99.94533;46.98219;99.98633;46.99730;11541
CompactingSolver;100;1;24;99.86331;46.94838;99.98633;46.99730;12027
CompactingSolver;100;1;25;99.91799;46.97212;99.98633;46.99730;12527
CompactingSolver;100;1;26;99.93166;46.97715;99.98633;46.99730;13019
CompactingSolver;100;1;27;99.89065;46.96205;99.98633;46.99730;13513
CompactingSolver;100;1;28;99.94533;46.98219;99.98633;46.99730;13997
CompactingSolver;100;1;29;99.94533;46.98219;99.98633;46.99730;14502
CompactingSolver;100;1;30;99.87698;46.95701;99.98633;46.99730;14982
CompactingSolver;100;1;31;99.91799;46.96852;99.98633;46.99730;15461
CompactingSolver;100;1;32;99.90432;46.96708;99.98633;46.99730;15951
CompactingSolver;100;1;33;99.87698;46.95341;99.98633;46.99730;16429
CompactingSolver;100;1;34;99.90432;46.96708;99.98633;46.99730;16907
CompactingSolver;100;1;35;99.93166;46.97715;99.98633;46.99730;17390
CompactingSolver;100;1;36;99.94533;46.98219;99.98633;46.99730;17880
CompactingSolver;100;1;37;99.94533;46.98219;99.98633;46.99730;18366
CompactingSolver;100;1;38;99.90432;46.96708;99.98633;46.99730;18844
CompactingSolver;100;1;39;99.97266;46.99226;99.98633;46.99730;19324
CompactingSolver;100;1;40;99.84964;46.94694;99.98633;46.99730;19807
CompactingSolver;100;1;41;99.95899;46.98722;99.98633;46.99730;20286
CompactingSolver;100;1;42;99.91799;46.96852;99.98633;46.99730;20767
CompactingSolver;100;1;43;99.94533;46.98219;99.98633;46.99730;21255
CompactingSolver;100;1;44;99.87698;46.95701;99.98633;46.99730;21745
CompactingSolver;100;1;45;99.89065;46.96205;99.98633;46.99730;22233
CompactingSolver;100;1;46;99.89065;46.96205;99.98633;46.99730;22737
CompactingSolver;100;1;47;99.90432;46.96708;99.98633;46.99730;23215
CompactingSolver;100;1;48;99.94533;46.98219;99.98633;46.99730;23707
CompactingSolver;100;1;49;99.93166;46.97715;99.98633;46.99730;24188
CompactingSolver;100;1;50;99.89065;46.96205;99.98633;46.99730;24677
CompactingSolver;100;1;51;100.00000;47.00233;100.00000;47.00233;25157
CompactingSolver;100;1;52;99.94533;46.98219;100.00000;47.00233;25635
CompactingSolver;100;1;53;99.91799;46.97212;100.00000;47.00233;26118
CompactingSolver;100;1;54;99.90432;46.96708;100.00000;47.00233;26596
CompactingSolver;100;1;55;99.97266;46.99226;100.00000;47.00233;27077
CompactingSolver;100;1;56;99.93166;46.97715;100.00000;47.00233;27552
CompactingSolver;100;1;57;99.90432;46.96708;100.00000;47.00233;28030
CompactingSolver;100;1;58;99.95899;46.98722;100.00000;47.00233;28505
CompactingSolver;100;1;59;99.94533;46.97859;100.00000;47.00233;28985
CompactingSolver;100;1;60;99.93166;46.97715;100.00000;47.00233;29463
CompactingSolver;100;1;61;99.93166;46.97715;100.00000;47.00233;29943
CompactingSolver;100;1;62;99.93166;46.97715;100.00000;47.00233;30423
CompactingSolver;100;1;63;99.91799;46.97212;100.00000;47.00233;30904
CompactingSolver;100;1;64;99.86331;46.95197;100.00000;47.00233;31382
CompactingSolver;100;1;65;99.97266;46.99226;100.00000;47.00233;31863
CompactingSolver;100;1;66;99.83598;46.93831;100.00000;47.00233;32344
CompactingSolver;100;1;67;99.87698;46.95701;100.00000;47.00233;32841
CompactingSolver;100;1;68;99.89065;46.96205;100.00000;47.00233;33325
CompactingSolver;100;1;69;99.89065;46.96205;100.00000;47.00233;33804
CompactingSolver;100;1;70;99.94533;46.98219;100.00000;47.00233;34282
CompactingSolver;100;1;71;99.94533;46.98219;100.00000;47.00233;34762
CompactingSolver;100;1;72;99.90432;46.96708;100.00000;47.00233;35241
CompactingSolver;100;1;73;99.98633;46.99730;100.00000;47.00233;35729
CompactingSolver;100;1;74;99.89065;46.96205;100.00000;47.00233;36206
CompactingSolver;100;1;75;99.94533;46.98219;100.00000;47.00233;36687
CompactingSolver;100;1;76;99.91799;46.97212;100.00000;47.00233;37171
CompactingSolver;100;1;77;99.94533;46.97859;100.00000;47.00233;37656
CompactingSolver;100;1;78;99.90432;46.96708;100.00000;47.00233;38135
CompactingSolver;100;1;79;99.90432;46.96708;100.00000;47.00233;38614
CompactingSolver;100;1;80;99.82231;46.93327;100.00000;47.00233;39096
CompactingSolver;100;1;81;99.93166;46.97356;100.00000;47.00233;39599
CompactingSolver;100;1;82;99.94533;46.98219;100.00000;47.00233;40080
CompactingSolver;100;1;83;99.90432;46.96708;100.00000;47.00233;40568
CompactingSolver;100;1;84;99.91799;46.97212;100.00000;47.00233;41051
CompactingSolver;100;1;85;99.90432;46.96708;100.00000;47.00233;41531
CompactingSolver;100;1;86;99.95899;46.98722;100.00000;47.00233;42013
CompactingSolver;100;1;87;99.95899;46.98722;100.00000;47.00233;42494
CompactingSolver;100;1;88;99.90432;46.96708;100.00000;47.00233;42978
CompactingSolver;100;1;89;99.87698;46.95701;100.00000;47.00233;43458
CompactingSolver;100;1;90;100.00000;47.00233;100.00000;47.00233;43940
CompactingSolver;100;1;91;99.90432;46.96708;100.00000;47.00233;44423
CompactingSolver;100;1;92;99.95899;46.98363;100.00000;47.00233;44902
CompactingSolver;100;1;93;99.91799;46.97212;100.00000;47.00233;45383
CompactingSolver;100;1;94;99.89065;46.96205;100.00000;47.00233;45877
CompactingSolver;100;1;95;99.86331;46.95197;100.00000;47.00233;46369
CompactingSolver;100;1;96;99.95899;46.98722;100.00000;47.00233;46879
CompactingSolver;100;1;97;99.91799;46.97212;100.00000;47.00233;47363
CompactingSolver;100;1;98;99.90432;46.96708;100.00000;47.00233;47859
CompactingSolver;100;1;99;99.91799;46.97212;100.00000;47.00233;48337
CompactingSolver;100;1;100;99.93166;46.97715;100.00000;47.00233;48819
CompactingSolver;100;1;101;99.90432;46.96708;100.00000;47.00233;49310
CompactingSolver;100;1;102;99.98633;46.99730;100.00000;47.00233;49817
CompactingSolver;100;1;103;99.94533;46.98219;100.00000;47.00233;50326
CompactingSolver;100;1;104;99.89065;46.95845;100.00000;47.00233;50811
CompactingSolver;100;1;105;99.93166;46.97715;100.00000;47.00233;51308
CompactingSolver;100;1;106;99.87698;46.95701;100.00000;47.00233;51789
CompactingSolver;100;1;107;99.83598;46.93831;100.00000;47.00233;52270
CompactingSolver;100;1;108;99.90432;46.96708;100.00000;47.00233;52751
CompactingSolver;100;1;109;99.87698;46.95701;100.00000;47.00233;53248
CompactingSolver;100;1;110;99.89065;46.96205;100.00000;47.00233;53725
CompactingSolver;100;1;111;99.97266;46.99226;100.00000;47.00233;54206
CompactingSolver;100;1;112;99.94533;46.98219;100.00000;47.00233;54682
CompactingSolver;100;1;113;99.90432;46.96708;100.00000;47.00233;55163
CompactingSolver;100;1;114;99.87698;46.95701;100.00000;47.00233;55647
CompactingSolver;100;1;115;99.90432;46.96348;100.00000;47.00233;56130
CompactingSolver;100;1;116;99.91799;46.97212;100.00000;47.00233;56612
CompactingSolver;100;1;117;99.95899;46.98363;100.00000;47.00233;57090
CompactingSolver;100;1;118;99.94533;46.98219;100.00000;47.00233;57577
CompactingSolver;100;1;119;99.91799;46.97212;100.00000;47.00233;58063
CompactingSolver;100;1;120;99.86331;46.95197;100.00000;47.00233;58568
CompactingSolver;100;1;121;99.93166;46.97715;100.00000;47.00233;59074
CompactingSolver;100;1;122;99.90432;46.96708;100.00000;47.00233;59553
CompactingSolver;100;1;123;99.91799;46.94262;100.00000;47.00233;60034
CompactingSolver;100;1;124;99.97266;46.99226;100.00000;47.00233;60514
CompactingSolver;100;1;125;99.98633;46.99730;100.00000;47.00233;61052
CompactingSolver;100;1;126;99.93166;46.97715;100.00000;47.00233;61552
CompactingSolver;100;1;127;99.87698;46.95701;100.00000;47.00233;62056
CompactingSolver;100;1;128;99.91799;46.97212;100.00000;47.00233;62556
CompactingSolver;100;1;129;99.91799;46.97212;100.00000;47.00233;63047
CompactingSolver;100;1;130;99.89065;46.96205;100.00000;47.00233;63542
CompactingSolver;100;1;131;99.94533;46.98219;100.00000;47.00233;64023
CompactingSolver;100;1;132;99.83598;46.94190;100.00000;47.00233;64522
CompactingSolver;100;1;133;99.91799;46.97212;100.00000;47.00233;65003
CompactingSolver;100;1;134;99.90432;46.96708;100.00000;47.00233;65484
CompactingSolver;100;1;135;99.82231;46.93687;100.00000;47.00233;65965
CompactingSolver;100;1;136;99.89065;46.96205;100.00000;47.00233;66458
CompactingSolver;100;1;137;99.94533;46.98219;100.00000;47.00233;66945
CompactingSolver;100;1;138;99.98633;46.99730;100.00000;47.00233;67424
CompactingSolver;100;1;139;99.82231;46.93687;100.00000;47.00233;67929
CompactingSolver;100;1;140;99.93166;46.97715;100.00000;47.00233;68410
CompactingSolver;100;1;141;99.95899;46.98722;100.00000;47.00233;68902
CompactingSolver;100;1;142;99.91799;46.97212;100.00000;47.00233;69390
CompactingSolver;100;1;143;99.87698;46.95701;100.00000;47.00233;69899
CompactingSolver;100;1;144;99.91799;46.97212;100.00000;47.00233;70392
CompactingSolver;100;1;145;99.87698;46.95341;100.00000;47.00233;70889
CompactingSolver;100;1;146;99.98633;46.99730;100.00000;47.00233;71371
CompactingSolver;100;1;147;99.94533;46.98219;100.00000;47.00233;71860
CompactingSolver;100;1;148;99.98633;46.99730;100.00000;47.00233;72342
CompactingSolver;100;1;149;99.98633;46.99730;100.00000;47.00233;72825
CompactingSolver;100;1;150;99.89065;46.96205;100.00000;47.00233;73311
CompactingSolver;100;2;0;99.95899;46.98722;99.95899;46.98722;495
CompactingSolver;100;2;1;99.90432;46.96708;99.95899;46.98722;985
CompactingSolver;100;2;2;99.90432;46.96708;99.95899;46.98722;1478
CompactingSolver;100;2;3;99.91799;46.97212;99.95899;46.98722;1958
CompactingSolver;100;2;4;99.93166;46.97715;99.95899;46.98722;2437
CompactingSolver;100;2;5;99.87698;46.95701;99.95899;46.98722;2912
CompactingSolver;100;2;6;99.91799;46.97212;99.95899;46.98722;3399
CompactingSolver;100;2;7;99.87698;46.95701;99.95899;46.98722;3876
CompactingSolver;100;2;8;99.95899;46.98722;99.95899;46.98722;4348
CompactingSolver;100;2;9;99.94533;46.98219;99.95899;46.98722;4826
CompactingSolver;100;2;10;99.91799;46.96852;99.95899;46.98722;5308
CompactingSolver;100;2;11;99.91799;46.97212;99.95899;46.98722;5795
CompactingSolver;100;2;12;99.90432;46.96348;99.95899;46.98722;6276
CompactingSolver;100;2;13;99.90432;46.96708;99.95899;46.98722;6757
CompactingSolver;100;2;14;99.91799;46.96852;99.95899;46.98722;7232
CompactingSolver;100;2;15;99.90432;46.96708;99.95899;46.98722;7709
CompactingSolver;100;2;16;99.91799;46.97212;99.95899;46.98722;8186
CompactingSolver;100;2;17;99.94533;46.98219;99.95899;46.98722;8661
CompactingSolver;100;2;18;99.95899;46.98722;99.95899;46.98722;9135
CompactingSolver;100;2;19;99.93166;46.97715;99.95899;46.98722;9610
CompactingSolver;100;2;20;99.94533;46.98219;99.95899;46.98722;10084
CompactingSolver;100;2;21;99.94533;46.95269;99.95899;46.98722;10562
CompactingSolver;100;2;22;99.87698;46.95701;99.95899;46.98722;11035
CompactingSolver;100;2;23;99.91799;46.97212;99.95899;46.98722;11513
CompactingSolver;100;2;24;99.94533;46.98219;99.95899;46.98722;11991
CompactingSolver;100;2;25;99.91799;46.97212;99.95899;46.98722;12475
CompactingSolver;100;2;26;99.89065;46.96205;99.95899;46.98722;12952
CompactingSolver;100;2;27;99.90432;46.96708;99.95899;46.98722;13431
CompactingSolver;100;2;28;99.91799;46.97212;99.95899;46.98722;13906
CompactingSolver;100;2;29;99.91799;46.97212;99.95899;46.98722;14382
CompactingSolver;100;2;30;99.94533;46.98219;99.95899;46.98722;14863
CompactingSolver;100;2;31;99.90432;46.96708;99.95899;46.98722;15342
CompactingSolver;100;2;32;99.95899;46.98722;99.95899;46.98722;15817
CompactingSolver;100;2;33;99.97266;46.99226;99.97266;46.99226;16293
CompactingSolver;100;2;34;99.90432;46.96708;99.97266;46.99226;16771
CompactingSolver;100;2;35;99.90432;46.96708;99.97266;46.99226;17245
CompactingSolver;100;2;36;99.91799;46.96852;99.97266;46.99226;17727
CompactingSolver;100;2;37;99.83598;46.94190;99.97266;46.99226;18203
CompactingSolver;100;2;38;99.89065;46.96205;99.97266;46.99226;18681
CompactingSolver;100;2;39;99.94533;46.98219;99.97266;46.99226;19155
CompactingSolver;100;2;40;99.90432;46.96348;99.97266;46.99226;19632
CompactingSolver;100;2;41;99.91799;46.97212;99.97266;46.99226;20121
CompactingSolver;100;2;42;99.91799;46.97212;99.97266;46.99226;20598
CompactingSolver;100;2;43;99.84964;46.94694;99.97266;46.99226;21071
CompactingSolver;100;2;44;99.93166;46.97715;99.97266;46.99226;21547
CompactingSolver;100;2;45;99.98633;46.99730;99.98633;46.99730;22025
CompactingSolver;100;2;46;99.93166;46.97715;99.98633;46.99730;22507
CompactingSolver;100;2;47;99.84964;46.94334;99.98633;46.99730;22985
CompactingSolver;100;2;48;99.87698;46.95701;99.98633;46.99730;23462
CompactingSolver;100;2;49;99.91799;46.97212;99.98633;46.99730;23941
CompactingSolver;100;2;50;99.95899;46.98722;99.98633;46.99730;24417
CompactingSolver;100;2;51;99.89065;46.96205;99.98633;46.99730;24896
CompactingSolver;100;2;52;99.93166;46.97715;99.98633;46.99730;25374
CompactingSolver;100;2;53;99.90432;46.96708;99.98633;46.99730;25847
CompactingSolver;100;2;54;99.97266;46.99226;99.98633;46.99730;26326
CompactingSolver;100;2;55;99.94533;46.97859;99.98633;46.99730;26803
CompactingSolver;100;2;56;99.95899;46.98722;99.98633;46.99730;27281
CompactingSolver;100;2;57;99.91799;46.97212;99.98633;46.99730;27788
CompactingSolver;100;2;58;99.83598;46.94190;99.98633;46.99730;28278
CompactingSolver;100;2;59;99.89065;46.96205;99.98633;46.99730;28755
CompactingSolver;100;2;60;99.93166;46.97715;99.98633;46.99730;29263
CompactingSolver;100;2;61;99.94533;46.98219;99.98633;46.99730;29746
CompactingSolver;100;2;62;99.91799;46.97212;99.98633;46.99730;30219
CompactingSolver;100;2;63;99.90432;46.96708;99.98633;46.99730;30694
CompactingSolver;100;2;64;99.87698;46.95701;99.98633;46.99730;31170
CompactingSolver;100;2;65;99.80864;46.93183;99.98633;46.99730;31646
CompactingSolver;100;2;66;99.86331;46.95197;99.98633;46.99730;32120
CompactingSolver;100;2;67;99.97266;46.98003;99.98633;46.99730;32601
CompactingSolver;100;2;68;99.93166;46.97356;99.98633;46.99730;33076
CompactingSolver;100;2;69;99.91799;46.97212;99.98633;46.99730;33552
CompactingSolver;100;2;70;99.94533;46.98219;99.98633;46.99730;34026
CompactingSolver;100;2;71;99.97266;46.99226;99.98633;46.99730;34498
CompactingSolver;100;2;72;99.90432;46.96708;99.98633;46.99730;34975
CompactingSolver;100;2;73;99.95899;46.98722;99.98633;46.99730;35457
CompactingSolver;100;2;74;99.93166;46.97715;99.98633;46.99730;35953
CompactingSolver;100;2;75;99.93166;46.97715;99.98633;46.99730;36459
CompactingSolver;100;2;76;99.95899;46.98722;99.98633;46.99730;36963
CompactingSolver;100;2;77;99.94533;46.98219;99.98633;46.99730;37469
CompactingSolver;100;2;78;99.91799;46.97212;99.98633;46.99730;37943
CompactingSolver;100;2;79;99.90432;46.96708;99.98633;46.99730;38424
CompactingSolver;100;2;80;99.89065;46.96205;99.98633;46.99730;38928
CompactingSolver;100;2;81;99.89065;46.96205;99.98633;46.99730;39401
CompactingSolver;100;2;82;99.93166;46.97715;99.98633;46.99730;39878
CompactingSolver;100;2;83;99.89065;46.95845;99.98633;46.99730;40354
CompactingSolver;100;2;84;99.93166;46.97715;99.98633;46.99730;40828
CompactingSolver;100;2;85;99.86331;46.95197;99.98633;46.99730;41302
CompactingSolver;100;2;86;99.90432;46.96348;99.98633;46.99730;41778
CompactingSolver;100;2;87;99.93166;46.97715;99.98633;46.99730;42254
CompactingSolver;100;2;88;99.95899;46.98722;99.98633;46.99730;42734
CompactingSolver;100;2;89;99.91799;46.97212;99.98633;46.99730;43208
CompactingSolver;100;2;90;99.94533;46.98219;99.98633;46.99730;43685
CompactingSolver;100;2;91;99.91799;46.97212;99.98633;46.99730;44162
CompactingSolver;100;2;92;99.90432;46.96708;99.98633;46.99730;44639
CompactingSolver;100;2;93;99.83598;46.93831;99.98633;46.99730;45117
CompactingSolver;100;2;94;99.93166;46.97715;99.98633;46.99730;45593
CompactingSolver;100;2;95;99.93166;46.97715;99.98633;46.99730;46074
CompactingSolver;100;2;96;99.91799;46.97212;99.98633;46.99730;46562
CompactingSolver;100;2;97;99.91799;46.97212;99.98633;46.99730;47047
CompactingSolver;100;2;98;99.94533;46.98219;99.98633;46.99730;47556
CompactingSolver;100;2;99;99.90432;46.96708;99.98633;46.99730;48034
CompactingSolver;100;2;100;99.90432;46.96348;99.98633;46.99730;48531
CompactingSolver;100;2;101;99.93166;46.97715;99.98633;46.99730;49029
CompactingSolver;100;2;102;99.94533;46.98219;99.98633;46.99730;49563
CompactingSolver;100;2;103;99.94533;46.98219;99.98633;46.99730;50102
CompactingSolver;100;2;104;99.84964;46.94694;99.98633;46.99730;50579
CompactingSolver;100;2;105;99.80864;46.93183;99.98633;46.99730;51072
CompactingSolver;100;2;106;99.89065;46.96205;99.98633;46.99730;51573
CompactingSolver;100;2;107;99.95899;46.98722;99.98633;46.99730;52093
CompactingSolver;100;2;108;99.93166;46.97715;99.98633;46.99730;52613
CompactingSolver;100;2;109;99.93166;46.97715;99.98633;46.99730;53117
CompactingSolver;100;2;110;99.87698;46.95701;99.98633;46.99730;53594
CompactingSolver;100;2;111;99.87698;46.95701;99.98633;46.99730;54072
CompactingSolver;100;2;112;99.91799;46.97212;99.98633;46.99730;54552
CompactingSolver;100;2;113;99.94533;46.98219;99.98633;46.99730;55032
CompactingSolver;100;2;114;99.98633;46.99730;99.98633;46.99730;55509
CompactingSolver;100;2;115;99.94533;46.98219;99.98633;46.99730;55985
CompactingSolver;100;2;116;99.87698;46.92751;99.98633;46.99730;56471
CompactingSolver;100;2;117;99.87698;46.95701;99.98633;46.99730;56946
CompactingSolver;100;2;118;99.90432;46.96708;99.98633;46.99730;57426
CompactingSolver;100;2;119;99.89065;46.96205;99.98633;46.99730;57900
CompactingSolver;100;2;120;99.83598;46.94190;99.98633;46.99730;58408
CompactingSolver;100;2;121;99.89065;46.96205;99.98633;46.99730;58937
CompactingSolver;100;2;122;100.00000;47.00233;100.00000;47.00233;59486
CompactingSolver;100;2;123;99.82231;46.93687;100.00000;47.00233;59994
CompactingSolver;100;2;124;99.90432;46.96708;100.00000;47.00233;60467
CompactingSolver;100;2;125;99.91799;46.97212;100.00000;47.00233;60947
CompactingSolver;100;2;126;99.98633;46.99730;100.00000;47.00233;61435
CompactingSolver;100;2;127;99.90432;46.96708;100.00000;47.00233;61946
CompactingSolver;100;2;128;99.94533;46.98219;100.00000;47.00233;62434
CompactingSolver;100;2;129;99.94533;46.98219;100.00000;47.00233;62949
CompactingSolver;100;2;130;99.87698;46.95701;100.00000;47.00233;63426
CompactingSolver;100;2;131;99.91799;46.97212;100.00000;47.00233;63903
CompactingSolver;100;2;132;99.93166;46.97715;100.00000;47.00233;64380
CompactingSolver;100;2;133;99.95899;46.98722;100.00000;47.00233;64858
CompactingSolver;100;2;134;99.89065;46.96205;100.00000;47.00233;65337
CompactingSolver;100;2;135;99.90432;46.96708;100.00000;47.00233;65820
CompactingSolver;100;2;136;99.94533;46.98219;100.00000;47.00233;66295
CompactingSolver;100;2;137;99.87698;46.95701;100.00000;47.00233;66780
CompactingSolver;100;2;138;99.91799;46.97212;100.00000;47.00233;67271
CompactingSolver;100;2;139;99.89065;46.96205;100.00000;47.00233;67756
CompactingSolver;100;2;140;99.94533;46.98219;100.00000;47.00233;68235
CompactingSolver;100;2;141;99.86331;46.95197;100.00000;47.00233;68711
CompactingSolver;100;2;142;99.84964;46.94694;100.00000;47.00233;69189
CompactingSolver;100;2;143;99.91799;46.97212;100.00000;47.00233;69670
CompactingSolver;100;2;144;99.95899;46.98722;100.00000;47.00233;70152
CompactingSolver;100;2;145;99.95899;46.98722;100.00000;47.00233;70646
CompactingSolver;100;2;146;99.97266;46.99226;100.00000;47.00233;71139
CompactingSolver;100;2;147;99.89065;46.96205;100.00000;47.00233;71636
CompactingSolver;100;2;148;99.87698;46.95701;100.00000;47.00233;72140
CompactingSolver;100;2;149;99.95899;46.98722;100.00000;47.00233;72628
CompactingSolver;100;2;150;99.95899;46.98722;100.00000;47.00233;73107
CompactingSolver;100;2;151;100.00000;47.00233;100.00000;47.00233;73587
CompactingSolver;100;2;152;99.94533;46.98219;100.00000;47.00233;74064
CompactingSolver;100;2;153;99.97266;46.98866;100.00000;47.00233;74541
CompactingSolver;100;2;154;99.98633;46.99730;100.00000;47.00233;75015
CompactingSolver;100;2;155;99.83598;46.94190;100.00000;47.00233;75492
CompactingSolver;100;2;156;99.95899;46.98363;100.00000;47.00233;75967
CompactingSolver;100;2;157;99.89065;46.96205;100.00000;47.00233;76444
CompactingSolver;100;2;158;99.94533;46.98219;100.00000;47.00233;76920
CompactingSolver;100;2;159;99.86331;46.95197;100.00000;47.00233;77398
CompactingSolver;100;2;160;99.97266;46.99226;100.00000;47.00233;77876
CompactingSolver;100;2;161;99.91799;46.97212;100.00000;47.00233;78352
CompactingSolver;100;2;162;99.94533;46.98219;100.00000;47.00233;78831
CompactingSolver;100;2;163;99.91799;46.97212;100.00000;47.00233;79305
CompactingSolver;100;2;164;99.93166;46.97715;100.00000;47.00233;79779
CompactingSolver;100;2;165;99.93166;46.97715;100.00000;47.00233;80256
CompactingSolver;100;2;166;99.93166;46.97715;100.00000;47.00233;80732
CompactingSolver;100;2;167;99.91799;46.97212;100.00000;47.00233;81210
CompactingSolver;100;2;168;99.82231;46.93687;100.00000;47.00233;81683
CompactingSolver;100;2;169;99.91799;46.96852;100.00000;47.00233;82160
CompactingSolver;100;2;170;99.91799;46.97212;100.00000;47.00233;82636
CompactingSolver;100;2;171;99.89065;46.96205;100.00000;47.00233;83111
CompactingSolver;100;2;172;99.93166;46.97715;100.00000;47.00233;83587
CompactingSolver;100;2;173;99.89065;46.96205;100.00000;47.00233;84062
CompactingSolver;100;2;174;99.91799;46.97212;100.00000;47.00233;84538
CompactingSolver;100;2;175;99.93166;46.97715;100.00000;47.00233;85014
CompactingSolver;100;2;176;99.98633;46.99730;100.00000;47.00233;85489
CompactingSolver;100;2;177;99.94533;46.97859;100.00000;47.00233;85964
CompactingSolver;100;2;178;99.89065;46.96205;100.00000;47.00233;86437
CompactingSolver;100;2;179;99.93166;46.97356;100.00000;47.00233;86916
CompactingSolver;100;2;180;99.91799;46.97212;100.00000;47.00233;87393
CompactingSolver;100;2;181;99.89065;46.96205;100.00000;47.00233;87870
CompactingSolver;100;2;182;99.90432;46.96708;100.00000;47.00233;88347
CompactingSolver;100;2;183;99.97266;46.99226;100.00000;47.00233;88823
CompactingSolver;100;2;184;99.97266;46.99226;100.00000;47.00233;89300
CompactingSolver;100;2;185;100.00000;47.00233;100.00000;47.00233;89777
CompactingSolver;100;2;186;99.95899;46.98722;100.00000;47.00233;90256
CompactingSolver;100;2;187;99.89065;46.96205;100.00000;47.00233;90756
CompactingSolver;100;2;188;99.93166;46.97715;100.00000;47.00233;91281
CompactingSolver;100;2;189;99.91799;46.96852;100.00000;47.00233;91784
CompactingSolver;100;2;190;99.94533;46.98219;100.00000;47.00233;92281
CompactingSolver;100;2;191;99.95899;46.98722;100.00000;47.00233;92778
CompactingSolver;100;2;192;99.97266;46.99226;100.00000;47.00233;93262
CompactingSolver;100;2;193;99.98633;46.99730;100.00000;47.00233;93750
CompactingSolver;100;2;194;99.93166;46.97715;100.00000;47.00233;94248
CompactingSolver;100;2;195;99.89065;46.95845;100.00000;47.00233;94741
CompactingSolver;100;2;196;99.89065;46.96205;100.00000;47.00233;95238
CompactingSolver;100;2;197;99.95899;46.98363;100.00000;47.00233;95740
CompactingSolver;100;2;198;99.94533;46.98219;100.00000;47.00233;96224
CompactingSolver;100;2;199;99.97266;46.99226;100.00000;47.00233;96712
CompactingSolver;100;2;200;99.90432;46.96708;100.00000;47.00233;97196
CompactingSolver;100;2;201;99.97266;46.99226;100.00000;47.00233;97734
CompactingSolver;100;2;202;99.93166;46.97715;100.00000;47.00233;98222
CompactingSolver;100;2;203;99.93166;46.97715;100.00000;47.00233;98716
CompactingSolver;100;2;204;99.89065;46.96205;100.00000;47.00233;99201
CompactingSolver;100;2;205;99.82231;46.93687;100.00000;47.00233;99682
CompactingSolver;100;2;206;99.90432;46.96708;100.00000;47.00233;100160
CompactingSolver;100;2;207;99.94533;46.98219;100.00000;47.00233;100645
CompactingSolver;100;2;208;99.95899;46.98722;100.00000;47.00233;101129
CompactingSolver;100;2;209;99.87698;46.95701;100.00000;47.00233;101617
CompactingSolver;100;2;210;99.80864;46.92823;100.00000;47.00233;102116
CompactingSolver;100;2;211;99.91799;46.97212;100.00000;47.00233;102610
CompactingSolver;100;2;212;99.90432;46.96708;100.00000;47.00233;103092
CompactingSolver;100;2;213;99.86331;46.95197;100.00000;47.00233;103570
CompactingSolver;100;2;214;99.86331;46.95197;100.00000;47.00233;104049
CompactingSolver;100;2;215;99.93166;46.97715;100.00000;47.00233;104531
CompactingSolver;100;2;216;99.89065;46.96205;100.00000;47.00233;105011
CompactingSolver;100;2;217;99.93166;46.97715;100.00000;47.00233;105490
CompactingSolver;100;2;218;99.86331;46.95197;100.00000;47.00233;105978
CompactingSolver;100;2;219;99.97266;46.99226;100.00000;47.00233;106470
CompactingSolver;100;2;220;99.97266;46.99226;100.00000;47.00233;106959
CompactingSolver;100;2;221;99.89065;46.95845;100.00000;47.00233;107450
CompactingSolver;100;3;0;99.83598;46.94190;99.83598;46.94190;488
CompactingSolver;100;3;1;99.90432;46.96708;99.90432;46.96708;965
CompactingSolver;100;3;2;99.90432;46.96348;99.90432;46.96708;1444
CompactingSolver;100;3;3;99.94533;46.98219;99.94533;46.98219;1926
CompactingSolver;100;3;4;99.89065;46.95845;99.94533;46.98219;2407
CompactingSolver;100;3;5;99.90432;46.96708;99.94533;46.98219;2898
CompactingSolver;100;3;6;99.98633;46.99730;99.98633;46.99730;3387
CompactingSolver;100;3;7;99.93166;46.97715;99.98633;46.99730;3883
CompactingSolver;100;3;8;99.93166;46.97715;99.98633;46.99730;4371
CompactingSolver;100;3;9;99.95899;46.98722;99.98633;46.99730;4862
CompactingSolver;100;3;10;99.97266;46.98866;99.98633;46.99730;5355
CompactingSolver;100;3;11;99.89065;46.96205;99.98633;46.99730;5839
CompactingSolver;100;3;12;99.95899;46.98722;99.98633;46.99730;6330
CompactingSolver;100;3;13;99.91799;46.97212;99.98633;46.99730;6850
CompactingSolver;100;3;14;99.84964;46.94694;99.98633;46.99730;7333
CompactingSolver;100;3;15;99.93166;46.97715;99.98633;46.99730;7830
CompactingSolver;100;3;16;99.83598;46.93831;99.98633;46.99730;8329
CompactingSolver;100;3;17;99.98633;46.99730;99.98633;46.99730;8816
CompactingSolver;100;3;18;99.87698;46.95701;99.98633;46.99730;9301
CompactingSolver;100;3;19;99.89065;46.96205;99.98633;46.99730;9788
CompactingSolver;100;3;20;99.97266;46.99226;99.98633;46.99730;10277
CompactingSolver;100;3;21;99.94533;46.98219;99.98633;46.99730;10763
CompactingSolver;100;3;22;99.89065;46.96205;99.98633;46.99730;11249
CompactingSolver;100;3;23;99.91799;46.96852;99.98633;46.99730;11738
CompactingSolver;100;3;24;99.93166;46.97715;99.98633;46.99730;12241
CompactingSolver;100;3;25;99.90432;46.96708;99.98633;46.99730;12731
CompactingSolver;100;3;26;99.89065;46.96205;99.98633;46.99730;13216
CompactingSolver;100;3;27;99.95899;46.98363;99.98633;46.99730;13698
CompactingSolver;100;3;28;99.94533;46.98219;99.98633;46.99730;14180
CompactingSolver;100;3;29;99.89065;46.95845;99.98633;46.99730;14665
CompactingSolver;100;3;30;99.94533;46.98219;99.98633;46.99730;15149
CompactingSolver;100;3;31;99.97266;46.99226;99.98633;46.99730;15637
CompactingSolver;100;3;32;99.93166;46.97715;99.98633;46.99730;16128
CompactingSolver;100;3;33;99.87698;46.95341;99.98633;46.99730;16628
CompactingSolver;100;3;34;99.90432;46.96708;99.98633;46.99730;17117
CompactingSolver;100;3;35;99.91799;46.97212;99.98633;46.99730;17606
CompactingSolver;100;3;36;99.94533;46.98219;99.98633;46.99730;18096
CompactingSolver;100;3;37;99.89065;46.96205;99.98633;46.99730;18594
CompactingSolver;100;3;38;99.87698;46.95701;99.98633;46.99730;19102
CompactingSolver;100;3;39;99.87698;46.95701;99.98633;46.99730;19588
CompactingSolver;100;3;40;99.94533;46.98219;99.98633;46.99730;20065
CompactingSolver;100;3;41;99.72663;46.90162;99.98633;46.99730;20546
CompactingSolver;100;3;42;99.89065;46.96205;99.98633;46.99730;21032
CompactingSolver;100;3;43;99.90432;46.96708;99.98633;46.99730;21516
CompactingSolver;100;3;44;99.90432;46.96708;99.98633;46.99730;22017
CompactingSolver;100;3;45;99.90432;46.96708;99.98633;46.99730;22495
CompactingSolver;100;3;46;99.95899;46.98722;99.98633;46.99730;22973
CompactingSolver;100;3;47;99.90432;46.96708;99.98633;46.99730;23456
CompactingSolver;100;3;48;99.90432;46.96348;99.98633;46.99730;23933
CompactingSolver;100;3;49;99.87698;46.95341;99.98633;46.99730;24409
CompactingSolver;100;3;50;99.98633;46.99730;99.98633;46.99730;24909
CompactingSolver;100;3;51;99.95899;46.98722;99.98633;46.99730;25395
CompactingSolver;100;3;52;99.94533;46.98219;99.98633;46.99730;25874
CompactingSolver;100;3;53;99.95899;46.98722;99.98633;46.99730;26349
CompactingSolver;100;3;54;99.91799;46.97212;99.98633;46.99730;26827
CompactingSolver;100;3;55;100.00000;47.00233;100.00000;47.00233;27309
CompactingSolver;100;3;56;99.97266;46.99226;100.00000;47.00233;27789
CompactingSolver;100;3;57;99.93166;46.97715;100.00000;47.00233;28268
CompactingSolver;100;3;58;99.90432;46.96708;100.00000;47.00233;28748
CompactingSolver;100;3;59;99.94533;46.98219;100.00000;47.00233;29230
CompactingSolver;100;3;60;99.93166;46.97715;100.00000;47.00233;29710
CompactingSolver;100;3;61;99.97266;46.99226;100.00000;47.00233;30191
CompactingSolver;100;3;62;99.87698;46.95701;100.00000;47.00233;30672
CompactingSolver;100;3;63;99.94533;46.98219;100.00000;47.00233;31153
CompactingSolver;100;3;64;99.93166;46.97715;100.00000;47.00233;31633
CompactingSolver;100;3;65;99.94533;46.98219;100.00000;47.00233;32173
CompactingSolver;100;3;66;99.95899;46.98722;100.00000;47.00233;32662
CompactingSolver;100;3;67;99.90432;46.96348;100.00000;47.00233;33169
CompactingSolver;100;3;68;99.94533;46.98219;100.00000;47.00233;33718
CompactingSolver;100;3;69;99.94533;46.98219;100.00000;47.00233;34210
CompactingSolver;100;3;70;99.91799;46.97212;100.00000;47.00233;34708
CompactingSolver;100;3;71;99.94533;46.98219;100.00000;47.00233;35199
CompactingSolver;100;3;72;99.97266;46.99226;100.00000;47.00233;35678
CompactingSolver;100;3;73;99.90432;46.96708;100.00000;47.00233;36159
CompactingSolver;100;3;74;99.90432;46.96708;100.00000;47.00233;36637
CompactingSolver;100;3;75;99.90432;46.96708;100.00000;47.00233;37116
CompactingSolver;100;3;76;99.94533;46.97859;100.00000;47.00233;37598
CompactingSolver;100;3;77;99.93166;46.97715;100.00000;47.00233;38080
CompactingSolver;100;3;78;99.86331;46.94838;100.00000;47.00233;38559
CompactingSolver;100;3;79;99.87698;46.95701;100.00000;47.00233;39036
CompactingSolver;100;3;80;99.91799;46.97212;100.00000;47.00233;39514
CompactingSolver;100;3;81;99.98633;46.99730;100.00000;47.00233;39998
CompactingSolver;100;3;82;99.82231;46.93687;100.00000;47.00233;40476
CompactingSolver;100;3;83;99.94533;46.98219;100.00000;47.00233;40955
CompactingSolver;100;3;84;99.93166;46.97715;100.00000;47.00233;41435
CompactingSolver;100;3;85;99.89065;46.96205;100.00000;47.00233;41915
CompactingSolver;100;3;86;99.97266;46.99226;100.00000;47.00233;42397
CompactingSolver;100;3;87;99.91799;46.97212;100.00000;47.00233;42873
CompactingSolver;100;3;88;99.98633;46.99730;100.00000;47.00233;43349
CompactingSolver;100;3;89;99.86331;46.95197;100.00000;47.00233;43827
CompactingSolver;100;3;90;99.97266;46.99226;100.00000;47.00233;44304
CompactingSolver;100;3;91;99.89065;46.96205;100.00000;47.00233;44784
CompactingSolver;100;3;92;99.97266;46.99226;100.00000;47.00233;45269
CompactingSolver;100;3;93;99.91799;46.97212;100.00000;47.00233;45748
CompactingSolver;100;3;94;99.83598;46.94190;100.00000;47.00233;46234
CompactingSolver;100;3;95;99.93166;46.97715;100.00000;47.00233;46722
CompactingSolver;100;3;96;99.95899;46.98722;100.00000;47.00233;47248
CompactingSolver;100;3;97;99.90432;46.96708;100.00000;47.00233;47759
CompactingSolver;100;3;98;99.91799;46.97212;100.00000;47.00233;48261
CompactingSolver;100;3;99;99.95899;46.98722;100.00000;47.00233;48758
CompactingSolver;100;3;100;99.91799;46.96852;100.00000;47.00233;49270
CompactingSolver;100;3;101;99.94533;46.98219;100.00000;47.00233;49767
CompactingSolver;100;3;102;99.93166;46.97356;100.00000;47.00233;50262
CompactingSolver;100;3;103;99.93166;46.97715;100.00000;47.00233;50759
CompactingSolver;100;3;104;99.83598;46.94190;100.00000;47.00233;51255
CompactingSolver;100;3;105;99.82231;46.93687;100.00000;47.00233;51750
CompactingSolver;100;3;106;99.97266;46.98866;100.00000;47.00233;52249
CompactingSolver;100;3;107;99.86331;46.95197;100.00000;47.00233;52750
CompactingSolver;100;3;108;99.90432;46.96708;100.00000;47.00233;53305
CompactingSolver;100;3;109;99.94533;46.98219;100.00000;47.00233;53816
CompactingSolver;100;3;110;99.91799;46.97212;100.00000;47.00233;54306
CompactingSolver;100;3;111;99.93166;46.97715;100.00000;47.00233;54820
CompactingSolver;100;3;112;99.89065;46.96205;100.00000;47.00233;55329
CompactingSolver;100;3;113;99.95899;46.98363;100.00000;47.00233;55841
CompactingSolver;100;3;114;99.94533;46.98219;100.00000;47.00233;56402
CompactingSolver;100;3;115;99.89065;46.95845;100.00000;47.00233;56902
CompactingSolver;100;3;116;99.87698;46.95701;100.00000;47.00233;57425
CompactingSolver;100;3;117;99.94533;46.98219;100.00000;47.00233;57951
CompactingSolver;100;3;118;99.93166;46.97715;100.00000;47.00233;58453
CompactingSolver;100;3;119;99.86331;46.95197;100.00000;47.00233;58934
CompactingSolver;100;3;120;99.86331;46.95197;100.00000;47.00233;59420
CompactingSolver;100;3;121;99.89065;46.96205;100.00000;47.00233;59904
CompactingSolver;100;3;122;99.90432;46.96708;100.00000;47.00233;60399
CompactingSolver;100;3;123;99.89065;46.96205;100.00000;47.00233;60898
CompactingSolver;100;3;124;99.94533;46.98219;100.00000;47.00233;61397
CompactingSolver;100;3;125;99.98633;46.99730;100.00000;47.00233;61913
CompactingSolver;100;3;126;99.95899;46.98722;100.00000;47.00233;62396
CompactingSolver;100;3;127;99.83598;46.94190;100.00000;47.00233;62907
CompactingSolver;100;3;128;99.93166;46.97715;100.00000;47.00233;63391
CompactingSolver;100;3;129;99.97266;46.99226;100.00000;47.00233;63884
CompactingSolver;100;3;130;99.94533;46.98219;100.00000;47.00233;64375
CompactingSolver;100;3;131;99.95899;46.98722;100.00000;47.00233;64866
CompactingSolver;100;3;132;99.95899;46.98722;100.00000;47.00233;65350
CompactingSolver;100;3;133;99.87698;46.95701;100.00000;47.00233;65846
CompactingSolver;100;3;134;99.93166;46.97715;100.00000;47.00233;66347
CompactingSolver;100;3;135;99.89065;46.96205;100.00000;47.00233;66835
CompactingSolver;100;3;136;99.87698;46.95701;100.00000;47.00233;67317
CompactingSolver;100;3;137;99.95899;46.98722;100.00000;47.00233;67811
CompactingSolver;100;3;138;99.83598;46.94190;100.00000;47.00233;68324
CompactingSolver;100;3;139;99.94533;46.98219;100.00000;47.00233;68833
CompactingSolver;100;3;140;99.84964;46.91744;100.00000;47.00233;69345
CompactingSolver;100;3;141;99.98633;46.99730;100.00000;47.00233;69845
CompactingSolver;100;3;142;99.95899;46.98722;100.00000;47.00233;70344
CompactingSolver;100;3;143;99.91799;46.97212;100.00000;47.00233;70828
CompactingSolver;100;3;144;99.87698;46.95701;100.00000;47.00233;71311
CompactingSolver;100;3;145;99.91799;46.97212;100.00000;47.00233;71793
CompactingSolver;100;3;146;99.94533;46.98219;100.00000;47.00233;72274
CompactingSolver;100;3;147;99.87698;46.95701;100.00000;47.00233;72756
CompactingSolver;100;3;148;99.93166;46.97715;100.00000;47.00233;73236
CompactingSolver;100;3;149;99.91799;46.97212;100.00000;47.00233;73718
CompactingSolver;100;3;150;99.93166;46.97356;100.00000;47.00233;74200
CompactingSolver;100;3;151;99.93166;46.96492;100.00000;47.00233;74706
CompactingSolver;100;3;152;99.93166;46.97715;100.00000;47.00233;75219
CompactingSolver;100;3;153;99.98633;46.99730;100.00000;47.00233;75701
CompactingSolver;100;3;154;99.94533;46.98219;100.00000;47.00233;76189
CompactingSolver;100;4;0;99.94533;46.98219;99.94533;46.98219;490
CompactingSolver;100;4;1;99.97266;46.99226;99.97266;46.99226;979
CompactingSolver;100;4;2;100.00000;47.00233;100.00000;47.00233;1460
CompactingSolver;100;4;3;99.90432;46.96708;100.00000;47.00233;1941
CompactingSolver;100;4;4;99.95899;46.98722;100.00000;47.00233;2426
CompactingSolver;100;4;5;99.90432;46.96708;100.00000;47.00233;2907
CompactingSolver;100;4;6;99.97266;46.99226;100.00000;47.00233;3384
CompactingSolver;100;4;7;99.91799;46.97212;100.00000;47.00233;3862
CompactingSolver;100;4;8;99.94533;46.98219;100.00000;47.00233;4339
CompactingSolver;100;4;9;99.87698;46.95701;100.00000;47.00233;4816
CompactingSolver;100;4;10;99.84964;46.94694;100.00000;47.00233;5294
CompactingSolver;100;4;11;99.90432;46.96708;100.00000;47.00233;5772
CompactingSolver;100;4;12;99.93166;46.97715;100.00000;47.00233;6260
CompactingSolver;100;4;13;99.87698;46.95701;100.00000;47.00233;6746
CompactingSolver;100;4;14;99.94533;46.98219;100.00000;47.00233;7231
CompactingSolver;100;4;15;99.98633;46.99370;100.00000;47.00233;7710
CompactingSolver;100;4;16;99.93166;46.97715;100.00000;47.00233;8188
CompactingSolver;100;4;17;99.93166;46.97715;100.00000;47.00233;8666
CompactingSolver;100;4;18;99.93166;46.97715;100.00000;47.00233;9147
CompactingSolver;100;4;19;99.91799;46.97212;100.00000;47.00233;9628
CompactingSolver;100;4;20;99.95899;46.98722;100.00000;47.00233;10106
CompactingSolver;100;4;21;99.98633;46.99730;100.00000;47.00233;10589
CompactingSolver;100;4;22;99.95899;46.98722;100.00000;47.00233;11070
CompactingSolver;100;4;23;99.82231;46.93327;100.00000;47.00233;11552
CompactingSolver;100;4;24;99.90432;46.93759;100.00000;47.00233;12032
CompactingSolver;100;4;25;99.97266;46.99226;100.00000;47.00233;12510
CompactingSolver;100;4;26;99.90432;46.96348;100.00000;47.00233;12988
CompactingSolver;100;4;27;99.94533;46.98219;100.00000;47.00233;13467
CompactingSolver;100;4;28;99.90432;46.96708;100.00000;47.00233;13947
CompactingSolver;100;4;29;99.97266;46.99226;100.00000;47.00233;14423
CompactingSolver;100;4;30;99.93166;46.97715;100.00000;47.00233;14903
CompactingSolver;100;4;31;99.93166;46.97715;100.00000;47.00233;15384
CompactingSolver;100;4;32;99.95899;46.98722;100.00000;47.00233;15883
CompactingSolver;100;4;33;99.98633;46.99730;100.00000;47.00233;16379
CompactingSolver;100;4;34;99.87698;46.95701;100.00000;47.00233;16875
CompactingSolver;100;4;35;99.94533;46.98219;100.00000;47.00233;17368
CompactingSolver;100;4;36;99.94533;46.98219;100.00000;47.00233;17860
CompactingSolver;100;4;37;99.89065;46.95845;100.00000;47.00233;18342
CompactingSolver;100;4;38;99.91799;46.96852;100.00000;47.00233;18822
CompactingSolver;100;4;39;99.95899;46.98722;100.00000;47.00233;19298
CompactingSolver;100;4;40;99.91799;46.97212;100.00000;47.00233;19778
CompactingSolver;100;4;41;99.91799;46.97212;100.00000;47.00233;20258
CompactingSolver;100;4;42;99.98633;46.99730;100.00000;47.00233;20737
CompactingSolver;100;4;43;99.90432;46.96708;100.00000;47.00233;21218
CompactingSolver;100;4;44;99.97266;46.99226;100.00000;47.00233;21698
CompactingSolver;100;4;45;99.93166;46.97715;100.00000;47.00233;22178
CompactingSolver;100;4;46;99.94533;46.97859;100.00000;47.00233;22659
CompactingSolver;100;4;47;99.93166;46.97715;100.00000;47.00233;23138
CompactingSolver;100;4;48;99.93166;46.97715;100.00000;47.00233;23617
CompactingSolver;100;4;49;99.87698;46.95701;100.00000;47.00233;24099
CompactingSolver;100;4;50;99.94533;46.98219;100.00000;47.00233;24579
CompactingSolver;100;4;51;99.94533;46.98219;100.00000;47.00233;25057
CompactingSolver;100;4;52;99.95899;46.98722;100.00000;47.00233;25533
CompactingSolver;100;4;53;99.91799;46.97212;100.00000;47.00233;26012
CompactingSolver;100;4;54;99.75396;46.90809;100.00000;47.00233;26491
CompactingSolver;100;4;55;99.97266;46.99226;100.00000;47.00233;26977
CompactingSolver;100;4;56;99.86331;46.95197;100.00000;47.00233;27473
CompactingSolver;100;4;57;99.94533;46.98219;100.00000;47.00233;27961
CompactingSolver;100;4;58;99.86331;46.95197;100.00000;47.00233;28452
CompactingSolver;100;4;59;99.94533;46.98219;100.00000;47.00233;28939
CompactingSolver;100;4;60;99.89065;46.95845;100.00000;47.00233;29418
CompactingSolver;100;4;61;99.97266;46.99226;100.00000;47.00233;29894
CompactingSolver;100;4;62;99.93166;46.97715;100.00000;47.00233;30372
CompactingSolver;100;4;63;99.98633;46.99730;100.00000;47.00233;30849
CompactingSolver;100;4;64;99.94533;46.98219;100.00000;47.00233;31328
CompactingSolver;100;4;65;99.82231;46.93687;100.00000;47.00233;31806
CompactingSolver;100;4;66;99.90432;46.96708;100.00000;47.00233;32282
CompactingSolver;100;4;67;99.87698;46.95701;100.00000;47.00233;32782
CompactingSolver;100;4;68;99.89065;46.96205;100.00000;47.00233;33263
CompactingSolver;100;4;69;99.94533;46.98219;100.00000;47.00233;33745
CompactingSolver;100;4;70;99.94533;46.98219;100.00000;47.00233;34227
CompactingSolver;100;4;71;99.91799;46.97212;100.00000;47.00233;34704
CompactingSolver;100;4;72;99.89065;46.96205;100.00000;47.00233;35183
CompactingSolver;100;4;73;99.89065;46.96205;100.00000;47.00233;35664
CompactingSolver;100;4;74;99.93166;46.97715;100.00000;47.00233;36141
CompactingSolver;100;4;75;99.91799;46.97212;100.00000;47.00233;36618
CompactingSolver;100;4;76;99.97266;46.99226;100.00000;47.00233;37099
CompactingSolver;100;4;77;100.00000;47.00233;100.00000;47.00233;37577
CompactingSolver;100;4;78;99.89065;46.96205;100.00000;47.00233;38057
CompactingSolver;100;4;79;99.94533;46.98219;100.00000;47.00233;38538
CompactingSolver;100;4;80;99.89065;46.96205;100.00000;47.00233;39025
CompactingSolver;100;4;81;99.90432;46.96708;100.00000;47.00233;39529
CompactingSolver;100;4;82;99.89065;46.96205;100.00000;47.00233;40040
CompactingSolver;100;4;83;99.93166;46.97715;100.00000;47.00233;40532
CompactingSolver;100;4;84;99.89065;46.96205;100.00000;47.00233;41014
CompactingSolver;100;4;85;99.90432;46.96708;100.00000;47.00233;41491
CompactingSolver;100;4;86;99.97266;46.99226;100.00000;47.00233;41968
CompactingSolver;100;4;87;99.94533;46.98219;100.00000;47.00233;42447
CompactingSolver;100;4;88;99.89065;46.96205;100.00000;47.00233;42932
CompactingSolver;100;4;89;99.91799;46.97212;100.00000;47.00233;43411
CompactingSolver;100;4;90;99.90432;46.96708;100.00000;47.00233;43894
CompactingSolver;100;4;91;99.94533;46.98219;100.00000;47.00233;44374
CompactingSolver;100;4;92;99.94533;46.98219;100.00000;47.00233;44867
CompactingSolver;100;4;93;99.94533;46.98219;100.00000;47.00233;45349
CompactingSolver;100;4;94;99.93166;46.97715;100.00000;47.00233;45828
CompactingSolver;100;4;95;99.94533;46.98219;100.00000;47.00233;46307
CompactingSolver;100;4;96;99.80864;46.93183;100.00000;47.00233;46786
CompactingSolver;100;4;97;99.95899;46.98722;100.00000;47.00233;47266
CompactingSolver;100;4;98;99.83598;46.94190;100.00000;47.00233;47762
CompactingSolver;100;4;99;99.97266;46.99226;100.00000;47.00233;48261
CompactingSolver;100;4;100;99.95899;46.98722;100.00000;47.00233;48753
CompactingSolver;100;4;101;99.94533;46.98219;100.00000;47.00233;49243
CompactingSolver;100;5;0;99.93166;46.97715;99.93166;46.97715;511
CompactingSolver;100;5;1;99.95899;46.98722;99.95899;46.98722;989
CompactingSolver;100;5;2;99.82231;46.93687;99.95899;46.98722;1474
CompactingSolver;100;5;3;99.95899;46.98722;99.95899;46.98722;1957
CompactingSolver;100;5;4;99.89065;46.96205;99.95899;46.98722;2439
CompactingSolver;100;5;5;99.98633;46.99730;99.98633;46.99730;2919
CompactingSolver;100;5;6;99.84964;46.94694;99.98633;46.99730;3397
CompactingSolver;100;5;7;99.90432;46.96708;99.98633;46.99730;3875
CompactingSolver;100;5;8;99.94533;46.97859;99.98633;46.99730;4353
CompactingSolver;100;5;9;99.94533;46.98219;99.98633;46.99730;4833
CompactingSolver;100;5;10;99.94533;46.97859;99.98633;46.99730;5311
CompactingSolver;100;5;11;99.90432;46.96708;99.98633;46.99730;5791
CompactingSolver;100;5;12;99.84964;46.94694;99.98633;46.99730;6266
CompactingSolver;100;5;13;99.97266;46.99226;99.98633;46.99730;6739
CompactingSolver;100;5;14;99.95899;46.98722;99.98633;46.99730;7215
CompactingSolver;100;5;15;99.95899;46.98722;99.98633;46.99730;7693
CompactingSolver;100;5;16;99.93166;46.97715;99.98633;46.99730;8170
CompactingSolver;100;5;17;99.91799;46.97212;99.98633;46.99730;8646
CompactingSolver;100;5;18;99.94533;46.98219;99.98633;46.99730;9126
CompactingSolver;100;5;19;99.94533;46.98219;99.98633;46.99730;9608
CompactingSolver;100;5;20;99.93166;46.97356;99.98633;46.99730;10088
CompactingSolver;100;5;21;99.91799;46.97212;99.98633;46.99730;10572
CompactingSolver;100;5;22;99.84964;46.94694;99.98633;46.99730;11064
CompactingSolver;100;5;23;99.94533;46.98219;99.98633;46.99730;11554
CompactingSolver;100;5;24;99.89065;46.96205;99.98633;46.99730;12048
CompactingSolver;100;5;25;99.91799;46.97212;99.98633;46.99730;12540
CompactingSolver;100;5;26;99.90432;46.96708;99.98633;46.99730;13017
CompactingSolver;100;5;27;99.90432;46.96708;99.98633;46.99730;13492
CompactingSolver;100;5;28;99.97266;46.99226;99.98633;46.99730;13972
CompactingSolver;100;5;29;99.95899;46.98722;99.98633;46.99730;14449
CompactingSolver;100;5;30;99.89065;46.96205;99.98633;46.99730;14929
CompactingSolver;100;5;31;99.90432;46.96708;99.98633;46.99730;15408
CompactingSolver;100;5;32;99.83598;46.94190;99.98633;46.99730;15882
CompactingSolver;100;5;33;99.89065;46.96205;99.98633;46.99730;16359
CompactingSolver;100;5;34;99.90432;46.96708;99.98633;46.99730;16836
CompactingSolver;100;5;35;99.95899;46.98722;99.98633;46.99730;17312
CompactingSolver;100;5;36;99.89065;46.95845;99.98633;46.99730;17786
CompactingSolver;100;5;37;99.87698;46.95701;99.98633;46.99730;18266
CompactingSolver;100;5;38;99.89065;46.95845;99.98633;46.99730;18749
CompactingSolver;100;5;39;99.94533;46.98219;99.98633;46.99730;19232
CompactingSolver;100;5;40;99.78130;46.92176;99.98633;46.99730;19716
CompactingSolver;100;5;41;99.97266;46.99226;99.98633;46.99730;20195
CompactingSolver;100;5;42;99.87698;46.95701;99.98633;46.99730;20671
CompactingSolver;100;5;43;99.94533;46.96996;99.98633;46.99730;21151
CompactingSolver;100;5;44;99.87698;46.95701;99.98633;46.99730;21629
CompactingSolver;100;5;45;99.83598;46.94190;99.98633;46.99730;22111
CompactingSolver;100;5;46;99.90432;46.96708;99.98633;46.99730;22616
CompactingSolver;100;5;47;99.97266;46.99226;99.98633;46.99730;23106
CompactingSolver;100;5;48;99.87698;46.95701;99.98633;46.99730;23593
CompactingSolver;100;5;49;99.94533;46.98219;99.98633;46.99730;24073
CompactingSolver;100;5;50;99.87698;46.94478;99.98633;46.99730;24553
CompactingSolver;100;5;51;99.94533;46.98219;99.98633;46.99730;25028
CompactingSolver;100;5;52;99.94533;46.98219;99.98633;46.99730;25503
CompactingSolver;100;5;53;99.87698;46.95701;99.98633;46.99730;25978
CompactingSolver;100;5;54;99.93166;46.97356;99.98633;46.99730;26453
CompactingSolver;100;5;55;99.95899;46.98722;99.98633;46.99730;26929
CompactingSolver;100;5;56;99.98633;46.99730;99.98633;46.99730;27406
CompactingSolver;100;5;57;99.94533;46.98219;99.98633;46.99730;27886
CompactingSolver;100;5;58;99.89065;46.95845;99.98633;46.99730;28362
CompactingSolver;100;5;59;99.90432;46.96348;99.98633;46.99730;28837
CompactingSolver;100;5;60;99.90432;46.96708;99.98633;46.99730;29316
CompactingSolver;100;5;61;99.87698;46.95701;99.98633;46.99730;29794
CompactingSolver;100;5;62;99.95899;46.98722;99.98633;46.99730;30270
CompactingSolver;100;5;63;99.93166;46.97356;99.98633;46.99730;30746
CompactingSolver;100;5;64;99.94533;46.98219;99.98633;46.99730;31227
CompactingSolver;100;5;65;99.98633;46.99730;99.98633;46.99730;31708
CompactingSolver;100;5;66;99.90432;46.96708;99.98633;46.99730;32204
CompactingSolver;100;5;67;100.00000;47.00233;100.00000;47.00233;32693
CompactingSolver;100;5;68;99.93166;46.94766;100.00000;47.00233;33195
CompactingSolver;100;5;69;99.86331;46.95197;100.00000;47.00233;33697
CompactingSolver;100;5;70;99.86331;46.95197;100.00000;47.00233;34195
CompactingSolver;100;5;71;99.87698;46.95701;100.00000;47.00233;34739
CompactingSolver;100;5;72;99.97266;46.99226;100.00000;47.00233;35257
CompactingSolver;100;5;73;99.89065;46.95845;100.00000;47.00233;35749
CompactingSolver;100;5;74;99.89065;46.96205;100.00000;47.00233;36258
CompactingSolver;100;5;75;99.91799;46.97212;100.00000;47.00233;36732
CompactingSolver;100;5;76;99.95899;46.98722;100.00000;47.00233;37206
CompactingSolver;100;5;77;99.91799;46.96852;100.00000;47.00233;37683
CompactingSolver;100;5;78;99.90432;46.96708;100.00000;47.00233;38157
CompactingSolver;100;5;79;99.90432;46.96708;100.00000;47.00233;38629
CompactingSolver;100;5;80;99.97266;46.99226;100.00000;47.00233;39104
CompactingSolver;100;5;81;99.83598;46.94190;100.00000;47.00233;39582
CompactingSolver;100;5;82;99.94533;46.98219;100.00000;47.00233;40064
CompactingSolver;100;5;83;99.93166;46.97715;100.00000;47.00233;40537
CompactingSolver;100;5;84;99.87698;46.95701;100.00000;47.00233;41012
CompactingSolver;100;5;85;99.94533;46.97859;100.00000;47.00233;41487
CompactingSolver;100;5;86;99.95899;46.98722;100.00000;47.00233;41964
CompactingSolver;100;5;87;99.89065;46.96205;100.00000;47.00233;42437
CompactingSolver;100;5;88;99.93166;46.97356;100.00000;47.00233;42911
CompactingSolver;100;5;89;99.98633;46.99730;100.00000;47.00233;43384
CompactingSolver;100;5;90;99.93166;46.97715;100.00000;47.00233;43856
CompactingSolver;100;5;91;99.90432;46.96708;100.00000;47.00233;44328
CompactingSolver;100;5;92;99.93166;46.97715;100.00000;47.00233;44805
CompactingSolver;100;5;93;99.91799;46.97212;100.00000;47.00233;45278
CompactingSolver;100;5;94;99.90432;46.96708;100.00000;47.00233;45756
CompactingSolver;100;5;95;99.95899;46.98722;100.00000;47.00233;46234
CompactingSolver;100;5;96;99.95899;46.98722;100.00000;47.00233;46718
CompactingSolver;100;5;97;99.90432;46.96708;100.00000;47.00233;47190
CompactingSolver;100;5;98;99.91799;46.97212;100.00000;47.00233;47684
CompactingSolver;100;5;99;99.94533;46.98219;100.00000;47.00233;48214
CompactingSolver;100;5;100;99.97266;46.98003;100.00000;47.00233;48722
CompactingSolver;100;5;101;99.89065;46.96205;100.00000;47.00233;49229
CompactingSolver;100;5;102;99.89065;46.96205;100.00000;47.00233;49711
CompactingSolver;100;5;103;99.84964;46.94694;100.00000;47.00233;50185
CompactingSolver;100;5;104;99.94533;46.98219;100.00000;47.00233;50670
CompactingSolver;100;5;105;99.93166;46.97715;100.00000;47.00233;51150
CompactingSolver;100;5;106;99.94533;46.97499;100.00000;47.00233;51640
CompactingSolver;100;5;107;99.83598;46.94190;100.00000;47.00233;52158
CompactingSolver;100;5;108;100.00000;47.00233;100.00000;47.00233;52649
CompactingSolver;100;5;109;99.97266;46.99226;100.00000;47.00233;53135
CompactingSolver;100;5;110;99.90432;46.96708;100.00000;47.00233;53626
CompactingSolver;100;5;111;99.87698;46.95701;100.00000;47.00233;54129
CompactingSolver;100;5;112;99.93166;46.97356;100.00000;47.00233;54720
CompactingSolver;100;5;113;99.91799;46.97212;100.00000;47.00233;55232
CompactingSolver;100;5;114;99.95899;46.98722;100.00000;47.00233;55733
CompactingSolver;100;5;115;99.90432;46.96708;100.00000;47.00233;56230
CompactingSolver;100;5;116;99.90432;46.96708;100.00000;47.00233;56720
CompactingSolver;100;5;117;99.90432;46.96708;100.00000;47.00233;57199
CompactingSolver;100;5;118;99.95899;46.98722;100.00000;47.00233;57699
CompactingSolver;100;5;119;99.89065;46.96205;100.00000;47.00233;58217
CompactingSolver;100;5;120;99.94533;46.98219;100.00000;47.00233;58714
CompactingSolver;100;5;121;99.90432;46.96708;100.00000;47.00233;59230
CompactingSolver;100;5;122;99.95899;46.98722;100.00000;47.00233;59730
CompactingSolver;100;5;123;100.00000;47.00233;100.00000;47.00233;60217
CompactingSolver;100;5;124;99.93166;46.97715;100.00000;47.00233;60711
CompactingSolver;100;5;125;99.84964;46.94694;100.00000;47.00233;61212
CompactingSolver;100;5;126;99.87698;46.95341;100.00000;47.00233;61730
CompactingSolver;100;5;127;99.94533;46.98219;100.00000;47.00233;62219
CompactingSolver;100;5;128;99.89065;46.96205;100.00000;47.00233;62703
CompactingSolver;100;5;129;99.84964;46.94694;100.00000;47.00233;63177
CompactingSolver;100;5;130;99.94533;46.98219;100.00000;47.00233;63654
CompactingSolver;100;5;131;99.91799;46.97212;100.00000;47.00233;64132
CompactingSolver;100;5;132;99.93166;46.97715;100.00000;47.00233;64612
CompactingSolver;100;5;133;99.89065;46.96205;100.00000;47.00233;65087
CompactingSolver;100;5;134;99.89065;46.96205;100.00000;47.00233;65562
CompactingSolver;100;5;135;99.87698;46.95701;100.00000;47.00233;66038
CompactingSolver;100;5;136;99.91799;46.97212;100.00000;47.00233;66513
CompactingSolver;100;5;137;99.94533;46.98219;100.00000;47.00233;66990
CompactingSolver;100;5;138;99.90432;46.96348;100.00000;47.00233;67463
CompactingSolver;100;5;139;99.95899;46.98722;100.00000;47.00233;67936
CompactingSolver;100;5;140;99.89065;46.96205;100.00000;47.00233;68412
CompactingSolver;100;5;141;99.94533;46.98219;100.00000;47.00233;68885
CompactingSolver;100;5;142;99.90432;46.96708;100.00000;47.00233;69400
CompactingSolver;100;5;143;99.95899;46.98722;100.00000;47.00233;69880
CompactingSolver;100;5;144;99.90432;46.96708;100.00000;47.00233;70354
CompactingSolver;100;5;145;99.91799;46.97212;100.00000;47.00233;70833
CompactingSolver;100;5;146;99.84964;46.94334;100.00000;47.00233;71306
CompactingSolver;100;5;147;99.90432;46.96348;100.00000;47.00233;71778
CompactingSolver;100;5;148;99.89065;46.95845;100.00000;47.00233;72253
CompactingSolver;100;5;149;99.94533;46.98219;100.00000;47.00233;72746
CompactingSolver;100;5;150;99.94533;46.98219;100.00000;47.00233;73241
CompactingSolver;100;5;151;99.95899;46.98722;100.00000;47.00233;73753
CompactingSolver;100;5;152;99.94533;46.98219;100.00000;47.00233;74264
CompactingSolver;100;5;153;99.91799;46.97212;100.00000;47.00233;74789
CompactingSolver;100;5;154;99.90432;46.96708;100.00000;47.00233;75299
CompactingSolver;100;5;155;99.89065;46.96205;100.00000;47.00233;75779
CompactingSolver;100;5;156;99.94533;46.98219;100.00000;47.00233;76251
CompactingSolver;100;5;157;100.00000;47.00233;100.00000;47.00233;76722
CompactingSolver;100;5;158;99.86331;46.94838;100.00000;47.00233;77193
CompactingSolver;100;5;159;99.95899;46.98722;100.00000;47.00233;77664
CompactingSolver;100;5;160;99.94533;46.98219;100.00000;47.00233;78139
CompactingSolver;100;5;161;99.79497;46.92680;100.00000;47.00233;78619
CompactingSolver;100;5;162;99.95899;46.98722;100.00000;47.00233;79096
CompactingSolver;100;5;163;99.93166;46.97715;100.00000;47.00233;79600
CompactingSolver;100;5;164;99.89065;46.96205;100.00000;47.00233;80098
CompactingSolver;100;5;165;99.95899;46.98722;100.00000;47.00233;80598
CompactingSolver;100;5;166;99.91799;46.97212;100.00000;47.00233;81111
CompactingSolver;100;5;167;99.82231;46.93687;100.00000;47.00233;81615
CompactingSolver;100;5;168;99.83598;46.94190;100.00000;47.00233;82094
CompactingSolver;100;5;169;99.93166;46.97715;100.00000;47.00233;82568
CompactingSolver;100;5;170;99.82231;46.93687;100.00000;47.00233;83049
CompactingSolver;100;5;171;100.00000;47.00233;100.00000;47.00233;83526
CompactingSolver;100;5;172;99.89065;46.96205;100.00000;47.00233;84028
CompactingSolver;100;5;173;99.89065;46.96205;100.00000;47.00233;84507
CompactingSolver;100;5;174;99.91799;46.97212;100.00000;47.00233;84982
CompactingSolver;100;5;175;99.95899;46.98722;100.00000;47.00233;85458
CompactingSolver;100;5;176;99.87698;46.95701;100.00000;47.00233;85935
CompactingSolver;100;5;177;99.97266;46.99226;100.00000;47.00233;86413
CompactingSolver;100;5;178;99.82231;46.93687;100.00000;47.00233;86886
CompactingSolver;100;5;179;99.95899;46.98722;100.00000;47.00233;87384
CompactingSolver;100;5;180;99.93166;46.97356;100.00000;47.00233;87887
CompactingSolver;100;5;181;99.93166;46.97356;100.00000;47.00233;88393
CompactingSolver;100;5;182;99.87698;46.95701;100.00000;47.00233;88958
CompactingSolver;100;5;183;99.93166;46.97715;100.00000;47.00233;89461
CompactingSolver;100;5;184;99.89065;46.96205;100.00000;47.00233;89945
CompactingSolver;100;5;185;99.98633;46.99730;100.00000;47.00233;90453
CompactingSolver;100;5;186;99.91799;46.97212;100.00000;47.00233;90950
CompactingSolver;100;5;187;99.84964;46.94694;100.00000;47.00233;91422
CompactingSolver;100;5;188;99.94533;46.98219;100.00000;47.00233;91896
CompactingSolver;100;5;189;99.84964;46.94694;100.00000;47.00233;92368
CompactingSolver;100;5;190;99.83598;46.94190;100.00000;47.00233;92840
CompactingSolver;100;5;191;99.86331;46.95197;100.00000;47.00233;93310
CompactingSolver;100;5;192;99.90432;46.96708;100.00000;47.00233;93781
CompactingSolver;100;5;193;99.93166;46.97715;100.00000;47.00233;94254
CompactingSolver;100;5;194;99.86331;46.95197;100.00000;47.00233;94728
CompactingSolver;100;5;195;99.93166;46.97356;100.00000;47.00233;95201
CompactingSolver;100;5;196;99.89065;46.96205;100.00000;47.00233;95674
CompactingSolver;100;5;197;99.89065;46.96205;100.00000;47.00233;96147
CompactingSolver;100;5;198;99.82231;46.93687;100.00000;47.00233;96618
CompactingSolver;100;5;199;99.90432;46.96708;100.00000;47.00233;97091
CompactingSolver;100;5;200;99.95899;46.98722;100.00000;47.00233;97564
CompactingSolver;100;5;201;99.91799;46.97212;100.00000;47.00233;98036
CompactingSolver;100;5;202;99.91799;46.97212;100.00000;47.00233;98511
CompactingSolver;100;5;203;99.94533;46.97859;100.00000;47.00233;98983
CompactingSolver;100;5;204;99.84964;46.94694;100.00000;47.00233;99455
CompactingSolver;100;5;205;99.90432;46.96708;100.00000;47.00233;99932
CompactingSolver;100;5;206;99.83598;46.94190;100.00000;47.00233;100404
CompactingSolver;100;5;207;99.91799;46.97212;100.00000;47.00233;100876
